claim_id,estimate_id,estimate_date,estimate_source,third_party_id,estimate_type,estimate_amount,building_amount,contents_amount,other_structures_amount,loss_of_use_amount,estimate_status,estimate_description
CLM00001,EST0000001,2022-02-21,Carrier,,Initial,6900,5584,557,256,503,Final,Initial carrier estimate following inspection and scope review.
CLM00001,EST0000002,2022-03-09,General Contractor,TP00056,General Contractor Estimate,6400,5039,215,190,956,Under Review,Estimate submitted by involved general contractor.
CLM00002,EST0000003,2023-02-20,Carrier,,Initial,18000,13347,1897,327,2429,Superseded,Initial carrier estimate following inspection and scope review.
CLM00002,EST0000004,2023-03-07,Roofer,TP00034,Roofer Estimate,34600,30521,854,2551,674,Partially Accepted,Estimate submitted by involved roofer.
CLM00002,EST0000005,2023-04-07,Roofer,,Supplement,38300,27705,1721,609,8265,Under Review,Updated estimate following reinspection and documentation review.
CLM00002,EST0000006,2023-04-10,Carrier,TP00034,Supplement,40400,31723,1486,1437,5754,Under Review,Supplemental estimate received with additional repair line items.
CLM00002,EST0000007,2023-03-25,Roofer,,Revised,41700,32949,1870,3199,3682,Under Review,Updated estimate following reinspection and documentation review.
CLM00002,EST0000008,2023-05-21,Carrier,TP00034,Supplement,43400,32195,4459,2572,4174,Partially Accepted,Revised estimate created following scope reconciliation.
CLM00003,EST0000009,2025-05-31,Carrier,,Initial,34200,29852,1911,2498,0,Superseded,Initial carrier estimate following inspection and scope review.
CLM00003,EST0000010,2025-06-15,Plumber,TP00039,Plumber Estimate,57000,45439,4352,1376,5833,Partially Accepted,Estimate submitted by involved plumber.
CLM00003,EST0000011,2025-08-01,Carrier,TP00039,Supplement,69000,57896,2612,2283,6209,Under Review,Supplemental estimate received with additional repair line items.
CLM00003,EST0000012,2025-07-18,Carrier,,Revised,84500,71149,6991,6626,0,Under Review,Supplemental estimate received with additional repair line items.
CLM00003,EST0000013,2025-08-08,Plumber,,Revised,95300,70573,3793,3961,16973,Under Review,Revised estimate created following scope reconciliation.
CLM00003,EST0000014,2025-07-16,Plumber,,Supplement,101600,82841,2752,3681,12326,Partially Accepted,Supplemental estimate received with additional repair line items.
CLM00004,EST0000015,2024-01-01,Carrier,,Initial,15700,13240,1357,318,785,Final,Initial carrier estimate following inspection and scope review.
CLM00004,EST0000016,2024-01-07,General Contractor,TP00057,General Contractor Estimate,19600,16790,1412,1266,132,Under Review,Estimate submitted by involved general contractor.
CLM00005,EST0000017,2024-06-16,Carrier,,Initial,20800,17494,1248,577,1481,Final,Initial carrier estimate following inspection and scope review.
CLM00006,EST0000018,2024-10-29,Carrier,,Initial,49300,39921,1072,2929,5378,Superseded,Initial carrier estimate following inspection and scope review.
CLM00006,EST0000019,2024-11-06,Roofer,TP00031,Roofer Estimate,46800,41882,1203,864,2851,Partially Accepted,Estimate submitted by involved roofer.
CLM00007,EST0000020,2025-11-04,Carrier,,Initial,121900,104522,10294,5979,1105,Superseded,Initial carrier estimate following inspection and scope review.
CLM00007,EST0000021,2025-11-11,Electrician,TP00090,Electrician Estimate,252900,189709,22467,15287,25437,Partially Accepted,Estimate submitted by involved electrician.
CLM00007,EST0000022,2026-01-20,Carrier,TP00090,Supplement,262800,202184,14824,6125,39667,Under Review,Revised estimate created following scope reconciliation.
CLM00007,EST0000023,2025-12-25,General Contractor,TP00090,Supplement,272700,203732,12011,9985,46972,Under Review,Supplemental estimate received with additional repair line items.
CLM00007,EST0000024,2025-12-06,Electrician,TP00090,Supplement,312600,268655,6476,6213,31256,Partially Accepted,Updated estimate following reinspection and documentation review.
CLM00008,EST0000025,2024-03-14,Carrier,,Initial,134000,106112,10891,9932,7065,Superseded,Initial carrier estimate following inspection and scope review.
CLM00008,EST0000026,2024-03-07,Electrician,TP00089,Electrician Estimate,140400,110674,3131,5046,21549,Partially Accepted,Estimate submitted by involved electrician.
CLM00009,EST0000027,2022-02-25,Carrier,,Initial,25500,20009,1929,978,2584,Superseded,Initial carrier estimate following inspection and scope review.
CLM00009,EST0000028,2022-02-22,Roofer,TP00034,Roofer Estimate,23700,18943,1645,685,2427,Partially Accepted,Estimate submitted by involved roofer.
CLM00009,EST0000029,2022-05-18,Carrier,,Revised,27500,20110,905,2171,4314,Under Review,Revised estimate created following scope reconciliation.
CLM00009,EST0000030,2022-05-17,Carrier,TP00034,Revised,33000,26679,1836,2102,2383,Partially Accepted,Supplemental estimate received with additional repair line items.
CLM00010,EST0000031,2024-03-17,Carrier,,Initial,53200,47637,1105,3355,1103,Final,Initial carrier estimate following inspection and scope review.
CLM00010,EST0000032,2024-03-27,Electrician,TP00090,Electrician Estimate,73500,58185,1842,5627,7846,Under Review,Estimate submitted by involved electrician.
CLM00010,EST0000033,2024-04-09,Public Adjuster,TP00070,Public Adjuster Estimate,86200,69248,4785,3076,9091,Accepted,Estimate package submitted by public adjuster.
CLM00011,EST0000034,2022-07-10,Carrier,,Initial,35800,27618,3098,1872,3212,Superseded,Initial carrier estimate following inspection and scope review.
CLM00011,EST0000035,2022-07-11,Plumber,TP00040,Plumber Estimate,42600,36229,1742,1414,3215,Partially Accepted,Estimate submitted by involved plumber.
CLM00011,EST0000036,2022-07-25,Public Adjuster,TP00071,Public Adjuster Estimate,51100,40626,3707,173,6594,Under Review,Estimate package submitted by public adjuster.
CLM00012,EST0000037,2023-08-11,Carrier,,Initial,20000,15036,1968,69,2927,Final,Initial carrier estimate following inspection and scope review.
CLM00013,EST0000038,2023-07-28,Carrier,,Initial,17700,12971,883,1311,2535,Superseded,Initial carrier estimate following inspection and scope review.
CLM00013,EST0000039,2023-08-04,General Contractor,TP00051,General Contractor Estimate,16800,13724,1180,576,1320,Partially Accepted,Estimate submitted by involved general contractor.
CLM00013,EST0000040,2023-08-03,Public Adjuster,TP00065,Public Adjuster Estimate,24300,20642,1841,289,1528,Accepted,Estimate package submitted by public adjuster.
CLM00014,EST0000041,2024-07-27,Carrier,,Initial,16600,12786,536,890,2388,Final,Initial carrier estimate following inspection and scope review.
CLM00014,EST0000042,2024-08-09,Roofer,TP00034,Roofer Estimate,20600,18264,1702,435,199,Under Review,Estimate submitted by involved roofer.
CLM00015,EST0000043,2023-08-16,Carrier,,Initial,34000,28006,2147,2439,1408,Superseded,Initial carrier estimate following inspection and scope review.
CLM00015,EST0000044,2023-09-04,Plumber,TP00043,Plumber Estimate,31200,27871,998,2246,85,Partially Accepted,Estimate submitted by involved plumber.
CLM00015,EST0000045,2023-09-06,Public Adjuster,TP00067,Public Adjuster Estimate,52800,38424,4915,2710,6751,Under Review,Estimate package submitted by public adjuster.
CLM00015,EST0000046,2023-11-05,Plumber,TP00043,Supplement,59600,43056,2196,1424,12924,Under Review,Supplemental estimate received with additional repair line items.
CLM00015,EST0000047,2023-10-02,General Contractor,,Revised,71800,64228,8029,4116,0,Partially Accepted,Revised estimate created following scope reconciliation.
CLM00016,EST0000048,2025-12-23,Carrier,,Initial,36000,30525,1941,1665,1869,Superseded,Initial carrier estimate following inspection and scope review.
CLM00016,EST0000049,2025-12-21,Electrician,TP00089,Electrician Estimate,46000,34117,2934,3380,5569,Partially Accepted,Estimate submitted by involved electrician.
CLM00016,EST0000050,2026-02-18,Electrician,,Supplement,51300,40451,4463,3889,2497,Partially Accepted,Revised estimate created following scope reconciliation.
CLM00017,EST0000051,2022-11-25,Carrier,,Initial,12300,10000,1407,428,465,Final,Initial carrier estimate following inspection and scope review.
CLM00017,EST0000052,2022-12-09,Roofer,TP00029,Roofer Estimate,12600,10599,1347,367,287,Under Review,Estimate submitted by involved roofer.
CLM00018,EST0000053,2025-05-28,Carrier,,Initial,22700,16912,999,710,4079,Final,Initial carrier estimate following inspection and scope review.
CLM00019,EST0000054,2024-04-24,Carrier,,Initial,14100,12083,988,67,962,Superseded,Initial carrier estimate following inspection and scope review.
CLM00019,EST0000055,2024-04-26,Plumber,TP00040,Plumber Estimate,14900,11049,1313,1023,1515,Partially Accepted,Estimate submitted by involved plumber.
CLM00020,EST0000056,2023-01-21,Carrier,,Initial,19700,14368,2174,877,2281,Final,Initial carrier estimate following inspection and scope review.
CLM00020,EST0000057,2023-01-28,Plumber,TP00046,Plumber Estimate,20500,15773,1577,806,2344,Under Review,Estimate submitted by involved plumber.
CLM00021,EST0000058,2023-01-14,Carrier,,Initial,43500,38635,2367,584,1914,Final,Initial carrier estimate following inspection and scope review.
CLM00021,EST0000059,2023-01-23,Roofer,TP00037,Roofer Estimate,54300,40260,3221,1489,9330,Under Review,Estimate submitted by involved roofer.
CLM00022,EST0000060,2024-03-27,Carrier,,Initial,31500,27383,2823,2384,0,Final,Initial carrier estimate following inspection and scope review.
CLM00022,EST0000061,2024-04-07,Roofer,TP00029,Roofer Estimate,43700,36898,1203,2674,2925,Under Review,Estimate submitted by involved roofer.
CLM00023,EST0000062,2025-03-10,Carrier,,Initial,29000,25895,634,2289,182,Final,Initial carrier estimate following inspection and scope review.
CLM00024,EST0000063,2024-12-29,Carrier,,Initial,33800,29748,2994,217,841,Superseded,Initial carrier estimate following inspection and scope review.
CLM00024,EST0000064,2025-01-04,Roofer,TP00037,Roofer Estimate,34500,27297,1552,833,4818,Partially Accepted,Estimate submitted by involved roofer.
CLM00024,EST0000065,2025-03-12,Roofer,TP00037,Supplement,37600,32471,3037,2995,0,Partially Accepted,Supplemental estimate received with additional repair line items.
CLM00025,EST0000066,2025-09-25,Carrier,,Initial,11300,9555,894,257,594,Final,Initial carrier estimate following inspection and scope review.
CLM00026,EST0000067,2023-04-09,Carrier,,Initial,9100,7072,1066,716,246,Superseded,Initial carrier estimate following inspection and scope review.
CLM00026,EST0000068,2023-04-24,Plumber,TP00039,Plumber Estimate,10900,9568,896,232,204,Partially Accepted,Estimate submitted by involved plumber.
CLM00026,EST0000069,2023-05-19,Plumber,,Revised,13300,11475,402,918,505,Under Review,Revised estimate created following scope reconciliation.
CLM00026,EST0000070,2023-06-04,General Contractor,TP00039,Supplement,16200,12727,819,1125,1529,Partially Accepted,Updated estimate following reinspection and documentation review.
CLM00027,EST0000071,2024-03-03,Carrier,,Initial,46900,38911,1459,1217,5313,Final,Initial carrier estimate following inspection and scope review.
CLM00028,EST0000072,2024-06-20,Carrier,,Initial,34800,27754,1710,2775,2561,Superseded,Initial carrier estimate following inspection and scope review.
CLM00028,EST0000073,2024-07-03,Roofer,TP00029,Roofer Estimate,63800,46706,4817,4345,7932,Partially Accepted,Estimate submitted by involved roofer.
CLM00028,EST0000074,2024-08-01,General Contractor,TP00029,Supplement,77900,62186,2079,1318,12317,Under Review,Updated estimate following reinspection and documentation review.
CLM00028,EST0000075,2024-09-20,General Contractor,,Revised,95300,76493,2173,642,15992,Under Review,Supplemental estimate received with additional repair line items.
CLM00028,EST0000076,2024-09-29,Carrier,TP00029,Revised,113200,99001,6988,471,6740,Under Review,Updated estimate following reinspection and documentation review.
CLM00028,EST0000077,2024-09-01,Carrier,,Revised,118800,103621,12654,3264,0,Partially Accepted,Revised estimate created following scope reconciliation.
CLM00029,EST0000078,2023-05-27,Carrier,,Initial,15700,12532,513,488,2167,Final,Initial carrier estimate following inspection and scope review.
CLM00030,EST0000079,2023-12-16,Carrier,,Initial,15000,13090,1300,266,344,Superseded,Initial carrier estimate following inspection and scope review.
CLM00030,EST0000080,2023-12-23,Electrician,TP00089,Electrician Estimate,28100,24621,3007,723,0,Partially Accepted,Estimate submitted by involved electrician.
CLM00030,EST0000081,2024-03-05,General Contractor,TP00089,Revised,33200,26062,727,1478,4933,Under Review,Supplemental estimate received with additional repair line items.
CLM00030,EST0000082,2024-02-05,Carrier,,Revised,38700,29121,845,271,8463,Partially Accepted,Revised estimate created following scope reconciliation.
CLM00031,EST0000083,2023-09-08,Carrier,,Initial,56100,46899,5985,737,2479,Final,Initial carrier estimate following inspection and scope review.
CLM00031,EST0000084,2023-09-11,Roofer,TP00037,Roofer Estimate,72800,53463,2189,5810,11338,Under Review,Estimate submitted by involved roofer.
CLM00032,EST0000085,2022-08-05,Carrier,,Initial,9800,7754,237,404,1405,Superseded,Initial carrier estimate following inspection and scope review.
CLM00032,EST0000086,2022-08-10,Roofer,TP00036,Roofer Estimate,11200,9620,495,279,806,Partially Accepted,Estimate submitted by involved roofer.
CLM00033,EST0000087,2023-10-24,Carrier,,Initial,42400,34489,1043,2247,4621,Superseded,Initial carrier estimate following inspection and scope review.
CLM00033,EST0000088,2023-11-14,Plumber,TP00041,Plumber Estimate,49700,37956,4837,2010,4897,Partially Accepted,Estimate submitted by involved plumber.
CLM00033,EST0000089,2023-11-07,Public Adjuster,TP00071,Public Adjuster Estimate,66900,48525,2947,3468,11960,Accepted,Estimate package submitted by public adjuster.
CLM00034,EST0000090,2024-12-09,Carrier,,Initial,29600,24517,2736,1157,1190,Final,Initial carrier estimate following inspection and scope review.
CLM00035,EST0000091,2025-01-17,Carrier,,Initial,16400,13165,1676,1264,295,Superseded,Initial carrier estimate following inspection and scope review.
CLM00035,EST0000092,2025-01-13,Plumber,TP00044,Plumber Estimate,25100,21771,1482,159,1688,Partially Accepted,Estimate submitted by involved plumber.
CLM00035,EST0000093,2025-03-01,General Contractor,TP00044,Revised,26000,20499,1193,205,4103,Under Review,Revised estimate created following scope reconciliation.
CLM00035,EST0000094,2025-04-12,General Contractor,,Revised,31900,23608,1500,2027,4765,Under Review,Revised estimate created following scope reconciliation.
CLM00035,EST0000095,2025-03-10,General Contractor,,Revised,37400,32906,4161,1640,0,Partially Accepted,Revised estimate created following scope reconciliation.
CLM00036,EST0000096,2024-01-30,Carrier,,Initial,15500,13092,1777,1006,0,Final,Initial carrier estimate following inspection and scope review.
CLM00036,EST0000097,2024-02-18,Roofer,TP00026,Roofer Estimate,32800,28784,1898,800,1318,Under Review,Estimate submitted by involved roofer.
CLM00037,EST0000098,2022-04-23,Carrier,,Initial,10300,7838,1129,319,1014,Superseded,Initial carrier estimate following inspection and scope review.
CLM00037,EST0000099,2022-04-24,Roofer,TP00034,Roofer Estimate,13800,12111,1454,322,0,Partially Accepted,Estimate submitted by involved roofer.
CLM00037,EST0000100,2022-06-25,Carrier,TP00034,Revised,17000,14166,1110,609,1115,Partially Accepted,Supplemental estimate received with additional repair line items.
CLM00038,EST0000101,2023-07-03,Carrier,,Initial,159200,140674,4174,1241,13111,Final,Initial carrier estimate following inspection and scope review.
CLM00038,EST0000102,2023-07-12,Electrician,TP00092,Electrician Estimate,143800,127916,15612,9908,0,Under Review,Estimate submitted by involved electrician.
CLM00039,EST0000103,2023-04-06,Carrier,,Initial,119400,95071,14104,701,9524,Final,Initial carrier estimate following inspection and scope review.
CLM00040,EST0000104,2022-11-08,Carrier,,Initial,20200,17682,818,977,723,Final,Initial carrier estimate following inspection and scope review.
CLM00040,EST0000105,2022-11-12,Roofer,TP00027,Roofer Estimate,27500,20319,3161,1900,2120,Under Review,Estimate submitted by involved roofer.
CLM00040,EST0000106,2022-11-12,Public Adjuster,TP00068,Public Adjuster Estimate,28100,25232,2953,1714,0,Accepted,Estimate package submitted by public adjuster.
CLM00041,EST0000107,2024-06-16,Carrier,,Initial,6500,5274,410,269,547,Final,Initial carrier estimate following inspection and scope review.
CLM00042,EST0000108,2024-10-26,Carrier,,Initial,49000,37141,5554,2591,3714,Final,Initial carrier estimate following inspection and scope review.
CLM00042,EST0000109,2024-10-26,Roofer,TP00037,Roofer Estimate,61000,43960,5092,1303,10645,Under Review,Estimate submitted by involved roofer.
CLM00043,EST0000110,2022-06-13,Carrier,,Initial,46100,39204,4713,2480,0,Superseded,Initial carrier estimate following inspection and scope review.
CLM00043,EST0000111,2022-06-24,Roofer,TP00033,Roofer Estimate,49000,35712,1413,440,11435,Partially Accepted,Estimate submitted by involved roofer.
CLM00043,EST0000112,2022-07-01,Public Adjuster,TP00065,Public Adjuster Estimate,60500,50775,4081,2785,2859,Partially Accepted,Estimate package submitted by public adjuster.
CLM00043,EST0000113,2022-07-30,Roofer,TP00033,Revised,66500,50283,3017,3937,9263,Partially Accepted,Supplemental estimate received with additional repair line items.
CLM00044,EST0000114,2022-12-23,Carrier,,Initial,22700,17609,1260,1486,2345,Superseded,Initial carrier estimate following inspection and scope review.
CLM00044,EST0000115,2023-01-01,Roofer,TP00028,Roofer Estimate,49100,40937,4993,2757,413,Partially Accepted,Estimate submitted by involved roofer.
CLM00044,EST0000116,2023-01-08,Public Adjuster,TP00070,Public Adjuster Estimate,37200,32804,3796,1566,0,Partially Accepted,Estimate package submitted by public adjuster.
CLM00044,EST0000117,2023-01-21,Roofer,,Revised,38700,33985,3206,2757,0,Under Review,Supplemental estimate received with additional repair line items.
CLM00044,EST0000118,2023-02-04,Roofer,TP00028,Supplement,46600,37355,3696,3488,2061,Under Review,Supplemental estimate received with additional repair line items.
CLM00044,EST0000119,2023-01-31,General Contractor,TP00028,Supplement,57600,46978,1424,2478,6720,Partially Accepted,Supplemental estimate received with additional repair line items.
CLM00045,EST0000120,2024-05-22,Carrier,,Initial,43900,37550,4584,41,1725,Superseded,Initial carrier estimate following inspection and scope review.
CLM00045,EST0000121,2024-05-24,Plumber,TP00038,Plumber Estimate,91800,75011,2152,925,13712,Partially Accepted,Estimate submitted by involved plumber.
CLM00045,EST0000122,2024-07-17,Plumber,,Revised,110900,87412,3089,6434,13965,Partially Accepted,Updated estimate following reinspection and documentation review.
CLM00046,EST0000123,2024-10-19,Carrier,,Initial,82900,64817,3754,5857,8472,Final,Initial carrier estimate following inspection and scope review.
CLM00046,EST0000124,2024-10-25,Roofer,TP00034,Roofer Estimate,114500,96958,3595,3072,10875,Under Review,Estimate submitted by involved roofer.
CLM00047,EST0000125,2023-01-09,Carrier,,Initial,9900,8811,578,472,39,Superseded,Initial carrier estimate following inspection and scope review.
CLM00047,EST0000126,2023-01-13,Roofer,TP00027,Roofer Estimate,17200,15258,1110,460,372,Partially Accepted,Estimate submitted by involved roofer.
CLM00047,EST0000127,2023-04-01,Carrier,TP00027,Supplement,18300,13687,1152,924,2537,Partially Accepted,Supplemental estimate received with additional repair line items.
CLM00048,EST0000128,2025-12-23,Carrier,,Initial,37600,32011,2995,2668,0,Final,Initial carrier estimate following inspection and scope review.
CLM00048,EST0000129,2025-12-24,Roofer,TP00027,Roofer Estimate,43300,32839,4754,65,5642,Under Review,Estimate submitted by involved roofer.
CLM00049,EST0000130,2022-07-10,Carrier,,Initial,10900,8272,520,52,2056,Superseded,Initial carrier estimate following inspection and scope review.
CLM00049,EST0000131,2022-07-07,General Contractor,TP00051,General Contractor Estimate,22300,17751,2602,958,989,Partially Accepted,Estimate submitted by involved general contractor.
CLM00049,EST0000132,2022-08-10,Carrier,,Revised,23200,17597,645,1500,3458,Partially Accepted,Revised estimate created following scope reconciliation.
CLM00050,EST0000133,2023-07-12,Carrier,,Initial,30500,24791,2454,2330,925,Superseded,Initial carrier estimate following inspection and scope review.
CLM00050,EST0000134,2023-07-24,Plumber,TP00041,Plumber Estimate,34900,27682,3245,2357,1616,Partially Accepted,Estimate submitted by involved plumber.
CLM00051,EST0000135,2023-01-26,Carrier,,Initial,81600,59228,7763,1201,13408,Superseded,Initial carrier estimate following inspection and scope review.
CLM00051,EST0000136,2023-02-08,Roofer,TP00027,Roofer Estimate,189800,155246,20969,5818,7767,Partially Accepted,Estimate submitted by involved roofer.
CLM00051,EST0000137,2023-04-16,General Contractor,,Revised,219600,196124,23813,2084,0,Under Review,Revised estimate created following scope reconciliation.
CLM00051,EST0000138,2023-03-02,Carrier,TP00027,Revised,232500,172403,9295,12939,37863,Under Review,Updated estimate following reinspection and documentation review.
CLM00051,EST0000139,2023-02-26,Roofer,,Supplement,251000,224158,15437,9729,1676,Under Review,Updated estimate following reinspection and documentation review.
CLM00051,EST0000140,2023-04-23,Roofer,TP00027,Supplement,264200,196830,26738,11454,29178,Partially Accepted,Supplemental estimate received with additional repair line items.
CLM00052,EST0000141,2022-11-10,Carrier,,Initial,31800,26898,3615,887,400,Final,Initial carrier estimate following inspection and scope review.
CLM00052,EST0000142,2022-11-20,Electrician,TP00092,Electrician Estimate,37800,30346,2217,1605,3632,Under Review,Estimate submitted by involved electrician.
CLM00053,EST0000143,2024-12-01,Carrier,,Initial,121600,93496,5704,7805,14595,Superseded,Initial carrier estimate following inspection and scope review.
CLM00053,EST0000144,2024-12-09,Electrician,TP00092,Electrician Estimate,153000,110492,12534,3812,26162,Partially Accepted,Estimate submitted by involved electrician.
CLM00053,EST0000145,2025-03-02,Electrician,,Revised,170700,125776,11763,1591,31570,Under Review,Updated estimate following reinspection and documentation review.
CLM00053,EST0000146,2025-02-25,Electrician,TP00092,Supplement,189600,168526,22256,2692,0,Partially Accepted,Supplemental estimate received with additional repair line items.
CLM00054,EST0000147,2024-10-23,Carrier,,Initial,11900,9799,885,257,959,Final,Initial carrier estimate following inspection and scope review.
CLM00054,EST0000148,2024-11-08,Electrician,TP00089,Electrician Estimate,11300,8566,332,268,2134,Under Review,Estimate submitted by involved electrician.
CLM00055,EST0000149,2023-06-20,Carrier,,Initial,5600,4860,128,441,171,Final,Initial carrier estimate following inspection and scope review.
CLM00056,EST0000150,2024-10-31,Carrier,,Initial,30900,24933,1341,1852,2774,Final,Initial carrier estimate following inspection and scope review.
CLM00056,EST0000151,2024-11-04,Roofer,TP00026,Roofer Estimate,71800,64529,1506,708,5057,Under Review,Estimate submitted by involved roofer.
CLM00056,EST0000152,2024-11-05,Public Adjuster,TP00068,Public Adjuster Estimate,53200,43176,6194,1751,2079,Accepted,Estimate package submitted by public adjuster.
CLM00057,EST0000153,2024-11-03,Carrier,,Initial,51400,45551,3238,802,1809,Superseded,Initial carrier estimate following inspection and scope review.
CLM00057,EST0000154,2024-11-10,Roofer,TP00031,Roofer Estimate,53800,42769,1484,752,8795,Partially Accepted,Estimate submitted by involved roofer.
CLM00057,EST0000155,2025-02-03,Roofer,TP00031,Revised,64100,49913,4493,2568,7126,Partially Accepted,Revised estimate created following scope reconciliation.
CLM00058,EST0000156,2022-08-23,Carrier,,Initial,22100,19221,1145,1064,670,Final,Initial carrier estimate following inspection and scope review.
CLM00058,EST0000157,2022-08-27,Roofer,TP00029,Roofer Estimate,24600,18681,1255,1893,2771,Under Review,Estimate submitted by involved roofer.
CLM00059,EST0000158,2024-09-16,Carrier,,Initial,38900,30975,2695,533,4697,Final,Initial carrier estimate following inspection and scope review.
CLM00059,EST0000159,2024-09-26,Roofer,TP00027,Roofer Estimate,44200,34734,5176,2931,1359,Under Review,Estimate submitted by involved roofer.
CLM00060,EST0000160,2025-03-28,Carrier,,Initial,46500,37448,3858,1156,4038,Superseded,Initial carrier estimate following inspection and scope review.
CLM00060,EST0000161,2025-03-24,Plumber,TP00046,Plumber Estimate,49800,41015,3753,3205,1827,Partially Accepted,Estimate submitted by involved plumber.
CLM00061,EST0000162,2024-02-29,Carrier,,Initial,10500,9392,1116,143,0,Superseded,Initial carrier estimate following inspection and scope review.
CLM00061,EST0000163,2024-03-04,General Contractor,TP00057,General Contractor Estimate,14200,11849,1337,862,152,Partially Accepted,Estimate submitted by involved general contractor.
CLM00061,EST0000164,2024-03-06,Public Adjuster,TP00067,Public Adjuster Estimate,16300,13988,631,572,1109,Under Review,Estimate package submitted by public adjuster.
CLM00062,EST0000165,2026-01-02,Carrier,,Initial,35500,30428,2371,1096,1605,Superseded,Initial carrier estimate following inspection and scope review.
CLM00062,EST0000166,2025-12-30,Roofer,TP00026,Roofer Estimate,59800,49346,5391,926,4137,Partially Accepted,Estimate submitted by involved roofer.
CLM00062,EST0000167,2026-04-01,General Contractor,TP00026,Supplement,74400,66505,4024,5639,0,Partially Accepted,Updated estimate following reinspection and documentation review.
CLM00063,EST0000168,2024-06-01,Carrier,,Initial,44200,38684,1427,3521,568,Superseded,Initial carrier estimate following inspection and scope review.
CLM00063,EST0000169,2024-06-10,Plumber,TP00039,Plumber Estimate,47100,37161,3468,2455,4016,Partially Accepted,Estimate submitted by involved plumber.
CLM00063,EST0000170,2024-08-27,Plumber,TP00039,Supplement,51200,38765,2963,2328,7144,Under Review,Revised estimate created following scope reconciliation.
CLM00063,EST0000171,2024-08-25,Carrier,TP00039,Supplement,62400,54732,3011,38,4619,Partially Accepted,Revised estimate created following scope reconciliation.
CLM00064,EST0000172,2025-06-22,Carrier,,Initial,43200,38385,3985,131,699,Superseded,Initial carrier estimate following inspection and scope review.
CLM00064,EST0000173,2025-06-26,Roofer,TP00032,Roofer Estimate,90100,72450,10613,5128,1909,Partially Accepted,Estimate submitted by involved roofer.
CLM00064,EST0000174,2025-08-07,Roofer,,Revised,112000,81470,8246,907,21377,Under Review,Supplemental estimate received with additional repair line items.
CLM00064,EST0000175,2025-08-22,General Contractor,TP00032,Revised,120600,104961,6814,7355,1470,Partially Accepted,Revised estimate created following scope reconciliation.
CLM00065,EST0000176,2025-01-10,Carrier,,Initial,26500,23184,2030,1887,0,Superseded,Initial carrier estimate following inspection and scope review.
CLM00065,EST0000177,2025-01-23,General Contractor,TP00055,General Contractor Estimate,32600,24200,1279,2601,4520,Partially Accepted,Estimate submitted by involved general contractor.
CLM00065,EST0000178,2025-03-26,General Contractor,,Supplement,34200,24744,3476,1201,4779,Under Review,Supplemental estimate received with additional repair line items.
CLM00065,EST0000179,2025-04-25,General Contractor,,Revised,41000,34200,1578,2871,2351,Partially Accepted,Revised estimate created following scope reconciliation.
CLM00066,EST0000180,2022-11-20,Carrier,,Initial,38300,30405,3288,2485,2122,Final,Initial carrier estimate following inspection and scope review.
CLM00067,EST0000181,2022-08-19,Carrier,,Initial,79300,60191,6037,1132,11940,Superseded,Initial carrier estimate following inspection and scope review.
CLM00067,EST0000182,2022-09-06,Roofer,TP00029,Roofer Estimate,77300,62269,2663,2830,9538,Partially Accepted,Estimate submitted by involved roofer.
CLM00068,EST0000183,2022-11-15,Carrier,,Initial,22000,19540,1376,951,133,Final,Initial carrier estimate following inspection and scope review.
CLM00068,EST0000184,2022-11-20,Plumber,TP00047,Plumber Estimate,26800,22757,1280,622,2141,Under Review,Estimate submitted by involved plumber.
CLM00069,EST0000185,2022-06-28,Carrier,,Initial,37900,31951,1611,1159,3179,Final,Initial carrier estimate following inspection and scope review.
CLM00069,EST0000186,2022-06-23,Electrician,TP00091,Electrician Estimate,42500,32183,1845,1830,6642,Under Review,Estimate submitted by involved electrician.
CLM00070,EST0000187,2025-04-13,Carrier,,Initial,48800,43252,2374,948,2226,Superseded,Initial carrier estimate following inspection and scope review.
CLM00070,EST0000188,2025-04-23,Roofer,TP00027,Roofer Estimate,74600,63852,8680,3830,0,Partially Accepted,Estimate submitted by involved roofer.
CLM00070,EST0000189,2025-04-27,Public Adjuster,TP00064,Public Adjuster Estimate,65500,52203,2068,2343,8886,Under Review,Estimate package submitted by public adjuster.
CLM00070,EST0000190,2025-05-19,Roofer,,Supplement,79800,64485,3333,3138,8844,Under Review,Updated estimate following reinspection and documentation review.
CLM00070,EST0000191,2025-06-21,Roofer,,Supplement,87500,64738,9808,6276,6678,Under Review,Revised estimate created following scope reconciliation.
CLM00070,EST0000192,2025-05-15,General Contractor,TP00027,Supplement,104700,90862,7548,3039,3251,Partially Accepted,Updated estimate following reinspection and documentation review.
CLM00071,EST0000193,2022-04-09,Carrier,,Initial,25500,21708,885,2003,904,Final,Initial carrier estimate following inspection and scope review.
CLM00071,EST0000194,2022-04-11,General Contractor,TP00056,General Contractor Estimate,27700,21856,1956,1545,2343,Under Review,Estimate submitted by involved general contractor.
CLM00072,EST0000195,2023-07-03,Carrier,,Initial,19000,17026,1487,1028,0,Final,Initial carrier estimate following inspection and scope review.
CLM00072,EST0000196,2023-07-14,Plumber,TP00038,Plumber Estimate,21100,17916,2484,1638,0,Under Review,Estimate submitted by involved plumber.
CLM00073,EST0000197,2024-01-14,Carrier,,Initial,18100,15072,717,16,2295,Final,Initial carrier estimate following inspection and scope review.
CLM00073,EST0000198,2024-01-11,Roofer,TP00029,Roofer Estimate,19800,15661,1809,764,1566,Under Review,Estimate submitted by involved roofer.
CLM00073,EST0000199,2024-01-21,Public Adjuster,TP00065,Public Adjuster Estimate,25200,19606,2826,58,2710,Partially Accepted,Estimate package submitted by public adjuster.
CLM00074,EST0000200,2024-07-21,Carrier,,Initial,17500,13163,776,323,3238,Superseded,Initial carrier estimate following inspection and scope review.
CLM00074,EST0000201,2024-08-05,Roofer,TP00034,Roofer Estimate,20300,15479,1922,1414,1485,Partially Accepted,Estimate submitted by involved roofer.
CLM00075,EST0000202,2024-06-23,Carrier,,Initial,78800,60307,6625,433,11435,Final,Initial carrier estimate following inspection and scope review.
CLM00075,EST0000203,2024-07-14,Roofer,TP00034,Roofer Estimate,105700,80530,11114,6929,7127,Under Review,Estimate submitted by involved roofer.
CLM00076,EST0000204,2025-03-20,Carrier,,Initial,37500,32490,3289,2444,0,Final,Initial carrier estimate following inspection and scope review.
CLM00076,EST0000205,2025-03-17,Roofer,TP00027,Roofer Estimate,40500,30499,2438,4,7559,Under Review,Estimate submitted by involved roofer.
CLM00076,EST0000206,2025-04-06,Public Adjuster,TP00066,Public Adjuster Estimate,67700,58375,2063,3679,3583,Accepted,Estimate package submitted by public adjuster.
CLM00077,EST0000207,2023-10-09,Carrier,,Initial,22900,17163,914,1591,3232,Final,Initial carrier estimate following inspection and scope review.
CLM00077,EST0000208,2023-10-13,Plumber,TP00045,Plumber Estimate,23900,18378,1389,1331,2802,Under Review,Estimate submitted by involved plumber.
CLM00077,EST0000209,2023-10-30,Public Adjuster,TP00071,Public Adjuster Estimate,39400,33753,3095,2776,0,Under Review,Estimate package submitted by public adjuster.
CLM00078,EST0000210,2023-06-15,Carrier,,Initial,57800,42012,6375,2259,7154,Superseded,Initial carrier estimate following inspection and scope review.
CLM00078,EST0000211,2023-06-10,Electrician,TP00089,Electrician Estimate,80400,67542,3382,4309,5167,Partially Accepted,Estimate submitted by involved electrician.
CLM00079,EST0000212,2024-09-24,Carrier,,Initial,42100,31572,3883,1185,5460,Superseded,Initial carrier estimate following inspection and scope review.
CLM00079,EST0000213,2024-09-29,Roofer,TP00027,Roofer Estimate,63100,56500,3739,4739,0,Partially Accepted,Estimate submitted by involved roofer.
CLM00079,EST0000214,2024-10-15,General Contractor,,Supplement,72500,57672,6486,1710,6632,Under Review,Supplemental estimate received with additional repair line items.
CLM00079,EST0000215,2024-11-04,General Contractor,TP00027,Supplement,85800,73644,7242,5787,0,Under Review,Revised estimate created following scope reconciliation.
CLM00079,EST0000216,2024-10-22,General Contractor,,Supplement,96200,72075,9724,1622,12779,Partially Accepted,Updated estimate following reinspection and documentation review.
CLM00080,EST0000217,2024-04-07,Carrier,,Initial,46400,36270,5096,1300,3734,Superseded,Initial carrier estimate following inspection and scope review.
CLM00080,EST0000218,2024-04-14,Roofer,TP00037,Roofer Estimate,48100,34743,1038,1893,10426,Partially Accepted,Estimate submitted by involved roofer.
CLM00081,EST0000219,2022-11-27,Carrier,,Initial,15000,11987,306,430,2277,Superseded,Initial carrier estimate following inspection and scope review.
CLM00081,EST0000220,2022-12-10,General Contractor,TP00051,General Contractor Estimate,22700,19656,2183,529,332,Partially Accepted,Estimate submitted by involved general contractor.
CLM00081,EST0000221,2023-02-01,General Contractor,TP00051,Revised,25300,22009,2877,1496,0,Partially Accepted,Supplemental estimate received with additional repair line items.
CLM00082,EST0000222,2024-05-01,Carrier,,Initial,26700,23152,586,1937,1025,Superseded,Initial carrier estimate following inspection and scope review.
CLM00082,EST0000223,2024-05-12,Roofer,TP00037,Roofer Estimate,33400,26016,1387,2580,3417,Partially Accepted,Estimate submitted by involved roofer.
CLM00082,EST0000224,2024-05-09,Public Adjuster,TP00070,Public Adjuster Estimate,39800,29289,3947,3100,3464,Under Review,Estimate package submitted by public adjuster.
CLM00082,EST0000225,2024-06-14,Carrier,,Supplement,42200,32870,5012,1974,2344,Partially Accepted,Revised estimate created following scope reconciliation.
CLM00083,EST0000226,2024-10-14,Carrier,,Initial,11800,8626,1191,310,1673,Superseded,Initial carrier estimate following inspection and scope review.
CLM00083,EST0000227,2024-10-26,Roofer,TP00032,Roofer Estimate,13700,10350,1009,1004,1337,Partially Accepted,Estimate submitted by involved roofer.
CLM00083,EST0000228,2024-10-20,Public Adjuster,TP00071,Public Adjuster Estimate,20100,16963,1749,635,753,Under Review,Estimate package submitted by public adjuster.
CLM00083,EST0000229,2024-11-13,Carrier,TP00032,Revised,20600,16477,560,1061,2502,Partially Accepted,Revised estimate created following scope reconciliation.
CLM00084,EST0000230,2022-12-19,Carrier,,Initial,32200,24819,1518,635,5228,Superseded,Initial carrier estimate following inspection and scope review.
CLM00084,EST0000231,2022-12-12,Plumber,TP00043,Plumber Estimate,42300,37026,4509,2714,0,Partially Accepted,Estimate submitted by involved plumber.
CLM00085,EST0000232,2025-01-21,Carrier,,Initial,14200,11037,1282,374,1507,Superseded,Initial carrier estimate following inspection and scope review.
CLM00085,EST0000233,2025-02-02,Roofer,TP00036,Roofer Estimate,19400,14140,881,585,3794,Partially Accepted,Estimate submitted by involved roofer.
CLM00086,EST0000234,2025-06-28,Carrier,,Initial,8000,6012,436,196,1356,Final,Initial carrier estimate following inspection and scope review.
CLM00087,EST0000235,2025-03-17,Carrier,,Initial,13100,10378,718,885,1119,Superseded,Initial carrier estimate following inspection and scope review.
CLM00087,EST0000236,2025-04-01,Roofer,TP00026,Roofer Estimate,12300,10684,1047,74,495,Partially Accepted,Estimate submitted by involved roofer.
CLM00087,EST0000237,2025-05-29,Carrier,TP00026,Revised,14400,10835,1449,725,1391,Partially Accepted,Revised estimate created following scope reconciliation.
CLM00088,EST0000238,2024-06-20,Carrier,,Initial,19100,13837,1420,732,3111,Superseded,Initial carrier estimate following inspection and scope review.
CLM00088,EST0000239,2024-06-27,General Contractor,TP00048,General Contractor Estimate,36300,29884,3808,884,1724,Partially Accepted,Estimate submitted by involved general contractor.
CLM00088,EST0000240,2024-08-08,Carrier,TP00048,Revised,38700,28384,1751,3092,5473,Partially Accepted,Supplemental estimate received with additional repair line items.
CLM00089,EST0000241,2022-03-08,Carrier,,Initial,17600,12882,1432,431,2855,Final,Initial carrier estimate following inspection and scope review.
CLM00090,EST0000242,2023-10-19,Carrier,,Initial,43200,32553,3277,1679,5691,Final,Initial carrier estimate following inspection and scope review.
CLM00090,EST0000243,2023-10-29,Plumber,TP00047,Plumber Estimate,53500,46704,2747,662,3387,Under Review,Estimate submitted by involved plumber.
CLM00091,EST0000244,2025-07-03,Carrier,,Initial,88600,68268,5793,44,14495,Superseded,Initial carrier estimate following inspection and scope review.
CLM00091,EST0000245,2025-07-27,Electrician,TP00089,Electrician Estimate,93700,77766,4599,5919,5416,Partially Accepted,Estimate submitted by involved electrician.
CLM00091,EST0000246,2025-07-27,Public Adjuster,TP00068,Public Adjuster Estimate,139100,106958,7640,10891,13611,Partially Accepted,Estimate package submitted by public adjuster.
CLM00091,EST0000247,2025-09-20,Electrician,,Supplement,170400,125031,7570,13525,24274,Partially Accepted,Updated estimate following reinspection and documentation review.
CLM00092,EST0000248,2022-11-20,Carrier,,Initial,8000,6839,933,531,0,Final,Initial carrier estimate following inspection and scope review.
CLM00093,EST0000249,2025-05-11,Carrier,,Initial,19400,14744,1596,834,2226,Superseded,Initial carrier estimate following inspection and scope review.
CLM00093,EST0000250,2025-05-28,General Contractor,TP00054,General Contractor Estimate,18300,15067,1019,44,2170,Partially Accepted,Estimate submitted by involved general contractor.
CLM00093,EST0000251,2025-07-24,Carrier,TP00054,Supplement,21700,16050,2005,217,3428,Partially Accepted,Updated estimate following reinspection and documentation review.
CLM00094,EST0000252,2024-06-23,Carrier,,Initial,22500,19405,2456,655,0,Final,Initial carrier estimate following inspection and scope review.
CLM00094,EST0000253,2024-07-12,Plumber,TP00047,Plumber Estimate,26100,20118,823,1658,3501,Under Review,Estimate submitted by involved plumber.
CLM00095,EST0000254,2025-05-09,Carrier,,Initial,40300,32827,2739,940,3794,Superseded,Initial carrier estimate following inspection and scope review.
CLM00095,EST0000255,2025-05-18,Roofer,TP00028,Roofer Estimate,52300,41025,4078,364,6833,Partially Accepted,Estimate submitted by involved roofer.
CLM00095,EST0000256,2025-05-18,Public Adjuster,TP00064,Public Adjuster Estimate,52300,46624,1298,2920,1458,Accepted,Estimate package submitted by public adjuster.
CLM00095,EST0000257,2025-06-27,Roofer,TP00028,Supplement,63900,50847,7556,3978,1519,Partially Accepted,Revised estimate created following scope reconciliation.
CLM00096,EST0000258,2024-11-25,Carrier,,Initial,33200,28238,3037,735,1190,Final,Initial carrier estimate following inspection and scope review.
CLM00096,EST0000259,2024-11-22,Roofer,TP00035,Roofer Estimate,36500,31824,2535,213,1928,Under Review,Estimate submitted by involved roofer.
CLM00097,EST0000260,2024-10-27,Carrier,,Initial,38500,29877,941,2710,4972,Superseded,Initial carrier estimate following inspection and scope review.
CLM00097,EST0000261,2024-11-01,Roofer,TP00029,Roofer Estimate,44500,37407,5277,126,1690,Partially Accepted,Estimate submitted by involved roofer.
CLM00097,EST0000262,2024-11-10,Public Adjuster,TP00069,Public Adjuster Estimate,50700,44256,2741,288,3415,Under Review,Estimate package submitted by public adjuster.
CLM00097,EST0000263,2025-01-08,Roofer,TP00029,Revised,54500,45664,6387,1133,1316,Partially Accepted,Revised estimate created following scope reconciliation.
CLM00098,EST0000264,2024-05-14,Carrier,,Initial,10500,8467,771,764,498,Superseded,Initial carrier estimate following inspection and scope review.
CLM00098,EST0000265,2024-05-18,Roofer,TP00035,Roofer Estimate,11300,8136,316,696,2152,Partially Accepted,Estimate submitted by involved roofer.
CLM00099,EST0000266,2025-09-05,Carrier,,Initial,17500,15410,1742,404,0,Superseded,Initial carrier estimate following inspection and scope review.
CLM00099,EST0000267,2025-09-13,Plumber,TP00044,Plumber Estimate,23600,17242,1531,1373,3454,Partially Accepted,Estimate submitted by involved plumber.
CLM00099,EST0000268,2025-11-09,General Contractor,TP00044,Supplement,29400,22959,1551,382,4508,Partially Accepted,Updated estimate following reinspection and documentation review.
CLM00100,EST0000269,2022-10-15,Carrier,,Initial,37400,31191,1250,2896,2063,Superseded,Initial carrier estimate following inspection and scope review.
CLM00100,EST0000270,2022-10-24,Roofer,TP00027,Roofer Estimate,69900,51118,2994,4022,11766,Partially Accepted,Estimate submitted by involved roofer.
CLM00100,EST0000271,2022-10-22,Public Adjuster,TP00067,Public Adjuster Estimate,45900,41002,1313,1331,2254,Under Review,Estimate package submitted by public adjuster.
CLM00101,EST0000272,2022-05-12,Carrier,,Initial,45000,39803,3667,2475,0,Superseded,Initial carrier estimate following inspection and scope review.
CLM00101,EST0000273,2022-05-11,Roofer,TP00029,Roofer Estimate,57500,51618,3316,930,1636,Partially Accepted,Estimate submitted by involved roofer.
CLM00101,EST0000274,2022-07-18,General Contractor,TP00029,Supplement,71600,61568,2262,5363,2407,Under Review,Revised estimate created following scope reconciliation.
CLM00101,EST0000275,2022-06-14,Carrier,TP00029,Revised,77300,56440,8931,2800,9129,Partially Accepted,Revised estimate created following scope reconciliation.
CLM00102,EST0000276,2025-08-16,Carrier,,Initial,38300,32592,1715,1647,2346,Superseded,Initial carrier estimate following inspection and scope review.
CLM00102,EST0000277,2025-08-12,Roofer,TP00037,Roofer Estimate,44300,33665,2831,1409,6395,Partially Accepted,Estimate submitted by involved roofer.
CLM00102,EST0000278,2025-11-09,General Contractor,,Revised,52800,47317,1602,3446,435,Partially Accepted,Supplemental estimate received with additional repair line items.
CLM00103,EST0000279,2025-03-22,Carrier,,Initial,12300,9514,1127,507,1152,Superseded,Initial carrier estimate following inspection and scope review.
CLM00103,EST0000280,2025-03-23,Roofer,TP00036,Roofer Estimate,24800,19443,2066,1071,2220,Partially Accepted,Estimate submitted by involved roofer.
CLM00103,EST0000281,2025-04-02,Public Adjuster,TP00064,Public Adjuster Estimate,18700,13717,2155,141,2687,Under Review,Estimate package submitted by public adjuster.
CLM00103,EST0000282,2025-06-25,Roofer,TP00036,Supplement,19300,14053,407,1531,3309,Under Review,Updated estimate following reinspection and documentation review.
CLM00103,EST0000283,2025-05-04,Carrier,TP00036,Supplement,21400,17685,1632,279,1804,Partially Accepted,Updated estimate following reinspection and documentation review.
CLM00104,EST0000284,2022-10-13,Carrier,,Initial,55300,41170,5982,3764,4384,Final,Initial carrier estimate following inspection and scope review.
CLM00104,EST0000285,2022-10-21,Roofer,TP00028,Roofer Estimate,51100,43062,3776,2862,1400,Under Review,Estimate submitted by involved roofer.
CLM00105,EST0000286,2025-12-05,Carrier,,Initial,21200,16312,2203,1528,1157,Final,Initial carrier estimate following inspection and scope review.
CLM00105,EST0000287,2025-12-23,General Contractor,TP00050,General Contractor Estimate,27200,20634,1871,1271,3424,Under Review,Estimate submitted by involved general contractor.
CLM00105,EST0000288,2025-12-24,Public Adjuster,TP00070,Public Adjuster Estimate,33600,25659,796,20,7125,Under Review,Estimate package submitted by public adjuster.
CLM00106,EST0000289,2023-04-15,Carrier,,Initial,41700,31104,1583,213,8800,Final,Initial carrier estimate following inspection and scope review.
CLM00107,EST0000290,2025-03-31,Carrier,,Initial,74600,58089,2805,5581,8125,Final,Initial carrier estimate following inspection and scope review.
CLM00107,EST0000291,2025-04-02,Roofer,TP00030,Roofer Estimate,73600,66112,8026,2181,0,Under Review,Estimate submitted by involved roofer.
CLM00108,EST0000292,2025-09-11,Carrier,,Initial,29900,23370,1226,1701,3603,Final,Initial carrier estimate following inspection and scope review.
CLM00108,EST0000293,2025-09-27,Roofer,TP00029,Roofer Estimate,32900,24498,663,2528,5211,Under Review,Estimate submitted by involved roofer.
CLM00109,EST0000294,2025-12-03,Carrier,,Initial,28900,23199,2956,2228,517,Superseded,Initial carrier estimate following inspection and scope review.
CLM00109,EST0000295,2025-12-23,General Contractor,TP00056,General Contractor Estimate,45900,33105,1080,388,11327,Partially Accepted,Estimate submitted by involved general contractor.
CLM00109,EST0000296,2026-03-16,Carrier,,Revised,54700,45327,6057,3114,202,Under Review,Supplemental estimate received with additional repair line items.
CLM00109,EST0000297,2026-02-04,General Contractor,TP00056,Supplement,57600,48941,4150,2635,1874,Under Review,Updated estimate following reinspection and documentation review.
CLM00109,EST0000298,2026-01-04,Carrier,TP00056,Supplement,63500,53578,5600,3469,853,Partially Accepted,Updated estimate following reinspection and documentation review.
CLM00110,EST0000299,2025-08-14,Carrier,,Initial,42400,36155,4679,1244,322,Superseded,Initial carrier estimate following inspection and scope review.
CLM00110,EST0000300,2025-09-01,Plumber,TP00046,Plumber Estimate,46700,34872,1563,3191,7074,Partially Accepted,Estimate submitted by involved plumber.
CLM00110,EST0000301,2025-09-07,Public Adjuster,TP00071,Public Adjuster Estimate,50900,36910,4083,2245,7662,Under Review,Estimate package submitted by public adjuster.
CLM00110,EST0000302,2025-09-21,Plumber,TP00046,Revised,59000,48671,1454,1486,7389,Under Review,Revised estimate created following scope reconciliation.
CLM00110,EST0000303,2025-11-29,Plumber,,Revised,68400,54778,3743,3391,6488,Partially Accepted,Updated estimate following reinspection and documentation review.
CLM00111,EST0000304,2024-02-29,Carrier,,Initial,17200,12875,1993,334,1998,Final,Initial carrier estimate following inspection and scope review.
CLM00111,EST0000305,2024-03-12,Plumber,TP00046,Plumber Estimate,16000,11868,1106,585,2441,Under Review,Estimate submitted by involved plumber.
CLM00112,EST0000306,2023-11-19,Carrier,,Initial,28700,24539,3146,556,459,Final,Initial carrier estimate following inspection and scope review.
CLM00112,EST0000307,2023-11-19,Roofer,TP00027,Roofer Estimate,33800,26492,3656,1915,1737,Under Review,Estimate submitted by involved roofer.
CLM00113,EST0000308,2024-11-15,Carrier,,Initial,39300,34892,1547,2590,271,Superseded,Initial carrier estimate following inspection and scope review.
CLM00113,EST0000309,2024-12-09,Plumber,TP00045,Plumber Estimate,51600,43728,4595,3873,0,Partially Accepted,Estimate submitted by involved plumber.
CLM00114,EST0000310,2025-08-10,Carrier,,Initial,115100,91615,8417,2616,12452,Superseded,Initial carrier estimate following inspection and scope review.
CLM00114,EST0000311,2025-08-22,Electrician,TP00091,Electrician Estimate,142000,105856,9314,3312,23518,Partially Accepted,Estimate submitted by involved electrician.
CLM00114,EST0000312,2025-08-20,Public Adjuster,TP00069,Public Adjuster Estimate,185500,151327,8769,4862,20542,Under Review,Estimate package submitted by public adjuster.
CLM00114,EST0000313,2025-10-18,Electrician,,Revised,192100,150172,12092,5763,24073,Under Review,Updated estimate following reinspection and documentation review.
CLM00114,EST0000314,2025-09-30,General Contractor,TP00091,Supplement,212700,168218,7722,12697,24063,Partially Accepted,Updated estimate following reinspection and documentation review.
CLM00115,EST0000315,2024-07-28,Carrier,,Initial,77800,56837,9321,1875,9767,Final,Initial carrier estimate following inspection and scope review.
CLM00115,EST0000316,2024-07-31,Electrician,TP00089,Electrician Estimate,99500,84332,8978,1865,4325,Under Review,Estimate submitted by involved electrician.
CLM00115,EST0000317,2024-07-31,Public Adjuster,TP00067,Public Adjuster Estimate,110400,83106,3965,3240,20089,Accepted,Estimate package submitted by public adjuster.
CLM00116,EST0000318,2023-11-28,Carrier,,Initial,22200,17334,1724,432,2710,Final,Initial carrier estimate following inspection and scope review.
CLM00116,EST0000319,2023-12-06,Roofer,TP00026,Roofer Estimate,22400,19579,2629,1471,0,Under Review,Estimate submitted by involved roofer.
CLM00117,EST0000320,2024-08-23,Carrier,,Initial,33100,29547,3912,971,0,Final,Initial carrier estimate following inspection and scope review.
CLM00117,EST0000321,2024-09-13,Roofer,TP00033,Roofer Estimate,44700,34578,1866,2444,5812,Under Review,Estimate submitted by involved roofer.
CLM00118,EST0000322,2025-03-25,Carrier,,Initial,32200,25391,1525,1902,3382,Superseded,Initial carrier estimate following inspection and scope review.
CLM00118,EST0000323,2025-03-22,Plumber,TP00043,Plumber Estimate,39600,29935,4660,104,4901,Partially Accepted,Estimate submitted by involved plumber.
CLM00119,EST0000324,2024-10-17,Carrier,,Initial,41500,33713,1312,2546,3929,Final,Initial carrier estimate following inspection and scope review.
CLM00120,EST0000325,2022-12-18,Carrier,,Initial,14500,10964,1700,70,1766,Final,Initial carrier estimate following inspection and scope review.
CLM00120,EST0000326,2023-01-04,Plumber,TP00039,Plumber Estimate,16200,14288,1351,219,342,Under Review,Estimate submitted by involved plumber.
CLM00121,EST0000327,2022-04-14,Carrier,,Initial,13000,11419,1554,268,0,Final,Initial carrier estimate following inspection and scope review.
CLM00121,EST0000328,2022-05-03,Plumber,TP00046,Plumber Estimate,13400,11436,348,393,1223,Under Review,Estimate submitted by involved plumber.
CLM00122,EST0000329,2024-09-01,Carrier,,Initial,18400,15988,1280,1098,34,Final,Initial carrier estimate following inspection and scope review.
CLM00122,EST0000330,2024-09-13,Roofer,TP00029,Roofer Estimate,25100,18491,1465,961,4183,Under Review,Estimate submitted by involved roofer.
CLM00122,EST0000331,2024-09-11,Public Adjuster,TP00071,Public Adjuster Estimate,30700,22638,2182,776,5104,Partially Accepted,Estimate package submitted by public adjuster.
CLM00123,EST0000332,2023-10-24,Carrier,,Initial,15100,11218,1685,1057,1140,Final,Initial carrier estimate following inspection and scope review.
CLM00123,EST0000333,2023-10-19,General Contractor,TP00050,General Contractor Estimate,14800,13078,754,181,787,Under Review,Estimate submitted by involved general contractor.
CLM00124,EST0000334,2023-08-13,Carrier,,Initial,26900,24050,2406,964,0,Final,Initial carrier estimate following inspection and scope review.
CLM00125,EST0000335,2024-11-01,Carrier,,Initial,24400,17773,680,1167,4780,Superseded,Initial carrier estimate following inspection and scope review.
CLM00125,EST0000336,2024-11-09,Roofer,TP00033,Roofer Estimate,32100,25058,1049,1221,4772,Partially Accepted,Estimate submitted by involved roofer.
CLM00125,EST0000337,2025-01-21,Roofer,,Supplement,38100,29623,2275,1361,4841,Partially Accepted,Updated estimate following reinspection and documentation review.
CLM00126,EST0000338,2025-05-19,Carrier,,Initial,40300,30687,3664,2060,3889,Final,Initial carrier estimate following inspection and scope review.
CLM00126,EST0000339,2025-05-24,Plumber,TP00044,Plumber Estimate,40900,30692,1106,3144,5958,Under Review,Estimate submitted by involved plumber.
CLM00127,EST0000340,2022-03-10,Carrier,,Initial,9300,8287,669,123,221,Final,Initial carrier estimate following inspection and scope review.
CLM00127,EST0000341,2022-03-28,Roofer,TP00030,Roofer Estimate,11800,10275,1288,910,0,Under Review,Estimate submitted by involved roofer.
CLM00128,EST0000342,2025-04-10,Carrier,,Initial,52400,38879,5949,470,7102,Superseded,Initial carrier estimate following inspection and scope review.
CLM00128,EST0000343,2025-04-08,Roofer,TP00034,Roofer Estimate,63200,56081,4203,2176,740,Partially Accepted,Estimate submitted by involved roofer.
CLM00128,EST0000344,2025-04-15,Public Adjuster,TP00065,Public Adjuster Estimate,79200,61261,7006,5424,5509,Accepted,Estimate package submitted by public adjuster.
CLM00129,EST0000345,2025-09-28,Carrier,,Initial,57100,43972,4231,2506,6391,Superseded,Initial carrier estimate following inspection and scope review.
CLM00129,EST0000346,2025-10-04,Electrician,TP00092,Electrician Estimate,120800,92597,10056,7350,10797,Partially Accepted,Estimate submitted by involved electrician.
CLM00129,EST0000347,2025-12-06,Electrician,,Supplement,130900,102657,3075,8297,16871,Under Review,Revised estimate created following scope reconciliation.
CLM00129,EST0000348,2025-12-30,Carrier,TP00092,Supplement,153500,126482,7092,8812,11114,Under Review,Updated estimate following reinspection and documentation review.
CLM00129,EST0000349,2025-11-11,Electrician,TP00092,Revised,169200,123425,9910,8199,27666,Under Review,Revised estimate created following scope reconciliation.
CLM00129,EST0000350,2025-11-17,General Contractor,TP00092,Revised,210200,163236,8728,14626,23610,Partially Accepted,Updated estimate following reinspection and documentation review.
CLM00130,EST0000351,2024-06-08,Carrier,,Initial,33000,25881,2592,1826,2701,Final,Initial carrier estimate following inspection and scope review.
CLM00130,EST0000352,2024-06-26,Roofer,TP00031,Roofer Estimate,41700,35183,2618,2260,1639,Under Review,Estimate submitted by involved roofer.
CLM00131,EST0000353,2024-10-25,Carrier,,Initial,25500,20712,849,1017,2922,Superseded,Initial carrier estimate following inspection and scope review.
CLM00131,EST0000354,2024-10-28,Roofer,TP00030,Roofer Estimate,26800,21034,1813,1984,1969,Partially Accepted,Estimate submitted by involved roofer.
CLM00131,EST0000355,2024-11-05,Public Adjuster,TP00064,Public Adjuster Estimate,33000,29672,1321,528,1479,Under Review,Estimate package submitted by public adjuster.
CLM00132,EST0000356,2023-07-17,Carrier,,Initial,32400,27641,1758,2503,498,Final,Initial carrier estimate following inspection and scope review.
CLM00132,EST0000357,2023-07-31,Roofer,TP00030,Roofer Estimate,29500,24456,1541,1189,2314,Under Review,Estimate submitted by involved roofer.
CLM00132,EST0000358,2023-08-04,Public Adjuster,TP00066,Public Adjuster Estimate,52400,43071,2855,933,5541,Partially Accepted,Estimate package submitted by public adjuster.
CLM00133,EST0000359,2024-11-06,Carrier,,Initial,27300,22930,1749,1201,1420,Final,Initial carrier estimate following inspection and scope review.
CLM00133,EST0000360,2024-12-01,Plumber,TP00044,Plumber Estimate,36400,27568,3993,1515,3324,Under Review,Estimate submitted by involved plumber.
CLM00134,EST0000361,2024-10-30,Carrier,,Initial,24400,19665,2051,1489,1195,Superseded,Initial carrier estimate following inspection and scope review.
CLM00134,EST0000362,2024-10-27,General Contractor,TP00048,General Contractor Estimate,29300,25813,1651,1241,595,Partially Accepted,Estimate submitted by involved general contractor.
CLM00135,EST0000363,2024-11-17,Carrier,,Initial,40400,33776,1118,536,4970,Final,Initial carrier estimate following inspection and scope review.
CLM00136,EST0000364,2024-06-26,Carrier,,Initial,26000,20315,2008,1825,1852,Final,Initial carrier estimate following inspection and scope review.
CLM00136,EST0000365,2024-07-20,General Contractor,TP00049,General Contractor Estimate,34400,29445,1301,1004,2650,Under Review,Estimate submitted by involved general contractor.
CLM00137,EST0000366,2022-11-07,Carrier,,Initial,28900,24117,1624,2233,926,Final,Initial carrier estimate following inspection and scope review.
CLM00137,EST0000367,2022-11-22,Roofer,TP00035,Roofer Estimate,26800,20114,1686,1965,3035,Under Review,Estimate submitted by involved roofer.
CLM00137,EST0000368,2022-11-20,Public Adjuster,TP00065,Public Adjuster Estimate,49600,44565,2035,1821,1179,Accepted,Estimate package submitted by public adjuster.
CLM00138,EST0000369,2024-10-26,Carrier,,Initial,63200,52109,7283,748,3060,Superseded,Initial carrier estimate following inspection and scope review.
CLM00138,EST0000370,2024-10-27,Roofer,TP00030,Roofer Estimate,80000,60559,4059,629,14753,Partially Accepted,Estimate submitted by involved roofer.
CLM00139,EST0000371,2024-10-30,Carrier,,Initial,15800,13820,1179,66,735,Superseded,Initial carrier estimate following inspection and scope review.
CLM00139,EST0000372,2024-11-14,Roofer,TP00028,Roofer Estimate,19700,16887,803,613,1397,Partially Accepted,Estimate submitted by involved roofer.
CLM00139,EST0000373,2024-11-30,Carrier,TP00028,Revised,22800,20324,1211,861,404,Partially Accepted,Revised estimate created following scope reconciliation.
CLM00140,EST0000374,2024-10-10,Carrier,,Initial,11300,8901,1252,441,706,Superseded,Initial carrier estimate following inspection and scope review.
CLM00140,EST0000375,2024-10-27,General Contractor,TP00051,General Contractor Estimate,14000,10264,1070,503,2163,Partially Accepted,Estimate submitted by involved general contractor.
CLM00140,EST0000376,2024-11-07,Public Adjuster,TP00065,Public Adjuster Estimate,15400,12656,399,964,1381,Under Review,Estimate package submitted by public adjuster.
CLM00141,EST0000377,2022-02-26,Carrier,,Initial,42500,35536,1867,836,4261,Superseded,Initial carrier estimate following inspection and scope review.
CLM00141,EST0000378,2022-03-01,Plumber,TP00047,Plumber Estimate,58200,43085,2629,2045,10441,Partially Accepted,Estimate submitted by involved plumber.
CLM00141,EST0000379,2022-03-12,Public Adjuster,TP00065,Public Adjuster Estimate,62100,47730,7242,3645,3483,Partially Accepted,Estimate package submitted by public adjuster.
CLM00142,EST0000380,2023-06-14,Carrier,,Initial,41000,32835,1850,216,6099,Final,Initial carrier estimate following inspection and scope review.
CLM00143,EST0000381,2025-01-23,Carrier,,Initial,7800,5901,341,622,936,Final,Initial carrier estimate following inspection and scope review.
CLM00143,EST0000382,2025-02-10,Roofer,TP00035,Roofer Estimate,7600,6826,213,295,266,Under Review,Estimate submitted by involved roofer.
CLM00144,EST0000383,2022-04-10,Carrier,,Initial,22900,18864,2703,550,783,Superseded,Initial carrier estimate following inspection and scope review.
CLM00144,EST0000384,2022-04-27,General Contractor,TP00049,General Contractor Estimate,28800,21516,1351,329,5604,Partially Accepted,Estimate submitted by involved general contractor.
CLM00144,EST0000385,2022-04-20,Public Adjuster,TP00070,Public Adjuster Estimate,29800,23552,1020,1732,3496,Partially Accepted,Estimate package submitted by public adjuster.
CLM00144,EST0000386,2022-06-06,General Contractor,TP00049,Revised,31600,27203,3001,893,503,Under Review,Updated estimate following reinspection and documentation review.
CLM00144,EST0000387,2022-07-06,General Contractor,TP00049,Revised,35800,27691,801,2148,5160,Partially Accepted,Updated estimate following reinspection and documentation review.
CLM00145,EST0000388,2024-05-12,Carrier,,Initial,121400,102610,4880,9053,4857,Superseded,Initial carrier estimate following inspection and scope review.
CLM00145,EST0000389,2024-05-25,Electrician,TP00092,Electrician Estimate,110700,86824,10896,3966,9014,Partially Accepted,Estimate submitted by involved electrician.
CLM00145,EST0000390,2024-06-30,General Contractor,TP00092,Revised,124100,108030,13384,5712,0,Under Review,Supplemental estimate received with additional repair line items.
CLM00145,EST0000391,2024-08-01,Carrier,,Supplement,139500,101528,3411,4115,30446,Partially Accepted,Supplemental estimate received with additional repair line items.
CLM00146,EST0000392,2022-11-20,Carrier,,Initial,43900,36907,3577,235,3181,Superseded,Initial carrier estimate following inspection and scope review.
CLM00146,EST0000393,2022-12-06,Roofer,TP00036,Roofer Estimate,61000,50733,5873,1604,2790,Partially Accepted,Estimate submitted by involved roofer.
CLM00147,EST0000394,2022-07-24,Carrier,,Initial,33500,29237,2438,945,880,Final,Initial carrier estimate following inspection and scope review.
CLM00148,EST0000395,2022-09-06,Carrier,,Initial,13200,9713,442,777,2268,Superseded,Initial carrier estimate following inspection and scope review.
CLM00148,EST0000396,2022-09-29,Electrician,TP00090,Electrician Estimate,15000,12018,480,314,2188,Partially Accepted,Estimate submitted by involved electrician.
CLM00148,EST0000397,2022-10-04,Public Adjuster,TP00066,Public Adjuster Estimate,20800,15867,1431,986,2516,Accepted,Estimate package submitted by public adjuster.
CLM00148,EST0000398,2022-11-24,Electrician,,Supplement,24100,20579,1205,1385,931,Partially Accepted,Supplemental estimate received with additional repair line items.
CLM00149,EST0000399,2022-08-03,Carrier,,Initial,51600,38428,4907,3703,4562,Final,Initial carrier estimate following inspection and scope review.
CLM00149,EST0000400,2022-08-20,Electrician,TP00091,Electrician Estimate,48300,38690,3365,1087,5158,Under Review,Estimate submitted by involved electrician.
CLM00150,EST0000401,2023-11-13,Carrier,,Initial,13600,10792,707,1039,1062,Final,Initial carrier estimate following inspection and scope review.
CLM00151,EST0000402,2023-04-20,Carrier,,Initial,41200,35644,3215,387,1954,Superseded,Initial carrier estimate following inspection and scope review.
CLM00151,EST0000403,2023-04-28,Roofer,TP00027,Roofer Estimate,79700,71437,9344,3065,0,Partially Accepted,Estimate submitted by involved roofer.
CLM00151,EST0000404,2023-06-26,Carrier,TP00027,Revised,98100,80011,2510,356,15223,Under Review,Revised estimate created following scope reconciliation.
CLM00151,EST0000405,2023-07-16,General Contractor,TP00027,Revised,107700,95152,5651,3487,3410,Under Review,Supplemental estimate received with additional repair line items.
CLM00151,EST0000406,2023-07-13,Roofer,TP00027,Supplement,119900,102272,7323,3590,6715,Partially Accepted,Updated estimate following reinspection and documentation review.
CLM00152,EST0000407,2022-07-23,Carrier,,Initial,14500,12813,376,622,689,Final,Initial carrier estimate following inspection and scope review.
CLM00153,EST0000408,2024-03-24,Carrier,,Initial,41900,31821,1913,2560,5606,Final,Initial carrier estimate following inspection and scope review.
CLM00153,EST0000409,2024-04-06,Plumber,TP00039,Plumber Estimate,51900,43430,3942,3898,630,Under Review,Estimate submitted by involved plumber.
CLM00153,EST0000410,2024-04-10,Public Adjuster,TP00068,Public Adjuster Estimate,52700,41335,5927,2283,3155,Accepted,Estimate package submitted by public adjuster.
CLM00154,EST0000411,2024-12-08,Carrier,,Initial,36400,31200,869,1592,2739,Superseded,Initial carrier estimate following inspection and scope review.
CLM00154,EST0000412,2024-12-11,Roofer,TP00037,Roofer Estimate,74800,63851,2105,3007,5837,Partially Accepted,Estimate submitted by involved roofer.
CLM00154,EST0000413,2025-01-12,Carrier,,Supplement,87700,74464,7631,4310,1295,Under Review,Updated estimate following reinspection and documentation review.
CLM00154,EST0000414,2025-01-31,General Contractor,,Revised,107300,86117,4346,277,16560,Under Review,Supplemental estimate received with additional repair line items.
CLM00154,EST0000415,2025-02-05,Carrier,,Supplement,115200,87910,9064,5417,12809,Partially Accepted,Supplemental estimate received with additional repair line items.
CLM00155,EST0000416,2025-11-06,Carrier,,Initial,12100,10499,1282,264,55,Final,Initial carrier estimate following inspection and scope review.
CLM00156,EST0000417,2022-11-07,Carrier,,Initial,44100,39463,2481,3476,0,Final,Initial carrier estimate following inspection and scope review.
CLM00156,EST0000418,2022-11-14,Roofer,TP00034,Roofer Estimate,47800,42389,5433,443,0,Under Review,Estimate submitted by involved roofer.
CLM00157,EST0000419,2024-10-20,Carrier,,Initial,11900,9262,241,235,2162,Final,Initial carrier estimate following inspection and scope review.
CLM00157,EST0000420,2024-11-08,Plumber,TP00039,Plumber Estimate,13900,10419,1416,755,1310,Under Review,Estimate submitted by involved plumber.
CLM00158,EST0000421,2024-10-29,Carrier,,Initial,10300,8411,587,345,957,Final,Initial carrier estimate following inspection and scope review.
CLM00159,EST0000422,2022-02-14,Carrier,,Initial,115500,103465,5734,1044,5257,Final,Initial carrier estimate following inspection and scope review.
CLM00159,EST0000423,2022-02-16,Roofer,TP00032,Roofer Estimate,150600,118616,3530,3627,24827,Under Review,Estimate submitted by involved roofer.
CLM00160,EST0000424,2024-10-24,Carrier,,Initial,50800,40979,2773,799,6249,Superseded,Initial carrier estimate following inspection and scope review.
CLM00160,EST0000425,2024-10-31,Roofer,TP00036,Roofer Estimate,52700,45709,1698,1404,3889,Partially Accepted,Estimate submitted by involved roofer.
CLM00160,EST0000426,2024-11-04,Public Adjuster,TP00070,Public Adjuster Estimate,61100,45571,1477,1809,12243,Under Review,Estimate package submitted by public adjuster.
CLM00161,EST0000427,2025-03-22,Carrier,,Initial,12900,9428,1398,385,1689,Superseded,Initial carrier estimate following inspection and scope review.
CLM00161,EST0000428,2025-04-08,General Contractor,TP00052,General Contractor Estimate,13500,9796,1056,796,1852,Partially Accepted,Estimate submitted by involved general contractor.
CLM00162,EST0000429,2023-06-20,Carrier,,Initial,22700,17565,779,137,4219,Final,Initial carrier estimate following inspection and scope review.
CLM00162,EST0000430,2023-06-17,Plumber,TP00044,Plumber Estimate,30000,23618,1763,1098,3521,Under Review,Estimate submitted by involved plumber.
CLM00163,EST0000431,2024-10-31,Carrier,,Initial,3500,2626,156,20,698,Final,Initial carrier estimate following inspection and scope review.
CLM00163,EST0000432,2024-11-13,General Contractor,TP00053,General Contractor Estimate,4700,3717,511,34,438,Under Review,Estimate submitted by involved general contractor.
CLM00163,EST0000433,2024-11-05,Public Adjuster,TP00065,Public Adjuster Estimate,4200,3214,161,245,580,Partially Accepted,Estimate package submitted by public adjuster.
CLM00164,EST0000434,2024-10-15,Carrier,,Initial,33300,25610,3852,1493,2345,Final,Initial carrier estimate following inspection and scope review.
CLM00165,EST0000435,2023-08-20,Carrier,,Initial,13100,10004,707,399,1990,Final,Initial carrier estimate following inspection and scope review.
CLM00165,EST0000436,2023-08-27,Plumber,TP00042,Plumber Estimate,14200,12562,1699,888,0,Under Review,Estimate submitted by involved plumber.
CLM00166,EST0000437,2024-10-24,Carrier,,Initial,94500,73187,1946,6643,12724,Final,Initial carrier estimate following inspection and scope review.
CLM00166,EST0000438,2024-10-26,Roofer,TP00033,Roofer Estimate,110500,89583,11893,7454,1570,Under Review,Estimate submitted by involved roofer.
CLM00167,EST0000439,2023-08-31,Carrier,,Initial,35000,27654,1906,1835,3605,Final,Initial carrier estimate following inspection and scope review.
CLM00168,EST0000440,2024-08-15,Carrier,,Initial,26900,20382,2659,1757,2102,Final,Initial carrier estimate following inspection and scope review.
CLM00168,EST0000441,2024-08-21,General Contractor,TP00057,General Contractor Estimate,26700,23694,1965,1090,0,Under Review,Estimate submitted by involved general contractor.
CLM00169,EST0000442,2024-10-30,Carrier,,Initial,29700,22727,1743,1319,3911,Final,Initial carrier estimate following inspection and scope review.
CLM00169,EST0000443,2024-11-04,Roofer,TP00029,Roofer Estimate,39600,29276,3716,0,6608,Under Review,Estimate submitted by involved roofer.
CLM00169,EST0000444,2024-11-16,Public Adjuster,TP00065,Public Adjuster Estimate,49300,37690,5574,331,5705,Accepted,Estimate package submitted by public adjuster.
CLM00170,EST0000445,2023-01-30,Carrier,,Initial,27400,21553,1382,1298,3167,Final,Initial carrier estimate following inspection and scope review.
CLM00171,EST0000446,2025-08-22,Carrier,,Initial,10200,7423,868,754,1155,Final,Initial carrier estimate following inspection and scope review.
CLM00172,EST0000447,2024-05-03,Carrier,,Initial,12300,10687,454,644,515,Final,Initial carrier estimate following inspection and scope review.
CLM00172,EST0000448,2024-05-08,Plumber,TP00044,Plumber Estimate,16200,12755,1113,1032,1300,Under Review,Estimate submitted by involved plumber.
CLM00173,EST0000449,2024-01-24,Carrier,,Initial,19300,16808,1765,68,659,Final,Initial carrier estimate following inspection and scope review.
CLM00173,EST0000450,2024-01-24,Plumber,TP00043,Plumber Estimate,24800,19524,1466,48,3762,Under Review,Estimate submitted by involved plumber.
CLM00174,EST0000451,2023-02-20,Carrier,,Initial,43700,35105,1540,556,6499,Final,Initial carrier estimate following inspection and scope review.
CLM00175,EST0000452,2022-07-29,Carrier,,Initial,45600,35832,1479,1939,6350,Final,Initial carrier estimate following inspection and scope review.
CLM00176,EST0000453,2024-10-25,Carrier,,Initial,36500,31639,2901,1199,761,Final,Initial carrier estimate following inspection and scope review.
CLM00176,EST0000454,2024-10-30,Roofer,TP00033,Roofer Estimate,45900,33714,3711,339,8136,Under Review,Estimate submitted by involved roofer.
CLM00177,EST0000455,2024-10-30,Carrier,,Initial,22700,16740,859,262,4839,Superseded,Initial carrier estimate following inspection and scope review.
CLM00177,EST0000456,2024-11-12,Roofer,TP00037,Roofer Estimate,23200,18209,1306,286,3399,Partially Accepted,Estimate submitted by involved roofer.
CLM00178,EST0000457,2025-11-05,Carrier,,Initial,28000,22052,722,1638,3588,Final,Initial carrier estimate following inspection and scope review.
CLM00178,EST0000458,2025-10-30,Plumber,TP00038,Plumber Estimate,38300,28311,3992,100,5897,Under Review,Estimate submitted by involved plumber.
CLM00179,EST0000459,2024-10-13,Carrier,,Initial,56300,46647,2195,12,7446,Superseded,Initial carrier estimate following inspection and scope review.
CLM00179,EST0000460,2024-10-26,Roofer,TP00034,Roofer Estimate,65000,54348,7700,4283,0,Partially Accepted,Estimate submitted by involved roofer.
CLM00179,EST0000461,2025-01-19,Carrier,,Supplement,78000,70180,3560,684,3576,Partially Accepted,Revised estimate created following scope reconciliation.
CLM00180,EST0000462,2025-10-29,Carrier,,Initial,7100,5719,670,194,517,Superseded,Initial carrier estimate following inspection and scope review.
CLM00180,EST0000463,2025-11-15,Roofer,TP00027,Roofer Estimate,13500,10398,1195,805,1102,Partially Accepted,Estimate submitted by involved roofer.
CLM00180,EST0000464,2025-11-19,Public Adjuster,TP00064,Public Adjuster Estimate,9800,7286,509,251,1754,Under Review,Estimate package submitted by public adjuster.
CLM00180,EST0000465,2026-01-24,General Contractor,TP00027,Revised,10600,9013,587,283,717,Partially Accepted,Supplemental estimate received with additional repair line items.
CLM00181,EST0000466,2024-06-14,Carrier,,Initial,38200,33050,2400,2013,737,Final,Initial carrier estimate following inspection and scope review.
CLM00182,EST0000467,2024-10-02,Carrier,,Initial,59600,46394,4171,2691,6344,Superseded,Initial carrier estimate following inspection and scope review.
CLM00182,EST0000468,2024-10-25,Roofer,TP00030,Roofer Estimate,77700,65354,7893,3833,620,Partially Accepted,Estimate submitted by involved roofer.
CLM00183,EST0000469,2024-10-08,Carrier,,Initial,28000,24054,722,1020,2204,Final,Initial carrier estimate following inspection and scope review.
CLM00183,EST0000470,2024-10-15,Roofer,TP00033,Roofer Estimate,32300,27635,968,2340,1357,Under Review,Estimate submitted by involved roofer.
CLM00184,EST0000471,2022-04-18,Carrier,,Initial,22700,18481,1687,424,2108,Final,Initial carrier estimate following inspection and scope review.
CLM00185,EST0000472,2022-10-11,Carrier,,Initial,11300,9774,596,707,223,Superseded,Initial carrier estimate following inspection and scope review.
CLM00185,EST0000473,2022-11-01,Roofer,TP00026,Roofer Estimate,13300,10040,1076,130,2054,Partially Accepted,Estimate submitted by involved roofer.
CLM00185,EST0000474,2022-11-12,Carrier,,Supplement,16600,12153,842,154,3451,Partially Accepted,Revised estimate created following scope reconciliation.
CLM00186,EST0000475,2024-05-22,Carrier,,Initial,69300,51626,4908,2360,10406,Superseded,Initial carrier estimate following inspection and scope review.
CLM00186,EST0000476,2024-06-12,Roofer,TP00032,Roofer Estimate,100800,83538,4300,2982,9980,Partially Accepted,Estimate submitted by involved roofer.
CLM00186,EST0000477,2024-06-13,Public Adjuster,TP00071,Public Adjuster Estimate,98000,72004,5926,5735,14335,Accepted,Estimate package submitted by public adjuster.
CLM00186,EST0000478,2024-08-28,Carrier,TP00032,Supplement,120700,107652,14413,1260,0,Under Review,Supplemental estimate received with additional repair line items.
CLM00186,EST0000479,2024-07-27,General Contractor,,Revised,145800,108873,10338,9865,16724,Under Review,Updated estimate following reinspection and documentation review.
CLM00186,EST0000480,2024-09-03,Roofer,TP00032,Revised,169600,134773,11452,1739,21636,Under Review,Revised estimate created following scope reconciliation.
CLM00186,EST0000481,2024-07-09,General Contractor,TP00032,Supplement,203400,170465,9407,5923,17605,Partially Accepted,Revised estimate created following scope reconciliation.
CLM00187,EST0000482,2025-08-26,Carrier,,Initial,35500,25839,3531,1075,5055,Superseded,Initial carrier estimate following inspection and scope review.
CLM00187,EST0000483,2025-08-30,Plumber,TP00039,Plumber Estimate,37300,31575,3646,624,1455,Partially Accepted,Estimate submitted by involved plumber.
CLM00187,EST0000484,2025-10-19,Plumber,TP00039,Revised,44900,35164,4349,1144,4243,Partially Accepted,Supplemental estimate received with additional repair line items.
CLM00188,EST0000485,2023-11-28,Carrier,,Initial,35300,30122,3718,1839,0,Superseded,Initial carrier estimate following inspection and scope review.
CLM00188,EST0000486,2023-11-22,Electrician,TP00091,Electrician Estimate,39100,30767,3153,2620,2560,Partially Accepted,Estimate submitted by involved electrician.
CLM00188,EST0000487,2023-12-01,Public Adjuster,TP00067,Public Adjuster Estimate,54000,39988,5306,3904,4802,Partially Accepted,Estimate package submitted by public adjuster.
CLM00188,EST0000488,2024-01-13,Electrician,TP00091,Revised,64500,46886,4092,2498,11024,Under Review,Updated estimate following reinspection and documentation review.
CLM00188,EST0000489,2024-01-07,Electrician,TP00091,Revised,66200,56413,2830,4658,2299,Partially Accepted,Revised estimate created following scope reconciliation.
CLM00189,EST0000490,2025-09-26,Carrier,,Initial,12900,10877,1097,117,809,Superseded,Initial carrier estimate following inspection and scope review.
CLM00189,EST0000491,2025-10-13,Roofer,TP00030,Roofer Estimate,17800,15493,718,322,1267,Partially Accepted,Estimate submitted by involved roofer.
CLM00190,EST0000492,2025-10-04,Carrier,,Initial,9400,7755,530,348,767,Final,Initial carrier estimate following inspection and scope review.
CLM00191,EST0000493,2024-11-17,Carrier,,Initial,24000,21124,583,1335,958,Superseded,Initial carrier estimate following inspection and scope review.
CLM00191,EST0000494,2024-12-09,Roofer,TP00031,Roofer Estimate,25200,18566,1361,898,4375,Partially Accepted,Estimate submitted by involved roofer.
CLM00192,EST0000495,2022-10-07,Carrier,,Initial,107300,90115,3840,3528,9817,Final,Initial carrier estimate following inspection and scope review.
CLM00192,EST0000496,2022-10-12,Electrician,TP00092,Electrician Estimate,124200,110022,10647,7581,0,Under Review,Estimate submitted by involved electrician.
CLM00193,EST0000497,2023-01-02,Carrier,,Initial,41800,36151,1236,801,3612,Superseded,Initial carrier estimate following inspection and scope review.
CLM00193,EST0000498,2023-01-16,Electrician,TP00091,Electrician Estimate,40500,31699,4456,528,3817,Partially Accepted,Estimate submitted by involved electrician.
CLM00193,EST0000499,2023-04-09,Carrier,,Supplement,46500,34355,1840,2490,7815,Under Review,Supplemental estimate received with additional repair line items.
CLM00193,EST0000500,2023-04-09,Electrician,TP00091,Supplement,50500,42132,3416,1885,3067,Partially Accepted,Supplemental estimate received with additional repair line items.
CLM00194,EST0000501,2022-05-07,Carrier,,Initial,23000,19857,2395,1312,0,Final,Initial carrier estimate following inspection and scope review.
CLM00194,EST0000502,2022-05-07,Plumber,TP00047,Plumber Estimate,23100,16734,1353,879,4134,Under Review,Estimate submitted by involved plumber.
CLM00195,EST0000503,2023-06-22,Carrier,,Initial,17500,15596,593,1116,195,Final,Initial carrier estimate following inspection and scope review.
CLM00195,EST0000504,2023-06-17,Roofer,TP00027,Roofer Estimate,18900,16376,1513,909,102,Under Review,Estimate submitted by involved roofer.
CLM00196,EST0000505,2022-03-30,Carrier,,Initial,16500,14711,1700,763,0,Superseded,Initial carrier estimate following inspection and scope review.
CLM00196,EST0000506,2022-03-30,Plumber,TP00045,Plumber Estimate,18500,13465,1889,588,2558,Partially Accepted,Estimate submitted by involved plumber.
CLM00197,EST0000507,2024-10-30,Carrier,,Initial,13400,11969,567,1063,0,Superseded,Initial carrier estimate following inspection and scope review.
CLM00197,EST0000508,2024-10-24,Roofer,TP00028,Roofer Estimate,31100,25653,2541,324,2582,Partially Accepted,Estimate submitted by involved roofer.
CLM00197,EST0000509,2024-12-26,Roofer,TP00028,Supplement,38000,32314,4075,920,691,Under Review,Supplemental estimate received with additional repair line items.
CLM00197,EST0000510,2025-01-16,Roofer,,Supplement,44400,34031,4658,3280,2431,Partially Accepted,Revised estimate created following scope reconciliation.
CLM00198,EST0000511,2024-11-15,Carrier,,Initial,24300,20702,1998,788,812,Superseded,Initial carrier estimate following inspection and scope review.
CLM00198,EST0000512,2024-11-19,Roofer,TP00034,Roofer Estimate,50400,43553,3802,2334,711,Partially Accepted,Estimate submitted by involved roofer.
CLM00198,EST0000513,2024-12-03,Public Adjuster,TP00064,Public Adjuster Estimate,40500,33285,3175,1156,2884,Accepted,Estimate package submitted by public adjuster.
CLM00198,EST0000514,2024-12-17,General Contractor,,Revised,46600,41323,1683,2292,1302,Under Review,Updated estimate following reinspection and documentation review.
CLM00198,EST0000515,2025-01-15,Roofer,,Revised,48600,38171,1329,83,9017,Under Review,Revised estimate created following scope reconciliation.
CLM00198,EST0000516,2025-01-12,General Contractor,,Supplement,52900,44176,1151,2015,5558,Partially Accepted,Revised estimate created following scope reconciliation.
CLM00199,EST0000517,2022-03-12,Carrier,,Initial,5200,4377,366,116,341,Superseded,Initial carrier estimate following inspection and scope review.
CLM00199,EST0000518,2022-03-08,Plumber,TP00039,Plumber Estimate,7600,6172,215,564,649,Partially Accepted,Estimate submitted by involved plumber.
CLM00199,EST0000519,2022-04-16,Carrier,,Supplement,9000,6893,781,542,784,Partially Accepted,Revised estimate created following scope reconciliation.
CLM00200,EST0000520,2025-05-10,Carrier,,Initial,40100,33132,2559,601,3808,Final,Initial carrier estimate following inspection and scope review.
CLM00200,EST0000521,2025-05-29,Roofer,TP00026,Roofer Estimate,44100,37711,5191,3297,0,Under Review,Estimate submitted by involved roofer.
CLM00201,EST0000522,2022-07-09,Carrier,,Initial,38700,28010,2009,2286,6395,Superseded,Initial carrier estimate following inspection and scope review.
CLM00201,EST0000523,2022-07-17,Roofer,TP00034,Roofer Estimate,70900,54700,8299,961,6940,Partially Accepted,Estimate submitted by involved roofer.
CLM00201,EST0000524,2022-10-12,General Contractor,,Supplement,88600,77032,8664,3615,0,Partially Accepted,Updated estimate following reinspection and documentation review.
CLM00202,EST0000525,2023-06-03,Carrier,,Initial,29700,22441,1804,77,5378,Superseded,Initial carrier estimate following inspection and scope review.
CLM00202,EST0000526,2023-06-17,Electrician,TP00092,Electrician Estimate,27200,22489,2477,1767,467,Partially Accepted,Estimate submitted by involved electrician.
CLM00202,EST0000527,2023-07-30,Carrier,TP00092,Supplement,28800,25196,674,312,2618,Partially Accepted,Supplemental estimate received with additional repair line items.
CLM00203,EST0000528,2022-04-12,Carrier,,Initial,36200,28802,1162,1057,5179,Superseded,Initial carrier estimate following inspection and scope review.
CLM00203,EST0000529,2022-04-25,Roofer,TP00037,Roofer Estimate,81600,62526,8228,2075,8771,Partially Accepted,Estimate submitted by involved roofer.
CLM00203,EST0000530,2022-04-17,Public Adjuster,TP00065,Public Adjuster Estimate,61500,48529,5983,4418,2570,Partially Accepted,Estimate package submitted by public adjuster.
CLM00203,EST0000531,2022-07-05,General Contractor,,Supplement,76200,65231,3929,5806,1234,Under Review,Revised estimate created following scope reconciliation.
CLM00203,EST0000532,2022-05-21,Roofer,,Revised,92300,79698,4016,1235,7351,Partially Accepted,Revised estimate created following scope reconciliation.
CLM00204,EST0000533,2025-11-24,Carrier,,Initial,17300,14124,1656,931,589,Final,Initial carrier estimate following inspection and scope review.
CLM00205,EST0000534,2022-06-21,Carrier,,Initial,22000,16740,2266,1309,1685,Final,Initial carrier estimate following inspection and scope review.
CLM00206,EST0000535,2025-07-09,Carrier,,Initial,31200,24420,1366,344,5070,Superseded,Initial carrier estimate following inspection and scope review.
CLM00206,EST0000536,2025-07-17,Plumber,TP00038,Plumber Estimate,50000,39167,3857,1525,5451,Partially Accepted,Estimate submitted by involved plumber.
CLM00206,EST0000537,2025-09-06,Plumber,TP00038,Revised,55400,44402,1446,2530,7022,Under Review,Supplemental estimate received with additional repair line items.
CLM00206,EST0000538,2025-09-21,General Contractor,TP00038,Supplement,64600,56394,3264,1048,3894,Partially Accepted,Revised estimate created following scope reconciliation.
CLM00207,EST0000539,2025-03-02,Carrier,,Initial,102500,87019,11324,5271,0,Superseded,Initial carrier estimate following inspection and scope review.
CLM00207,EST0000540,2025-03-16,Roofer,TP00034,Roofer Estimate,111200,93695,11589,2012,3904,Partially Accepted,Estimate submitted by involved roofer.
CLM00207,EST0000541,2025-05-03,Carrier,,Supplement,130000,97252,15552,5145,12051,Partially Accepted,Revised estimate created following scope reconciliation.
CLM00208,EST0000542,2024-10-10,Carrier,,Initial,60700,52888,4110,2635,1067,Final,Initial carrier estimate following inspection and scope review.
CLM00208,EST0000543,2024-10-10,Roofer,TP00035,Roofer Estimate,61700,45578,2338,4435,9349,Under Review,Estimate submitted by involved roofer.
CLM00209,EST0000544,2022-10-15,Carrier,,Initial,105900,78694,7853,4554,14799,Superseded,Initial carrier estimate following inspection and scope review.
CLM00209,EST0000545,2022-10-29,Roofer,TP00028,Roofer Estimate,129900,106560,12059,5745,5536,Partially Accepted,Estimate submitted by involved roofer.
CLM00209,EST0000546,2022-10-29,Public Adjuster,TP00068,Public Adjuster Estimate,127600,105351,14713,5863,1673,Under Review,Estimate package submitted by public adjuster.
CLM00210,EST0000547,2022-11-27,Carrier,,Initial,29000,23657,1104,404,3835,Superseded,Initial carrier estimate following inspection and scope review.
CLM00210,EST0000548,2022-11-28,Plumber,TP00047,Plumber Estimate,27500,19913,2778,414,4395,Partially Accepted,Estimate submitted by involved plumber.
CLM00210,EST0000549,2022-12-03,Public Adjuster,TP00067,Public Adjuster Estimate,43100,37541,2072,1824,1663,Under Review,Estimate package submitted by public adjuster.
CLM00211,EST0000550,2022-01-18,Carrier,,Initial,10000,7865,547,575,1013,Superseded,Initial carrier estimate following inspection and scope review.
CLM00211,EST0000551,2022-01-29,Roofer,TP00029,Roofer Estimate,20300,16489,468,536,2807,Partially Accepted,Estimate submitted by involved roofer.
CLM00211,EST0000552,2022-03-03,Roofer,TP00029,Revised,24500,20479,1954,753,1314,Under Review,Supplemental estimate received with additional repair line items.
CLM00211,EST0000553,2022-04-07,Carrier,,Revised,28600,25057,1038,963,1542,Under Review,Revised estimate created following scope reconciliation.
CLM00211,EST0000554,2022-03-15,General Contractor,TP00029,Revised,31300,25183,3532,1168,1417,Partially Accepted,Revised estimate created following scope reconciliation.
CLM00212,EST0000555,2023-01-16,Carrier,,Initial,29400,24559,1959,1563,1319,Final,Initial carrier estimate following inspection and scope review.
CLM00213,EST0000556,2023-07-21,Carrier,,Initial,34700,30419,4159,1817,0,Superseded,Initial carrier estimate following inspection and scope review.
CLM00213,EST0000557,2023-07-22,Electrician,TP00089,Electrician Estimate,32900,24774,942,933,6251,Partially Accepted,Estimate submitted by involved electrician.
CLM00213,EST0000558,2023-08-17,Electrician,TP00089,Supplement,38200,29451,2787,1709,4253,Partially Accepted,Updated estimate following reinspection and documentation review.
CLM00214,EST0000559,2024-04-23,Carrier,,Initial,41300,35748,4591,1976,0,Final,Initial carrier estimate following inspection and scope review.
CLM00215,EST0000560,2025-03-08,Carrier,,Initial,57400,47443,6662,3137,158,Superseded,Initial carrier estimate following inspection and scope review.
CLM00215,EST0000561,2025-03-24,Roofer,TP00027,Roofer Estimate,87800,63610,5371,2133,16686,Partially Accepted,Estimate submitted by involved roofer.
CLM00215,EST0000562,2025-06-09,Carrier,TP00027,Supplement,108700,85592,2553,5897,14658,Under Review,Updated estimate following reinspection and documentation review.
CLM00215,EST0000563,2025-05-12,General Contractor,TP00027,Revised,127900,107368,11492,8822,218,Under Review,Supplemental estimate received with additional repair line items.
CLM00215,EST0000564,2025-05-10,Carrier,TP00027,Supplement,155400,132187,12593,7723,2897,Under Review,Revised estimate created following scope reconciliation.
CLM00215,EST0000565,2025-06-06,Carrier,,Revised,164200,118599,15004,814,29783,Partially Accepted,Revised estimate created following scope reconciliation.
CLM00216,EST0000566,2023-04-08,Carrier,,Initial,23600,18736,1399,15,3450,Final,Initial carrier estimate following inspection and scope review.
CLM00216,EST0000567,2023-04-24,Roofer,TP00026,Roofer Estimate,29100,23901,2692,137,2370,Under Review,Estimate submitted by involved roofer.
CLM00217,EST0000568,2025-08-22,Carrier,,Initial,34600,28963,1275,356,4006,Superseded,Initial carrier estimate following inspection and scope review.
CLM00217,EST0000569,2025-09-07,Plumber,TP00044,Plumber Estimate,51600,40838,1619,3351,5792,Partially Accepted,Estimate submitted by involved plumber.
CLM00217,EST0000570,2025-09-07,Public Adjuster,TP00065,Public Adjuster Estimate,58100,42955,5050,1619,8476,Accepted,Estimate package submitted by public adjuster.
CLM00217,EST0000571,2025-10-05,Carrier,,Supplement,71000,55393,7642,5178,2787,Under Review,Revised estimate created following scope reconciliation.
CLM00217,EST0000572,2025-10-03,Carrier,TP00044,Revised,88200,65648,2961,2129,17462,Partially Accepted,Revised estimate created following scope reconciliation.
CLM00218,EST0000573,2024-10-14,Carrier,,Initial,37200,32426,3205,1641,0,Final,Initial carrier estimate following inspection and scope review.
CLM00219,EST0000574,2022-04-03,Carrier,,Initial,25700,22587,2058,1738,0,Superseded,Initial carrier estimate following inspection and scope review.
CLM00219,EST0000575,2022-04-24,Roofer,TP00028,Roofer Estimate,35700,28214,2554,159,4773,Partially Accepted,Estimate submitted by involved roofer.
CLM00220,EST0000576,2024-12-08,Carrier,,Initial,109600,82965,2435,3528,20672,Superseded,Initial carrier estimate following inspection and scope review.
CLM00220,EST0000577,2024-12-20,Roofer,TP00026,Roofer Estimate,234700,171257,9473,5228,48742,Partially Accepted,Estimate submitted by involved roofer.
CLM00220,EST0000578,2025-02-12,Carrier,TP00026,Revised,277000,208866,18955,8418,40761,Under Review,Updated estimate following reinspection and documentation review.
CLM00220,EST0000579,2025-01-10,Roofer,TP00026,Revised,327100,254243,34932,25598,12327,Partially Accepted,Supplemental estimate received with additional repair line items.
CLM00221,EST0000580,2024-10-29,Carrier,,Initial,28600,25272,2418,2249,0,Superseded,Initial carrier estimate following inspection and scope review.
CLM00221,EST0000581,2024-10-31,Roofer,TP00027,Roofer Estimate,53800,43459,5275,1767,3299,Partially Accepted,Estimate submitted by involved roofer.
CLM00221,EST0000582,2024-12-18,Carrier,,Revised,64900,57895,4107,4281,0,Under Review,Revised estimate created following scope reconciliation.
CLM00221,EST0000583,2025-01-02,Roofer,,Supplement,79600,68734,2198,816,7852,Partially Accepted,Updated estimate following reinspection and documentation review.
CLM00222,EST0000584,2024-11-01,Carrier,,Initial,7700,6880,401,567,0,Superseded,Initial carrier estimate following inspection and scope review.
CLM00222,EST0000585,2024-10-27,Roofer,TP00027,Roofer Estimate,8300,6788,328,467,717,Partially Accepted,Estimate submitted by involved roofer.
CLM00222,EST0000586,2024-11-02,Public Adjuster,TP00067,Public Adjuster Estimate,9600,7193,948,326,1133,Partially Accepted,Estimate package submitted by public adjuster.
CLM00222,EST0000587,2024-11-23,Roofer,TP00027,Supplement,11200,8429,1068,627,1076,Under Review,Updated estimate following reinspection and documentation review.
CLM00222,EST0000588,2025-01-04,Carrier,TP00027,Revised,12400,10603,811,0,986,Partially Accepted,Revised estimate created following scope reconciliation.
CLM00223,EST0000589,2024-12-28,Carrier,,Initial,24300,18967,1635,1039,2659,Final,Initial carrier estimate following inspection and scope review.
CLM00223,EST0000590,2024-12-26,Plumber,TP00039,Plumber Estimate,30200,22179,2962,1712,3347,Under Review,Estimate submitted by involved plumber.
CLM00224,EST0000591,2022-08-29,Carrier,,Initial,36800,32252,1816,919,1813,Final,Initial carrier estimate following inspection and scope review.
CLM00224,EST0000592,2022-08-28,Roofer,TP00037,Roofer Estimate,40400,29209,3929,1051,6211,Under Review,Estimate submitted by involved roofer.
CLM00225,EST0000593,2023-12-26,Carrier,,Initial,11800,9032,548,438,1782,Superseded,Initial carrier estimate following inspection and scope review.
CLM00225,EST0000594,2024-01-07,General Contractor,TP00052,General Contractor Estimate,15200,12684,1806,865,0,Partially Accepted,Estimate submitted by involved general contractor.
CLM00226,EST0000595,2023-03-04,Carrier,,Initial,10200,7600,442,228,1930,Superseded,Initial carrier estimate following inspection and scope review.
CLM00226,EST0000596,2023-03-18,Plumber,TP00039,Plumber Estimate,11200,8846,1033,687,634,Partially Accepted,Estimate submitted by involved plumber.
CLM00226,EST0000597,2023-05-21,General Contractor,TP00039,Revised,12300,9377,1100,60,1763,Under Review,Supplemental estimate received with additional repair line items.
CLM00226,EST0000598,2023-04-01,General Contractor,TP00039,Supplement,14400,12398,1689,136,177,Partially Accepted,Revised estimate created following scope reconciliation.
CLM00227,EST0000599,2023-12-10,Carrier,,Initial,13800,11042,1314,824,620,Superseded,Initial carrier estimate following inspection and scope review.
CLM00227,EST0000600,2023-12-13,Roofer,TP00027,Roofer Estimate,24800,20236,2227,1627,710,Partially Accepted,Estimate submitted by involved roofer.
CLM00227,EST0000601,2023-12-30,Public Adjuster,TP00067,Public Adjuster Estimate,18400,15329,611,1213,1247,Under Review,Estimate package submitted by public adjuster.
CLM00227,EST0000602,2024-01-19,Roofer,,Revised,20900,16311,1922,861,1806,Under Review,Revised estimate created following scope reconciliation.
CLM00227,EST0000603,2024-01-19,Carrier,,Revised,21500,18160,2415,1404,0,Under Review,Updated estimate following reinspection and documentation review.
CLM00227,EST0000604,2024-02-20,General Contractor,,Supplement,26800,20154,1182,550,4914,Partially Accepted,Updated estimate following reinspection and documentation review.
CLM00228,EST0000605,2024-10-05,Carrier,,Initial,41900,37179,989,35,3697,Superseded,Initial carrier estimate following inspection and scope review.
CLM00228,EST0000606,2024-10-14,Roofer,TP00026,Roofer Estimate,42400,36569,3000,1641,1190,Partially Accepted,Estimate submitted by involved roofer.
CLM00228,EST0000607,2024-10-29,Public Adjuster,TP00066,Public Adjuster Estimate,64000,51492,6095,3535,2878,Under Review,Estimate package submitted by public adjuster.
CLM00228,EST0000608,2024-11-20,Carrier,,Revised,76700,63833,6674,2435,3758,Partially Accepted,Updated estimate following reinspection and documentation review.
CLM00229,EST0000609,2025-12-04,Carrier,,Initial,48100,40104,2231,9,5756,Final,Initial carrier estimate following inspection and scope review.
CLM00229,EST0000610,2025-12-12,Electrician,TP00089,Electrician Estimate,63200,51271,4727,2044,5158,Under Review,Estimate submitted by involved electrician.
CLM00230,EST0000611,2024-11-09,Carrier,,Initial,59400,43614,3875,1420,10491,Superseded,Initial carrier estimate following inspection and scope review.
CLM00230,EST0000612,2024-11-23,Roofer,TP00031,Roofer Estimate,57700,44963,4654,2119,5964,Partially Accepted,Estimate submitted by involved roofer.
CLM00230,EST0000613,2024-11-17,Public Adjuster,TP00066,Public Adjuster Estimate,71700,64404,4584,3564,0,Accepted,Estimate package submitted by public adjuster.
CLM00231,EST0000614,2023-04-14,Carrier,,Initial,22500,16223,801,621,4855,Superseded,Initial carrier estimate following inspection and scope review.
CLM00231,EST0000615,2023-05-08,General Contractor,TP00057,General Contractor Estimate,24900,21712,1504,1092,592,Partially Accepted,Estimate submitted by involved general contractor.
CLM00231,EST0000616,2023-06-02,Carrier,TP00057,Supplement,30700,26857,3001,1670,0,Partially Accepted,Supplemental estimate received with additional repair line items.
CLM00232,EST0000617,2023-07-23,Carrier,,Initial,37300,31855,1019,441,3985,Final,Initial carrier estimate following inspection and scope review.
CLM00233,EST0000618,2025-06-25,Carrier,,Initial,21300,18146,547,903,1704,Final,Initial carrier estimate following inspection and scope review.
CLM00234,EST0000619,2024-05-01,Carrier,,Initial,34700,26854,2580,2224,3042,Superseded,Initial carrier estimate following inspection and scope review.
CLM00234,EST0000620,2024-05-01,Roofer,TP00031,Roofer Estimate,37900,30085,3144,1029,3642,Partially Accepted,Estimate submitted by involved roofer.
CLM00235,EST0000621,2023-05-26,Carrier,,Initial,54100,45512,2403,1840,4345,Superseded,Initial carrier estimate following inspection and scope review.
CLM00235,EST0000622,2023-05-29,Roofer,TP00029,Roofer Estimate,56000,47893,2845,925,4337,Partially Accepted,Estimate submitted by involved roofer.
CLM00235,EST0000623,2023-07-30,General Contractor,TP00029,Revised,57100,41320,2778,4113,8889,Partially Accepted,Updated estimate following reinspection and documentation review.
CLM00236,EST0000624,2024-09-15,Carrier,,Initial,102800,87197,2932,1248,11423,Final,Initial carrier estimate following inspection and scope review.
CLM00236,EST0000625,2024-09-28,Roofer,TP00034,Roofer Estimate,138000,101306,4209,3056,29429,Under Review,Estimate submitted by involved roofer.
CLM00237,EST0000626,2022-11-22,Carrier,,Initial,53100,46632,2071,3141,1256,Superseded,Initial carrier estimate following inspection and scope review.
CLM00237,EST0000627,2022-11-30,Electrician,TP00090,Electrician Estimate,115000,89700,4950,1337,19013,Partially Accepted,Estimate submitted by involved electrician.
CLM00237,EST0000628,2022-12-17,Public Adjuster,TP00064,Public Adjuster Estimate,83700,70520,2344,6256,4580,Partially Accepted,Estimate package submitted by public adjuster.
CLM00237,EST0000629,2023-01-19,General Contractor,,Revised,102200,86981,6063,4016,5140,Partially Accepted,Revised estimate created following scope reconciliation.
CLM00238,EST0000630,2024-03-09,Carrier,,Initial,170200,130098,7223,4127,28752,Superseded,Initial carrier estimate following inspection and scope review.
CLM00238,EST0000631,2024-03-21,Electrician,TP00092,Electrician Estimate,189300,144679,15929,4497,24195,Partially Accepted,Estimate submitted by involved electrician.
CLM00238,EST0000632,2024-04-25,Electrician,,Supplement,214400,156740,10340,884,46436,Under Review,Supplemental estimate received with additional repair line items.
CLM00238,EST0000633,2024-04-10,General Contractor,,Revised,233800,195311,7092,1404,29993,Partially Accepted,Updated estimate following reinspection and documentation review.
CLM00239,EST0000634,2023-04-07,Carrier,,Initial,28500,23105,1389,2127,1879,Final,Initial carrier estimate following inspection and scope review.
CLM00239,EST0000635,2023-04-05,Plumber,TP00045,Plumber Estimate,33500,26988,859,1991,3662,Under Review,Estimate submitted by involved plumber.
CLM00239,EST0000636,2023-04-18,Public Adjuster,TP00068,Public Adjuster Estimate,35100,26710,1955,2299,4136,Under Review,Estimate package submitted by public adjuster.
CLM00240,EST0000637,2024-10-17,Carrier,,Initial,25200,22017,1051,1131,1001,Superseded,Initial carrier estimate following inspection and scope review.
CLM00240,EST0000638,2024-10-30,Roofer,TP00036,Roofer Estimate,28700,23576,2360,335,2429,Partially Accepted,Estimate submitted by involved roofer.
CLM00240,EST0000639,2025-01-31,Roofer,TP00036,Supplement,34500,25946,2378,1489,4687,Under Review,Supplemental estimate received with additional repair line items.
CLM00240,EST0000640,2024-12-09,General Contractor,,Revised,37600,31267,3222,1594,1517,Partially Accepted,Supplemental estimate received with additional repair line items.
CLM00241,EST0000641,2022-04-11,Carrier,,Initial,13200,9753,1399,769,1279,Final,Initial carrier estimate following inspection and scope review.
CLM00241,EST0000642,2022-04-17,Plumber,TP00038,Plumber Estimate,13300,10351,896,869,1184,Under Review,Estimate submitted by involved plumber.
CLM00242,EST0000643,2023-10-25,Carrier,,Initial,25500,21898,518,1958,1126,Final,Initial carrier estimate following inspection and scope review.
CLM00242,EST0000644,2023-10-25,Roofer,TP00036,Roofer Estimate,24100,17734,1538,1702,3126,Under Review,Estimate submitted by involved roofer.
CLM00242,EST0000645,2023-10-30,Public Adjuster,TP00071,Public Adjuster Estimate,37500,30658,3216,101,3525,Under Review,Estimate package submitted by public adjuster.
CLM00243,EST0000646,2024-12-01,Carrier,,Initial,8600,6537,516,14,1533,Superseded,Initial carrier estimate following inspection and scope review.
CLM00243,EST0000647,2024-12-07,Plumber,TP00044,Plumber Estimate,9900,8223,432,674,571,Partially Accepted,Estimate submitted by involved plumber.
CLM00244,EST0000648,2022-03-11,Carrier,,Initial,34700,30352,3842,2669,0,Superseded,Initial carrier estimate following inspection and scope review.
CLM00244,EST0000649,2022-03-10,Roofer,TP00035,Roofer Estimate,32600,24640,3012,1838,3110,Partially Accepted,Estimate submitted by involved roofer.
CLM00245,EST0000650,2025-09-17,Carrier,,Initial,27100,23949,1426,1102,623,Final,Initial carrier estimate following inspection and scope review.
CLM00245,EST0000651,2025-09-28,General Contractor,TP00053,General Contractor Estimate,30800,27330,3452,1096,0,Under Review,Estimate submitted by involved general contractor.
CLM00246,EST0000652,2025-07-26,Carrier,,Initial,20300,16629,805,1420,1446,Superseded,Initial carrier estimate following inspection and scope review.
CLM00246,EST0000653,2025-08-10,General Contractor,TP00050,General Contractor Estimate,27100,21627,1554,1723,2196,Partially Accepted,Estimate submitted by involved general contractor.
CLM00247,EST0000654,2023-02-13,Carrier,,Initial,17200,15184,1317,273,426,Final,Initial carrier estimate following inspection and scope review.
CLM00247,EST0000655,2023-02-22,Plumber,TP00043,Plumber Estimate,21900,17316,2428,1725,431,Under Review,Estimate submitted by involved plumber.
CLM00248,EST0000656,2024-02-20,Carrier,,Initial,33000,27326,3591,13,2070,Superseded,Initial carrier estimate following inspection and scope review.
CLM00248,EST0000657,2024-02-28,Plumber,TP00041,Plumber Estimate,31800,28249,1749,1838,0,Partially Accepted,Estimate submitted by involved plumber.
CLM00248,EST0000658,2024-03-28,Plumber,TP00041,Supplement,32700,26543,3137,1643,1377,Under Review,Updated estimate following reinspection and documentation review.
CLM00248,EST0000659,2024-05-24,General Contractor,,Supplement,38300,29896,4127,970,3307,Partially Accepted,Revised estimate created following scope reconciliation.
CLM00249,EST0000660,2023-10-14,Carrier,,Initial,15900,13304,393,875,1328,Final,Initial carrier estimate following inspection and scope review.
CLM00249,EST0000661,2023-10-25,Roofer,TP00027,Roofer Estimate,21000,15892,685,723,3700,Under Review,Estimate submitted by involved roofer.
CLM00250,EST0000662,2023-08-18,Carrier,,Initial,6600,5832,305,200,263,Superseded,Initial carrier estimate following inspection and scope review.
CLM00250,EST0000663,2023-08-23,Plumber,TP00039,Plumber Estimate,10500,9164,917,297,122,Partially Accepted,Estimate submitted by involved plumber.
CLM00250,EST0000664,2023-11-04,General Contractor,TP00039,Supplement,13100,10193,330,433,2144,Under Review,Supplemental estimate received with additional repair line items.
CLM00250,EST0000665,2023-09-12,Plumber,TP00039,Revised,16100,12089,998,891,2122,Partially Accepted,Updated estimate following reinspection and documentation review.
CLM00251,EST0000666,2022-06-08,Carrier,,Initial,6800,5116,439,182,1063,Final,Initial carrier estimate following inspection and scope review.
CLM00252,EST0000667,2023-12-18,Carrier,,Initial,31400,27948,2248,2442,0,Final,Initial carrier estimate following inspection and scope review.
CLM00252,EST0000668,2023-12-25,General Contractor,TP00051,General Contractor Estimate,50600,38167,5739,1859,4835,Under Review,Estimate submitted by involved general contractor.
CLM00253,EST0000669,2024-12-01,Carrier,,Initial,77800,59655,8353,57,9735,Final,Initial carrier estimate following inspection and scope review.
CLM00254,EST0000670,2022-02-05,Carrier,,Initial,46900,41463,3614,2093,0,Superseded,Initial carrier estimate following inspection and scope review.
CLM00254,EST0000671,2022-02-14,Plumber,TP00039,Plumber Estimate,51800,41834,1279,3629,5058,Partially Accepted,Estimate submitted by involved plumber.
CLM00255,EST0000672,2024-06-03,Carrier,,Initial,19700,17034,883,1035,748,Final,Initial carrier estimate following inspection and scope review.
CLM00255,EST0000673,2024-06-21,Roofer,TP00037,Roofer Estimate,27000,22486,1827,1261,1426,Under Review,Estimate submitted by involved roofer.
CLM00256,EST0000674,2023-09-30,Carrier,,Initial,90500,75626,2976,2803,9095,Final,Initial carrier estimate following inspection and scope review.
CLM00257,EST0000675,2022-06-22,Carrier,,Initial,9200,8170,407,269,354,Final,Initial carrier estimate following inspection and scope review.
CLM00258,EST0000676,2025-01-24,Carrier,,Initial,10100,8423,898,624,155,Final,Initial carrier estimate following inspection and scope review.
CLM00258,EST0000677,2025-01-25,Plumber,TP00047,Plumber Estimate,10400,7643,736,515,1506,Under Review,Estimate submitted by involved plumber.
CLM00259,EST0000678,2025-09-07,Carrier,,Initial,5700,4860,246,61,533,Final,Initial carrier estimate following inspection and scope review.
CLM00259,EST0000679,2025-09-26,Plumber,TP00040,Plumber Estimate,7500,6545,477,53,425,Under Review,Estimate submitted by involved plumber.
CLM00260,EST0000680,2024-03-15,Carrier,,Initial,53400,39991,2074,3413,7922,Final,Initial carrier estimate following inspection and scope review.
CLM00260,EST0000681,2024-04-01,Roofer,TP00035,Roofer Estimate,51300,41451,3762,2314,3773,Under Review,Estimate submitted by involved roofer.
CLM00261,EST0000682,2023-04-01,Carrier,,Initial,14200,11288,636,16,2260,Final,Initial carrier estimate following inspection and scope review.
CLM00261,EST0000683,2023-04-08,Plumber,TP00043,Plumber Estimate,13600,10411,1486,591,1112,Under Review,Estimate submitted by involved plumber.
CLM00261,EST0000684,2023-04-23,Public Adjuster,TP00066,Public Adjuster Estimate,20500,17716,1631,1516,0,Partially Accepted,Estimate package submitted by public adjuster.
CLM00262,EST0000685,2024-07-26,Carrier,,Initial,13900,11939,1573,378,10,Final,Initial carrier estimate following inspection and scope review.
CLM00263,EST0000686,2023-10-03,Carrier,,Initial,185000,155424,10064,12284,7228,Superseded,Initial carrier estimate following inspection and scope review.
CLM00263,EST0000687,2023-09-30,Electrician,TP00091,Electrician Estimate,387900,341581,16544,11907,17868,Partially Accepted,Estimate submitted by involved electrician.
CLM00263,EST0000688,2023-09-30,Public Adjuster,TP00071,Public Adjuster Estimate,320000,283721,25696,24211,0,Partially Accepted,Estimate package submitted by public adjuster.
CLM00263,EST0000689,2023-11-15,Electrician,,Supplement,383300,324166,14433,25674,19027,Partially Accepted,Updated estimate following reinspection and documentation review.
CLM00264,EST0000690,2025-05-30,Carrier,,Initial,12900,9507,416,790,2187,Superseded,Initial carrier estimate following inspection and scope review.
CLM00264,EST0000691,2025-05-27,General Contractor,TP00056,General Contractor Estimate,16800,15100,1250,1000,0,Partially Accepted,Estimate submitted by involved general contractor.
CLM00264,EST0000692,2025-06-11,Public Adjuster,TP00069,Public Adjuster Estimate,21400,17206,1482,1557,1155,Accepted,Estimate package submitted by public adjuster.
CLM00264,EST0000693,2025-08-18,Carrier,TP00056,Supplement,23200,20195,1605,679,721,Partially Accepted,Supplemental estimate received with additional repair line items.
CLM00265,EST0000694,2024-01-28,Carrier,,Initial,35200,28802,1308,2417,2673,Superseded,Initial carrier estimate following inspection and scope review.
CLM00265,EST0000695,2024-01-29,Plumber,TP00045,Plumber Estimate,44600,33269,3007,1048,7276,Partially Accepted,Estimate submitted by involved plumber.
CLM00265,EST0000696,2024-03-30,Carrier,TP00045,Supplement,46200,35237,3479,1016,6468,Under Review,Updated estimate following reinspection and documentation review.
CLM00265,EST0000697,2024-03-02,General Contractor,TP00045,Revised,55200,44250,2796,1504,6650,Partially Accepted,Updated estimate following reinspection and documentation review.
CLM00266,EST0000698,2022-03-01,Carrier,,Initial,20300,15053,2386,844,2017,Final,Initial carrier estimate following inspection and scope review.
CLM00267,EST0000699,2022-03-23,Carrier,,Initial,26900,21823,2451,30,2596,Superseded,Initial carrier estimate following inspection and scope review.
CLM00267,EST0000700,2022-04-03,Roofer,TP00029,Roofer Estimate,59900,44491,5025,1116,9268,Partially Accepted,Estimate submitted by involved roofer.
CLM00267,EST0000701,2022-04-08,Public Adjuster,TP00068,Public Adjuster Estimate,44800,33038,3644,1597,6521,Accepted,Estimate package submitted by public adjuster.
CLM00267,EST0000702,2022-05-04,General Contractor,,Supplement,53300,38746,2230,3303,9021,Partially Accepted,Updated estimate following reinspection and documentation review.
CLM00268,EST0000703,2023-05-14,Carrier,,Initial,5200,4529,532,99,40,Superseded,Initial carrier estimate following inspection and scope review.
CLM00268,EST0000704,2023-05-26,General Contractor,TP00054,General Contractor Estimate,6500,4896,559,282,763,Partially Accepted,Estimate submitted by involved general contractor.
CLM00268,EST0000705,2023-05-19,Public Adjuster,TP00066,Public Adjuster Estimate,8600,6817,999,639,145,Partially Accepted,Estimate package submitted by public adjuster.
CLM00268,EST0000706,2023-07-11,Carrier,,Revised,10000,8290,1073,505,132,Under Review,Revised estimate created following scope reconciliation.
CLM00268,EST0000707,2023-07-09,General Contractor,TP00054,Revised,11300,9589,760,412,539,Partially Accepted,Supplemental estimate received with additional repair line items.
CLM00269,EST0000708,2022-11-21,Carrier,,Initial,42900,31393,2175,2189,7143,Final,Initial carrier estimate following inspection and scope review.
CLM00269,EST0000709,2022-11-23,Roofer,TP00032,Roofer Estimate,59900,51452,2964,3267,2217,Under Review,Estimate submitted by involved roofer.
CLM00270,EST0000710,2022-08-18,Carrier,,Initial,32000,27582,3456,1325,0,Superseded,Initial carrier estimate following inspection and scope review.
CLM00270,EST0000711,2022-09-06,Plumber,TP00046,Plumber Estimate,29500,25733,1569,2026,172,Partially Accepted,Estimate submitted by involved plumber.
CLM00271,EST0000712,2022-10-20,Carrier,,Initial,35100,31568,1270,23,2239,Superseded,Initial carrier estimate following inspection and scope review.
CLM00271,EST0000713,2022-10-20,Roofer,TP00036,Roofer Estimate,42200,33987,3587,512,4114,Partially Accepted,Estimate submitted by involved roofer.
CLM00271,EST0000714,2022-12-14,Roofer,,Supplement,49000,35867,1104,1419,10610,Under Review,Supplemental estimate received with additional repair line items.
CLM00271,EST0000715,2022-12-04,Carrier,TP00036,Revised,53400,47282,4293,1208,617,Partially Accepted,Revised estimate created following scope reconciliation.
CLM00272,EST0000716,2025-03-15,Carrier,,Initial,24900,21767,2005,1057,71,Superseded,Initial carrier estimate following inspection and scope review.
CLM00272,EST0000717,2025-03-15,General Contractor,TP00054,General Contractor Estimate,23000,18127,1755,304,2814,Partially Accepted,Estimate submitted by involved general contractor.
CLM00272,EST0000718,2025-06-11,General Contractor,,Revised,25900,20650,1759,1489,2002,Partially Accepted,Supplemental estimate received with additional repair line items.
CLM00273,EST0000719,2022-12-29,Carrier,,Initial,17000,14366,650,1331,653,Final,Initial carrier estimate following inspection and scope review.
CLM00274,EST0000720,2022-06-25,Carrier,,Initial,50500,41085,1496,1173,6746,Superseded,Initial carrier estimate following inspection and scope review.
CLM00274,EST0000721,2022-06-25,Roofer,TP00029,Roofer Estimate,73400,52944,6911,5407,8138,Partially Accepted,Estimate submitted by involved roofer.
CLM00274,EST0000722,2022-07-24,General Contractor,TP00029,Revised,77500,56417,5557,3649,11877,Under Review,Revised estimate created following scope reconciliation.
CLM00274,EST0000723,2022-07-18,General Contractor,TP00029,Supplement,94900,69182,5556,544,19618,Partially Accepted,Updated estimate following reinspection and documentation review.
CLM00275,EST0000724,2022-09-02,Carrier,,Initial,39500,30813,1693,2207,4787,Superseded,Initial carrier estimate following inspection and scope review.
CLM00275,EST0000725,2022-09-15,Electrician,TP00092,Electrician Estimate,55100,48374,2422,2299,2005,Partially Accepted,Estimate submitted by involved electrician.
CLM00275,EST0000726,2022-10-02,Public Adjuster,TP00068,Public Adjuster Estimate,64200,46383,3064,3354,11399,Under Review,Estimate package submitted by public adjuster.
CLM00275,EST0000727,2022-11-12,General Contractor,,Supplement,68800,59159,2779,536,6326,Under Review,Updated estimate following reinspection and documentation review.
CLM00275,EST0000728,2022-12-07,General Contractor,TP00092,Revised,81300,72231,7639,4894,0,Partially Accepted,Updated estimate following reinspection and documentation review.
CLM00276,EST0000729,2024-09-12,Carrier,,Initial,34900,25771,1979,503,6647,Superseded,Initial carrier estimate following inspection and scope review.
CLM00276,EST0000730,2024-09-08,Roofer,TP00037,Roofer Estimate,38700,31184,4428,2333,755,Partially Accepted,Estimate submitted by involved roofer.
CLM00276,EST0000731,2024-12-08,Roofer,,Supplement,40400,30298,2438,706,6958,Under Review,Updated estimate following reinspection and documentation review.
CLM00276,EST0000732,2024-11-25,Roofer,,Supplement,48900,36110,2550,3203,7037,Partially Accepted,Revised estimate created following scope reconciliation.
CLM00277,EST0000733,2024-03-05,Carrier,,Initial,24000,19917,557,255,3271,Final,Initial carrier estimate following inspection and scope review.
CLM00278,EST0000734,2025-04-18,Carrier,,Initial,44800,36675,2675,1325,4125,Superseded,Initial carrier estimate following inspection and scope review.
CLM00278,EST0000735,2025-04-21,Plumber,TP00038,Plumber Estimate,99100,71540,4421,7580,15559,Partially Accepted,Estimate submitted by involved plumber.
CLM00278,EST0000736,2025-05-10,Public Adjuster,TP00065,Public Adjuster Estimate,57000,46279,4303,295,6123,Under Review,Estimate package submitted by public adjuster.
CLM00278,EST0000737,2025-07-01,General Contractor,,Revised,58900,51203,3054,4376,267,Under Review,Supplemental estimate received with additional repair line items.
CLM00278,EST0000738,2025-06-25,Carrier,TP00038,Supplement,65300,51058,5022,1739,7481,Under Review,Supplemental estimate received with additional repair line items.
CLM00278,EST0000739,2025-06-22,Plumber,,Supplement,78300,61192,8275,2519,6314,Under Review,Updated estimate following reinspection and documentation review.
CLM00278,EST0000740,2025-06-27,Carrier,TP00038,Revised,86800,69856,4818,615,11511,Partially Accepted,Supplemental estimate received with additional repair line items.
CLM00279,EST0000741,2024-12-03,Carrier,,Initial,68200,52873,2472,1606,11249,Final,Initial carrier estimate following inspection and scope review.
CLM00279,EST0000742,2024-11-26,Roofer,TP00033,Roofer Estimate,80900,70143,2788,1264,6705,Under Review,Estimate submitted by involved roofer.
CLM00280,EST0000743,2022-10-09,Carrier,,Initial,34600,25860,3703,1754,3283,Superseded,Initial carrier estimate following inspection and scope review.
CLM00280,EST0000744,2022-10-24,Roofer,TP00027,Roofer Estimate,62700,49010,6234,2241,5215,Partially Accepted,Estimate submitted by involved roofer.
CLM00280,EST0000745,2023-01-12,Carrier,TP00027,Supplement,68600,57959,3562,4612,2467,Under Review,Updated estimate following reinspection and documentation review.
CLM00280,EST0000746,2023-01-02,Carrier,,Revised,84300,69326,9093,1259,4622,Partially Accepted,Supplemental estimate received with additional repair line items.
CLM00281,EST0000747,2025-06-27,Carrier,,Initial,27900,24779,1396,1607,118,Superseded,Initial carrier estimate following inspection and scope review.
CLM00281,EST0000748,2025-07-11,Plumber,TP00038,Plumber Estimate,44900,38590,3150,1763,1397,Partially Accepted,Estimate submitted by involved plumber.
CLM00281,EST0000749,2025-08-16,General Contractor,TP00038,Revised,53000,47428,5985,3911,0,Partially Accepted,Supplemental estimate received with additional repair line items.
CLM00282,EST0000750,2024-06-01,Carrier,,Initial,20200,16601,873,906,1820,Final,Initial carrier estimate following inspection and scope review.
CLM00282,EST0000751,2024-06-04,General Contractor,TP00055,General Contractor Estimate,26700,23887,811,751,1251,Under Review,Estimate submitted by involved general contractor.
CLM00283,EST0000752,2022-12-21,Carrier,,Initial,37100,31483,3541,24,2052,Superseded,Initial carrier estimate following inspection and scope review.
CLM00283,EST0000753,2022-12-29,Plumber,TP00046,Plumber Estimate,35200,28227,3013,2620,1340,Partially Accepted,Estimate submitted by involved plumber.
CLM00283,EST0000754,2022-12-21,Public Adjuster,TP00066,Public Adjuster Estimate,57100,43864,5409,3176,4651,Under Review,Estimate package submitted by public adjuster.
CLM00283,EST0000755,2023-01-20,General Contractor,TP00046,Supplement,70500,52256,3638,4656,9950,Partially Accepted,Updated estimate following reinspection and documentation review.
CLM00284,EST0000756,2025-03-19,Carrier,,Initial,15500,12127,1105,214,2054,Final,Initial carrier estimate following inspection and scope review.
CLM00285,EST0000757,2024-04-17,Carrier,,Initial,16100,14000,1502,50,548,Final,Initial carrier estimate following inspection and scope review.
CLM00285,EST0000758,2024-04-13,Roofer,TP00028,Roofer Estimate,19000,15761,1442,1442,355,Under Review,Estimate submitted by involved roofer.
CLM00286,EST0000759,2025-02-28,Carrier,,Initial,105600,85221,5505,4016,10858,Final,Initial carrier estimate following inspection and scope review.
CLM00286,EST0000760,2025-03-06,Roofer,TP00031,Roofer Estimate,134700,112421,6054,1673,14552,Under Review,Estimate submitted by involved roofer.
CLM00287,EST0000761,2023-12-22,Carrier,,Initial,8700,6974,849,53,824,Superseded,Initial carrier estimate following inspection and scope review.
CLM00287,EST0000762,2023-12-31,Plumber,TP00046,Plumber Estimate,10400,8875,1013,817,0,Partially Accepted,Estimate submitted by involved plumber.
CLM00287,EST0000763,2024-01-16,Public Adjuster,TP00070,Public Adjuster Estimate,14900,13054,1639,698,0,Accepted,Estimate package submitted by public adjuster.
CLM00287,EST0000764,2024-01-20,Carrier,TP00046,Revised,15700,13940,933,254,573,Under Review,Revised estimate created following scope reconciliation.
CLM00287,EST0000765,2024-03-01,Carrier,TP00046,Supplement,16900,12993,1530,11,2366,Partially Accepted,Updated estimate following reinspection and documentation review.
CLM00288,EST0000766,2025-06-06,Carrier,,Initial,26500,22392,2506,1513,89,Final,Initial carrier estimate following inspection and scope review.
CLM00288,EST0000767,2025-06-12,Roofer,TP00026,Roofer Estimate,61400,45377,6648,1407,7968,Under Review,Estimate submitted by involved roofer.
CLM00289,EST0000768,2023-11-02,Carrier,,Initial,13500,9797,316,187,3200,Superseded,Initial carrier estimate following inspection and scope review.
CLM00289,EST0000769,2023-11-08,General Contractor,TP00053,General Contractor Estimate,15200,12930,1068,270,932,Partially Accepted,Estimate submitted by involved general contractor.
CLM00289,EST0000770,2023-11-24,Public Adjuster,TP00071,Public Adjuster Estimate,18000,15903,1513,664,0,Accepted,Estimate package submitted by public adjuster.
CLM00289,EST0000771,2023-12-13,Carrier,TP00053,Supplement,18600,15051,1771,845,933,Under Review,Revised estimate created following scope reconciliation.
CLM00289,EST0000772,2024-01-02,General Contractor,,Revised,20700,18342,2118,1339,0,Partially Accepted,Revised estimate created following scope reconciliation.
CLM00290,EST0000773,2023-03-30,Carrier,,Initial,34700,27347,1298,581,5474,Superseded,Initial carrier estimate following inspection and scope review.
CLM00290,EST0000774,2023-04-10,Roofer,TP00030,Roofer Estimate,40000,34184,2486,2511,819,Partially Accepted,Estimate submitted by involved roofer.
CLM00290,EST0000775,2023-07-09,Roofer,TP00030,Supplement,41300,30256,1589,3205,6250,Partially Accepted,Supplemental estimate received with additional repair line items.
CLM00291,EST0000776,2024-02-11,Carrier,,Initial,38800,28545,2411,2451,5393,Superseded,Initial carrier estimate following inspection and scope review.
CLM00291,EST0000777,2024-02-06,Electrician,TP00090,Electrician Estimate,45900,36077,1489,547,7787,Partially Accepted,Estimate submitted by involved electrician.
CLM00292,EST0000778,2024-11-05,Carrier,,Initial,24200,20853,591,1665,1091,Final,Initial carrier estimate following inspection and scope review.
CLM00293,EST0000779,2023-07-17,Carrier,,Initial,19000,14776,1605,766,1853,Final,Initial carrier estimate following inspection and scope review.
CLM00293,EST0000780,2023-07-29,Roofer,TP00026,Roofer Estimate,25600,21441,2462,1828,0,Under Review,Estimate submitted by involved roofer.
CLM00294,EST0000781,2025-12-07,Carrier,,Initial,13200,10897,308,294,1701,Final,Initial carrier estimate following inspection and scope review.
CLM00294,EST0000782,2025-12-16,General Contractor,TP00048,General Contractor Estimate,24200,20548,1851,1725,76,Under Review,Estimate submitted by involved general contractor.
CLM00295,EST0000783,2024-08-26,Carrier,,Initial,23400,18356,1118,1073,2853,Superseded,Initial carrier estimate following inspection and scope review.
CLM00295,EST0000784,2024-09-11,General Contractor,TP00051,General Contractor Estimate,30600,23743,1263,1537,4057,Partially Accepted,Estimate submitted by involved general contractor.
CLM00295,EST0000785,2024-12-07,Carrier,TP00051,Supplement,36800,27964,1208,1146,6482,Partially Accepted,Supplemental estimate received with additional repair line items.
CLM00296,EST0000786,2024-10-16,Carrier,,Initial,22000,18896,2146,318,640,Superseded,Initial carrier estimate following inspection and scope review.
CLM00296,EST0000787,2024-10-18,Roofer,TP00029,Roofer Estimate,29500,21429,2947,1528,3596,Partially Accepted,Estimate submitted by involved roofer.
CLM00297,EST0000788,2024-01-04,Carrier,,Initial,9500,8284,266,367,583,Superseded,Initial carrier estimate following inspection and scope review.
CLM00297,EST0000789,2024-01-11,General Contractor,TP00053,General Contractor Estimate,10200,8630,1216,332,22,Partially Accepted,Estimate submitted by involved general contractor.
CLM00297,EST0000790,2024-04-12,General Contractor,TP00053,Supplement,10600,8985,362,670,583,Partially Accepted,Updated estimate following reinspection and documentation review.
CLM00298,EST0000791,2025-02-28,Carrier,,Initial,21400,16218,761,1662,2759,Superseded,Initial carrier estimate following inspection and scope review.
CLM00298,EST0000792,2025-03-06,Roofer,TP00027,Roofer Estimate,22500,20011,619,1760,110,Partially Accepted,Estimate submitted by involved roofer.
CLM00298,EST0000793,2025-04-08,Roofer,,Revised,25000,20621,792,1520,2067,Partially Accepted,Revised estimate created following scope reconciliation.
CLM00299,EST0000794,2023-06-19,Carrier,,Initial,40100,31716,3527,2655,2202,Superseded,Initial carrier estimate following inspection and scope review.
CLM00299,EST0000795,2023-06-30,Roofer,TP00028,Roofer Estimate,48600,43242,3437,3109,0,Partially Accepted,Estimate submitted by involved roofer.
CLM00300,EST0000796,2024-10-19,Carrier,,Initial,30600,25350,782,1106,3362,Final,Initial carrier estimate following inspection and scope review.
CLM00300,EST0000797,2024-10-26,Roofer,TP00035,Roofer Estimate,36700,32267,1928,647,1858,Under Review,Estimate submitted by involved roofer.
CLM00301,EST0000798,2025-11-19,Carrier,,Initial,17700,14118,2109,1076,397,Superseded,Initial carrier estimate following inspection and scope review.
CLM00301,EST0000799,2025-11-30,Roofer,TP00036,Roofer Estimate,16000,12866,1583,617,934,Partially Accepted,Estimate submitted by involved roofer.
CLM00302,EST0000800,2024-01-19,Carrier,,Initial,9200,8198,1064,108,0,Final,Initial carrier estimate following inspection and scope review.
CLM00302,EST0000801,2024-01-29,General Contractor,TP00051,General Contractor Estimate,10100,8238,1053,376,433,Under Review,Estimate submitted by involved general contractor.
CLM00303,EST0000802,2022-02-02,Carrier,,Initial,26000,19426,1143,903,4528,Superseded,Initial carrier estimate following inspection and scope review.
CLM00303,EST0000803,2022-02-06,General Contractor,TP00055,General Contractor Estimate,38100,27524,4208,1170,5198,Partially Accepted,Estimate submitted by involved general contractor.
CLM00303,EST0000804,2022-03-01,General Contractor,TP00055,Supplement,47000,35690,5603,1544,4163,Under Review,Supplemental estimate received with additional repair line items.
CLM00303,EST0000805,2022-02-25,Carrier,,Revised,56200,47536,2169,3611,2884,Partially Accepted,Updated estimate following reinspection and documentation review.
CLM00304,EST0000806,2024-07-28,Carrier,,Initial,108100,86520,6392,1072,14116,Final,Initial carrier estimate following inspection and scope review.
CLM00304,EST0000807,2024-08-16,Roofer,TP00028,Roofer Estimate,102400,84943,3397,1992,12068,Under Review,Estimate submitted by involved roofer.
CLM00304,EST0000808,2024-08-18,Public Adjuster,TP00065,Public Adjuster Estimate,155300,135847,6775,6051,6627,Partially Accepted,Estimate package submitted by public adjuster.
CLM00305,EST0000809,2022-04-05,Carrier,,Initial,158500,135418,6045,10673,6364,Superseded,Initial carrier estimate following inspection and scope review.
CLM00305,EST0000810,2022-04-16,Electrician,TP00091,Electrician Estimate,148200,132617,13861,2934,0,Partially Accepted,Estimate submitted by involved electrician.
CLM00305,EST0000811,2022-04-19,Public Adjuster,TP00067,Public Adjuster Estimate,220000,172143,16133,10333,21391,Partially Accepted,Estimate package submitted by public adjuster.
CLM00305,EST0000812,2022-07-07,Carrier,TP00091,Supplement,256800,208181,24357,3658,20604,Under Review,Supplemental estimate received with additional repair line items.
CLM00305,EST0000813,2022-05-01,Carrier,TP00091,Supplement,264100,200364,17329,4750,41657,Partially Accepted,Revised estimate created following scope reconciliation.
CLM00306,EST0000814,2023-03-27,Carrier,,Initial,185600,140892,4211,11498,28999,Final,Initial carrier estimate following inspection and scope review.
CLM00306,EST0000815,2023-04-04,Electrician,TP00091,Electrician Estimate,185700,150290,10419,12361,12630,Under Review,Estimate submitted by involved electrician.
CLM00307,EST0000816,2024-10-23,Carrier,,Initial,40900,32720,2283,2981,2916,Superseded,Initial carrier estimate following inspection and scope review.
CLM00307,EST0000817,2024-11-02,Roofer,TP00028,Roofer Estimate,84000,66139,3553,1249,13059,Partially Accepted,Estimate submitted by involved roofer.
CLM00307,EST0000818,2024-10-30,Public Adjuster,TP00066,Public Adjuster Estimate,68400,58676,5431,284,4009,Under Review,Estimate package submitted by public adjuster.
CLM00307,EST0000819,2024-11-27,General Contractor,,Supplement,73300,56529,4487,2869,9415,Under Review,Updated estimate following reinspection and documentation review.
CLM00307,EST0000820,2025-01-18,Carrier,,Revised,77200,59829,7867,3577,5927,Partially Accepted,Supplemental estimate received with additional repair line items.
CLM00308,EST0000821,2024-04-27,Carrier,,Initial,17500,14026,1431,816,1227,Final,Initial carrier estimate following inspection and scope review.
CLM00308,EST0000822,2024-05-03,Roofer,TP00029,Roofer Estimate,21000,15661,2090,546,2703,Under Review,Estimate submitted by involved roofer.
CLM00309,EST0000823,2025-10-07,Carrier,,Initial,42900,35117,1185,447,6151,Final,Initial carrier estimate following inspection and scope review.
CLM00309,EST0000824,2025-10-09,Roofer,TP00036,Roofer Estimate,42900,31012,1158,1512,9218,Under Review,Estimate submitted by involved roofer.
CLM00310,EST0000825,2023-02-17,Carrier,,Initial,7700,6091,770,450,389,Superseded,Initial carrier estimate following inspection and scope review.
CLM00310,EST0000826,2023-02-25,General Contractor,TP00057,General Contractor Estimate,7700,6623,676,177,224,Partially Accepted,Estimate submitted by involved general contractor.
CLM00310,EST0000827,2023-03-15,Carrier,TP00057,Revised,9100,6570,209,528,1793,Under Review,Supplemental estimate received with additional repair line items.
CLM00310,EST0000828,2023-04-15,General Contractor,TP00057,Revised,11300,8419,387,329,2165,Partially Accepted,Supplemental estimate received with additional repair line items.
CLM00311,EST0000829,2022-03-21,Carrier,,Initial,13900,11050,655,791,1404,Final,Initial carrier estimate following inspection and scope review.
CLM00311,EST0000830,2022-04-03,Plumber,TP00044,Plumber Estimate,16200,13700,640,781,1079,Under Review,Estimate submitted by involved plumber.
CLM00312,EST0000831,2025-03-22,Carrier,,Initial,33400,29980,3769,1941,0,Final,Initial carrier estimate following inspection and scope review.
CLM00312,EST0000832,2025-03-26,Plumber,TP00047,Plumber Estimate,45300,32699,907,3428,8266,Under Review,Estimate submitted by involved plumber.
CLM00313,EST0000833,2023-02-27,Carrier,,Initial,14900,11483,1509,707,1201,Superseded,Initial carrier estimate following inspection and scope review.
CLM00313,EST0000834,2023-03-05,Roofer,TP00027,Roofer Estimate,31300,23651,837,2055,4757,Partially Accepted,Estimate submitted by involved roofer.
CLM00313,EST0000835,2023-04-16,Carrier,,Supplement,36600,26913,3466,861,5360,Under Review,Updated estimate following reinspection and documentation review.
CLM00313,EST0000836,2023-05-17,General Contractor,,Revised,43500,32610,2635,2787,5468,Under Review,Updated estimate following reinspection and documentation review.
CLM00313,EST0000837,2023-04-17,Roofer,,Revised,50300,42339,4820,3894,0,Partially Accepted,Supplemental estimate received with additional repair line items.
CLM00314,EST0000838,2024-11-11,Carrier,,Initial,6700,5409,302,212,777,Superseded,Initial carrier estimate following inspection and scope review.
CLM00314,EST0000839,2024-11-25,General Contractor,TP00056,General Contractor Estimate,6400,5050,257,500,593,Partially Accepted,Estimate submitted by involved general contractor.
CLM00315,EST0000840,2025-09-02,Carrier,,Initial,24000,18238,2168,1465,2129,Superseded,Initial carrier estimate following inspection and scope review.
CLM00315,EST0000841,2025-09-21,Roofer,TP00034,Roofer Estimate,30400,21968,2214,706,5512,Partially Accepted,Estimate submitted by involved roofer.
CLM00316,EST0000842,2023-06-27,Carrier,,Initial,31600,25470,2112,1888,2130,Final,Initial carrier estimate following inspection and scope review.
CLM00316,EST0000843,2023-07-03,Roofer,TP00028,Roofer Estimate,30900,27434,2015,21,1430,Under Review,Estimate submitted by involved roofer.
CLM00317,EST0000844,2024-10-22,Carrier,,Initial,108200,81558,4321,7553,14768,Superseded,Initial carrier estimate following inspection and scope review.
CLM00317,EST0000845,2024-10-30,Roofer,TP00027,Roofer Estimate,122200,89515,10964,7187,14534,Partially Accepted,Estimate submitted by involved roofer.
CLM00317,EST0000846,2024-12-17,Roofer,TP00027,Supplement,131900,99631,4131,271,27867,Partially Accepted,Revised estimate created following scope reconciliation.
CLM00318,EST0000847,2025-01-27,Carrier,,Initial,27100,20075,946,924,5155,Final,Initial carrier estimate following inspection and scope review.
CLM00318,EST0000848,2025-02-11,Roofer,TP00027,Roofer Estimate,25900,23287,1233,596,784,Under Review,Estimate submitted by involved roofer.
CLM00319,EST0000849,2024-11-24,Carrier,,Initial,9400,8163,888,115,234,Superseded,Initial carrier estimate following inspection and scope review.
CLM00319,EST0000850,2024-11-26,General Contractor,TP00051,General Contractor Estimate,16300,13379,797,1025,1099,Partially Accepted,Estimate submitted by involved general contractor.
CLM00319,EST0000851,2024-12-11,Public Adjuster,TP00069,Public Adjuster Estimate,16700,13552,1095,609,1444,Under Review,Estimate package submitted by public adjuster.
CLM00319,EST0000852,2025-02-08,Carrier,TP00051,Supplement,18600,13620,1688,1344,1948,Under Review,Updated estimate following reinspection and documentation review.
CLM00319,EST0000853,2025-02-06,General Contractor,,Supplement,22500,16475,569,632,4824,Under Review,Revised estimate created following scope reconciliation.
CLM00319,EST0000854,2025-02-02,Carrier,TP00051,Supplement,25000,22070,2021,1408,0,Under Review,Supplemental estimate received with additional repair line items.
CLM00319,EST0000855,2025-01-26,General Contractor,,Supplement,26800,21870,2700,1355,875,Partially Accepted,Revised estimate created following scope reconciliation.
CLM00320,EST0000856,2022-09-07,Carrier,,Initial,7000,6201,374,529,0,Superseded,Initial carrier estimate following inspection and scope review.
CLM00320,EST0000857,2022-09-19,General Contractor,TP00048,General Contractor Estimate,9400,7099,1046,110,1145,Partially Accepted,Estimate submitted by involved general contractor.
CLM00321,EST0000858,2025-03-09,Carrier,,Initial,41000,29747,3509,389,7355,Superseded,Initial carrier estimate following inspection and scope review.
CLM00321,EST0000859,2025-03-09,Plumber,TP00042,Plumber Estimate,55500,45798,6447,1796,1459,Partially Accepted,Estimate submitted by involved plumber.
CLM00322,EST0000860,2025-05-26,Carrier,,Initial,27500,20044,3117,810,3529,Superseded,Initial carrier estimate following inspection and scope review.
CLM00322,EST0000861,2025-05-30,Plumber,TP00042,Plumber Estimate,35700,27217,2513,1038,4932,Partially Accepted,Estimate submitted by involved plumber.
CLM00322,EST0000862,2025-06-02,Public Adjuster,TP00066,Public Adjuster Estimate,40500,35830,1764,1096,1810,Accepted,Estimate package submitted by public adjuster.
CLM00322,EST0000863,2025-08-09,Carrier,TP00042,Supplement,49100,36691,1004,3664,7741,Under Review,Revised estimate created following scope reconciliation.
CLM00322,EST0000864,2025-07-25,General Contractor,,Revised,56600,44380,3692,3499,5029,Partially Accepted,Supplemental estimate received with additional repair line items.
CLM00323,EST0000865,2022-07-23,Carrier,,Initial,17800,14156,1240,542,1862,Superseded,Initial carrier estimate following inspection and scope review.
CLM00323,EST0000866,2022-08-07,Plumber,TP00039,Plumber Estimate,32100,23145,3389,1236,4330,Partially Accepted,Estimate submitted by involved plumber.
CLM00323,EST0000867,2022-09-19,Carrier,,Revised,33400,27429,1955,1802,2214,Under Review,Updated estimate following reinspection and documentation review.
CLM00323,EST0000868,2022-09-05,General Contractor,TP00039,Supplement,40400,32925,3982,1131,2362,Under Review,Updated estimate following reinspection and documentation review.
CLM00323,EST0000869,2022-08-18,Carrier,,Revised,46200,36839,1768,3213,4380,Partially Accepted,Supplemental estimate received with additional repair line items.
CLM00324,EST0000870,2022-12-03,Carrier,,Initial,53500,46427,2517,2328,2228,Final,Initial carrier estimate following inspection and scope review.
CLM00324,EST0000871,2022-12-16,Electrician,TP00090,Electrician Estimate,48500,35585,2267,2828,7820,Under Review,Estimate submitted by involved electrician.
CLM00325,EST0000872,2023-03-24,Carrier,,Initial,12400,9708,267,0,2425,Final,Initial carrier estimate following inspection and scope review.
CLM00326,EST0000873,2023-05-23,Carrier,,Initial,8200,5962,820,601,817,Superseded,Initial carrier estimate following inspection and scope review.
CLM00326,EST0000874,2023-06-06,General Contractor,TP00048,General Contractor Estimate,9900,7715,380,384,1421,Partially Accepted,Estimate submitted by involved general contractor.
CLM00327,EST0000875,2022-03-11,Carrier,,Initial,19900,15203,2292,567,1838,Final,Initial carrier estimate following inspection and scope review.
CLM00328,EST0000876,2025-04-15,Carrier,,Initial,23100,19445,1454,1104,1097,Final,Initial carrier estimate following inspection and scope review.
CLM00328,EST0000877,2025-04-24,Roofer,TP00034,Roofer Estimate,31700,23160,2509,2313,3718,Under Review,Estimate submitted by involved roofer.
CLM00329,EST0000878,2024-10-07,Carrier,,Initial,12700,9987,532,173,2008,Superseded,Initial carrier estimate following inspection and scope review.
CLM00329,EST0000879,2024-10-18,Plumber,TP00038,Plumber Estimate,28800,23364,2967,40,2429,Partially Accepted,Estimate submitted by involved plumber.
CLM00329,EST0000880,2024-11-12,Carrier,TP00038,Revised,33500,30097,3181,1746,0,Under Review,Supplemental estimate received with additional repair line items.
CLM00329,EST0000881,2025-01-07,Plumber,,Supplement,36200,26618,2781,2676,4125,Partially Accepted,Supplemental estimate received with additional repair line items.
CLM00330,EST0000882,2023-05-24,Carrier,,Initial,3400,2523,332,47,498,Superseded,Initial carrier estimate following inspection and scope review.
CLM00330,EST0000883,2023-05-22,General Contractor,TP00050,General Contractor Estimate,6000,5088,404,452,56,Partially Accepted,Estimate submitted by involved general contractor.
CLM00330,EST0000884,2023-08-03,Carrier,,Supplement,7400,5467,776,443,714,Under Review,Supplemental estimate received with additional repair line items.
CLM00330,EST0000885,2023-08-27,General Contractor,TP00050,Revised,9200,7184,979,497,540,Under Review,Updated estimate following reinspection and documentation review.
CLM00330,EST0000886,2023-08-14,General Contractor,,Revised,9800,7187,379,208,2026,Partially Accepted,Updated estimate following reinspection and documentation review.
CLM00331,EST0000887,2024-06-27,Carrier,,Initial,26200,23467,810,1309,614,Superseded,Initial carrier estimate following inspection and scope review.
CLM00331,EST0000888,2024-07-05,General Contractor,TP00051,General Contractor Estimate,32200,28627,3251,2561,0,Partially Accepted,Estimate submitted by involved general contractor.
CLM00332,EST0000889,2023-10-15,Carrier,,Initial,21100,17393,822,1264,1621,Superseded,Initial carrier estimate following inspection and scope review.
CLM00332,EST0000890,2023-10-16,Roofer,TP00027,Roofer Estimate,23000,17155,2726,1023,2096,Partially Accepted,Estimate submitted by involved roofer.
CLM00332,EST0000891,2024-01-19,Carrier,,Supplement,27300,19690,3049,208,4353,Under Review,Revised estimate created following scope reconciliation.
CLM00332,EST0000892,2024-01-01,General Contractor,TP00027,Revised,30900,26682,2187,867,1164,Partially Accepted,Revised estimate created following scope reconciliation.
CLM00333,EST0000893,2023-04-20,Carrier,,Initial,15000,10965,434,1175,2426,Final,Initial carrier estimate following inspection and scope review.
CLM00333,EST0000894,2023-04-23,Roofer,TP00035,Roofer Estimate,15100,12291,693,525,1591,Under Review,Estimate submitted by involved roofer.
CLM00334,EST0000895,2023-06-14,Carrier,,Initial,25400,22134,1566,1408,292,Superseded,Initial carrier estimate following inspection and scope review.
CLM00334,EST0000896,2023-06-24,General Contractor,TP00052,General Contractor Estimate,27800,22604,2257,789,2150,Partially Accepted,Estimate submitted by involved general contractor.
CLM00334,EST0000897,2023-08-14,Carrier,TP00052,Supplement,31900,25874,1214,648,4164,Under Review,Revised estimate created following scope reconciliation.
CLM00334,EST0000898,2023-08-24,Carrier,,Revised,33600,27327,3499,2572,202,Partially Accepted,Supplemental estimate received with additional repair line items.
CLM00335,EST0000899,2022-02-18,Carrier,,Initial,38900,28840,2084,1141,6835,Final,Initial carrier estimate following inspection and scope review.
CLM00335,EST0000900,2022-03-03,Plumber,TP00040,Plumber Estimate,45700,34312,4095,255,7038,Under Review,Estimate submitted by involved plumber.
CLM00336,EST0000901,2022-03-16,Carrier,,Initial,7900,6757,398,609,136,Superseded,Initial carrier estimate following inspection and scope review.
CLM00336,EST0000902,2022-03-23,Plumber,TP00039,Plumber Estimate,8100,5955,883,225,1037,Partially Accepted,Estimate submitted by involved plumber.
CLM00336,EST0000903,2022-04-07,Public Adjuster,TP00066,Public Adjuster Estimate,11000,8293,1167,561,979,Partially Accepted,Estimate package submitted by public adjuster.
CLM00336,EST0000904,2022-04-19,Carrier,,Supplement,13100,9522,948,1019,1611,Under Review,Supplemental estimate received with additional repair line items.
CLM00336,EST0000905,2022-05-17,Plumber,,Supplement,14600,11535,1445,608,1012,Partially Accepted,Supplemental estimate received with additional repair line items.
CLM00337,EST0000906,2024-10-03,Carrier,,Initial,16500,13409,1009,227,1855,Final,Initial carrier estimate following inspection and scope review.
CLM00337,EST0000907,2024-10-16,Plumber,TP00038,Plumber Estimate,15600,11578,1648,1037,1337,Under Review,Estimate submitted by involved plumber.
CLM00338,EST0000908,2024-10-28,Carrier,,Initial,37400,29455,3350,570,4025,Final,Initial carrier estimate following inspection and scope review.
CLM00338,EST0000909,2024-11-05,Roofer,TP00037,Roofer Estimate,51100,42516,1870,3615,3099,Under Review,Estimate submitted by involved roofer.
CLM00338,EST0000910,2024-11-17,Public Adjuster,TP00069,Public Adjuster Estimate,46600,37238,5574,1422,2366,Partially Accepted,Estimate package submitted by public adjuster.
CLM00339,EST0000911,2025-03-16,Carrier,,Initial,48000,34831,3489,911,8769,Superseded,Initial carrier estimate following inspection and scope review.
CLM00339,EST0000912,2025-04-07,Roofer,TP00028,Roofer Estimate,109500,94475,3823,2965,8237,Partially Accepted,Estimate submitted by involved roofer.
CLM00340,EST0000913,2023-10-05,Carrier,,Initial,9800,8120,1090,764,0,Superseded,Initial carrier estimate following inspection and scope review.
CLM00340,EST0000914,2023-10-17,General Contractor,TP00049,General Contractor Estimate,10000,8798,878,413,0,Partially Accepted,Estimate submitted by involved general contractor.
CLM00341,EST0000915,2024-10-20,Carrier,,Initial,8300,7172,414,589,125,Final,Initial carrier estimate following inspection and scope review.
CLM00341,EST0000916,2024-11-01,Roofer,TP00029,Roofer Estimate,19000,16008,1710,1384,0,Under Review,Estimate submitted by involved roofer.
CLM00342,EST0000917,2024-01-06,Carrier,,Initial,20900,17231,1318,1303,1048,Final,Initial carrier estimate following inspection and scope review.
CLM00343,EST0000918,2023-01-27,Carrier,,Initial,28900,25032,1889,693,1286,Final,Initial carrier estimate following inspection and scope review.
CLM00344,EST0000919,2024-04-19,Carrier,,Initial,43700,33523,3792,2913,3472,Superseded,Initial carrier estimate following inspection and scope review.
CLM00344,EST0000920,2024-04-30,Roofer,TP00028,Roofer Estimate,78800,62614,7609,4122,4455,Partially Accepted,Estimate submitted by involved roofer.
CLM00344,EST0000921,2024-05-23,Roofer,TP00028,Supplement,90800,68179,8446,6968,7207,Partially Accepted,Updated estimate following reinspection and documentation review.
CLM00345,EST0000922,2024-09-14,Carrier,,Initial,6700,5818,476,492,0,Superseded,Initial carrier estimate following inspection and scope review.
CLM00345,EST0000923,2024-10-01,Plumber,TP00047,Plumber Estimate,8200,7373,949,138,0,Partially Accepted,Estimate submitted by involved plumber.
CLM00345,EST0000924,2024-11-29,Plumber,TP00047,Revised,8900,6930,1036,492,442,Under Review,Revised estimate created following scope reconciliation.
CLM00345,EST0000925,2024-12-23,General Contractor,TP00047,Supplement,10000,8069,313,600,1018,Partially Accepted,Revised estimate created following scope reconciliation.
CLM00346,EST0000926,2023-07-04,Carrier,,Initial,16700,14637,785,606,672,Superseded,Initial carrier estimate following inspection and scope review.
CLM00346,EST0000927,2023-07-04,Roofer,TP00032,Roofer Estimate,19600,14950,2108,419,2123,Partially Accepted,Estimate submitted by involved roofer.
CLM00346,EST0000928,2023-09-11,Roofer,TP00032,Supplement,24500,20597,2271,171,1461,Under Review,Updated estimate following reinspection and documentation review.
CLM00346,EST0000929,2023-08-26,Carrier,TP00032,Revised,25900,20696,802,1813,2589,Partially Accepted,Updated estimate following reinspection and documentation review.
CLM00347,EST0000930,2024-10-12,Carrier,,Initial,30700,23231,1288,136,6045,Superseded,Initial carrier estimate following inspection and scope review.
CLM00347,EST0000931,2024-11-04,Roofer,TP00032,Roofer Estimate,29300,26035,2901,2106,0,Partially Accepted,Estimate submitted by involved roofer.
CLM00347,EST0000932,2024-10-26,Public Adjuster,TP00066,Public Adjuster Estimate,44300,38759,1145,1707,2689,Partially Accepted,Estimate package submitted by public adjuster.
CLM00348,EST0000933,2024-10-23,Carrier,,Initial,14700,12268,1533,810,89,Final,Initial carrier estimate following inspection and scope review.
CLM00348,EST0000934,2024-11-01,Plumber,TP00040,Plumber Estimate,17000,12855,1473,420,2252,Under Review,Estimate submitted by involved plumber.
CLM00348,EST0000935,2024-11-02,Public Adjuster,TP00071,Public Adjuster Estimate,22100,19258,847,1015,980,Partially Accepted,Estimate package submitted by public adjuster.
CLM00349,EST0000936,2022-10-21,Carrier,,Initial,20700,17840,466,1258,1136,Final,Initial carrier estimate following inspection and scope review.
CLM00349,EST0000937,2022-10-30,Roofer,TP00026,Roofer Estimate,26900,22896,3177,812,15,Under Review,Estimate submitted by involved roofer.
CLM00350,EST0000938,2024-11-06,Carrier,,Initial,45100,38852,3755,3398,0,Superseded,Initial carrier estimate following inspection and scope review.
CLM00350,EST0000939,2024-11-23,Roofer,TP00036,Roofer Estimate,52200,39938,3738,1577,6947,Partially Accepted,Estimate submitted by involved roofer.
CLM00350,EST0000940,2025-01-06,Carrier,,Supplement,59700,49850,4564,1245,4041,Partially Accepted,Updated estimate following reinspection and documentation review.
CLM00351,EST0000941,2022-01-27,Carrier,,Initial,22500,17603,1381,788,2728,Final,Initial carrier estimate following inspection and scope review.
CLM00351,EST0000942,2022-01-29,General Contractor,TP00057,General Contractor Estimate,21200,17798,1880,1341,181,Under Review,Estimate submitted by involved general contractor.
CLM00352,EST0000943,2024-01-17,Carrier,,Initial,39700,30507,2521,2930,3742,Final,Initial carrier estimate following inspection and scope review.
CLM00352,EST0000944,2024-01-25,Plumber,TP00042,Plumber Estimate,42200,33047,1266,2622,5265,Under Review,Estimate submitted by involved plumber.
CLM00352,EST0000945,2024-01-19,Public Adjuster,TP00067,Public Adjuster Estimate,53400,43242,4326,77,5755,Under Review,Estimate package submitted by public adjuster.
CLM00353,EST0000946,2023-05-27,Carrier,,Initial,3400,2478,367,254,301,Superseded,Initial carrier estimate following inspection and scope review.
CLM00353,EST0000947,2023-06-05,General Contractor,TP00052,General Contractor Estimate,3200,2546,189,189,276,Partially Accepted,Estimate submitted by involved general contractor.
CLM00353,EST0000948,2023-06-14,Public Adjuster,TP00066,Public Adjuster Estimate,4800,4011,97,304,388,Accepted,Estimate package submitted by public adjuster.
CLM00353,EST0000949,2023-06-30,General Contractor,,Supplement,5600,4863,271,344,122,Under Review,Updated estimate following reinspection and documentation review.
CLM00353,EST0000950,2023-09-06,Carrier,,Supplement,6700,5282,514,394,510,Partially Accepted,Supplemental estimate received with additional repair line items.
CLM00354,EST0000951,2025-05-19,Carrier,,Initial,21300,17731,738,1035,1796,Superseded,Initial carrier estimate following inspection and scope review.
CLM00354,EST0000952,2025-06-02,Roofer,TP00037,Roofer Estimate,25300,19774,1629,1850,2047,Partially Accepted,Estimate submitted by involved roofer.
CLM00354,EST0000953,2025-07-09,General Contractor,TP00037,Revised,29700,21996,2196,405,5103,Partially Accepted,Supplemental estimate received with additional repair line items.
CLM00355,EST0000954,2024-03-04,Carrier,,Initial,32100,23482,1522,1898,5198,Superseded,Initial carrier estimate following inspection and scope review.
CLM00355,EST0000955,2024-03-25,Roofer,TP00030,Roofer Estimate,39400,29620,3421,2061,4298,Partially Accepted,Estimate submitted by involved roofer.
CLM00356,EST0000956,2024-10-28,Carrier,,Initial,36700,30959,974,1455,3312,Superseded,Initial carrier estimate following inspection and scope review.
CLM00356,EST0000957,2024-11-14,Roofer,TP00036,Roofer Estimate,40100,34919,869,2321,1991,Partially Accepted,Estimate submitted by involved roofer.
CLM00356,EST0000958,2024-12-24,Carrier,,Supplement,48500,41774,1068,2659,2999,Partially Accepted,Supplemental estimate received with additional repair line items.
CLM00357,EST0000959,2024-12-01,Carrier,,Initial,4300,3787,402,317,0,Final,Initial carrier estimate following inspection and scope review.
CLM00357,EST0000960,2024-12-06,General Contractor,TP00048,General Contractor Estimate,5800,4177,239,237,1147,Under Review,Estimate submitted by involved general contractor.
CLM00358,EST0000961,2025-02-07,Carrier,,Initial,21500,18323,2272,1091,0,Superseded,Initial carrier estimate following inspection and scope review.
CLM00358,EST0000962,2025-02-22,General Contractor,TP00055,General Contractor Estimate,38700,34555,2775,1286,84,Partially Accepted,Estimate submitted by involved general contractor.
CLM00358,EST0000963,2025-05-15,General Contractor,TP00055,Revised,41600,31977,4611,510,4502,Under Review,Revised estimate created following scope reconciliation.
CLM00358,EST0000964,2025-04-04,General Contractor,,Supplement,50200,39508,2770,3435,4487,Under Review,Supplemental estimate received with additional repair line items.
CLM00358,EST0000965,2025-03-21,General Contractor,,Revised,52400,41811,5236,1121,4232,Partially Accepted,Supplemental estimate received with additional repair line items.
CLM00359,EST0000966,2022-10-22,Carrier,,Initial,27400,21226,3137,323,2714,Final,Initial carrier estimate following inspection and scope review.
CLM00360,EST0000967,2024-07-08,Carrier,,Initial,17900,13922,382,1357,2239,Final,Initial carrier estimate following inspection and scope review.
CLM00360,EST0000968,2024-07-22,Roofer,TP00036,Roofer Estimate,24800,19305,2880,729,1886,Under Review,Estimate submitted by involved roofer.
CLM00361,EST0000969,2023-07-13,Carrier,,Initial,18100,13362,1143,3,3592,Superseded,Initial carrier estimate following inspection and scope review.
CLM00361,EST0000970,2023-07-26,Roofer,TP00034,Roofer Estimate,17100,14475,484,420,1721,Partially Accepted,Estimate submitted by involved roofer.
CLM00361,EST0000971,2023-07-24,Public Adjuster,TP00069,Public Adjuster Estimate,27100,22555,2353,924,1268,Under Review,Estimate package submitted by public adjuster.
CLM00362,EST0000972,2024-04-16,Carrier,,Initial,20500,15059,711,1602,3128,Final,Initial carrier estimate following inspection and scope review.
CLM00362,EST0000973,2024-04-30,Roofer,TP00033,Roofer Estimate,19400,15723,589,1519,1569,Under Review,Estimate submitted by involved roofer.
CLM00363,EST0000974,2025-09-09,Carrier,,Initial,29300,26338,2098,2322,0,Final,Initial carrier estimate following inspection and scope review.
CLM00363,EST0000975,2025-09-17,Plumber,TP00040,Plumber Estimate,36800,30036,1833,2051,2880,Under Review,Estimate submitted by involved plumber.
CLM00363,EST0000976,2025-09-16,Public Adjuster,TP00066,Public Adjuster Estimate,39100,31640,2903,2327,2230,Under Review,Estimate package submitted by public adjuster.
CLM00364,EST0000977,2023-03-04,Carrier,,Initial,19600,15637,2251,1375,337,Superseded,Initial carrier estimate following inspection and scope review.
CLM00364,EST0000978,2023-03-15,Roofer,TP00026,Roofer Estimate,40400,33955,1731,478,4236,Partially Accepted,Estimate submitted by involved roofer.
CLM00364,EST0000979,2023-04-25,Roofer,,Revised,49100,38355,1800,728,8217,Under Review,Updated estimate following reinspection and documentation review.
CLM00364,EST0000980,2023-06-01,Carrier,TP00026,Supplement,56400,50598,1716,4347,0,Under Review,Supplemental estimate received with additional repair line items.
CLM00364,EST0000981,2023-05-19,General Contractor,TP00026,Revised,61800,55278,2298,2159,2065,Partially Accepted,Updated estimate following reinspection and documentation review.
CLM00365,EST0000982,2024-10-27,Carrier,,Initial,40300,29168,3819,2319,4994,Final,Initial carrier estimate following inspection and scope review.
CLM00365,EST0000983,2024-11-14,Roofer,TP00036,Roofer Estimate,39700,34249,4578,23,850,Under Review,Estimate submitted by involved roofer.
CLM00365,EST0000984,2024-11-04,Public Adjuster,TP00071,Public Adjuster Estimate,72100,57561,6542,5725,2272,Partially Accepted,Estimate package submitted by public adjuster.
CLM00366,EST0000985,2024-06-19,Carrier,,Initial,47600,39763,3384,3745,708,Final,Initial carrier estimate following inspection and scope review.
CLM00367,EST0000986,2022-07-20,Carrier,,Initial,23400,20219,1331,472,1378,Superseded,Initial carrier estimate following inspection and scope review.
CLM00367,EST0000987,2022-08-04,General Contractor,TP00051,General Contractor Estimate,26700,19343,2376,1408,3573,Partially Accepted,Estimate submitted by involved general contractor.
CLM00367,EST0000988,2022-07-30,Public Adjuster,TP00069,Public Adjuster Estimate,37000,32709,2864,1075,352,Accepted,Estimate package submitted by public adjuster.
CLM00367,EST0000989,2022-10-04,Carrier,,Revised,42500,31566,4121,747,6066,Under Review,Supplemental estimate received with additional repair line items.
CLM00367,EST0000990,2022-10-24,General Contractor,TP00051,Supplement,49300,42147,1050,3701,2402,Partially Accepted,Revised estimate created following scope reconciliation.
CLM00368,EST0000991,2025-02-15,Carrier,,Initial,25700,19746,2502,1429,2023,Superseded,Initial carrier estimate following inspection and scope review.
CLM00368,EST0000992,2025-02-13,Electrician,TP00090,Electrician Estimate,24600,20198,821,1284,2297,Partially Accepted,Estimate submitted by involved electrician.
CLM00368,EST0000993,2025-03-15,Electrician,TP00090,Revised,26900,23679,2801,374,46,Partially Accepted,Updated estimate following reinspection and documentation review.
CLM00369,EST0000994,2024-03-07,Carrier,,Initial,21300,15739,2531,539,2491,Superseded,Initial carrier estimate following inspection and scope review.
CLM00369,EST0000995,2024-03-19,Plumber,TP00044,Plumber Estimate,23800,19358,2060,617,1765,Partially Accepted,Estimate submitted by involved plumber.
CLM00369,EST0000996,2024-03-20,Public Adjuster,TP00071,Public Adjuster Estimate,25500,19759,2896,1607,1238,Accepted,Estimate package submitted by public adjuster.
CLM00370,EST0000997,2024-01-22,Carrier,,Initial,6900,5277,145,74,1404,Final,Initial carrier estimate following inspection and scope review.
CLM00370,EST0000998,2024-02-01,Plumber,TP00044,Plumber Estimate,8100,6099,449,416,1136,Under Review,Estimate submitted by involved plumber.
CLM00371,EST0000999,2022-10-10,Carrier,,Initial,8300,6070,168,584,1478,Final,Initial carrier estimate following inspection and scope review.
CLM00371,EST0001000,2022-10-15,Roofer,TP00028,Roofer Estimate,7600,6517,722,529,0,Under Review,Estimate submitted by involved roofer.
CLM00372,EST0001001,2025-12-02,Carrier,,Initial,32600,28206,2939,2118,0,Final,Initial carrier estimate following inspection and scope review.
CLM00372,EST0001002,2025-12-13,Roofer,TP00037,Roofer Estimate,29600,22217,2292,1464,3627,Under Review,Estimate submitted by involved roofer.
CLM00373,EST0001003,2024-06-06,Carrier,,Initial,33600,27635,1830,1043,3092,Final,Initial carrier estimate following inspection and scope review.
CLM00373,EST0001004,2024-06-14,Roofer,TP00029,Roofer Estimate,41600,31198,2628,1557,6217,Under Review,Estimate submitted by involved roofer.
CLM00374,EST0001005,2024-05-21,Carrier,,Initial,21300,18040,2036,108,1116,Final,Initial carrier estimate following inspection and scope review.
CLM00375,EST0001006,2025-03-04,Carrier,,Initial,48800,38439,2438,815,7108,Superseded,Initial carrier estimate following inspection and scope review.
CLM00375,EST0001007,2025-03-25,Roofer,TP00033,Roofer Estimate,64300,55437,4653,3490,720,Partially Accepted,Estimate submitted by involved roofer.
CLM00376,EST0001008,2025-06-01,Carrier,,Initial,40700,34489,2953,143,3115,Final,Initial carrier estimate following inspection and scope review.
CLM00376,EST0001009,2025-06-01,Roofer,TP00029,Roofer Estimate,43000,37713,3792,1978,0,Under Review,Estimate submitted by involved roofer.
CLM00377,EST0001010,2024-10-30,Carrier,,Initial,7100,5663,833,127,477,Final,Initial carrier estimate following inspection and scope review.
CLM00377,EST0001011,2024-11-15,Plumber,TP00038,Plumber Estimate,9900,8031,635,736,498,Under Review,Estimate submitted by involved plumber.
CLM00378,EST0001012,2024-10-16,Carrier,,Initial,18300,15510,744,1103,943,Final,Initial carrier estimate following inspection and scope review.
CLM00378,EST0001013,2024-11-01,Roofer,TP00028,Roofer Estimate,24500,21547,2008,1512,0,Under Review,Estimate submitted by involved roofer.
CLM00379,EST0001014,2022-12-07,Carrier,,Initial,27900,22599,850,356,4095,Superseded,Initial carrier estimate following inspection and scope review.
CLM00379,EST0001015,2022-12-08,Roofer,TP00029,Roofer Estimate,38200,30767,1660,1,5772,Partially Accepted,Estimate submitted by involved roofer.
CLM00379,EST0001016,2023-01-21,Roofer,,Revised,40600,32738,2384,1079,4399,Partially Accepted,Supplemental estimate received with additional repair line items.
CLM00380,EST0001017,2023-08-02,Carrier,,Initial,94700,77835,7123,7141,2601,Final,Initial carrier estimate following inspection and scope review.
CLM00381,EST0001018,2022-07-27,Carrier,,Initial,43700,34335,3363,1771,4231,Superseded,Initial carrier estimate following inspection and scope review.
CLM00381,EST0001019,2022-07-29,Roofer,TP00026,Roofer Estimate,86400,64095,5838,5154,11313,Partially Accepted,Estimate submitted by involved roofer.
CLM00381,EST0001020,2022-09-11,General Contractor,,Supplement,89200,72463,5449,93,11195,Under Review,Supplemental estimate received with additional repair line items.
CLM00381,EST0001021,2022-10-02,Roofer,,Supplement,101400,73410,9028,2560,16402,Partially Accepted,Updated estimate following reinspection and documentation review.
CLM00382,EST0001022,2023-02-02,Carrier,,Initial,46800,38184,3881,1715,3020,Superseded,Initial carrier estimate following inspection and scope review.
CLM00382,EST0001023,2023-02-10,Plumber,TP00039,Plumber Estimate,56600,44246,2014,2579,7761,Partially Accepted,Estimate submitted by involved plumber.
CLM00382,EST0001024,2023-05-05,General Contractor,TP00039,Revised,59600,53107,6214,880,0,Partially Accepted,Updated estimate following reinspection and documentation review.
CLM00383,EST0001025,2022-11-17,Carrier,,Initial,177200,147204,16886,1874,11236,Final,Initial carrier estimate following inspection and scope review.
CLM00383,EST0001026,2022-12-09,Electrician,TP00092,Electrician Estimate,205600,178537,18582,3809,4672,Under Review,Estimate submitted by involved electrician.
CLM00384,EST0001027,2023-09-02,Carrier,,Initial,106700,81781,12262,7839,4818,Final,Initial carrier estimate following inspection and scope review.
CLM00384,EST0001028,2023-09-07,Roofer,TP00029,Roofer Estimate,131400,102016,8643,10023,10718,Under Review,Estimate submitted by involved roofer.
CLM00385,EST0001029,2025-10-20,Carrier,,Initial,25200,21920,2605,781,0,Final,Initial carrier estimate following inspection and scope review.
CLM00385,EST0001030,2025-10-25,Plumber,TP00045,Plumber Estimate,28800,24485,2268,732,1315,Under Review,Estimate submitted by involved plumber.
CLM00385,EST0001031,2025-11-02,Public Adjuster,TP00066,Public Adjuster Estimate,45500,35903,5177,263,4157,Accepted,Estimate package submitted by public adjuster.
CLM00386,EST0001032,2025-04-15,Carrier,,Initial,16700,14589,1416,729,0,Superseded,Initial carrier estimate following inspection and scope review.
CLM00386,EST0001033,2025-04-28,General Contractor,TP00051,General Contractor Estimate,21200,18208,2463,1245,0,Partially Accepted,Estimate submitted by involved general contractor.
CLM00386,EST0001034,2025-06-12,General Contractor,TP00051,Revised,22300,17119,1261,1251,2669,Under Review,Revised estimate created following scope reconciliation.
CLM00386,EST0001035,2025-05-27,General Contractor,TP00051,Revised,25200,18241,1125,903,4931,Partially Accepted,Revised estimate created following scope reconciliation.
CLM00387,EST0001036,2024-01-16,Carrier,,Initial,168700,121814,19575,4104,23207,Superseded,Initial carrier estimate following inspection and scope review.
CLM00387,EST0001037,2024-01-12,Electrician,TP00092,Electrician Estimate,173900,155707,14020,7581,0,Partially Accepted,Estimate submitted by involved electrician.
CLM00387,EST0001038,2024-01-25,Public Adjuster,TP00068,Public Adjuster Estimate,282700,227057,8698,15674,31271,Under Review,Estimate package submitted by public adjuster.
CLM00387,EST0001039,2024-03-28,Carrier,TP00092,Supplement,322300,265853,26770,4081,25596,Under Review,Revised estimate created following scope reconciliation.
CLM00387,EST0001040,2024-03-07,Electrician,TP00092,Supplement,331000,293035,19608,23688,0,Partially Accepted,Revised estimate created following scope reconciliation.
CLM00388,EST0001041,2024-08-14,Carrier,,Initial,10300,8405,953,344,598,Final,Initial carrier estimate following inspection and scope review.
CLM00389,EST0001042,2024-02-27,Carrier,,Initial,30700,23736,3392,1105,2467,Final,Initial carrier estimate following inspection and scope review.
CLM00389,EST0001043,2024-02-28,Roofer,TP00027,Roofer Estimate,47200,34886,4924,1984,5406,Under Review,Estimate submitted by involved roofer.
CLM00390,EST0001044,2023-04-08,Carrier,,Initial,33500,29647,1650,663,1540,Final,Initial carrier estimate following inspection and scope review.
CLM00390,EST0001045,2023-04-13,Roofer,TP00035,Roofer Estimate,46400,37875,3212,877,4436,Under Review,Estimate submitted by involved roofer.
CLM00391,EST0001046,2024-01-11,Carrier,,Initial,17800,15058,1309,559,874,Final,Initial carrier estimate following inspection and scope review.
CLM00391,EST0001047,2024-01-12,Roofer,TP00029,Roofer Estimate,20700,18257,847,422,1174,Under Review,Estimate submitted by involved roofer.
CLM00392,EST0001048,2025-02-19,Carrier,,Initial,11500,9066,242,461,1731,Superseded,Initial carrier estimate following inspection and scope review.
CLM00392,EST0001049,2025-02-25,Roofer,TP00027,Roofer Estimate,24000,21297,506,190,2007,Partially Accepted,Estimate submitted by involved roofer.
CLM00392,EST0001050,2025-04-07,Roofer,,Supplement,26200,21427,1578,1600,1595,Under Review,Updated estimate following reinspection and documentation review.
CLM00392,EST0001051,2025-04-28,Roofer,TP00027,Supplement,27700,20167,2939,2178,2416,Under Review,Supplemental estimate received with additional repair line items.
CLM00392,EST0001052,2025-04-17,Carrier,,Supplement,30100,22323,1125,2323,4329,Partially Accepted,Revised estimate created following scope reconciliation.
CLM00393,EST0001053,2024-11-26,Carrier,,Initial,40000,34048,3827,2694,0,Final,Initial carrier estimate following inspection and scope review.
CLM00393,EST0001054,2024-12-05,Roofer,TP00029,Roofer Estimate,51200,39854,5970,2540,2836,Under Review,Estimate submitted by involved roofer.
CLM00394,EST0001055,2025-06-12,Carrier,,Initial,39900,32722,4486,1914,778,Final,Initial carrier estimate following inspection and scope review.
CLM00395,EST0001056,2022-08-04,Carrier,,Initial,12900,10075,1267,759,799,Final,Initial carrier estimate following inspection and scope review.
CLM00395,EST0001057,2022-08-18,Roofer,TP00035,Roofer Estimate,16400,14731,1713,385,0,Under Review,Estimate submitted by involved roofer.
CLM00396,EST0001058,2022-01-27,Carrier,,Initial,25500,21169,1842,544,1945,Final,Initial carrier estimate following inspection and scope review.
CLM00396,EST0001059,2022-02-14,General Contractor,TP00056,General Contractor Estimate,25800,22824,2876,672,0,Under Review,Estimate submitted by involved general contractor.
CLM00397,EST0001060,2024-01-13,Carrier,,Initial,30800,22256,913,1434,6197,Final,Initial carrier estimate following inspection and scope review.
CLM00397,EST0001061,2024-01-08,General Contractor,TP00048,General Contractor Estimate,36600,27139,4054,2333,3074,Under Review,Estimate submitted by involved general contractor.
CLM00398,EST0001062,2024-10-24,Carrier,,Initial,11300,8411,470,558,1861,Final,Initial carrier estimate following inspection and scope review.
CLM00398,EST0001063,2024-10-22,Roofer,TP00037,Roofer Estimate,15800,12924,1327,603,946,Under Review,Estimate submitted by involved roofer.
CLM00399,EST0001064,2024-02-28,Carrier,,Initial,53300,41920,1981,2250,7149,Final,Initial carrier estimate following inspection and scope review.
CLM00399,EST0001065,2024-02-28,Electrician,TP00089,Electrician Estimate,64600,51438,4753,1925,6484,Under Review,Estimate submitted by involved electrician.
CLM00400,EST0001066,2025-09-18,Carrier,,Initial,34800,29172,3113,2287,228,Final,Initial carrier estimate following inspection and scope review.
CLM00401,EST0001067,2022-12-31,Carrier,,Initial,24500,19491,1253,842,2914,Final,Initial carrier estimate following inspection and scope review.
CLM00401,EST0001068,2023-01-25,Plumber,TP00041,Plumber Estimate,32000,24862,1628,1176,4334,Under Review,Estimate submitted by involved plumber.
CLM00402,EST0001069,2022-10-08,Carrier,,Initial,7300,5576,555,321,848,Superseded,Initial carrier estimate following inspection and scope review.
CLM00402,EST0001070,2022-10-11,Roofer,TP00033,Roofer Estimate,9200,7550,348,235,1067,Partially Accepted,Estimate submitted by involved roofer.
CLM00402,EST0001071,2022-12-08,General Contractor,,Supplement,10600,8412,454,609,1125,Partially Accepted,Revised estimate created following scope reconciliation.
CLM00403,EST0001072,2024-01-26,Carrier,,Initial,17200,12543,1562,278,2817,Final,Initial carrier estimate following inspection and scope review.
CLM00403,EST0001073,2024-01-21,General Contractor,TP00052,General Contractor Estimate,19600,17431,973,627,569,Under Review,Estimate submitted by involved general contractor.
CLM00404,EST0001074,2024-10-15,Carrier,,Initial,9500,8244,427,384,445,Final,Initial carrier estimate following inspection and scope review.
CLM00404,EST0001075,2024-10-31,Roofer,TP00035,Roofer Estimate,10000,8777,845,29,349,Under Review,Estimate submitted by involved roofer.
CLM00405,EST0001076,2023-10-06,Carrier,,Initial,52900,46121,2832,1391,2556,Superseded,Initial carrier estimate following inspection and scope review.
CLM00405,EST0001077,2023-10-22,Roofer,TP00027,Roofer Estimate,71700,62788,7367,4722,0,Partially Accepted,Estimate submitted by involved roofer.
CLM00405,EST0001078,2023-10-15,Public Adjuster,TP00064,Public Adjuster Estimate,95500,73435,11192,4471,6402,Partially Accepted,Estimate package submitted by public adjuster.
CLM00405,EST0001079,2024-01-01,Carrier,TP00027,Supplement,105600,81100,11758,3257,9485,Under Review,Updated estimate following reinspection and documentation review.
CLM00405,EST0001080,2023-12-09,Roofer,TP00027,Revised,121900,101154,2679,6837,11230,Partially Accepted,Supplemental estimate received with additional repair line items.
CLM00406,EST0001081,2024-03-05,Carrier,,Initial,31900,27473,2808,93,1526,Final,Initial carrier estimate following inspection and scope review.
CLM00406,EST0001082,2024-03-25,Roofer,TP00034,Roofer Estimate,36100,31244,1585,2711,560,Under Review,Estimate submitted by involved roofer.
CLM00407,EST0001083,2024-11-07,Carrier,,Initial,30700,23685,1714,1725,3576,Final,Initial carrier estimate following inspection and scope review.
CLM00408,EST0001084,2025-02-25,Carrier,,Initial,34200,27106,3938,2579,577,Final,Initial carrier estimate following inspection and scope review.
CLM00409,EST0001085,2025-05-01,Carrier,,Initial,43400,38083,4049,2931,0,Final,Initial carrier estimate following inspection and scope review.
CLM00409,EST0001086,2025-05-15,Roofer,TP00035,Roofer Estimate,49200,42772,4287,1862,279,Under Review,Estimate submitted by involved roofer.
CLM00410,EST0001087,2022-11-28,Carrier,,Initial,21800,16909,536,1158,3197,Superseded,Initial carrier estimate following inspection and scope review.
CLM00410,EST0001088,2022-12-04,Roofer,TP00029,Roofer Estimate,25600,18711,645,1867,4377,Partially Accepted,Estimate submitted by involved roofer.
CLM00411,EST0001089,2024-03-12,Carrier,,Initial,8900,7522,590,76,712,Final,Initial carrier estimate following inspection and scope review.
CLM00411,EST0001090,2024-03-30,Roofer,TP00037,Roofer Estimate,10000,8923,883,187,7,Under Review,Estimate submitted by involved roofer.
CLM00412,EST0001091,2023-09-24,Carrier,,Initial,45700,40637,2960,1171,932,Superseded,Initial carrier estimate following inspection and scope review.
CLM00412,EST0001092,2023-09-29,Plumber,TP00047,Plumber Estimate,61800,48708,1781,2375,8936,Partially Accepted,Estimate submitted by involved plumber.
CLM00412,EST0001093,2023-10-27,Carrier,TP00047,Supplement,71400,53245,7101,451,10603,Partially Accepted,Supplemental estimate received with additional repair line items.
CLM00413,EST0001094,2022-11-06,Carrier,,Initial,53300,46534,5028,3054,0,Superseded,Initial carrier estimate following inspection and scope review.
CLM00413,EST0001095,2022-11-11,Roofer,TP00027,Roofer Estimate,89000,79637,5582,3198,583,Partially Accepted,Estimate submitted by involved roofer.
CLM00413,EST0001096,2022-11-18,Public Adjuster,TP00070,Public Adjuster Estimate,89700,65622,2407,1958,19713,Accepted,Estimate package submitted by public adjuster.
CLM00414,EST0001097,2023-12-09,Carrier,,Initial,46000,34879,2311,1004,7806,Superseded,Initial carrier estimate following inspection and scope review.
CLM00414,EST0001098,2024-01-02,Plumber,TP00039,Plumber Estimate,56700,41169,5092,2318,8121,Partially Accepted,Estimate submitted by involved plumber.
CLM00415,EST0001099,2024-10-08,Carrier,,Initial,75600,57460,6428,3230,8482,Superseded,Initial carrier estimate following inspection and scope review.
CLM00415,EST0001100,2024-10-21,Roofer,TP00033,Roofer Estimate,94000,71466,3072,732,18730,Partially Accepted,Estimate submitted by involved roofer.
CLM00415,EST0001101,2024-12-31,General Contractor,,Revised,105500,89054,9901,5496,1049,Under Review,Supplemental estimate received with additional repair line items.
CLM00415,EST0001102,2025-01-12,Carrier,,Revised,127800,96356,2867,746,27831,Partially Accepted,Revised estimate created following scope reconciliation.
CLM00416,EST0001103,2024-08-01,Carrier,,Initial,32300,28670,1343,2330,0,Superseded,Initial carrier estimate following inspection and scope review.
CLM00416,EST0001104,2024-08-05,Plumber,TP00044,Plumber Estimate,38100,34000,3767,174,159,Partially Accepted,Estimate submitted by involved plumber.
CLM00417,EST0001105,2022-07-05,Carrier,,Initial,14000,11349,1388,966,297,Superseded,Initial carrier estimate following inspection and scope review.
CLM00417,EST0001106,2022-07-20,General Contractor,TP00055,General Contractor Estimate,19300,13950,1424,48,3878,Partially Accepted,Estimate submitted by involved general contractor.
CLM00417,EST0001107,2022-07-14,Public Adjuster,TP00065,Public Adjuster Estimate,22600,20337,1203,395,665,Accepted,Estimate package submitted by public adjuster.
CLM00417,EST0001108,2022-09-10,General Contractor,,Supplement,27800,20914,3301,1605,1980,Partially Accepted,Supplemental estimate received with additional repair line items.
CLM00418,EST0001109,2025-09-09,Carrier,,Initial,17800,15865,1828,1016,0,Superseded,Initial carrier estimate following inspection and scope review.
CLM00418,EST0001110,2025-09-14,Plumber,TP00046,Plumber Estimate,23500,18990,790,1770,1950,Partially Accepted,Estimate submitted by involved plumber.
CLM00419,EST0001111,2022-03-26,Carrier,,Initial,67700,55157,2559,4048,5936,Superseded,Initial carrier estimate following inspection and scope review.
CLM00419,EST0001112,2022-03-30,Roofer,TP00028,Roofer Estimate,117600,97954,5407,1310,12929,Partially Accepted,Estimate submitted by involved roofer.
CLM00419,EST0001113,2022-04-11,Public Adjuster,TP00068,Public Adjuster Estimate,101700,76360,4511,5566,15263,Accepted,Estimate package submitted by public adjuster.
CLM00419,EST0001114,2022-05-13,General Contractor,TP00028,Supplement,107900,89061,6772,3582,8485,Partially Accepted,Updated estimate following reinspection and documentation review.
CLM00420,EST0001115,2024-03-15,Carrier,,Initial,50900,38581,2974,1113,8232,Superseded,Initial carrier estimate following inspection and scope review.
CLM00420,EST0001116,2024-03-25,Electrician,TP00089,Electrician Estimate,51900,39597,1497,3721,7085,Partially Accepted,Estimate submitted by involved electrician.
CLM00421,EST0001117,2022-08-20,Carrier,,Initial,34600,29142,1202,1410,2846,Final,Initial carrier estimate following inspection and scope review.
CLM00421,EST0001118,2022-09-02,Plumber,TP00047,Plumber Estimate,47800,40412,4732,466,2190,Under Review,Estimate submitted by involved plumber.
CLM00421,EST0001119,2022-09-08,Public Adjuster,TP00067,Public Adjuster Estimate,46200,34862,2986,2518,5834,Under Review,Estimate package submitted by public adjuster.
CLM00422,EST0001120,2022-07-18,Carrier,,Initial,40100,34348,2644,457,2651,Superseded,Initial carrier estimate following inspection and scope review.
CLM00422,EST0001121,2022-08-12,Roofer,TP00026,Roofer Estimate,85800,77134,4362,4282,22,Partially Accepted,Estimate submitted by involved roofer.
CLM00422,EST0001122,2022-08-07,Public Adjuster,TP00068,Public Adjuster Estimate,70400,63335,6817,4833,0,Partially Accepted,Estimate package submitted by public adjuster.
CLM00422,EST0001123,2022-10-06,General Contractor,TP00026,Revised,85100,63366,5153,785,15796,Under Review,Supplemental estimate received with additional repair line items.
CLM00422,EST0001124,2022-09-05,General Contractor,,Revised,100600,82017,3257,4653,10673,Under Review,Revised estimate created following scope reconciliation.
CLM00422,EST0001125,2022-08-24,Carrier,TP00026,Supplement,107800,95385,9189,3163,63,Under Review,Revised estimate created following scope reconciliation.
CLM00422,EST0001126,2022-09-14,Carrier,TP00026,Revised,125900,100060,10857,1165,13818,Partially Accepted,Supplemental estimate received with additional repair line items.
CLM00423,EST0001127,2024-04-24,Carrier,,Initial,7400,6634,804,18,0,Superseded,Initial carrier estimate following inspection and scope review.
CLM00423,EST0001128,2024-05-12,Plumber,TP00042,Plumber Estimate,8300,7192,251,555,302,Partially Accepted,Estimate submitted by involved plumber.
CLM00424,EST0001129,2024-10-05,Carrier,,Initial,134900,114995,14388,1752,3765,Superseded,Initial carrier estimate following inspection and scope review.
CLM00424,EST0001130,2024-10-01,Electrician,TP00090,Electrician Estimate,256700,230216,14739,11415,330,Partially Accepted,Estimate submitted by involved electrician.
CLM00424,EST0001131,2024-10-06,Public Adjuster,TP00068,Public Adjuster Estimate,164300,128032,8525,10904,16839,Under Review,Estimate package submitted by public adjuster.
CLM00424,EST0001132,2024-12-04,Electrician,TP00090,Supplement,170100,130995,17169,144,21792,Under Review,Supplemental estimate received with additional repair line items.
CLM00424,EST0001133,2024-12-11,Electrician,,Revised,180300,149568,16265,10050,4417,Under Review,Revised estimate created following scope reconciliation.
CLM00424,EST0001134,2024-12-10,General Contractor,,Supplement,222600,196656,8982,5665,11297,Partially Accepted,Updated estimate following reinspection and documentation review.
CLM00425,EST0001135,2024-05-23,Carrier,,Initial,41300,35899,4760,1945,0,Superseded,Initial carrier estimate following inspection and scope review.
CLM00425,EST0001136,2024-06-04,Roofer,TP00028,Roofer Estimate,68800,51510,1757,3799,11734,Partially Accepted,Estimate submitted by involved roofer.
CLM00425,EST0001137,2024-08-13,Carrier,TP00028,Revised,82300,69652,3217,4175,5256,Under Review,Updated estimate following reinspection and documentation review.
CLM00425,EST0001138,2024-09-04,Carrier,TP00028,Supplement,87300,77969,5956,4456,0,Partially Accepted,Revised estimate created following scope reconciliation.
CLM00426,EST0001139,2024-06-16,Carrier,,Initial,46100,36223,3303,2718,3856,Final,Initial carrier estimate following inspection and scope review.
CLM00427,EST0001140,2022-02-27,Carrier,,Initial,43100,35183,3605,2661,1651,Final,Initial carrier estimate following inspection and scope review.
CLM00427,EST0001141,2022-03-04,Electrician,TP00091,Electrician Estimate,57800,44942,3388,1902,7568,Under Review,Estimate submitted by involved electrician.
CLM00428,EST0001142,2024-08-17,Carrier,,Initial,61900,48214,5056,4641,3989,Final,Initial carrier estimate following inspection and scope review.
CLM00428,EST0001143,2024-08-27,Roofer,TP00026,Roofer Estimate,78600,63259,4644,4364,6333,Under Review,Estimate submitted by involved roofer.
CLM00428,EST0001144,2024-08-23,Public Adjuster,TP00066,Public Adjuster Estimate,90800,75349,2747,5361,7343,Under Review,Estimate package submitted by public adjuster.
CLM00429,EST0001145,2022-10-06,Carrier,,Initial,14000,11638,1509,486,367,Final,Initial carrier estimate following inspection and scope review.
CLM00429,EST0001146,2022-10-30,Roofer,TP00033,Roofer Estimate,15800,12375,1813,393,1219,Under Review,Estimate submitted by involved roofer.
CLM00429,EST0001147,2022-11-01,Public Adjuster,TP00068,Public Adjuster Estimate,21900,18616,1936,186,1162,Accepted,Estimate package submitted by public adjuster.
CLM00430,EST0001148,2024-10-16,Carrier,,Initial,19000,13963,1316,1094,2627,Final,Initial carrier estimate following inspection and scope review.
CLM00431,EST0001149,2022-07-11,Carrier,,Initial,52800,38868,4307,1144,8481,Superseded,Initial carrier estimate following inspection and scope review.
CLM00431,EST0001150,2022-07-12,Roofer,TP00036,Roofer Estimate,49500,39047,3071,2184,5198,Partially Accepted,Estimate submitted by involved roofer.
CLM00431,EST0001151,2022-08-31,Carrier,TP00036,Supplement,59700,48478,5465,3791,1966,Partially Accepted,Supplemental estimate received with additional repair line items.
CLM00432,EST0001152,2023-12-04,Carrier,,Initial,15000,11554,696,464,2286,Superseded,Initial carrier estimate following inspection and scope review.
CLM00432,EST0001153,2023-12-15,Plumber,TP00038,Plumber Estimate,22600,20058,1661,744,137,Partially Accepted,Estimate submitted by involved plumber.
CLM00432,EST0001154,2024-02-09,General Contractor,,Revised,25800,21240,2148,775,1637,Under Review,Revised estimate created following scope reconciliation.
CLM00432,EST0001155,2024-01-06,Carrier,TP00038,Revised,29000,21326,2835,1080,3759,Under Review,Revised estimate created following scope reconciliation.
CLM00432,EST0001156,2024-03-01,Carrier,TP00038,Supplement,34900,28227,3885,635,2153,Partially Accepted,Revised estimate created following scope reconciliation.
CLM00433,EST0001157,2024-01-28,Carrier,,Initial,38200,32173,4553,3012,0,Superseded,Initial carrier estimate following inspection and scope review.
CLM00433,EST0001158,2024-02-04,Plumber,TP00047,Plumber Estimate,37200,28583,3133,767,4717,Partially Accepted,Estimate submitted by involved plumber.
CLM00434,EST0001159,2022-02-21,Carrier,,Initial,12900,9922,1173,970,835,Final,Initial carrier estimate following inspection and scope review.
CLM00434,EST0001160,2022-03-03,Plumber,TP00040,Plumber Estimate,13800,11735,839,466,760,Under Review,Estimate submitted by involved plumber.
CLM00435,EST0001161,2023-01-27,Carrier,,Initial,99900,73850,6006,5810,14234,Superseded,Initial carrier estimate following inspection and scope review.
CLM00435,EST0001162,2023-02-18,Roofer,TP00028,Roofer Estimate,98700,74307,5845,5651,12897,Partially Accepted,Estimate submitted by involved roofer.
CLM00436,EST0001163,2024-10-13,Carrier,,Initial,24800,18691,1072,1908,3129,Final,Initial carrier estimate following inspection and scope review.
CLM00436,EST0001164,2024-10-30,Roofer,TP00037,Roofer Estimate,22900,16621,1891,1815,2573,Under Review,Estimate submitted by involved roofer.
CLM00437,EST0001165,2025-10-13,Carrier,,Initial,13500,10014,320,1004,2162,Superseded,Initial carrier estimate following inspection and scope review.
CLM00437,EST0001166,2025-11-02,General Contractor,TP00054,General Contractor Estimate,12800,10442,1457,245,656,Partially Accepted,Estimate submitted by involved general contractor.
CLM00437,EST0001167,2025-12-03,General Contractor,TP00054,Supplement,14900,12148,855,177,1720,Partially Accepted,Revised estimate created following scope reconciliation.
CLM00438,EST0001168,2023-01-01,Carrier,,Initial,9200,6880,337,142,1841,Superseded,Initial carrier estimate following inspection and scope review.
CLM00438,EST0001169,2023-01-13,Electrician,TP00092,Electrician Estimate,8500,6586,718,639,557,Partially Accepted,Estimate submitted by involved electrician.
CLM00439,EST0001170,2025-11-12,Carrier,,Initial,27400,19883,2737,26,4754,Superseded,Initial carrier estimate following inspection and scope review.
CLM00439,EST0001171,2025-11-29,General Contractor,TP00057,General Contractor Estimate,37800,30524,4318,2367,591,Partially Accepted,Estimate submitted by involved general contractor.
CLM00439,EST0001172,2026-01-02,Carrier,TP00057,Revised,47200,38038,4122,3201,1839,Partially Accepted,Supplemental estimate received with additional repair line items.
CLM00440,EST0001173,2025-05-06,Carrier,,Initial,44000,37563,4916,687,834,Final,Initial carrier estimate following inspection and scope review.
CLM00441,EST0001174,2022-10-19,Carrier,,Initial,27100,21814,633,1462,3191,Superseded,Initial carrier estimate following inspection and scope review.
CLM00441,EST0001175,2022-10-28,Roofer,TP00031,Roofer Estimate,43600,38693,4869,3035,0,Partially Accepted,Estimate submitted by involved roofer.
CLM00441,EST0001176,2022-12-30,Roofer,,Revised,49100,38637,4466,3307,2690,Under Review,Revised estimate created following scope reconciliation.
CLM00441,EST0001177,2022-11-27,General Contractor,TP00031,Supplement,54000,45913,5652,3289,0,Partially Accepted,Supplemental estimate received with additional repair line items.
CLM00442,EST0001178,2024-07-06,Carrier,,Initial,12500,9743,794,349,1614,Final,Initial carrier estimate following inspection and scope review.
CLM00442,EST0001179,2024-07-12,Plumber,TP00044,Plumber Estimate,12600,9241,1010,318,2031,Under Review,Estimate submitted by involved plumber.
CLM00443,EST0001180,2023-12-03,Carrier,,Initial,35000,29755,2064,2361,820,Superseded,Initial carrier estimate following inspection and scope review.
CLM00443,EST0001181,2023-12-05,Roofer,TP00026,Roofer Estimate,75700,64954,8450,1909,387,Partially Accepted,Estimate submitted by involved roofer.
CLM00443,EST0001182,2024-01-13,General Contractor,,Revised,80700,58701,4656,5785,11558,Under Review,Revised estimate created following scope reconciliation.
CLM00443,EST0001183,2024-02-14,Carrier,TP00026,Supplement,83300,74395,9222,6447,0,Partially Accepted,Revised estimate created following scope reconciliation.
CLM00444,EST0001184,2022-11-25,Carrier,,Initial,13100,9574,1457,297,1772,Superseded,Initial carrier estimate following inspection and scope review.
CLM00444,EST0001185,2022-11-19,Roofer,TP00027,Roofer Estimate,28200,20326,1982,619,5273,Partially Accepted,Estimate submitted by involved roofer.
CLM00444,EST0001186,2023-01-06,Carrier,,Supplement,32000,28328,3111,958,0,Under Review,Supplemental estimate received with additional repair line items.
CLM00444,EST0001187,2023-01-09,Roofer,TP00027,Revised,36500,29499,3726,758,2517,Under Review,Supplemental estimate received with additional repair line items.
CLM00444,EST0001188,2022-12-18,General Contractor,TP00027,Revised,44700,38526,1603,3153,1418,Partially Accepted,Supplemental estimate received with additional repair line items.
CLM00445,EST0001189,2022-04-16,Carrier,,Initial,29600,24574,2979,771,1276,Superseded,Initial carrier estimate following inspection and scope review.
CLM00445,EST0001190,2022-04-28,Plumber,TP00039,Plumber Estimate,47600,39362,1293,3233,3712,Partially Accepted,Estimate submitted by involved plumber.
CLM00445,EST0001191,2022-04-30,Public Adjuster,TP00069,Public Adjuster Estimate,41800,31549,4367,1675,4209,Accepted,Estimate package submitted by public adjuster.
CLM00445,EST0001192,2022-06-08,General Contractor,TP00039,Supplement,47000,38302,3882,1421,3395,Under Review,Revised estimate created following scope reconciliation.
CLM00445,EST0001193,2022-05-24,General Contractor,TP00039,Supplement,48300,39069,3634,1198,4399,Under Review,Revised estimate created following scope reconciliation.
CLM00445,EST0001194,2022-05-30,Plumber,TP00039,Supplement,57300,42121,2450,3820,8909,Partially Accepted,Revised estimate created following scope reconciliation.
CLM00446,EST0001195,2023-06-02,Carrier,,Initial,17200,12715,1454,176,2855,Final,Initial carrier estimate following inspection and scope review.
CLM00446,EST0001196,2023-06-13,Roofer,TP00035,Roofer Estimate,21400,19117,1382,221,680,Under Review,Estimate submitted by involved roofer.
CLM00447,EST0001197,2022-11-14,Carrier,,Initial,20200,15938,1435,1282,1545,Final,Initial carrier estimate following inspection and scope review.
CLM00448,EST0001198,2024-11-24,Carrier,,Initial,14700,12474,1090,948,188,Final,Initial carrier estimate following inspection and scope review.
CLM00448,EST0001199,2024-11-27,General Contractor,TP00052,General Contractor Estimate,19200,13830,2298,456,2616,Under Review,Estimate submitted by involved general contractor.
CLM00449,EST0001200,2025-08-15,Carrier,,Initial,25700,22471,1458,1322,449,Superseded,Initial carrier estimate following inspection and scope review.
CLM00449,EST0001201,2025-08-29,Plumber,TP00046,Plumber Estimate,35600,29602,2832,986,2180,Partially Accepted,Estimate submitted by involved plumber.
CLM00449,EST0001202,2025-11-14,Plumber,TP00046,Supplement,42200,32090,2593,3082,4435,Under Review,Supplemental estimate received with additional repair line items.
CLM00449,EST0001203,2025-10-22,Plumber,TP00046,Revised,43800,38719,4450,2452,0,Partially Accepted,Revised estimate created following scope reconciliation.
CLM00450,EST0001204,2023-12-10,Carrier,,Initial,45200,37581,2723,2377,2519,Final,Initial carrier estimate following inspection and scope review.
CLM00451,EST0001205,2025-06-12,Carrier,,Initial,18000,15236,1235,967,562,Superseded,Initial carrier estimate following inspection and scope review.
CLM00451,EST0001206,2025-06-08,Roofer,TP00027,Roofer Estimate,34600,28366,1729,1615,2890,Partially Accepted,Estimate submitted by involved roofer.
CLM00451,EST0001207,2025-07-23,Roofer,,Supplement,39700,30242,3239,146,6073,Under Review,Updated estimate following reinspection and documentation review.
CLM00451,EST0001208,2025-08-30,General Contractor,,Revised,49500,38809,2826,937,6928,Partially Accepted,Supplemental estimate received with additional repair line items.
CLM00452,EST0001209,2023-12-11,Carrier,,Initial,34600,26341,2558,1876,3825,Superseded,Initial carrier estimate following inspection and scope review.
CLM00452,EST0001210,2023-12-06,Plumber,TP00041,Plumber Estimate,43400,37170,3844,444,1942,Partially Accepted,Estimate submitted by involved plumber.
CLM00452,EST0001211,2024-02-24,General Contractor,TP00041,Revised,49400,43494,1168,75,4663,Under Review,Updated estimate following reinspection and documentation review.
CLM00452,EST0001212,2024-01-07,General Contractor,TP00041,Supplement,54600,42045,1354,3489,7712,Partially Accepted,Revised estimate created following scope reconciliation.
CLM00453,EST0001213,2024-12-12,Carrier,,Initial,10400,7595,985,498,1322,Final,Initial carrier estimate following inspection and scope review.
CLM00453,EST0001214,2024-12-18,General Contractor,TP00055,General Contractor Estimate,12000,8817,1390,44,1749,Under Review,Estimate submitted by involved general contractor.
CLM00454,EST0001215,2023-09-24,Carrier,,Initial,39900,30061,2139,2007,5693,Superseded,Initial carrier estimate following inspection and scope review.
CLM00454,EST0001216,2023-10-08,Plumber,TP00040,Plumber Estimate,43300,32441,1031,1909,7919,Partially Accepted,Estimate submitted by involved plumber.
CLM00454,EST0001217,2023-12-14,Carrier,TP00040,Supplement,47100,37148,1350,2170,6432,Partially Accepted,Supplemental estimate received with additional repair line items.
CLM00455,EST0001218,2025-08-03,Carrier,,Initial,44900,37723,2286,2875,2016,Superseded,Initial carrier estimate following inspection and scope review.
CLM00455,EST0001219,2025-08-09,Electrician,TP00090,Electrician Estimate,85200,66146,3049,1286,14719,Partially Accepted,Estimate submitted by involved electrician.
CLM00455,EST0001220,2025-09-04,General Contractor,,Revised,95700,71429,10560,766,12945,Under Review,Revised estimate created following scope reconciliation.
CLM00455,EST0001221,2025-09-25,Carrier,TP00090,Supplement,105500,77976,9004,516,18004,Under Review,Updated estimate following reinspection and documentation review.
CLM00455,EST0001222,2025-09-15,Carrier,,Supplement,126800,98010,2811,2377,23602,Partially Accepted,Updated estimate following reinspection and documentation review.
CLM00456,EST0001223,2024-08-13,Carrier,,Initial,45800,34118,4571,1991,5120,Superseded,Initial carrier estimate following inspection and scope review.
CLM00456,EST0001224,2024-08-09,Roofer,TP00032,Roofer Estimate,68700,52430,2080,5437,8753,Partially Accepted,Estimate submitted by involved roofer.
CLM00456,EST0001225,2024-10-07,Roofer,TP00032,Supplement,79700,67973,6981,4601,145,Under Review,Supplemental estimate received with additional repair line items.
CLM00456,EST0001226,2024-10-02,Roofer,,Supplement,88200,67125,6180,2210,12685,Under Review,Updated estimate following reinspection and documentation review.
CLM00456,EST0001227,2024-09-02,Carrier,,Revised,94300,76608,7167,5907,4618,Under Review,Updated estimate following reinspection and documentation review.
CLM00456,EST0001228,2024-11-08,Carrier,,Supplement,96800,86550,8780,3318,0,Partially Accepted,Supplemental estimate received with additional repair line items.
CLM00457,EST0001229,2024-11-27,Carrier,,Initial,18700,15205,1205,1123,1167,Superseded,Initial carrier estimate following inspection and scope review.
CLM00457,EST0001230,2024-12-06,Roofer,TP00027,Roofer Estimate,42500,32373,3277,1982,4868,Partially Accepted,Estimate submitted by involved roofer.
CLM00457,EST0001231,2025-01-02,General Contractor,,Revised,48500,37032,5147,2200,4121,Under Review,Revised estimate created following scope reconciliation.
CLM00457,EST0001232,2025-03-01,Roofer,,Revised,51400,39345,2610,1852,7593,Under Review,Supplemental estimate received with additional repair line items.
CLM00457,EST0001233,2025-02-24,Carrier,,Supplement,62200,52825,1802,4526,3047,Under Review,Updated estimate following reinspection and documentation review.
CLM00457,EST0001234,2025-02-28,Roofer,,Revised,65000,51013,2983,4995,6009,Partially Accepted,Updated estimate following reinspection and documentation review.
CLM00458,EST0001235,2024-06-08,Carrier,,Initial,42400,30547,2837,749,8267,Superseded,Initial carrier estimate following inspection and scope review.
CLM00458,EST0001236,2024-06-09,Electrician,TP00090,Electrician Estimate,45700,33699,2669,1865,7467,Partially Accepted,Estimate submitted by involved electrician.
CLM00458,EST0001237,2024-06-20,Public Adjuster,TP00070,Public Adjuster Estimate,63300,55426,3493,601,3780,Accepted,Estimate package submitted by public adjuster.
CLM00458,EST0001238,2024-08-04,Electrician,,Revised,72400,55542,4987,4215,7656,Partially Accepted,Revised estimate created following scope reconciliation.
CLM00459,EST0001239,2023-07-04,Carrier,,Initial,190000,148019,13857,14360,13764,Final,Initial carrier estimate following inspection and scope review.
CLM00460,EST0001240,2023-12-15,Carrier,,Initial,45900,39481,4659,1250,510,Final,Initial carrier estimate following inspection and scope review.
CLM00460,EST0001241,2023-12-24,Roofer,TP00026,Roofer Estimate,43200,32134,914,2783,7369,Under Review,Estimate submitted by involved roofer.
CLM00461,EST0001242,2024-05-13,Carrier,,Initial,34600,30776,1063,2541,220,Superseded,Initial carrier estimate following inspection and scope review.
CLM00461,EST0001243,2024-05-15,Electrician,TP00089,Electrician Estimate,31600,23918,753,1382,5547,Partially Accepted,Estimate submitted by involved electrician.
CLM00461,EST0001244,2024-05-26,Public Adjuster,TP00071,Public Adjuster Estimate,45100,37300,2773,2355,2672,Partially Accepted,Estimate package submitted by public adjuster.
CLM00461,EST0001245,2024-06-09,General Contractor,TP00089,Supplement,53800,46521,6124,1980,0,Partially Accepted,Updated estimate following reinspection and documentation review.
CLM00462,EST0001246,2025-09-02,Carrier,,Initial,34500,25515,2103,431,6451,Superseded,Initial carrier estimate following inspection and scope review.
CLM00462,EST0001247,2025-09-25,Roofer,TP00036,Roofer Estimate,39600,29075,2428,2857,5240,Partially Accepted,Estimate submitted by involved roofer.
CLM00462,EST0001248,2025-10-07,Roofer,TP00036,Revised,46500,39125,5205,2859,0,Under Review,Revised estimate created following scope reconciliation.
CLM00462,EST0001249,2025-11-16,Roofer,TP00036,Supplement,51700,42296,3708,1873,3823,Partially Accepted,Updated estimate following reinspection and documentation review.
CLM00463,EST0001250,2024-01-10,Carrier,,Initial,37400,30783,4184,2506,0,Final,Initial carrier estimate following inspection and scope review.
CLM00463,EST0001251,2024-01-12,Plumber,TP00040,Plumber Estimate,46300,37489,3769,2043,2999,Under Review,Estimate submitted by involved plumber.
CLM00464,EST0001252,2025-07-03,Carrier,,Initial,51000,45329,2682,2866,123,Superseded,Initial carrier estimate following inspection and scope review.
CLM00464,EST0001253,2025-07-21,Roofer,TP00026,Roofer Estimate,102100,82525,6145,6985,6445,Partially Accepted,Estimate submitted by involved roofer.
CLM00464,EST0001254,2025-09-29,Roofer,TP00026,Supplement,112400,91725,4920,5391,10364,Under Review,Updated estimate following reinspection and documentation review.
CLM00464,EST0001255,2025-08-01,Roofer,,Revised,126500,98264,14328,7183,6725,Partially Accepted,Updated estimate following reinspection and documentation review.
CLM00465,EST0001256,2024-07-24,Carrier,,Initial,26600,23316,1609,419,1256,Superseded,Initial carrier estimate following inspection and scope review.
CLM00465,EST0001257,2024-07-28,Plumber,TP00041,Plumber Estimate,30000,26200,846,231,2723,Partially Accepted,Estimate submitted by involved plumber.
CLM00465,EST0001258,2024-10-22,Plumber,TP00041,Revised,35600,31531,1003,1097,1969,Under Review,Updated estimate following reinspection and documentation review.
CLM00465,EST0001259,2024-09-30,Carrier,,Supplement,41800,32499,3316,2601,3384,Partially Accepted,Updated estimate following reinspection and documentation review.
CLM00466,EST0001260,2025-12-01,Carrier,,Initial,19100,16690,2046,969,0,Superseded,Initial carrier estimate following inspection and scope review.
CLM00466,EST0001261,2025-12-13,Plumber,TP00039,Plumber Estimate,40200,32789,4086,1713,1612,Partially Accepted,Estimate submitted by involved plumber.
CLM00466,EST0001262,2026-03-01,General Contractor,TP00039,Revised,42500,35375,2396,3237,1492,Under Review,Updated estimate following reinspection and documentation review.
CLM00466,EST0001263,2026-01-18,Plumber,TP00039,Supplement,45300,34124,3315,178,7683,Partially Accepted,Supplemental estimate received with additional repair line items.
CLM00467,EST0001264,2023-11-30,Carrier,,Initial,36600,28690,4285,334,3291,Superseded,Initial carrier estimate following inspection and scope review.
CLM00467,EST0001265,2023-12-05,Roofer,TP00031,Roofer Estimate,41000,36778,4817,262,0,Partially Accepted,Estimate submitted by involved roofer.
CLM00467,EST0001266,2023-12-08,Public Adjuster,TP00065,Public Adjuster Estimate,59900,45770,7048,4714,2368,Accepted,Estimate package submitted by public adjuster.
CLM00468,EST0001267,2022-10-13,Carrier,,Initial,19500,15003,786,907,2804,Superseded,Initial carrier estimate following inspection and scope review.
CLM00468,EST0001268,2022-10-24,Roofer,TP00033,Roofer Estimate,25900,22671,2990,1076,0,Partially Accepted,Estimate submitted by involved roofer.
CLM00468,EST0001269,2022-10-23,Public Adjuster,TP00069,Public Adjuster Estimate,33200,27050,939,2636,2575,Accepted,Estimate package submitted by public adjuster.
CLM00468,EST0001270,2023-01-06,General Contractor,,Supplement,37800,28669,834,1486,6811,Partially Accepted,Supplemental estimate received with additional repair line items.
CLM00469,EST0001271,2024-12-09,Carrier,,Initial,9000,7065,549,623,763,Superseded,Initial carrier estimate following inspection and scope review.
CLM00469,EST0001272,2024-12-07,General Contractor,TP00051,General Contractor Estimate,14900,11953,1331,259,1357,Partially Accepted,Estimate submitted by involved general contractor.
CLM00469,EST0001273,2024-12-31,General Contractor,,Supplement,18300,16156,984,109,1051,Under Review,Updated estimate following reinspection and documentation review.
CLM00469,EST0001274,2025-03-08,General Contractor,,Revised,20000,16970,989,559,1482,Under Review,Revised estimate created following scope reconciliation.
CLM00469,EST0001275,2025-03-03,General Contractor,,Supplement,24000,19442,1310,248,3000,Partially Accepted,Updated estimate following reinspection and documentation review.
CLM00470,EST0001276,2024-03-10,Carrier,,Initial,29600,25512,2973,972,143,Superseded,Initial carrier estimate following inspection and scope review.
CLM00470,EST0001277,2024-03-16,General Contractor,TP00051,General Contractor Estimate,34600,28583,2311,1417,2289,Partially Accepted,Estimate submitted by involved general contractor.
CLM00471,EST0001278,2025-03-27,Carrier,,Initial,53800,43767,5531,1168,3334,Final,Initial carrier estimate following inspection and scope review.
CLM00471,EST0001279,2025-04-07,Roofer,TP00033,Roofer Estimate,67300,54959,6329,4504,1508,Under Review,Estimate submitted by involved roofer.
CLM00472,EST0001280,2022-10-28,Carrier,,Initial,8400,7491,556,289,64,Final,Initial carrier estimate following inspection and scope review.
CLM00472,EST0001281,2022-11-06,General Contractor,TP00049,General Contractor Estimate,17900,13073,2089,130,2608,Under Review,Estimate submitted by involved general contractor.
CLM00473,EST0001282,2025-07-25,Carrier,,Initial,6800,6046,232,0,522,Superseded,Initial carrier estimate following inspection and scope review.
CLM00473,EST0001283,2025-08-01,General Contractor,TP00056,General Contractor Estimate,10800,8439,970,68,1323,Partially Accepted,Estimate submitted by involved general contractor.
CLM00473,EST0001284,2025-08-27,General Contractor,TP00056,Revised,13300,11588,918,413,381,Partially Accepted,Supplemental estimate received with additional repair line items.
CLM00474,EST0001285,2024-06-25,Carrier,,Initial,160900,118588,16509,11667,14136,Superseded,Initial carrier estimate following inspection and scope review.
CLM00474,EST0001286,2024-07-02,Electrician,TP00089,Electrician Estimate,217600,172189,9383,16201,19827,Partially Accepted,Estimate submitted by involved electrician.
CLM00474,EST0001287,2024-09-23,Electrician,TP00089,Supplement,224800,200773,5858,7186,10983,Under Review,Supplemental estimate received with additional repair line items.
CLM00474,EST0001288,2024-07-31,General Contractor,,Revised,266000,192908,14909,6628,51555,Partially Accepted,Updated estimate following reinspection and documentation review.
CLM00475,EST0001289,2024-11-24,Carrier,,Initial,83600,60408,9237,577,13378,Superseded,Initial carrier estimate following inspection and scope review.
CLM00475,EST0001290,2024-12-10,Roofer,TP00027,Roofer Estimate,131600,95296,15489,934,19881,Partially Accepted,Estimate submitted by involved roofer.
CLM00475,EST0001291,2024-11-28,Public Adjuster,TP00071,Public Adjuster Estimate,133800,116316,10489,97,6898,Under Review,Estimate package submitted by public adjuster.
CLM00475,EST0001292,2025-02-16,Roofer,TP00027,Revised,140800,119102,6131,6556,9011,Under Review,Supplemental estimate received with additional repair line items.
CLM00475,EST0001293,2025-01-21,Roofer,TP00027,Supplement,146700,110316,5621,10285,20478,Under Review,Supplemental estimate received with additional repair line items.
CLM00475,EST0001294,2025-02-12,Roofer,TP00027,Revised,165900,145438,19701,5079,0,Under Review,Revised estimate created following scope reconciliation.
CLM00475,EST0001295,2025-01-29,Roofer,TP00027,Supplement,172700,125715,15436,12643,18906,Partially Accepted,Revised estimate created following scope reconciliation.
CLM00476,EST0001296,2022-02-16,Carrier,,Initial,103600,85837,2717,4331,10715,Superseded,Initial carrier estimate following inspection and scope review.
CLM00476,EST0001297,2022-02-18,Electrician,TP00091,Electrician Estimate,117000,103855,11177,1725,243,Partially Accepted,Estimate submitted by involved electrician.
CLM00476,EST0001298,2022-03-04,Public Adjuster,TP00064,Public Adjuster Estimate,133900,106784,3720,4876,18520,Accepted,Estimate package submitted by public adjuster.
CLM00477,EST0001299,2025-03-31,Carrier,,Initial,43200,33209,3534,2540,3917,Final,Initial carrier estimate following inspection and scope review.
CLM00477,EST0001300,2025-04-15,Electrician,TP00090,Electrician Estimate,48300,37892,2117,1352,6939,Under Review,Estimate submitted by involved electrician.
CLM00478,EST0001301,2022-09-24,Carrier,,Initial,16400,12047,357,1070,2926,Superseded,Initial carrier estimate following inspection and scope review.
CLM00478,EST0001302,2022-09-22,Plumber,TP00046,Plumber Estimate,16400,12178,716,1055,2451,Partially Accepted,Estimate submitted by involved plumber.
CLM00479,EST0001303,2024-05-09,Carrier,,Initial,27700,23638,2168,30,1864,Superseded,Initial carrier estimate following inspection and scope review.
CLM00479,EST0001304,2024-05-14,Plumber,TP00043,Plumber Estimate,45800,34761,1711,1928,7400,Partially Accepted,Estimate submitted by involved plumber.
CLM00479,EST0001305,2024-05-11,Public Adjuster,TP00069,Public Adjuster Estimate,44900,33495,1627,2646,7132,Accepted,Estimate package submitted by public adjuster.
CLM00479,EST0001306,2024-06-24,General Contractor,,Supplement,48000,39649,3096,132,5123,Under Review,Supplemental estimate received with additional repair line items.
CLM00479,EST0001307,2024-07-19,Carrier,,Supplement,56100,40565,6672,2232,6631,Under Review,Updated estimate following reinspection and documentation review.
CLM00479,EST0001308,2024-08-08,Plumber,TP00043,Supplement,69000,58177,2169,2528,6126,Under Review,Supplemental estimate received with additional repair line items.
CLM00479,EST0001309,2024-07-12,General Contractor,,Revised,78600,61063,7578,1331,8628,Partially Accepted,Supplemental estimate received with additional repair line items.
CLM00480,EST0001310,2024-04-03,Carrier,,Initial,96700,77572,7622,570,10936,Final,Initial carrier estimate following inspection and scope review.
CLM00480,EST0001311,2024-04-11,Roofer,TP00026,Roofer Estimate,97200,84575,4064,4473,4088,Under Review,Estimate submitted by involved roofer.
CLM00481,EST0001312,2022-04-07,Carrier,,Initial,19100,15539,1899,536,1126,Superseded,Initial carrier estimate following inspection and scope review.
CLM00481,EST0001313,2022-04-19,General Contractor,TP00054,General Contractor Estimate,18500,13387,1728,625,2760,Partially Accepted,Estimate submitted by involved general contractor.
CLM00481,EST0001314,2022-04-20,Public Adjuster,TP00064,Public Adjuster Estimate,25500,20570,2103,872,1955,Partially Accepted,Estimate package submitted by public adjuster.
CLM00482,EST0001315,2022-12-09,Carrier,,Initial,37400,27287,3170,693,6250,Final,Initial carrier estimate following inspection and scope review.
CLM00482,EST0001316,2022-12-31,Plumber,TP00041,Plumber Estimate,41900,33003,2488,1642,4767,Under Review,Estimate submitted by involved plumber.
CLM00483,EST0001317,2023-03-04,Carrier,,Initial,7500,6070,513,58,859,Final,Initial carrier estimate following inspection and scope review.
CLM00484,EST0001318,2025-09-22,Carrier,,Initial,35400,26310,3977,1871,3242,Superseded,Initial carrier estimate following inspection and scope review.
CLM00484,EST0001319,2025-10-08,Roofer,TP00031,Roofer Estimate,46900,41823,4122,872,83,Partially Accepted,Estimate submitted by involved roofer.
CLM00484,EST0001320,2025-10-14,Public Adjuster,TP00067,Public Adjuster Estimate,57300,45416,1975,4319,5590,Accepted,Estimate package submitted by public adjuster.
CLM00485,EST0001321,2023-03-16,Carrier,,Initial,145900,128930,3259,1042,12669,Superseded,Initial carrier estimate following inspection and scope review.
CLM00485,EST0001322,2023-03-29,Electrician,TP00089,Electrician Estimate,295300,238914,30774,1498,24114,Partially Accepted,Estimate submitted by involved electrician.
CLM00485,EST0001323,2023-05-30,Electrician,,Supplement,367400,270268,34657,841,61634,Under Review,Updated estimate following reinspection and documentation review.
CLM00485,EST0001324,2023-04-21,General Contractor,,Supplement,413300,340540,39263,12031,21466,Partially Accepted,Supplemental estimate received with additional repair line items.
CLM00486,EST0001325,2024-07-06,Carrier,,Initial,31000,25208,2948,2424,420,Superseded,Initial carrier estimate following inspection and scope review.
CLM00486,EST0001326,2024-07-17,General Contractor,TP00056,General Contractor Estimate,30000,22945,3350,1553,2152,Partially Accepted,Estimate submitted by involved general contractor.
CLM00486,EST0001327,2024-08-17,General Contractor,TP00056,Revised,30900,27803,2568,79,450,Partially Accepted,Supplemental estimate received with additional repair line items.
CLM00487,EST0001328,2023-06-06,Carrier,,Initial,39700,28603,3081,2898,5118,Final,Initial carrier estimate following inspection and scope review.
CLM00487,EST0001329,2023-06-15,Roofer,TP00037,Roofer Estimate,41800,36024,4357,12,1407,Under Review,Estimate submitted by involved roofer.
CLM00488,EST0001330,2023-05-13,Carrier,,Initial,38700,29635,1751,2559,4755,Superseded,Initial carrier estimate following inspection and scope review.
CLM00488,EST0001331,2023-05-21,Plumber,TP00045,Plumber Estimate,50000,40906,1552,3319,4223,Partially Accepted,Estimate submitted by involved plumber.
CLM00488,EST0001332,2023-05-20,Public Adjuster,TP00064,Public Adjuster Estimate,46900,38128,3913,2820,2039,Partially Accepted,Estimate package submitted by public adjuster.
CLM00489,EST0001333,2022-04-02,Carrier,,Initial,9900,7320,264,43,2273,Superseded,Initial carrier estimate following inspection and scope review.
CLM00489,EST0001334,2022-04-17,General Contractor,TP00049,General Contractor Estimate,9100,7596,997,399,108,Partially Accepted,Estimate submitted by involved general contractor.
CLM00490,EST0001335,2024-12-02,Carrier,,Initial,22600,20045,1666,586,303,Final,Initial carrier estimate following inspection and scope review.
CLM00490,EST0001336,2024-12-07,Plumber,TP00039,Plumber Estimate,21600,16633,1724,141,3102,Under Review,Estimate submitted by involved plumber.
CLM00491,EST0001337,2024-03-09,Carrier,,Initial,46600,37302,2000,1905,5393,Superseded,Initial carrier estimate following inspection and scope review.
CLM00491,EST0001338,2024-03-22,Plumber,TP00043,Plumber Estimate,58900,49852,3169,377,5502,Partially Accepted,Estimate submitted by involved plumber.
CLM00491,EST0001339,2024-05-20,Carrier,,Supplement,60800,54630,7247,3550,0,Partially Accepted,Revised estimate created following scope reconciliation.
CLM00492,EST0001340,2023-05-18,Carrier,,Initial,39800,30243,1125,2606,5826,Superseded,Initial carrier estimate following inspection and scope review.
CLM00492,EST0001341,2023-05-13,Plumber,TP00039,Plumber Estimate,62300,44901,4166,3018,10215,Partially Accepted,Estimate submitted by involved plumber.
CLM00492,EST0001342,2023-05-19,Public Adjuster,TP00070,Public Adjuster Estimate,55700,44835,3017,570,7278,Accepted,Estimate package submitted by public adjuster.
CLM00493,EST0001343,2024-12-05,Carrier,,Initial,48700,35376,2833,2712,7779,Final,Initial carrier estimate following inspection and scope review.
CLM00493,EST0001344,2024-12-17,Electrician,TP00090,Electrician Estimate,53900,39183,3346,147,11224,Under Review,Estimate submitted by involved electrician.
CLM00493,EST0001345,2024-12-30,Public Adjuster,TP00071,Public Adjuster Estimate,71300,52056,4069,5642,9533,Accepted,Estimate package submitted by public adjuster.
CLM00494,EST0001346,2025-12-28,Carrier,,Initial,47900,42000,3439,561,1900,Superseded,Initial carrier estimate following inspection and scope review.
CLM00494,EST0001347,2025-12-29,Plumber,TP00044,Plumber Estimate,55500,46608,1324,3136,4432,Partially Accepted,Estimate submitted by involved plumber.
CLM00494,EST0001348,2026-03-18,General Contractor,,Supplement,61100,45157,1334,1993,12616,Partially Accepted,Revised estimate created following scope reconciliation.
CLM00495,EST0001349,2024-08-20,Carrier,,Initial,52800,41971,5725,109,4995,Final,Initial carrier estimate following inspection and scope review.
CLM00496,EST0001350,2025-10-23,Carrier,,Initial,33200,24852,3194,2117,3037,Superseded,Initial carrier estimate following inspection and scope review.
CLM00496,EST0001351,2025-10-31,Plumber,TP00039,Plumber Estimate,77000,61948,4188,5612,5252,Partially Accepted,Estimate submitted by involved plumber.
CLM00497,EST0001352,2023-01-19,Carrier,,Initial,40400,34747,4609,524,520,Final,Initial carrier estimate following inspection and scope review.
CLM00497,EST0001353,2023-02-02,Plumber,TP00042,Plumber Estimate,51700,38809,2831,4048,6012,Under Review,Estimate submitted by involved plumber.
CLM00498,EST0001354,2024-10-26,Carrier,,Initial,40000,31206,1908,1394,5492,Final,Initial carrier estimate following inspection and scope review.
CLM00498,EST0001355,2024-11-09,Electrician,TP00089,Electrician Estimate,43400,34225,2485,2308,4382,Under Review,Estimate submitted by involved electrician.
CLM00498,EST0001356,2024-11-18,Public Adjuster,TP00070,Public Adjuster Estimate,64800,54330,2254,4048,4168,Under Review,Estimate package submitted by public adjuster.
CLM00499,EST0001357,2022-07-06,Carrier,,Initial,31600,27799,906,748,2147,Final,Initial carrier estimate following inspection and scope review.
CLM00499,EST0001358,2022-07-03,General Contractor,TP00054,General Contractor Estimate,33100,25231,3298,3,4568,Under Review,Estimate submitted by involved general contractor.
CLM00500,EST0001359,2024-04-25,Carrier,,Initial,88300,71752,2106,2973,11469,Final,Initial carrier estimate following inspection and scope review.
CLM00501,EST0001360,2023-10-05,Carrier,,Initial,18600,15460,719,1247,1174,Final,Initial carrier estimate following inspection and scope review.
CLM00501,EST0001361,2023-10-09,Plumber,TP00040,Plumber Estimate,36000,26796,3437,1516,4251,Under Review,Estimate submitted by involved plumber.
CLM00501,EST0001362,2023-10-17,Public Adjuster,TP00067,Public Adjuster Estimate,32400,25794,3019,1439,2148,Partially Accepted,Estimate package submitted by public adjuster.
CLM00502,EST0001363,2026-01-05,Carrier,,Initial,23000,18670,2428,687,1215,Final,Initial carrier estimate following inspection and scope review.
CLM00502,EST0001364,2026-01-14,Plumber,TP00041,Plumber Estimate,21500,18426,430,312,2332,Under Review,Estimate submitted by involved plumber.
CLM00503,EST0001365,2025-11-12,Carrier,,Initial,37600,33710,1714,1327,849,Superseded,Initial carrier estimate following inspection and scope review.
CLM00503,EST0001366,2025-11-21,Electrician,TP00091,Electrician Estimate,51900,43576,2672,3889,1763,Partially Accepted,Estimate submitted by involved electrician.
CLM00504,EST0001367,2022-05-28,Carrier,,Initial,17000,12676,353,300,3671,Superseded,Initial carrier estimate following inspection and scope review.
CLM00504,EST0001368,2022-05-30,General Contractor,TP00048,General Contractor Estimate,33600,28268,2685,278,2369,Partially Accepted,Estimate submitted by involved general contractor.
CLM00504,EST0001369,2022-07-27,General Contractor,TP00048,Revised,34800,29608,3554,1281,357,Under Review,Updated estimate following reinspection and documentation review.
CLM00504,EST0001370,2022-08-29,Carrier,TP00048,Supplement,41000,32106,1445,1090,6359,Partially Accepted,Supplemental estimate received with additional repair line items.
CLM00505,EST0001371,2024-07-08,Carrier,,Initial,12700,10603,1508,369,220,Final,Initial carrier estimate following inspection and scope review.
CLM00506,EST0001372,2025-09-28,Carrier,,Initial,24300,18150,2388,1581,2181,Final,Initial carrier estimate following inspection and scope review.
CLM00506,EST0001373,2025-10-04,Roofer,TP00027,Roofer Estimate,55600,47526,2680,4367,1027,Under Review,Estimate submitted by involved roofer.
CLM00507,EST0001374,2025-04-06,Carrier,,Initial,19500,16167,721,589,2023,Superseded,Initial carrier estimate following inspection and scope review.
CLM00507,EST0001375,2025-04-13,Plumber,TP00038,Plumber Estimate,22200,17779,2120,550,1751,Partially Accepted,Estimate submitted by involved plumber.
CLM00507,EST0001376,2025-06-16,Carrier,,Supplement,27400,20367,820,1678,4535,Under Review,Revised estimate created following scope reconciliation.
CLM00507,EST0001377,2025-05-07,General Contractor,,Supplement,31700,26803,1191,1667,2039,Partially Accepted,Revised estimate created following scope reconciliation.
CLM00508,EST0001378,2025-10-29,Carrier,,Initial,51300,45197,4294,1473,336,Final,Initial carrier estimate following inspection and scope review.
CLM00508,EST0001379,2025-11-13,Roofer,TP00032,Roofer Estimate,67100,56545,2074,3438,5043,Under Review,Estimate submitted by involved roofer.
CLM00509,EST0001380,2022-08-04,Carrier,,Initial,34000,26828,3496,1388,2288,Superseded,Initial carrier estimate following inspection and scope review.
CLM00509,EST0001381,2022-08-13,Roofer,TP00027,Roofer Estimate,61600,51286,1549,2560,6205,Partially Accepted,Estimate submitted by involved roofer.
CLM00509,EST0001382,2022-10-27,Carrier,TP00027,Supplement,63300,49724,6986,3647,2943,Partially Accepted,Revised estimate created following scope reconciliation.
CLM00510,EST0001383,2024-08-24,Carrier,,Initial,12000,10344,453,427,776,Superseded,Initial carrier estimate following inspection and scope review.
CLM00510,EST0001384,2024-08-28,Plumber,TP00046,Plumber Estimate,11000,8229,485,841,1445,Partially Accepted,Estimate submitted by involved plumber.
CLM00511,EST0001385,2024-02-10,Carrier,,Initial,51700,40640,6099,2440,2521,Superseded,Initial carrier estimate following inspection and scope review.
CLM00511,EST0001386,2024-02-09,Roofer,TP00028,Roofer Estimate,100600,86082,4671,4525,5322,Partially Accepted,Estimate submitted by involved roofer.
CLM00511,EST0001387,2024-03-09,Roofer,,Supplement,119100,100605,6219,1969,10307,Under Review,Supplemental estimate received with additional repair line items.
CLM00511,EST0001388,2024-04-01,Roofer,TP00028,Supplement,147800,106444,5586,689,35081,Partially Accepted,Supplemental estimate received with additional repair line items.
CLM00512,EST0001389,2022-05-01,Carrier,,Initial,47900,36740,3050,3775,4335,Superseded,Initial carrier estimate following inspection and scope review.
CLM00512,EST0001390,2022-05-24,Plumber,TP00044,Plumber Estimate,47400,34327,4714,2308,6051,Partially Accepted,Estimate submitted by involved plumber.
CLM00512,EST0001391,2022-06-05,General Contractor,TP00044,Supplement,58800,45753,2881,2583,7583,Under Review,Revised estimate created following scope reconciliation.
CLM00512,EST0001392,2022-08-18,Plumber,TP00044,Supplement,68000,57411,4224,1602,4763,Partially Accepted,Supplemental estimate received with additional repair line items.
CLM00513,EST0001393,2024-03-05,Carrier,,Initial,29600,24372,742,1755,2731,Final,Initial carrier estimate following inspection and scope review.
CLM00513,EST0001394,2024-03-26,Plumber,TP00047,Plumber Estimate,32400,27164,1249,478,3509,Under Review,Estimate submitted by involved plumber.
CLM00514,EST0001395,2024-10-16,Carrier,,Initial,8800,6842,1028,246,684,Final,Initial carrier estimate following inspection and scope review.
CLM00515,EST0001396,2024-12-21,Carrier,,Initial,50100,39196,5095,2629,3180,Final,Initial carrier estimate following inspection and scope review.
CLM00515,EST0001397,2024-12-16,Roofer,TP00035,Roofer Estimate,64200,55020,4831,1571,2778,Under Review,Estimate submitted by involved roofer.
CLM00516,EST0001398,2024-10-12,Carrier,,Initial,47500,36680,1325,2241,7254,Superseded,Initial carrier estimate following inspection and scope review.
CLM00516,EST0001399,2024-10-14,Roofer,TP00031,Roofer Estimate,49700,43951,5348,1471,0,Partially Accepted,Estimate submitted by involved roofer.
CLM00516,EST0001400,2024-11-14,Carrier,TP00031,Supplement,62000,54457,4409,413,2721,Under Review,Revised estimate created following scope reconciliation.
CLM00516,EST0001401,2025-01-01,Roofer,TP00031,Revised,75800,59079,4813,4258,7650,Partially Accepted,Updated estimate following reinspection and documentation review.
CLM00517,EST0001402,2023-01-01,Carrier,,Initial,5900,4424,417,471,588,Final,Initial carrier estimate following inspection and scope review.
CLM00517,EST0001403,2023-01-12,General Contractor,TP00054,General Contractor Estimate,6100,5315,288,87,410,Under Review,Estimate submitted by involved general contractor.
CLM00518,EST0001404,2024-08-22,Carrier,,Initial,33000,26314,985,2094,3607,Superseded,Initial carrier estimate following inspection and scope review.
CLM00518,EST0001405,2024-08-29,Plumber,TP00047,Plumber Estimate,63300,46967,2912,3054,10367,Partially Accepted,Estimate submitted by involved plumber.
CLM00518,EST0001406,2024-10-03,General Contractor,TP00047,Revised,69600,62525,6270,5151,0,Partially Accepted,Updated estimate following reinspection and documentation review.
CLM00519,EST0001407,2025-04-06,Carrier,,Initial,48500,40261,5030,1442,1767,Superseded,Initial carrier estimate following inspection and scope review.
CLM00519,EST0001408,2025-04-19,Roofer,TP00032,Roofer Estimate,91600,80137,4401,1241,5821,Partially Accepted,Estimate submitted by involved roofer.
CLM00519,EST0001409,2025-07-20,Roofer,TP00032,Supplement,110100,91005,5870,4238,8987,Under Review,Revised estimate created following scope reconciliation.
CLM00519,EST0001410,2025-06-24,General Contractor,TP00032,Supplement,116000,84690,7045,2163,22102,Under Review,Supplemental estimate received with additional repair line items.
CLM00519,EST0001411,2025-06-21,Carrier,TP00032,Revised,136800,122561,15119,4495,0,Partially Accepted,Updated estimate following reinspection and documentation review.
CLM00520,EST0001412,2023-11-28,Carrier,,Initial,23400,16890,637,417,5456,Final,Initial carrier estimate following inspection and scope review.
CLM00520,EST0001413,2023-12-05,Plumber,TP00038,Plumber Estimate,23400,17962,1392,628,3418,Under Review,Estimate submitted by involved plumber.
CLM00521,EST0001414,2024-07-31,Carrier,,Initial,30300,25391,1527,1222,2160,Final,Initial carrier estimate following inspection and scope review.
CLM00521,EST0001415,2024-08-14,General Contractor,TP00053,General Contractor Estimate,31800,24012,1050,580,6158,Under Review,Estimate submitted by involved general contractor.
CLM00522,EST0001416,2024-10-22,Carrier,,Initial,117000,89163,2875,163,24799,Final,Initial carrier estimate following inspection and scope review.
CLM00522,EST0001417,2024-11-02,Roofer,TP00031,Roofer Estimate,129000,113580,13540,7616,0,Under Review,Estimate submitted by involved roofer.
CLM00523,EST0001418,2024-10-15,Carrier,,Initial,43500,34915,3566,1940,3079,Superseded,Initial carrier estimate following inspection and scope review.
CLM00523,EST0001419,2024-11-03,Roofer,TP00029,Roofer Estimate,82300,72231,6648,5053,0,Partially Accepted,Estimate submitted by involved roofer.
CLM00523,EST0001420,2024-11-02,Public Adjuster,TP00070,Public Adjuster Estimate,75500,67640,2095,5242,523,Partially Accepted,Estimate package submitted by public adjuster.
CLM00523,EST0001421,2025-01-16,Carrier,,Revised,80300,69744,5165,2509,2882,Under Review,Revised estimate created following scope reconciliation.
CLM00523,EST0001422,2024-12-04,Roofer,TP00029,Supplement,99600,80489,4025,231,14855,Under Review,Revised estimate created following scope reconciliation.
CLM00523,EST0001423,2024-12-19,General Contractor,TP00029,Supplement,107200,96290,5115,6355,0,Under Review,Updated estimate following reinspection and documentation review.
CLM00523,EST0001424,2024-12-25,General Contractor,TP00029,Supplement,113100,98432,2336,3360,8972,Partially Accepted,Supplemental estimate received with additional repair line items.
CLM00524,EST0001425,2025-05-20,Carrier,,Initial,83900,75178,8328,6200,0,Final,Initial carrier estimate following inspection and scope review.
CLM00524,EST0001426,2025-05-24,Roofer,TP00035,Roofer Estimate,98600,83166,7811,3875,3748,Under Review,Estimate submitted by involved roofer.
CLM00525,EST0001427,2025-03-15,Carrier,,Initial,37800,32324,852,2337,2287,Final,Initial carrier estimate following inspection and scope review.
CLM00525,EST0001428,2025-03-14,Roofer,TP00034,Roofer Estimate,40300,30350,3818,757,5375,Under Review,Estimate submitted by involved roofer.
CLM00526,EST0001429,2024-02-07,Carrier,,Initial,13100,11082,755,69,1194,Superseded,Initial carrier estimate following inspection and scope review.
CLM00526,EST0001430,2024-02-23,Plumber,TP00047,Plumber Estimate,15600,11635,837,1097,2031,Partially Accepted,Estimate submitted by involved plumber.
CLM00526,EST0001431,2024-05-15,General Contractor,TP00047,Supplement,16500,13936,1474,932,158,Partially Accepted,Revised estimate created following scope reconciliation.
CLM00527,EST0001432,2022-08-09,Carrier,,Initial,13700,10811,464,818,1607,Final,Initial carrier estimate following inspection and scope review.
CLM00527,EST0001433,2022-08-23,General Contractor,TP00048,General Contractor Estimate,13300,11955,448,410,487,Under Review,Estimate submitted by involved general contractor.
CLM00528,EST0001434,2022-02-04,Carrier,,Initial,72300,58702,2535,2515,8548,Final,Initial carrier estimate following inspection and scope review.
CLM00528,EST0001435,2022-02-07,Roofer,TP00031,Roofer Estimate,101100,90458,3356,3384,3902,Under Review,Estimate submitted by involved roofer.
CLM00529,EST0001436,2022-08-05,Carrier,,Initial,7800,6735,576,86,403,Superseded,Initial carrier estimate following inspection and scope review.
CLM00529,EST0001437,2022-08-18,General Contractor,TP00052,General Contractor Estimate,8000,6917,333,225,525,Partially Accepted,Estimate submitted by involved general contractor.
CLM00529,EST0001438,2022-09-02,Public Adjuster,TP00066,Public Adjuster Estimate,13800,11036,317,659,1788,Under Review,Estimate package submitted by public adjuster.
CLM00530,EST0001439,2024-02-02,Carrier,,Initial,45800,38908,4966,1347,579,Superseded,Initial carrier estimate following inspection and scope review.
CLM00530,EST0001440,2024-02-01,Electrician,TP00091,Electrician Estimate,41600,30467,1169,641,9323,Partially Accepted,Estimate submitted by involved electrician.
CLM00530,EST0001441,2024-02-23,General Contractor,TP00091,Supplement,48600,41517,2206,1049,3828,Under Review,Revised estimate created following scope reconciliation.
CLM00530,EST0001442,2024-04-20,General Contractor,TP00091,Supplement,50900,44387,2464,2426,1623,Partially Accepted,Revised estimate created following scope reconciliation.
CLM00531,EST0001443,2022-10-09,Carrier,,Initial,20300,17771,500,1527,502,Superseded,Initial carrier estimate following inspection and scope review.
CLM00531,EST0001444,2022-10-10,Plumber,TP00046,Plumber Estimate,21400,16047,633,193,4527,Partially Accepted,Estimate submitted by involved plumber.
CLM00532,EST0001445,2026-01-11,Carrier,,Initial,112600,83496,6260,2273,20571,Superseded,Initial carrier estimate following inspection and scope review.
CLM00532,EST0001446,2026-01-24,Roofer,TP00033,Roofer Estimate,148100,106707,16081,3723,21589,Partially Accepted,Estimate submitted by involved roofer.
CLM00533,EST0001447,2025-11-21,Carrier,,Initial,15300,12821,702,780,997,Final,Initial carrier estimate following inspection and scope review.
CLM00534,EST0001448,2025-06-17,Carrier,,Initial,35700,29779,1681,688,3552,Superseded,Initial carrier estimate following inspection and scope review.
CLM00534,EST0001449,2025-06-28,Roofer,TP00029,Roofer Estimate,39200,32088,1344,762,5006,Partially Accepted,Estimate submitted by involved roofer.
CLM00534,EST0001450,2025-08-07,Roofer,,Revised,47400,34521,2902,2868,7109,Under Review,Updated estimate following reinspection and documentation review.
CLM00534,EST0001451,2025-09-25,Carrier,,Supplement,56500,47776,2762,1083,4879,Partially Accepted,Revised estimate created following scope reconciliation.
CLM00535,EST0001452,2024-10-31,Carrier,,Initial,33300,24694,3539,2008,3059,Superseded,Initial carrier estimate following inspection and scope review.
CLM00535,EST0001453,2024-10-26,Roofer,TP00027,Roofer Estimate,39600,29472,2920,1786,5422,Partially Accepted,Estimate submitted by involved roofer.
CLM00536,EST0001454,2025-04-03,Carrier,,Initial,24000,18509,2223,275,2993,Final,Initial carrier estimate following inspection and scope review.
CLM00536,EST0001455,2025-04-08,Roofer,TP00037,Roofer Estimate,23800,21307,1217,1561,0,Under Review,Estimate submitted by involved roofer.
CLM00537,EST0001456,2023-10-09,Carrier,,Initial,15000,12725,526,88,1661,Final,Initial carrier estimate following inspection and scope review.
CLM00537,EST0001457,2023-10-24,Roofer,TP00031,Roofer Estimate,15000,12995,1415,907,0,Under Review,Estimate submitted by involved roofer.
CLM00538,EST0001458,2025-04-07,Carrier,,Initial,12200,9957,1194,820,229,Superseded,Initial carrier estimate following inspection and scope review.
CLM00538,EST0001459,2025-04-08,Roofer,TP00036,Roofer Estimate,14800,12107,1220,87,1386,Partially Accepted,Estimate submitted by involved roofer.
CLM00538,EST0001460,2025-04-13,Public Adjuster,TP00066,Public Adjuster Estimate,18800,16082,857,1164,697,Accepted,Estimate package submitted by public adjuster.
CLM00538,EST0001461,2025-05-31,General Contractor,TP00036,Revised,20500,17273,1973,1303,0,Partially Accepted,Updated estimate following reinspection and documentation review.
CLM00539,EST0001462,2024-03-03,Carrier,,Initial,13900,10597,899,624,1780,Final,Initial carrier estimate following inspection and scope review.
CLM00539,EST0001463,2024-03-13,Roofer,TP00030,Roofer Estimate,17200,13957,616,1009,1618,Under Review,Estimate submitted by involved roofer.
CLM00540,EST0001464,2025-05-11,Carrier,,Initial,82900,65827,8187,5192,3694,Final,Initial carrier estimate following inspection and scope review.
CLM00540,EST0001465,2025-05-22,Roofer,TP00032,Roofer Estimate,86600,62993,8367,1038,14202,Under Review,Estimate submitted by involved roofer.
CLM00541,EST0001466,2025-11-23,Carrier,,Initial,12500,10800,1063,40,597,Superseded,Initial carrier estimate following inspection and scope review.
CLM00541,EST0001467,2025-12-07,Roofer,TP00026,Roofer Estimate,20400,16244,1813,1026,1317,Partially Accepted,Estimate submitted by involved roofer.
CLM00541,EST0001468,2025-12-27,Roofer,TP00026,Supplement,21600,17115,2441,968,1076,Partially Accepted,Updated estimate following reinspection and documentation review.
CLM00542,EST0001469,2022-10-05,Carrier,,Initial,39800,34644,3117,2504,0,Final,Initial carrier estimate following inspection and scope review.
CLM00542,EST0001470,2022-10-14,Plumber,TP00039,Plumber Estimate,36500,28170,2174,990,5166,Under Review,Estimate submitted by involved plumber.
CLM00543,EST0001471,2024-10-25,Carrier,,Initial,22000,18609,646,1605,1140,Superseded,Initial carrier estimate following inspection and scope review.
CLM00543,EST0001472,2024-10-24,Roofer,TP00034,Roofer Estimate,28300,23890,3358,519,533,Partially Accepted,Estimate submitted by involved roofer.
CLM00543,EST0001473,2025-01-12,Carrier,TP00034,Supplement,33800,25288,3249,752,4511,Under Review,Updated estimate following reinspection and documentation review.
CLM00543,EST0001474,2024-12-06,Carrier,,Supplement,36400,28134,2088,437,5741,Partially Accepted,Updated estimate following reinspection and documentation review.
CLM00544,EST0001475,2025-04-29,Carrier,,Initial,98700,86434,4408,2087,5771,Superseded,Initial carrier estimate following inspection and scope review.
CLM00544,EST0001476,2025-04-30,Electrician,TP00091,Electrician Estimate,98200,77635,3159,103,17303,Partially Accepted,Estimate submitted by involved electrician.
CLM00544,EST0001477,2025-05-08,Public Adjuster,TP00065,Public Adjuster Estimate,127600,102496,6937,1539,16628,Under Review,Estimate package submitted by public adjuster.
CLM00545,EST0001478,2022-03-01,Carrier,,Initial,27000,20822,2887,1640,1651,Final,Initial carrier estimate following inspection and scope review.
CLM00545,EST0001479,2022-03-09,General Contractor,TP00054,General Contractor Estimate,30100,21979,1640,1440,5041,Under Review,Estimate submitted by involved general contractor.
CLM00545,EST0001480,2022-03-23,Public Adjuster,TP00069,Public Adjuster Estimate,33600,24542,3645,1135,4278,Partially Accepted,Estimate package submitted by public adjuster.
CLM00546,EST0001481,2022-09-15,Carrier,,Initial,8000,6577,655,214,554,Superseded,Initial carrier estimate following inspection and scope review.
CLM00546,EST0001482,2022-10-07,Plumber,TP00046,Plumber Estimate,8100,6426,231,195,1248,Partially Accepted,Estimate submitted by involved plumber.
CLM00546,EST0001483,2022-11-28,Plumber,TP00046,Supplement,9600,7577,498,454,1071,Partially Accepted,Updated estimate following reinspection and documentation review.
CLM00547,EST0001484,2024-10-20,Carrier,,Initial,9300,7783,856,724,0,Final,Initial carrier estimate following inspection and scope review.
CLM00547,EST0001485,2024-10-31,Roofer,TP00028,Roofer Estimate,13000,9760,1091,117,2032,Under Review,Estimate submitted by involved roofer.
CLM00548,EST0001486,2022-12-28,Carrier,,Initial,40100,30405,1465,1768,6462,Final,Initial carrier estimate following inspection and scope review.
CLM00548,EST0001487,2022-12-26,Roofer,TP00029,Roofer Estimate,43100,31150,2268,618,9064,Under Review,Estimate submitted by involved roofer.
CLM00549,EST0001488,2025-09-29,Carrier,,Initial,38600,31203,2876,1189,3332,Superseded,Initial carrier estimate following inspection and scope review.
CLM00549,EST0001489,2025-10-16,Plumber,TP00042,Plumber Estimate,50700,38004,1071,134,11491,Partially Accepted,Estimate submitted by involved plumber.
CLM00549,EST0001490,2025-11-07,Carrier,,Revised,56100,44386,3270,1018,7426,Under Review,Revised estimate created following scope reconciliation.
CLM00549,EST0001491,2025-12-07,General Contractor,,Revised,69000,61821,8103,19,0,Partially Accepted,Revised estimate created following scope reconciliation.
CLM00550,EST0001492,2022-10-16,Carrier,,Initial,52400,43350,5704,211,3135,Final,Initial carrier estimate following inspection and scope review.
CLM00550,EST0001493,2022-10-14,Roofer,TP00028,Roofer Estimate,47900,38189,4401,455,4855,Under Review,Estimate submitted by involved roofer.
CLM00550,EST0001494,2022-10-14,Public Adjuster,TP00065,Public Adjuster Estimate,88200,72890,7729,60,7521,Partially Accepted,Estimate package submitted by public adjuster.
CLM00551,EST0001495,2023-03-11,Carrier,,Initial,24500,20220,2741,934,605,Superseded,Initial carrier estimate following inspection and scope review.
CLM00551,EST0001496,2023-03-15,Plumber,TP00046,Plumber Estimate,28800,23531,3239,2190,0,Partially Accepted,Estimate submitted by involved plumber.
CLM00551,EST0001497,2023-03-24,Public Adjuster,TP00066,Public Adjuster Estimate,39500,34144,817,1993,2546,Under Review,Estimate package submitted by public adjuster.
CLM00551,EST0001498,2023-04-30,Plumber,,Revised,40600,29448,4548,1558,5046,Under Review,Revised estimate created following scope reconciliation.
CLM00551,EST0001499,2023-05-19,Carrier,TP00046,Revised,42700,31935,4036,3089,3640,Partially Accepted,Supplemental estimate received with additional repair line items.
CLM00552,EST0001500,2023-01-16,Carrier,,Initial,11000,9209,889,690,212,Final,Initial carrier estimate following inspection and scope review.
CLM00552,EST0001501,2023-01-16,General Contractor,TP00053,General Contractor Estimate,11200,9900,816,241,243,Under Review,Estimate submitted by involved general contractor.
CLM00553,EST0001502,2023-06-04,Carrier,,Initial,6600,5264,389,359,588,Final,Initial carrier estimate following inspection and scope review.
CLM00553,EST0001503,2023-06-23,General Contractor,TP00057,General Contractor Estimate,7200,5233,457,175,1335,Under Review,Estimate submitted by involved general contractor.
CLM00554,EST0001504,2024-10-26,Carrier,,Initial,36800,30502,3261,859,2178,Superseded,Initial carrier estimate following inspection and scope review.
CLM00554,EST0001505,2024-11-01,Roofer,TP00035,Roofer Estimate,33200,27638,2054,2403,1105,Partially Accepted,Estimate submitted by involved roofer.
CLM00554,EST0001506,2024-11-16,Public Adjuster,TP00064,Public Adjuster Estimate,55100,40288,6218,1172,7422,Partially Accepted,Estimate package submitted by public adjuster.
CLM00555,EST0001507,2024-05-05,Carrier,,Initial,5200,4368,150,321,361,Final,Initial carrier estimate following inspection and scope review.
CLM00556,EST0001508,2023-12-17,Carrier,,Initial,29900,21654,1161,2141,4944,Final,Initial carrier estimate following inspection and scope review.
CLM00556,EST0001509,2023-12-30,Roofer,TP00027,Roofer Estimate,28800,23115,1250,1519,2916,Under Review,Estimate submitted by involved roofer.
CLM00557,EST0001510,2025-04-21,Carrier,,Initial,11400,9811,1108,678,0,Final,Initial carrier estimate following inspection and scope review.
CLM00557,EST0001511,2025-05-01,Plumber,TP00040,Plumber Estimate,11700,8563,1049,476,1612,Under Review,Estimate submitted by involved plumber.
CLM00558,EST0001512,2024-02-23,Carrier,,Initial,15400,13046,1624,1154,0,Superseded,Initial carrier estimate following inspection and scope review.
CLM00558,EST0001513,2024-03-17,General Contractor,TP00051,General Contractor Estimate,36100,26911,3734,1615,3840,Partially Accepted,Estimate submitted by involved general contractor.
CLM00558,EST0001514,2024-04-06,General Contractor,,Supplement,41600,33429,985,2703,4483,Under Review,Updated estimate following reinspection and documentation review.
CLM00558,EST0001515,2024-03-27,General Contractor,TP00051,Supplement,51600,42525,4727,640,3708,Under Review,Supplemental estimate received with additional repair line items.
CLM00558,EST0001516,2024-05-11,Carrier,,Supplement,59400,52038,3975,4612,0,Partially Accepted,Supplemental estimate received with additional repair line items.
CLM00559,EST0001517,2024-10-30,Carrier,,Initial,14100,11505,339,515,1741,Final,Initial carrier estimate following inspection and scope review.
CLM00559,EST0001518,2024-11-10,Roofer,TP00026,Roofer Estimate,17300,15561,1795,1354,0,Under Review,Estimate submitted by involved roofer.
CLM00560,EST0001519,2025-04-07,Carrier,,Initial,42400,32203,4616,3335,2246,Final,Initial carrier estimate following inspection and scope review.
CLM00561,EST0001520,2022-01-24,Carrier,,Initial,22200,19673,1890,853,0,Superseded,Initial carrier estimate following inspection and scope review.
CLM00561,EST0001521,2022-02-07,Plumber,TP00043,Plumber Estimate,27500,19871,3227,1050,3352,Partially Accepted,Estimate submitted by involved plumber.
CLM00562,EST0001522,2022-06-11,Carrier,,Initial,39000,28895,832,2382,6891,Final,Initial carrier estimate following inspection and scope review.
CLM00562,EST0001523,2022-06-27,Plumber,TP00041,Plumber Estimate,39300,33471,4395,599,835,Under Review,Estimate submitted by involved plumber.
CLM00562,EST0001524,2022-07-07,Public Adjuster,TP00071,Public Adjuster Estimate,48500,43332,3870,2517,0,Partially Accepted,Estimate package submitted by public adjuster.
CLM00563,EST0001525,2023-01-06,Carrier,,Initial,109400,86021,10392,6327,6660,Final,Initial carrier estimate following inspection and scope review.
CLM00564,EST0001526,2024-07-27,Carrier,,Initial,10600,8306,273,824,1197,Superseded,Initial carrier estimate following inspection and scope review.
CLM00564,EST0001527,2024-08-02,General Contractor,TP00051,General Contractor Estimate,10400,8302,630,372,1096,Partially Accepted,Estimate submitted by involved general contractor.
CLM00564,EST0001528,2024-07-28,Public Adjuster,TP00071,Public Adjuster Estimate,16700,13497,1557,874,772,Under Review,Estimate package submitted by public adjuster.
CLM00564,EST0001529,2024-09-14,General Contractor,TP00051,Revised,19800,15949,1101,464,2286,Under Review,Updated estimate following reinspection and documentation review.
CLM00564,EST0001530,2024-10-14,Carrier,,Supplement,24600,18029,2124,593,3854,Partially Accepted,Updated estimate following reinspection and documentation review.
CLM00565,EST0001531,2024-03-10,Carrier,,Initial,6000,5205,342,395,58,Superseded,Initial carrier estimate following inspection and scope review.
CLM00565,EST0001532,2024-03-26,Plumber,TP00046,Plumber Estimate,6000,4386,625,359,630,Partially Accepted,Estimate submitted by involved plumber.
CLM00566,EST0001533,2025-07-25,Carrier,,Initial,30500,22503,2492,1568,3937,Superseded,Initial carrier estimate following inspection and scope review.
CLM00566,EST0001534,2025-08-03,Plumber,TP00046,Plumber Estimate,54400,40323,5354,3343,5380,Partially Accepted,Estimate submitted by involved plumber.
CLM00566,EST0001535,2025-10-04,Carrier,TP00046,Revised,64600,51179,6809,249,6363,Partially Accepted,Supplemental estimate received with additional repair line items.
CLM00567,EST0001536,2024-10-26,Carrier,,Initial,77500,62924,4663,5619,4294,Final,Initial carrier estimate following inspection and scope review.
CLM00567,EST0001537,2024-10-24,Roofer,TP00031,Roofer Estimate,72900,53122,6462,2024,11292,Under Review,Estimate submitted by involved roofer.
CLM00567,EST0001538,2024-10-30,Public Adjuster,TP00070,Public Adjuster Estimate,135000,121067,11243,3001,0,Partially Accepted,Estimate package submitted by public adjuster.
CLM00568,EST0001539,2024-10-12,Carrier,,Initial,49600,36376,1979,738,10507,Final,Initial carrier estimate following inspection and scope review.
CLM00568,EST0001540,2024-10-12,Roofer,TP00029,Roofer Estimate,53600,39904,2693,3151,7852,Under Review,Estimate submitted by involved roofer.
CLM00568,EST0001541,2024-10-20,Public Adjuster,TP00070,Public Adjuster Estimate,72100,54595,5894,1665,9946,Under Review,Estimate package submitted by public adjuster.
CLM00569,EST0001542,2023-06-04,Carrier,,Initial,32800,28983,1516,1579,722,Superseded,Initial carrier estimate following inspection and scope review.
CLM00569,EST0001543,2023-06-12,Roofer,TP00027,Roofer Estimate,71100,55773,7953,1647,5727,Partially Accepted,Estimate submitted by involved roofer.
CLM00569,EST0001544,2023-06-08,Public Adjuster,TP00069,Public Adjuster Estimate,49900,36714,5353,2201,5632,Under Review,Estimate package submitted by public adjuster.
CLM00569,EST0001545,2023-09-06,Roofer,TP00027,Supplement,59700,51357,4311,1663,2369,Under Review,Updated estimate following reinspection and documentation review.
CLM00569,EST0001546,2023-08-22,General Contractor,,Revised,70300,52077,2731,4618,10874,Under Review,Updated estimate following reinspection and documentation review.
CLM00569,EST0001547,2023-08-30,Roofer,,Revised,86800,67513,2038,1973,15276,Under Review,Supplemental estimate received with additional repair line items.
CLM00569,EST0001548,2023-07-31,Roofer,,Supplement,91500,74616,9970,6648,266,Partially Accepted,Updated estimate following reinspection and documentation review.
CLM00570,EST0001549,2023-06-03,Carrier,,Initial,43500,38133,4492,251,624,Superseded,Initial carrier estimate following inspection and scope review.
CLM00570,EST0001550,2023-06-24,Plumber,TP00044,Plumber Estimate,60800,46096,4451,500,9753,Partially Accepted,Estimate submitted by involved plumber.
CLM00571,EST0001551,2022-05-09,Carrier,,Initial,20900,17606,1066,91,2137,Final,Initial carrier estimate following inspection and scope review.
CLM00572,EST0001552,2025-06-07,Carrier,,Initial,46900,35533,2382,861,8124,Superseded,Initial carrier estimate following inspection and scope review.
CLM00572,EST0001553,2025-06-16,Roofer,TP00031,Roofer Estimate,53000,42493,2085,4030,4392,Partially Accepted,Estimate submitted by involved roofer.
CLM00572,EST0001554,2025-09-02,Carrier,,Supplement,59600,44488,1782,3677,9653,Under Review,Supplemental estimate received with additional repair line items.
CLM00572,EST0001555,2025-09-11,Carrier,TP00031,Supplement,69100,51131,6759,3714,7496,Partially Accepted,Updated estimate following reinspection and documentation review.
CLM00573,EST0001556,2022-05-11,Carrier,,Initial,5800,4411,267,443,679,Superseded,Initial carrier estimate following inspection and scope review.
CLM00573,EST0001557,2022-05-16,Plumber,TP00046,Plumber Estimate,7900,6860,173,65,802,Partially Accepted,Estimate submitted by involved plumber.
CLM00573,EST0001558,2022-05-20,Public Adjuster,TP00067,Public Adjuster Estimate,10000,7640,294,714,1352,Under Review,Estimate package submitted by public adjuster.
CLM00574,EST0001559,2022-07-18,Carrier,,Initial,48400,37383,980,643,9394,Final,Initial carrier estimate following inspection and scope review.
CLM00574,EST0001560,2022-07-30,Roofer,TP00030,Roofer Estimate,59100,46596,1923,2299,8282,Under Review,Estimate submitted by involved roofer.
CLM00574,EST0001561,2022-07-27,Public Adjuster,TP00070,Public Adjuster Estimate,81900,69558,2975,4806,4561,Accepted,Estimate package submitted by public adjuster.
CLM00575,EST0001562,2022-12-03,Carrier,,Initial,37700,31801,1249,1752,2898,Superseded,Initial carrier estimate following inspection and scope review.
CLM00575,EST0001563,2022-12-18,Roofer,TP00028,Roofer Estimate,43200,35348,3408,3240,1204,Partially Accepted,Estimate submitted by involved roofer.
CLM00575,EST0001564,2022-12-31,Carrier,,Supplement,49200,42077,2900,2658,1565,Partially Accepted,Revised estimate created following scope reconciliation.
CLM00576,EST0001565,2023-12-12,Carrier,,Initial,179400,135180,21438,9229,13553,Final,Initial carrier estimate following inspection and scope review.
CLM00577,EST0001566,2025-04-15,Carrier,,Initial,47000,37336,3874,3491,2299,Superseded,Initial carrier estimate following inspection and scope review.
CLM00577,EST0001567,2025-04-19,Plumber,TP00040,Plumber Estimate,56300,45727,1824,339,8410,Partially Accepted,Estimate submitted by involved plumber.
CLM00577,EST0001568,2025-04-16,Public Adjuster,TP00066,Public Adjuster Estimate,62800,54448,3781,817,3754,Under Review,Estimate package submitted by public adjuster.
CLM00577,EST0001569,2025-07-11,Plumber,,Supplement,76900,63605,6807,1479,5009,Under Review,Updated estimate following reinspection and documentation review.
CLM00577,EST0001570,2025-07-03,General Contractor,TP00040,Revised,91800,81747,8359,1682,12,Partially Accepted,Revised estimate created following scope reconciliation.
CLM00578,EST0001571,2025-06-23,Carrier,,Initial,27900,22510,1763,1194,2433,Final,Initial carrier estimate following inspection and scope review.
CLM00578,EST0001572,2025-07-01,Plumber,TP00047,Plumber Estimate,32000,25508,1677,141,4674,Under Review,Estimate submitted by involved plumber.
CLM00579,EST0001573,2025-06-23,Carrier,,Initial,18800,16661,555,286,1298,Superseded,Initial carrier estimate following inspection and scope review.
CLM00579,EST0001574,2025-07-07,Roofer,TP00026,Roofer Estimate,22500,20131,948,652,769,Partially Accepted,Estimate submitted by involved roofer.
CLM00580,EST0001575,2025-02-08,Carrier,,Initial,3600,2731,360,62,447,Superseded,Initial carrier estimate following inspection and scope review.
CLM00580,EST0001576,2025-02-24,General Contractor,TP00049,General Contractor Estimate,5000,4010,263,165,562,Partially Accepted,Estimate submitted by involved general contractor.
CLM00580,EST0001577,2025-02-23,Public Adjuster,TP00066,Public Adjuster Estimate,4400,3435,519,0,446,Partially Accepted,Estimate package submitted by public adjuster.
CLM00580,EST0001578,2025-03-26,General Contractor,TP00049,Supplement,4700,4033,199,136,332,Under Review,Revised estimate created following scope reconciliation.
CLM00580,EST0001579,2025-04-25,Carrier,TP00049,Revised,5900,4808,403,329,360,Partially Accepted,Supplemental estimate received with additional repair line items.
CLM00581,EST0001580,2022-05-08,Carrier,,Initial,21900,17059,1104,518,3219,Final,Initial carrier estimate following inspection and scope review.
CLM00582,EST0001581,2023-05-21,Carrier,,Initial,49600,42163,3756,1801,1880,Final,Initial carrier estimate following inspection and scope review.
CLM00582,EST0001582,2023-05-19,Roofer,TP00030,Roofer Estimate,63600,54531,2010,4263,2796,Under Review,Estimate submitted by involved roofer.
CLM00583,EST0001583,2023-10-11,Carrier,,Initial,8300,7124,496,151,529,Superseded,Initial carrier estimate following inspection and scope review.
CLM00583,EST0001584,2023-10-23,General Contractor,TP00052,General Contractor Estimate,11400,9574,1269,531,26,Partially Accepted,Estimate submitted by involved general contractor.
CLM00583,EST0001585,2024-01-24,General Contractor,,Revised,12100,8986,515,877,1722,Partially Accepted,Supplemental estimate received with additional repair line items.
CLM00584,EST0001586,2023-04-04,Carrier,,Initial,39800,35034,2308,1998,460,Final,Initial carrier estimate following inspection and scope review.
CLM00585,EST0001587,2023-05-07,Carrier,,Initial,25600,20032,2879,1953,736,Final,Initial carrier estimate following inspection and scope review.
CLM00585,EST0001588,2023-05-17,Roofer,TP00027,Roofer Estimate,60100,51594,3134,4443,929,Under Review,Estimate submitted by involved roofer.
CLM00586,EST0001589,2024-10-20,Carrier,,Initial,25900,18916,1369,1926,3689,Final,Initial carrier estimate following inspection and scope review.
CLM00586,EST0001590,2024-10-19,Roofer,TP00030,Roofer Estimate,33200,27739,675,1989,2797,Under Review,Estimate submitted by involved roofer.
CLM00587,EST0001591,2023-08-13,Carrier,,Initial,37400,30436,2416,1440,3108,Final,Initial carrier estimate following inspection and scope review.
CLM00587,EST0001592,2023-08-22,Plumber,TP00041,Plumber Estimate,46400,39838,1100,3648,1814,Under Review,Estimate submitted by involved plumber.
CLM00588,EST0001593,2022-10-23,Carrier,,Initial,28900,25951,944,272,1733,Superseded,Initial carrier estimate following inspection and scope review.
CLM00588,EST0001594,2022-11-02,Roofer,TP00030,Roofer Estimate,30000,22469,3178,1348,3005,Partially Accepted,Estimate submitted by involved roofer.
CLM00588,EST0001595,2022-12-22,Roofer,TP00030,Supplement,34000,27729,1968,2217,2086,Under Review,Revised estimate created following scope reconciliation.
CLM00588,EST0001596,2022-12-27,Roofer,TP00030,Revised,36100,26014,2939,590,6557,Partially Accepted,Revised estimate created following scope reconciliation.
CLM00589,EST0001597,2025-02-02,Carrier,,Initial,47300,35282,2610,2456,6952,Superseded,Initial carrier estimate following inspection and scope review.
CLM00589,EST0001598,2025-02-06,Roofer,TP00033,Roofer Estimate,59700,47798,5106,2865,3931,Partially Accepted,Estimate submitted by involved roofer.
CLM00589,EST0001599,2025-04-16,Carrier,TP00033,Supplement,70500,51314,1865,1766,15555,Under Review,Revised estimate created following scope reconciliation.
CLM00589,EST0001600,2025-03-24,General Contractor,,Revised,76500,62480,8681,4184,1155,Partially Accepted,Updated estimate following reinspection and documentation review.
CLM00590,EST0001601,2023-08-31,Carrier,,Initial,25200,21452,2968,300,480,Superseded,Initial carrier estimate following inspection and scope review.
CLM00590,EST0001602,2023-09-07,Roofer,TP00037,Roofer Estimate,28200,20950,3330,620,3300,Partially Accepted,Estimate submitted by involved roofer.
CLM00590,EST0001603,2023-10-24,General Contractor,TP00037,Revised,29500,26503,2805,1558,0,Under Review,Revised estimate created following scope reconciliation.
CLM00590,EST0001604,2023-11-01,General Contractor,,Revised,35400,31413,1605,2407,0,Partially Accepted,Revised estimate created following scope reconciliation.
CLM00591,EST0001605,2022-08-12,Carrier,,Initial,21400,18673,2299,675,0,Final,Initial carrier estimate following inspection and scope review.
CLM00591,EST0001606,2022-08-09,Roofer,TP00037,Roofer Estimate,20600,17859,1090,1537,114,Under Review,Estimate submitted by involved roofer.
CLM00592,EST0001607,2022-03-17,Carrier,,Initial,21500,16374,2042,279,2805,Final,Initial carrier estimate following inspection and scope review.
CLM00593,EST0001608,2025-11-29,Carrier,,Initial,13200,11817,293,119,971,Superseded,Initial carrier estimate following inspection and scope review.
CLM00593,EST0001609,2025-12-05,Plumber,TP00038,Plumber Estimate,17900,14533,779,1170,1418,Partially Accepted,Estimate submitted by involved plumber.
CLM00594,EST0001610,2025-11-23,Carrier,,Initial,24700,20587,2645,1017,451,Final,Initial carrier estimate following inspection and scope review.
CLM00594,EST0001611,2025-11-25,Roofer,TP00028,Roofer Estimate,34500,26568,3163,2292,2477,Under Review,Estimate submitted by involved roofer.
CLM00595,EST0001612,2022-09-22,Carrier,,Initial,76200,57524,3975,774,13927,Final,Initial carrier estimate following inspection and scope review.
CLM00595,EST0001613,2022-09-26,Electrician,TP00089,Electrician Estimate,83400,70709,5692,2823,4176,Under Review,Estimate submitted by involved electrician.
CLM00595,EST0001614,2022-10-12,Public Adjuster,TP00069,Public Adjuster Estimate,95300,72434,7453,216,15197,Accepted,Estimate package submitted by public adjuster.
CLM00596,EST0001615,2023-10-19,Carrier,,Initial,114400,95228,11518,8681,0,Superseded,Initial carrier estimate following inspection and scope review.
CLM00596,EST0001616,2023-11-10,Roofer,TP00035,Roofer Estimate,186700,155681,17143,4060,9816,Partially Accepted,Estimate submitted by involved roofer.
CLM00596,EST0001617,2024-01-13,Roofer,,Supplement,218200,175201,7651,6347,29001,Under Review,Revised estimate created following scope reconciliation.
CLM00596,EST0001618,2024-01-15,Carrier,,Revised,256200,224986,28183,4412,0,Under Review,Revised estimate created following scope reconciliation.
CLM00596,EST0001619,2023-12-31,Roofer,,Supplement,281600,238736,19968,20473,2423,Partially Accepted,Revised estimate created following scope reconciliation.
CLM00597,EST0001620,2024-05-21,Carrier,,Initial,19100,15087,1198,1300,1515,Superseded,Initial carrier estimate following inspection and scope review.
CLM00597,EST0001621,2024-06-04,Plumber,TP00046,Plumber Estimate,21400,16159,728,1533,2980,Partially Accepted,Estimate submitted by involved plumber.
CLM00597,EST0001622,2024-06-15,Public Adjuster,TP00064,Public Adjuster Estimate,30900,26777,3398,1751,0,Accepted,Estimate package submitted by public adjuster.
CLM00598,EST0001623,2023-04-27,Carrier,,Initial,14600,12985,1629,1070,0,Final,Initial carrier estimate following inspection and scope review.
CLM00598,EST0001624,2023-05-14,Plumber,TP00043,Plumber Estimate,15700,13760,723,373,844,Under Review,Estimate submitted by involved plumber.
CLM00599,EST0001625,2023-05-27,Carrier,,Initial,22300,18102,574,1284,2340,Superseded,Initial carrier estimate following inspection and scope review.
CLM00599,EST0001626,2023-06-06,General Contractor,TP00049,General Contractor Estimate,42600,33614,1628,1605,5753,Partially Accepted,Estimate submitted by involved general contractor.
CLM00600,EST0001627,2022-09-19,Carrier,,Initial,46700,38141,4458,363,3738,Superseded,Initial carrier estimate following inspection and scope review.
CLM00600,EST0001628,2022-09-24,Plumber,TP00040,Plumber Estimate,64800,50704,3889,805,9402,Partially Accepted,Estimate submitted by involved plumber.
CLM00601,EST0001629,2025-04-12,Carrier,,Initial,26100,19383,2889,596,3232,Superseded,Initial carrier estimate following inspection and scope review.
CLM00601,EST0001630,2025-04-14,Plumber,TP00043,Plumber Estimate,29700,25134,1800,741,2025,Partially Accepted,Estimate submitted by involved plumber.
CLM00602,EST0001631,2023-04-24,Carrier,,Initial,18900,15175,1769,1410,546,Final,Initial carrier estimate following inspection and scope review.
CLM00602,EST0001632,2023-04-30,Electrician,TP00091,Electrician Estimate,25100,18604,1190,604,4702,Under Review,Estimate submitted by involved electrician.
CLM00602,EST0001633,2023-04-30,Public Adjuster,TP00065,Public Adjuster Estimate,26700,21200,594,679,4227,Partially Accepted,Estimate package submitted by public adjuster.
CLM00603,EST0001634,2023-05-29,Carrier,,Initial,13700,10378,575,399,2348,Final,Initial carrier estimate following inspection and scope review.
CLM00604,EST0001635,2025-07-26,Carrier,,Initial,82000,66845,5041,1377,8737,Final,Initial carrier estimate following inspection and scope review.
CLM00604,EST0001636,2025-08-14,Roofer,TP00026,Roofer Estimate,187700,156588,10453,8004,12655,Under Review,Estimate submitted by involved roofer.
CLM00605,EST0001637,2022-12-15,Carrier,,Initial,16400,13595,1399,109,1297,Final,Initial carrier estimate following inspection and scope review.
CLM00605,EST0001638,2022-12-25,General Contractor,TP00052,General Contractor Estimate,16300,13833,530,53,1884,Under Review,Estimate submitted by involved general contractor.
CLM00605,EST0001639,2022-12-29,Public Adjuster,TP00065,Public Adjuster Estimate,20600,16171,1623,1116,1690,Accepted,Estimate package submitted by public adjuster.
CLM00606,EST0001640,2023-09-03,Carrier,,Initial,31700,26584,2615,900,1601,Final,Initial carrier estimate following inspection and scope review.
CLM00606,EST0001641,2023-09-21,Plumber,TP00047,Plumber Estimate,41600,31622,2077,744,7157,Under Review,Estimate submitted by involved plumber.
CLM00607,EST0001642,2022-06-26,Carrier,,Initial,43500,35032,3983,2656,1829,Final,Initial carrier estimate following inspection and scope review.
CLM00607,EST0001643,2022-07-13,Roofer,TP00034,Roofer Estimate,49300,39739,1626,2273,5662,Under Review,Estimate submitted by involved roofer.
CLM00607,EST0001644,2022-07-10,Public Adjuster,TP00065,Public Adjuster Estimate,53600,47988,1715,2199,1698,Under Review,Estimate package submitted by public adjuster.
CLM00608,EST0001645,2025-10-06,Carrier,,Initial,35000,26407,3240,793,4560,Final,Initial carrier estimate following inspection and scope review.
CLM00609,EST0001646,2024-12-03,Carrier,,Initial,18100,13572,1662,793,2073,Superseded,Initial carrier estimate following inspection and scope review.
CLM00609,EST0001647,2024-12-14,Roofer,TP00028,Roofer Estimate,21600,16565,984,1528,2523,Partially Accepted,Estimate submitted by involved roofer.
CLM00609,EST0001648,2024-12-24,Public Adjuster,TP00068,Public Adjuster Estimate,26000,21362,2560,623,1455,Accepted,Estimate package submitted by public adjuster.
CLM00609,EST0001649,2025-02-12,General Contractor,,Supplement,30100,26626,1841,896,737,Under Review,Updated estimate following reinspection and documentation review.
CLM00609,EST0001650,2025-03-02,Carrier,TP00028,Revised,37200,30352,2276,1219,3353,Partially Accepted,Revised estimate created following scope reconciliation.
CLM00610,EST0001651,2025-02-15,Carrier,,Initial,30400,25695,3198,2202,0,Superseded,Initial carrier estimate following inspection and scope review.
CLM00610,EST0001652,2025-02-22,Roofer,TP00027,Roofer Estimate,68000,57683,1393,4325,4599,Partially Accepted,Estimate submitted by involved roofer.
CLM00610,EST0001653,2025-05-08,Roofer,,Supplement,77500,61735,4198,4530,7037,Under Review,Updated estimate following reinspection and documentation review.
CLM00610,EST0001654,2025-03-25,Roofer,TP00027,Revised,91300,79972,9851,1755,0,Under Review,Supplemental estimate received with additional repair line items.
CLM00610,EST0001655,2025-05-10,Roofer,TP00027,Revised,93200,76253,3064,5531,8352,Under Review,Updated estimate following reinspection and documentation review.
CLM00610,EST0001656,2025-04-08,Roofer,,Revised,108500,90044,7341,4057,7058,Partially Accepted,Revised estimate created following scope reconciliation.
CLM00611,EST0001657,2022-02-21,Carrier,,Initial,33800,24865,2062,836,6037,Superseded,Initial carrier estimate following inspection and scope review.
CLM00611,EST0001658,2022-02-15,Plumber,TP00046,Plumber Estimate,36100,27908,3379,1799,3014,Partially Accepted,Estimate submitted by involved plumber.
CLM00611,EST0001659,2022-04-02,Carrier,TP00046,Revised,42200,37591,1723,966,1920,Partially Accepted,Updated estimate following reinspection and documentation review.
CLM00612,EST0001660,2024-11-01,Carrier,,Initial,19100,16126,1055,271,1648,Final,Initial carrier estimate following inspection and scope review.
CLM00612,EST0001661,2024-11-14,Roofer,TP00029,Roofer Estimate,19100,16056,1112,588,1344,Under Review,Estimate submitted by involved roofer.
CLM00613,EST0001662,2025-10-09,Carrier,,Initial,15100,11050,452,878,2720,Superseded,Initial carrier estimate following inspection and scope review.
CLM00613,EST0001663,2025-10-16,Roofer,TP00032,Roofer Estimate,14700,12957,1500,788,0,Partially Accepted,Estimate submitted by involved roofer.
CLM00613,EST0001664,2026-01-02,General Contractor,TP00032,Supplement,17500,15454,1101,1007,0,Under Review,Revised estimate created following scope reconciliation.
CLM00613,EST0001665,2025-11-26,Roofer,,Revised,21700,15782,2022,1626,2270,Partially Accepted,Updated estimate following reinspection and documentation review.
CLM00614,EST0001666,2025-03-28,Carrier,,Initial,42300,37566,4155,1620,0,Superseded,Initial carrier estimate following inspection and scope review.
CLM00614,EST0001667,2025-04-12,Roofer,TP00026,Roofer Estimate,94800,73765,5696,1918,13421,Partially Accepted,Estimate submitted by involved roofer.
CLM00614,EST0001668,2025-06-27,General Contractor,,Supplement,104500,89277,10373,6340,0,Under Review,Revised estimate created following scope reconciliation.
CLM00614,EST0001669,2025-06-04,Roofer,TP00026,Revised,113700,90215,9356,6191,7938,Under Review,Revised estimate created following scope reconciliation.
CLM00614,EST0001670,2025-05-25,General Contractor,TP00026,Revised,121600,100690,5127,1883,13900,Partially Accepted,Supplemental estimate received with additional repair line items.
CLM00615,EST0001671,2023-07-28,Carrier,,Initial,7000,5589,258,385,768,Final,Initial carrier estimate following inspection and scope review.
CLM00616,EST0001672,2022-06-12,Carrier,,Initial,13200,11270,777,200,953,Superseded,Initial carrier estimate following inspection and scope review.
CLM00616,EST0001673,2022-06-16,Plumber,TP00041,Plumber Estimate,14200,12229,1338,219,414,Partially Accepted,Estimate submitted by involved plumber.
CLM00617,EST0001674,2022-05-18,Carrier,,Initial,127700,111486,5351,2207,8656,Superseded,Initial carrier estimate following inspection and scope review.
CLM00617,EST0001675,2022-05-17,Electrician,TP00091,Electrician Estimate,165800,132459,13167,3282,16892,Partially Accepted,Estimate submitted by involved electrician.
CLM00617,EST0001676,2022-05-28,Public Adjuster,TP00071,Public Adjuster Estimate,215000,169763,9996,7436,27805,Under Review,Estimate package submitted by public adjuster.
CLM00618,EST0001677,2025-01-05,Carrier,,Initial,9500,7005,284,233,1978,Final,Initial carrier estimate following inspection and scope review.
CLM00618,EST0001678,2025-01-20,Electrician,TP00091,Electrician Estimate,11800,9235,241,476,1848,Under Review,Estimate submitted by involved electrician.
CLM00619,EST0001679,2022-07-08,Carrier,,Initial,23300,18067,2528,1715,990,Final,Initial carrier estimate following inspection and scope review.
CLM00619,EST0001680,2022-07-26,Roofer,TP00026,Roofer Estimate,24900,18228,2114,440,4118,Under Review,Estimate submitted by involved roofer.
CLM00620,EST0001681,2025-12-24,Carrier,,Initial,28200,24976,2007,1441,0,Final,Initial carrier estimate following inspection and scope review.
CLM00620,EST0001682,2025-12-21,Plumber,TP00046,Plumber Estimate,38400,31872,4382,1461,685,Under Review,Estimate submitted by involved plumber.
CLM00620,EST0001683,2026-01-11,Public Adjuster,TP00067,Public Adjuster Estimate,39200,34122,1821,930,2327,Partially Accepted,Estimate package submitted by public adjuster.
CLM00621,EST0001684,2022-07-24,Carrier,,Initial,6000,5369,274,193,164,Superseded,Initial carrier estimate following inspection and scope review.
CLM00621,EST0001685,2022-07-19,General Contractor,TP00050,General Contractor Estimate,13300,11244,446,420,1190,Partially Accepted,Estimate submitted by involved general contractor.
CLM00621,EST0001686,2022-10-18,General Contractor,TP00050,Revised,16600,13137,1161,730,1572,Under Review,Updated estimate following reinspection and documentation review.
CLM00621,EST0001687,2022-10-12,Carrier,TP00050,Supplement,19900,16243,1342,901,1414,Under Review,Updated estimate following reinspection and documentation review.
CLM00621,EST0001688,2022-09-18,General Contractor,TP00050,Supplement,20600,16602,654,271,3073,Partially Accepted,Supplemental estimate received with additional repair line items.
CLM00622,EST0001689,2025-12-15,Carrier,,Initial,57100,44855,4582,2959,4704,Superseded,Initial carrier estimate following inspection and scope review.
CLM00622,EST0001690,2025-12-09,Roofer,TP00027,Roofer Estimate,116200,91141,6397,3207,15455,Partially Accepted,Estimate submitted by involved roofer.
CLM00622,EST0001691,2026-03-07,General Contractor,TP00027,Supplement,137900,100387,13558,5084,18871,Under Review,Revised estimate created following scope reconciliation.
CLM00622,EST0001692,2026-01-06,Roofer,,Supplement,147200,127982,14814,3624,780,Partially Accepted,Supplemental estimate received with additional repair line items.
CLM00623,EST0001693,2024-10-21,Carrier,,Initial,22800,19491,2678,1689,0,Superseded,Initial carrier estimate following inspection and scope review.
CLM00623,EST0001694,2024-11-06,Roofer,TP00031,Roofer Estimate,24400,19440,979,1531,2450,Partially Accepted,Estimate submitted by involved roofer.
CLM00623,EST0001695,2025-01-15,Roofer,TP00031,Supplement,29000,23572,2854,1394,1180,Under Review,Revised estimate created following scope reconciliation.
CLM00623,EST0001696,2025-01-29,General Contractor,,Supplement,34700,28745,2313,2631,1011,Partially Accepted,Revised estimate created following scope reconciliation.
CLM00624,EST0001697,2022-06-04,Carrier,,Initial,3900,3104,227,96,473,Superseded,Initial carrier estimate following inspection and scope review.
CLM00624,EST0001698,2022-06-10,General Contractor,TP00056,General Contractor Estimate,4900,4031,342,383,144,Partially Accepted,Estimate submitted by involved general contractor.
CLM00624,EST0001699,2022-08-29,General Contractor,,Supplement,5200,4465,260,124,351,Partially Accepted,Supplemental estimate received with additional repair line items.
CLM00625,EST0001700,2024-04-06,Carrier,,Initial,76500,63925,2633,3459,6483,Final,Initial carrier estimate following inspection and scope review.
CLM00625,EST0001701,2024-04-12,Roofer,TP00036,Roofer Estimate,92900,69366,5661,2651,15222,Under Review,Estimate submitted by involved roofer.
CLM00626,EST0001702,2024-01-25,Carrier,,Initial,80600,68962,4991,5719,928,Superseded,Initial carrier estimate following inspection and scope review.
CLM00626,EST0001703,2024-02-07,Electrician,TP00090,Electrician Estimate,86600,72330,2186,3,12081,Partially Accepted,Estimate submitted by involved electrician.
CLM00626,EST0001704,2024-02-05,Public Adjuster,TP00066,Public Adjuster Estimate,116500,92751,3124,1394,19231,Under Review,Estimate package submitted by public adjuster.
CLM00627,EST0001705,2024-05-30,Carrier,,Initial,22500,19430,1809,1185,76,Final,Initial carrier estimate following inspection and scope review.
CLM00627,EST0001706,2024-06-05,Roofer,TP00028,Roofer Estimate,21100,16200,2298,110,2492,Under Review,Estimate submitted by involved roofer.
CLM00628,EST0001707,2022-02-08,Carrier,,Initial,24500,19131,641,596,4132,Final,Initial carrier estimate following inspection and scope review.
CLM00628,EST0001708,2022-02-19,Plumber,TP00045,Plumber Estimate,27700,21379,2591,1240,2490,Under Review,Estimate submitted by involved plumber.
CLM00629,EST0001709,2023-04-08,Carrier,,Initial,6200,4625,348,495,732,Final,Initial carrier estimate following inspection and scope review.
CLM00629,EST0001710,2023-04-27,Plumber,TP00042,Plumber Estimate,6500,5270,415,24,791,Under Review,Estimate submitted by involved plumber.
CLM00630,EST0001711,2022-10-12,Carrier,,Initial,65700,55015,4270,1778,4637,Final,Initial carrier estimate following inspection and scope review.
CLM00630,EST0001712,2022-10-21,Roofer,TP00026,Roofer Estimate,88700,65463,3908,5999,13330,Under Review,Estimate submitted by involved roofer.
CLM00631,EST0001713,2025-04-01,Carrier,,Initial,8400,7071,956,183,190,Final,Initial carrier estimate following inspection and scope review.
CLM00631,EST0001714,2025-04-08,Roofer,TP00029,Roofer Estimate,8600,6529,832,169,1070,Under Review,Estimate submitted by involved roofer.
CLM00632,EST0001715,2025-06-06,Carrier,,Initial,55500,47779,6014,2055,0,Superseded,Initial carrier estimate following inspection and scope review.
CLM00632,EST0001716,2025-06-04,Electrician,TP00092,Electrician Estimate,63200,47547,6716,854,8083,Partially Accepted,Estimate submitted by involved electrician.
CLM00632,EST0001717,2025-06-13,Public Adjuster,TP00064,Public Adjuster Estimate,83600,74281,5538,3482,299,Under Review,Estimate package submitted by public adjuster.
CLM00632,EST0001718,2025-07-07,General Contractor,TP00092,Revised,94200,84194,5864,2575,1567,Partially Accepted,Supplemental estimate received with additional repair line items.
CLM00633,EST0001719,2024-10-12,Carrier,,Initial,39800,31157,2115,73,6455,Superseded,Initial carrier estimate following inspection and scope review.
CLM00633,EST0001720,2024-10-22,Roofer,TP00027,Roofer Estimate,39200,29474,4021,413,5292,Partially Accepted,Estimate submitted by involved roofer.
CLM00634,EST0001721,2022-10-15,Carrier,,Initial,101200,73622,8332,7245,12001,Final,Initial carrier estimate following inspection and scope review.
CLM00635,EST0001722,2024-02-13,Carrier,,Initial,22400,19915,1092,767,626,Superseded,Initial carrier estimate following inspection and scope review.
CLM00635,EST0001723,2024-02-15,Roofer,TP00036,Roofer Estimate,23200,17244,598,1600,3758,Partially Accepted,Estimate submitted by involved roofer.
CLM00635,EST0001724,2024-03-03,Public Adjuster,TP00070,Public Adjuster Estimate,35900,31980,3784,22,114,Partially Accepted,Estimate package submitted by public adjuster.
CLM00635,EST0001725,2024-04-24,Roofer,,Supplement,39700,32786,3267,425,3222,Partially Accepted,Updated estimate following reinspection and documentation review.
CLM00636,EST0001726,2023-12-22,Carrier,,Initial,28600,22359,2532,1405,2304,Superseded,Initial carrier estimate following inspection and scope review.
CLM00636,EST0001727,2023-12-28,Roofer,TP00029,Roofer Estimate,44000,38149,1935,171,3745,Partially Accepted,Estimate submitted by involved roofer.
CLM00636,EST0001728,2024-01-21,Carrier,TP00029,Supplement,47700,38852,2482,265,6101,Under Review,Updated estimate following reinspection and documentation review.
CLM00636,EST0001729,2024-02-20,Roofer,,Revised,54900,44306,1217,2439,6938,Under Review,Supplemental estimate received with additional repair line items.
CLM00636,EST0001730,2024-02-18,General Contractor,,Revised,65800,57562,1860,1801,4577,Under Review,Supplemental estimate received with additional repair line items.
CLM00636,EST0001731,2024-03-10,Carrier,TP00029,Revised,73300,60484,2212,5755,4849,Partially Accepted,Updated estimate following reinspection and documentation review.
CLM00637,EST0001732,2025-06-01,Carrier,,Initial,12300,9333,318,653,1996,Final,Initial carrier estimate following inspection and scope review.
CLM00638,EST0001733,2023-12-09,Carrier,,Initial,44900,34797,1741,2654,5708,Final,Initial carrier estimate following inspection and scope review.
CLM00638,EST0001734,2023-12-23,Roofer,TP00036,Roofer Estimate,61400,50156,6959,3243,1042,Under Review,Estimate submitted by involved roofer.
CLM00639,EST0001735,2023-03-11,Carrier,,Initial,37200,29559,1795,1200,4646,Final,Initial carrier estimate following inspection and scope review.
CLM00639,EST0001736,2023-03-16,Roofer,TP00033,Roofer Estimate,43600,32241,4635,81,6643,Under Review,Estimate submitted by involved roofer.
CLM00640,EST0001737,2023-12-14,Carrier,,Initial,46400,36433,4747,1191,4029,Superseded,Initial carrier estimate following inspection and scope review.
CLM00640,EST0001738,2023-12-24,Roofer,TP00026,Roofer Estimate,105500,81758,6354,7807,9581,Partially Accepted,Estimate submitted by involved roofer.
CLM00641,EST0001739,2025-02-12,Carrier,,Initial,23600,19765,1501,1242,1092,Superseded,Initial carrier estimate following inspection and scope review.
CLM00641,EST0001740,2025-02-26,Roofer,TP00031,Roofer Estimate,28900,25861,703,1382,954,Partially Accepted,Estimate submitted by involved roofer.
CLM00641,EST0001741,2025-02-17,Public Adjuster,TP00066,Public Adjuster Estimate,42000,37556,3658,2571,0,Partially Accepted,Estimate package submitted by public adjuster.
CLM00642,EST0001742,2023-08-23,Carrier,,Initial,13700,11285,630,106,1679,Final,Initial carrier estimate following inspection and scope review.
CLM00642,EST0001743,2023-09-01,General Contractor,TP00050,General Contractor Estimate,14400,12096,557,1073,674,Under Review,Estimate submitted by involved general contractor.
CLM00643,EST0001744,2024-06-02,Carrier,,Initial,100800,75358,8940,3479,13023,Final,Initial carrier estimate following inspection and scope review.
CLM00643,EST0001745,2024-06-23,Roofer,TP00036,Roofer Estimate,123500,96805,4817,4054,17824,Under Review,Estimate submitted by involved roofer.
CLM00643,EST0001746,2024-06-29,Public Adjuster,TP00071,Public Adjuster Estimate,121000,98699,6247,4312,11742,Partially Accepted,Estimate package submitted by public adjuster.
CLM00644,EST0001747,2022-12-26,Carrier,,Initial,30800,24861,3195,130,2614,Final,Initial carrier estimate following inspection and scope review.
CLM00645,EST0001748,2023-11-04,Carrier,,Initial,17800,15258,1741,306,495,Final,Initial carrier estimate following inspection and scope review.
CLM00646,EST0001749,2025-02-19,Carrier,,Initial,25800,22875,2165,1294,0,Final,Initial carrier estimate following inspection and scope review.
CLM00647,EST0001750,2023-01-28,Carrier,,Initial,176300,142737,11148,11694,10721,Superseded,Initial carrier estimate following inspection and scope review.
CLM00647,EST0001751,2023-02-06,Electrician,TP00090,Electrician Estimate,385300,315653,20788,26843,22016,Partially Accepted,Estimate submitted by involved electrician.
CLM00647,EST0001752,2023-03-10,Carrier,TP00090,Revised,420500,310508,14661,1054,94277,Partially Accepted,Supplemental estimate received with additional repair line items.
CLM00648,EST0001753,2024-05-14,Carrier,,Initial,35300,28074,844,1242,5140,Final,Initial carrier estimate following inspection and scope review.
CLM00649,EST0001754,2025-05-13,Carrier,,Initial,134400,113872,12934,3754,3840,Final,Initial carrier estimate following inspection and scope review.
CLM00649,EST0001755,2025-06-03,Electrician,TP00090,Electrician Estimate,139900,122041,2820,7834,7205,Under Review,Estimate submitted by involved electrician.
CLM00650,EST0001756,2025-08-26,Carrier,,Initial,182800,160353,4676,6931,10840,Final,Initial carrier estimate following inspection and scope review.
CLM00650,EST0001757,2025-08-25,Electrician,TP00090,Electrician Estimate,211600,164713,7644,4275,34968,Under Review,Estimate submitted by involved electrician.
CLM00651,EST0001758,2022-05-04,Carrier,,Initial,96000,83087,8449,3206,1258,Final,Initial carrier estimate following inspection and scope review.
CLM00652,EST0001759,2024-09-30,Carrier,,Initial,40100,34236,4505,2848,0,Final,Initial carrier estimate following inspection and scope review.
CLM00652,EST0001760,2024-10-04,Plumber,TP00038,Plumber Estimate,69600,53390,8023,5391,2796,Under Review,Estimate submitted by involved plumber.
CLM00653,EST0001761,2025-07-11,Carrier,,Initial,21200,17217,1675,646,1662,Final,Initial carrier estimate following inspection and scope review.
CLM00654,EST0001762,2025-10-11,Carrier,,Initial,31600,23113,2194,464,5829,Superseded,Initial carrier estimate following inspection and scope review.
CLM00654,EST0001763,2025-10-22,Plumber,TP00046,Plumber Estimate,35900,31358,2156,579,1807,Partially Accepted,Estimate submitted by involved plumber.
CLM00654,EST0001764,2025-12-06,Carrier,TP00046,Supplement,40700,32164,2163,3194,3179,Under Review,Revised estimate created following scope reconciliation.
CLM00654,EST0001765,2025-12-06,Carrier,,Supplement,46100,38625,4683,1833,959,Partially Accepted,Revised estimate created following scope reconciliation.
CLM00655,EST0001766,2023-04-09,Carrier,,Initial,43600,35839,1272,2671,3818,Superseded,Initial carrier estimate following inspection and scope review.
CLM00655,EST0001767,2023-04-13,Plumber,TP00042,Plumber Estimate,40400,30699,4737,2077,2887,Partially Accepted,Estimate submitted by involved plumber.
CLM00655,EST0001768,2023-04-19,Public Adjuster,TP00065,Public Adjuster Estimate,61100,50047,6728,4425,0,Partially Accepted,Estimate package submitted by public adjuster.
CLM00656,EST0001769,2022-06-26,Carrier,,Initial,50400,40871,5966,2895,668,Superseded,Initial carrier estimate following inspection and scope review.
CLM00656,EST0001770,2022-06-27,Roofer,TP00029,Roofer Estimate,51200,37372,2487,2238,9103,Partially Accepted,Estimate submitted by involved roofer.
CLM00657,EST0001771,2024-04-13,Carrier,,Initial,7100,5214,258,350,1278,Final,Initial carrier estimate following inspection and scope review.
CLM00658,EST0001772,2024-10-21,Carrier,,Initial,39400,33023,3938,496,1943,Superseded,Initial carrier estimate following inspection and scope review.
CLM00658,EST0001773,2024-10-26,Roofer,TP00036,Roofer Estimate,51700,43509,2605,964,4622,Partially Accepted,Estimate submitted by involved roofer.
CLM00658,EST0001774,2025-01-09,Roofer,,Revised,56300,44243,6355,4031,1671,Partially Accepted,Updated estimate following reinspection and documentation review.
CLM00659,EST0001775,2024-11-15,Carrier,,Initial,117300,87587,6190,5538,17985,Superseded,Initial carrier estimate following inspection and scope review.
CLM00659,EST0001776,2024-11-28,Electrician,TP00092,Electrician Estimate,145200,130230,12318,908,1744,Partially Accepted,Estimate submitted by involved electrician.
CLM00659,EST0001777,2024-12-11,Public Adjuster,TP00065,Public Adjuster Estimate,193600,160359,9056,11253,12932,Accepted,Estimate package submitted by public adjuster.
CLM00659,EST0001778,2025-02-04,General Contractor,TP00092,Supplement,237100,204143,18245,12420,2292,Partially Accepted,Updated estimate following reinspection and documentation review.
CLM00660,EST0001779,2025-01-24,Carrier,,Initial,37500,32787,3162,1444,107,Final,Initial carrier estimate following inspection and scope review.
CLM00660,EST0001780,2025-02-08,Roofer,TP00028,Roofer Estimate,49200,36547,4396,1919,6338,Under Review,Estimate submitted by involved roofer.
CLM00660,EST0001781,2025-02-06,Public Adjuster,TP00066,Public Adjuster Estimate,56300,48723,2344,1633,3600,Accepted,Estimate package submitted by public adjuster.
CLM00661,EST0001782,2025-12-01,Carrier,,Initial,97100,86819,2487,5532,2262,Superseded,Initial carrier estimate following inspection and scope review.
CLM00661,EST0001783,2025-12-07,Electrician,TP00091,Electrician Estimate,127600,111723,3526,8096,4255,Partially Accepted,Estimate submitted by involved electrician.
CLM00661,EST0001784,2025-12-03,Public Adjuster,TP00066,Public Adjuster Estimate,156700,120296,12969,732,22703,Accepted,Estimate package submitted by public adjuster.
CLM00661,EST0001785,2026-02-09,General Contractor,TP00091,Supplement,189500,167421,9630,2088,10361,Under Review,Revised estimate created following scope reconciliation.
CLM00661,EST0001786,2026-01-19,General Contractor,,Revised,216800,188659,17846,6367,3928,Partially Accepted,Revised estimate created following scope reconciliation.
CLM00662,EST0001787,2022-07-20,Carrier,,Initial,106600,80648,11474,6315,8163,Superseded,Initial carrier estimate following inspection and scope review.
CLM00662,EST0001788,2022-08-06,Electrician,TP00089,Electrician Estimate,121200,95945,8947,7960,8348,Partially Accepted,Estimate submitted by involved electrician.
CLM00662,EST0001789,2022-08-08,Public Adjuster,TP00064,Public Adjuster Estimate,140100,106661,15563,1216,16660,Accepted,Estimate package submitted by public adjuster.
CLM00663,EST0001790,2024-10-09,Carrier,,Initial,13100,10121,814,313,1852,Final,Initial carrier estimate following inspection and scope review.
CLM00663,EST0001791,2024-10-07,Electrician,TP00092,Electrician Estimate,14300,10585,1454,912,1349,Under Review,Estimate submitted by involved electrician.
CLM00664,EST0001792,2024-10-15,Carrier,,Initial,61000,47631,5649,980,6740,Final,Initial carrier estimate following inspection and scope review.
CLM00665,EST0001793,2025-06-26,Carrier,,Initial,33200,25933,1663,419,5185,Superseded,Initial carrier estimate following inspection and scope review.
CLM00665,EST0001794,2025-06-25,Roofer,TP00035,Roofer Estimate,63100,54099,4005,1964,3032,Partially Accepted,Estimate submitted by involved roofer.
CLM00665,EST0001795,2025-09-26,Roofer,,Supplement,68800,61853,3599,3801,0,Partially Accepted,Updated estimate following reinspection and documentation review.
CLM00666,EST0001796,2024-10-08,Carrier,,Initial,14900,12787,1712,1077,0,Superseded,Initial carrier estimate following inspection and scope review.
CLM00666,EST0001797,2024-10-30,Roofer,TP00030,Roofer Estimate,20300,15099,464,1212,3525,Partially Accepted,Estimate submitted by involved roofer.
CLM00666,EST0001798,2024-11-27,Carrier,,Supplement,20700,17216,615,631,2238,Partially Accepted,Revised estimate created following scope reconciliation.
CLM00667,EST0001799,2024-04-11,Carrier,,Initial,14400,12629,721,968,82,Superseded,Initial carrier estimate following inspection and scope review.
CLM00667,EST0001800,2024-04-14,Roofer,TP00032,Roofer Estimate,18300,14136,702,1043,2419,Partially Accepted,Estimate submitted by involved roofer.
CLM00667,EST0001801,2024-04-11,Public Adjuster,TP00071,Public Adjuster Estimate,24300,19317,1671,1864,1448,Partially Accepted,Estimate package submitted by public adjuster.
CLM00668,EST0001802,2025-01-16,Carrier,,Initial,11700,10125,1182,59,334,Superseded,Initial carrier estimate following inspection and scope review.
CLM00668,EST0001803,2025-01-28,Roofer,TP00036,Roofer Estimate,22400,18482,634,950,2334,Partially Accepted,Estimate submitted by involved roofer.
CLM00668,EST0001804,2025-03-11,Carrier,TP00036,Supplement,23700,21004,605,1104,987,Under Review,Supplemental estimate received with additional repair line items.
CLM00668,EST0001805,2025-04-02,Carrier,,Supplement,24800,21975,1832,1620,0,Under Review,Revised estimate created following scope reconciliation.
CLM00668,EST0001806,2025-03-13,Carrier,TP00036,Revised,26400,20151,2926,1594,1729,Partially Accepted,Supplemental estimate received with additional repair line items.
CLM00669,EST0001807,2024-11-27,Carrier,,Initial,36800,32736,3210,2662,0,Superseded,Initial carrier estimate following inspection and scope review.
CLM00669,EST0001808,2024-12-20,Electrician,TP00092,Electrician Estimate,45100,37959,2577,1166,3398,Partially Accepted,Estimate submitted by involved electrician.
CLM00670,EST0001809,2025-06-07,Carrier,,Initial,31900,23347,2758,2224,3571,Superseded,Initial carrier estimate following inspection and scope review.
CLM00670,EST0001810,2025-06-13,Plumber,TP00045,Plumber Estimate,43300,36252,2467,2717,1864,Partially Accepted,Estimate submitted by involved plumber.
CLM00671,EST0001811,2023-04-22,Carrier,,Initial,35700,30982,2368,1672,678,Superseded,Initial carrier estimate following inspection and scope review.
CLM00671,EST0001812,2023-04-25,Roofer,TP00035,Roofer Estimate,36300,30262,3196,1962,880,Partially Accepted,Estimate submitted by involved roofer.
CLM00671,EST0001813,2023-06-25,Roofer,,Revised,45200,35815,3971,3528,1886,Partially Accepted,Revised estimate created following scope reconciliation.
CLM00672,EST0001814,2024-12-01,Carrier,,Initial,65200,57328,4065,2205,1602,Superseded,Initial carrier estimate following inspection and scope review.
CLM00672,EST0001815,2024-12-03,Roofer,TP00032,Roofer Estimate,65300,48052,7421,4897,4930,Partially Accepted,Estimate submitted by involved roofer.
CLM00672,EST0001816,2024-12-22,General Contractor,TP00032,Revised,71000,53999,2090,3063,11848,Partially Accepted,Revised estimate created following scope reconciliation.
CLM00673,EST0001817,2025-03-28,Carrier,,Initial,106700,79849,6546,7532,12773,Final,Initial carrier estimate following inspection and scope review.
CLM00673,EST0001818,2025-04-06,Roofer,TP00035,Roofer Estimate,124600,99378,7245,7466,10511,Under Review,Estimate submitted by involved roofer.
CLM00674,EST0001819,2022-04-02,Carrier,,Initial,42000,30667,1024,2501,7808,Superseded,Initial carrier estimate following inspection and scope review.
CLM00674,EST0001820,2022-04-08,Plumber,TP00045,Plumber Estimate,45400,36726,3977,2133,2564,Partially Accepted,Estimate submitted by involved plumber.
CLM00674,EST0001821,2022-05-30,Carrier,,Revised,47800,38843,1338,3659,3960,Partially Accepted,Revised estimate created following scope reconciliation.
CLM00675,EST0001822,2022-03-30,Carrier,,Initial,34500,29985,4040,2118,0,Superseded,Initial carrier estimate following inspection and scope review.
CLM00675,EST0001823,2022-04-14,Roofer,TP00033,Roofer Estimate,36800,31211,1107,174,4308,Partially Accepted,Estimate submitted by involved roofer.
CLM00675,EST0001824,2022-07-03,Carrier,,Revised,42000,32325,2063,2949,4663,Under Review,Updated estimate following reinspection and documentation review.
CLM00675,EST0001825,2022-05-19,General Contractor,,Revised,46000,33447,1609,2826,8118,Partially Accepted,Revised estimate created following scope reconciliation.
CLM00676,EST0001826,2022-11-17,Carrier,,Initial,7600,6445,547,464,144,Superseded,Initial carrier estimate following inspection and scope review.
CLM00676,EST0001827,2022-12-11,General Contractor,TP00057,General Contractor Estimate,9500,7389,374,602,1135,Partially Accepted,Estimate submitted by involved general contractor.
CLM00676,EST0001828,2023-01-23,Carrier,,Supplement,11700,10506,455,398,341,Partially Accepted,Updated estimate following reinspection and documentation review.
CLM00677,EST0001829,2025-07-24,Carrier,,Initial,46100,37224,2925,2125,3826,Superseded,Initial carrier estimate following inspection and scope review.
CLM00677,EST0001830,2025-07-23,Roofer,TP00029,Roofer Estimate,44400,34024,1189,3318,5869,Partially Accepted,Estimate submitted by involved roofer.
CLM00677,EST0001831,2025-09-14,Carrier,TP00029,Revised,45400,36574,2175,1186,5465,Under Review,Updated estimate following reinspection and documentation review.
CLM00677,EST0001832,2025-08-28,General Contractor,,Supplement,55900,48755,2147,3295,1703,Partially Accepted,Supplemental estimate received with additional repair line items.
CLM00678,EST0001833,2024-03-05,Carrier,,Initial,7700,6608,385,540,167,Final,Initial carrier estimate following inspection and scope review.
CLM00678,EST0001834,2024-03-22,General Contractor,TP00050,General Contractor Estimate,7800,6818,228,485,269,Under Review,Estimate submitted by involved general contractor.
CLM00679,EST0001835,2023-03-09,Carrier,,Initial,155800,125463,15707,7824,6806,Superseded,Initial carrier estimate following inspection and scope review.
CLM00679,EST0001836,2023-03-28,Electrician,TP00090,Electrician Estimate,197000,166049,19432,10693,826,Partially Accepted,Estimate submitted by involved electrician.
CLM00679,EST0001837,2023-06-07,Electrician,,Supplement,217700,184208,8131,2729,22632,Partially Accepted,Updated estimate following reinspection and documentation review.
CLM00680,EST0001838,2023-09-17,Carrier,,Initial,10900,8452,1114,314,1020,Superseded,Initial carrier estimate following inspection and scope review.
CLM00680,EST0001839,2023-09-18,General Contractor,TP00055,General Contractor Estimate,12300,9687,380,255,1978,Partially Accepted,Estimate submitted by involved general contractor.
CLM00680,EST0001840,2023-09-20,Public Adjuster,TP00064,Public Adjuster Estimate,16300,13116,471,62,2651,Under Review,Estimate package submitted by public adjuster.
CLM00681,EST0001841,2024-05-23,Carrier,,Initial,29800,24551,2978,1926,345,Final,Initial carrier estimate following inspection and scope review.
CLM00681,EST0001842,2024-06-11,Electrician,TP00092,Electrician Estimate,26800,20419,2825,72,3484,Under Review,Estimate submitted by involved electrician.
CLM00682,EST0001843,2022-10-25,Carrier,,Initial,7000,5261,315,54,1370,Final,Initial carrier estimate following inspection and scope review.
CLM00682,EST0001844,2022-11-06,General Contractor,TP00050,General Contractor Estimate,6600,5212,516,319,553,Under Review,Estimate submitted by involved general contractor.
CLM00683,EST0001845,2024-07-19,Carrier,,Initial,47900,41755,1484,3347,1314,Final,Initial carrier estimate following inspection and scope review.
CLM00684,EST0001846,2023-11-07,Carrier,,Initial,42200,32840,1728,2439,5193,Superseded,Initial carrier estimate following inspection and scope review.
CLM00684,EST0001847,2023-11-14,Electrician,TP00089,Electrician Estimate,45400,34164,5309,1344,4583,Partially Accepted,Estimate submitted by involved electrician.
CLM00684,EST0001848,2024-01-13,Electrician,,Supplement,56200,40987,5419,3596,6198,Under Review,Updated estimate following reinspection and documentation review.
CLM00684,EST0001849,2023-12-15,General Contractor,TP00089,Revised,57700,46398,4688,2560,4054,Partially Accepted,Supplemental estimate received with additional repair line items.
CLM00685,EST0001850,2022-06-04,Carrier,,Initial,28300,23400,1173,1258,2469,Final,Initial carrier estimate following inspection and scope review.
CLM00686,EST0001851,2025-12-03,Carrier,,Initial,11800,8713,1227,411,1449,Superseded,Initial carrier estimate following inspection and scope review.
CLM00686,EST0001852,2025-12-12,Plumber,TP00042,Plumber Estimate,11200,9086,581,645,888,Partially Accepted,Estimate submitted by involved plumber.
CLM00686,EST0001853,2025-12-25,Public Adjuster,TP00070,Public Adjuster Estimate,15400,12485,505,824,1586,Accepted,Estimate package submitted by public adjuster.
CLM00687,EST0001854,2022-05-09,Carrier,,Initial,45000,39758,2513,3583,0,Superseded,Initial carrier estimate following inspection and scope review.
CLM00687,EST0001855,2022-05-23,Plumber,TP00039,Plumber Estimate,95400,76610,4637,2071,12082,Partially Accepted,Estimate submitted by involved plumber.
CLM00687,EST0001856,2022-07-18,Carrier,,Supplement,112100,100637,3914,6618,931,Under Review,Revised estimate created following scope reconciliation.
CLM00687,EST0001857,2022-07-03,Plumber,,Revised,118800,96988,5885,315,15612,Under Review,Updated estimate following reinspection and documentation review.
CLM00687,EST0001858,2022-06-19,General Contractor,,Supplement,147500,123540,16576,8356,0,Partially Accepted,Supplemental estimate received with additional repair line items.
CLM00688,EST0001859,2022-04-05,Carrier,,Initial,27900,20263,2309,1588,3740,Final,Initial carrier estimate following inspection and scope review.
CLM00689,EST0001860,2023-03-30,Carrier,,Initial,54300,44380,1853,1031,7036,Final,Initial carrier estimate following inspection and scope review.
CLM00689,EST0001861,2023-03-30,Roofer,TP00027,Roofer Estimate,72200,62882,6560,2707,51,Under Review,Estimate submitted by involved roofer.
CLM00690,EST0001862,2022-09-04,Carrier,,Initial,22000,19796,451,1536,217,Final,Initial carrier estimate following inspection and scope review.
CLM00690,EST0001863,2022-09-20,General Contractor,TP00051,General Contractor Estimate,27800,21090,2757,2105,1848,Under Review,Estimate submitted by involved general contractor.
CLM00691,EST0001864,2023-04-18,Carrier,,Initial,15700,12249,1671,223,1557,Final,Initial carrier estimate following inspection and scope review.
CLM00691,EST0001865,2023-04-30,General Contractor,TP00057,General Contractor Estimate,19100,15523,1156,948,1473,Under Review,Estimate submitted by involved general contractor.
CLM00692,EST0001866,2023-10-22,Carrier,,Initial,10100,7624,515,697,1264,Final,Initial carrier estimate following inspection and scope review.
CLM00692,EST0001867,2023-11-17,Plumber,TP00039,Plumber Estimate,13200,10162,1428,849,761,Under Review,Estimate submitted by involved plumber.
CLM00693,EST0001868,2024-10-24,Carrier,,Initial,21300,15574,1128,1432,3166,Final,Initial carrier estimate following inspection and scope review.
CLM00693,EST0001869,2024-11-03,Roofer,TP00030,Roofer Estimate,35300,29752,2903,712,1933,Under Review,Estimate submitted by involved roofer.
CLM00694,EST0001870,2025-06-07,Carrier,,Initial,31500,27177,1297,1496,1530,Final,Initial carrier estimate following inspection and scope review.
CLM00694,EST0001871,2025-07-01,General Contractor,TP00056,General Contractor Estimate,28700,22227,3360,1807,1306,Under Review,Estimate submitted by involved general contractor.
CLM00695,EST0001872,2023-04-20,Carrier,,Initial,42900,34740,3081,3279,1800,Final,Initial carrier estimate following inspection and scope review.
CLM00695,EST0001873,2023-04-28,Plumber,TP00039,Plumber Estimate,48700,37289,3170,2882,5359,Under Review,Estimate submitted by involved plumber.
CLM00696,EST0001874,2025-07-01,Carrier,,Initial,22500,19849,1807,1107,0,Superseded,Initial carrier estimate following inspection and scope review.
CLM00696,EST0001875,2025-07-24,Roofer,TP00030,Roofer Estimate,29900,22150,2258,2375,3117,Partially Accepted,Estimate submitted by involved roofer.
CLM00696,EST0001876,2025-07-15,Public Adjuster,TP00070,Public Adjuster Estimate,29900,21781,1175,2360,4584,Accepted,Estimate package submitted by public adjuster.
CLM00696,EST0001877,2025-09-27,Carrier,TP00030,Revised,32800,29288,3518,2319,0,Partially Accepted,Revised estimate created following scope reconciliation.
CLM00697,EST0001878,2023-09-24,Carrier,,Initial,42000,36064,3947,61,1928,Final,Initial carrier estimate following inspection and scope review.
CLM00697,EST0001879,2023-10-09,Roofer,TP00028,Roofer Estimate,38400,31375,2984,2460,1581,Under Review,Estimate submitted by involved roofer.
CLM00697,EST0001880,2023-10-14,Public Adjuster,TP00069,Public Adjuster Estimate,75300,66985,6496,3805,0,Partially Accepted,Estimate package submitted by public adjuster.
CLM00698,EST0001881,2025-02-14,Carrier,,Initial,26100,22421,2677,1839,0,Superseded,Initial carrier estimate following inspection and scope review.
CLM00698,EST0001882,2025-02-19,Roofer,TP00027,Roofer Estimate,32300,28463,3057,2090,0,Partially Accepted,Estimate submitted by involved roofer.
CLM00699,EST0001883,2025-10-30,Carrier,,Initial,16500,12329,765,593,2813,Superseded,Initial carrier estimate following inspection and scope review.
CLM00699,EST0001884,2025-11-12,Roofer,TP00029,Roofer Estimate,17900,14318,944,559,2079,Partially Accepted,Estimate submitted by involved roofer.
CLM00699,EST0001885,2025-11-06,Public Adjuster,TP00068,Public Adjuster Estimate,20600,18318,2389,672,0,Partially Accepted,Estimate package submitted by public adjuster.
CLM00699,EST0001886,2026-01-31,Carrier,,Supplement,22300,17495,1897,436,2472,Under Review,Revised estimate created following scope reconciliation.
CLM00699,EST0001887,2025-12-04,General Contractor,TP00029,Revised,23800,20139,2195,883,583,Partially Accepted,Supplemental estimate received with additional repair line items.
CLM00700,EST0001888,2024-10-26,Carrier,,Initial,50400,41140,5914,2626,720,Superseded,Initial carrier estimate following inspection and scope review.
CLM00700,EST0001889,2024-10-26,Roofer,TP00026,Roofer Estimate,69600,50859,7761,765,10215,Partially Accepted,Estimate submitted by involved roofer.
CLM00700,EST0001890,2025-01-04,Roofer,TP00026,Supplement,72200,63320,3925,4182,773,Partially Accepted,Updated estimate following reinspection and documentation review.
CLM00701,EST0001891,2025-09-21,Carrier,,Initial,15100,13318,365,1065,352,Final,Initial carrier estimate following inspection and scope review.
CLM00701,EST0001892,2025-10-06,Electrician,TP00092,Electrician Estimate,19500,16284,584,442,2190,Under Review,Estimate submitted by involved electrician.
CLM00702,EST0001893,2023-04-29,Carrier,,Initial,15700,13571,1069,575,485,Final,Initial carrier estimate following inspection and scope review.
CLM00702,EST0001894,2023-05-24,Plumber,TP00039,Plumber Estimate,21700,19211,1325,744,420,Under Review,Estimate submitted by involved plumber.
CLM00702,EST0001895,2023-05-26,Public Adjuster,TP00070,Public Adjuster Estimate,24100,19317,727,1288,2768,Under Review,Estimate package submitted by public adjuster.
CLM00703,EST0001896,2025-04-21,Carrier,,Initial,7400,5490,219,413,1278,Final,Initial carrier estimate following inspection and scope review.
CLM00703,EST0001897,2025-04-25,Roofer,TP00034,Roofer Estimate,7000,5626,172,187,1015,Under Review,Estimate submitted by involved roofer.
CLM00704,EST0001898,2022-10-13,Carrier,,Initial,155900,135243,18483,5613,0,Superseded,Initial carrier estimate following inspection and scope review.
CLM00704,EST0001899,2022-11-02,Electrician,TP00092,Electrician Estimate,199000,145683,17979,3784,31554,Partially Accepted,Estimate submitted by involved electrician.
CLM00704,EST0001900,2022-12-09,Electrician,TP00092,Revised,243300,206979,26813,671,8837,Partially Accepted,Revised estimate created following scope reconciliation.
CLM00705,EST0001901,2025-03-01,Carrier,,Initial,16000,14147,333,442,1078,Final,Initial carrier estimate following inspection and scope review.
CLM00705,EST0001902,2025-03-16,General Contractor,TP00049,General Contractor Estimate,15100,12312,1467,600,721,Under Review,Estimate submitted by involved general contractor.
CLM00705,EST0001903,2025-03-21,Public Adjuster,TP00064,Public Adjuster Estimate,20600,18214,1261,154,971,Partially Accepted,Estimate package submitted by public adjuster.
CLM00706,EST0001904,2022-05-14,Carrier,,Initial,12100,10557,947,423,173,Superseded,Initial carrier estimate following inspection and scope review.
CLM00706,EST0001905,2022-05-13,Plumber,TP00044,Plumber Estimate,11000,8322,865,752,1061,Partially Accepted,Estimate submitted by involved plumber.
CLM00707,EST0001906,2022-07-24,Carrier,,Initial,38200,31654,914,1846,3786,Superseded,Initial carrier estimate following inspection and scope review.
CLM00707,EST0001907,2022-07-29,Plumber,TP00040,Plumber Estimate,82300,62472,6786,4989,8053,Partially Accepted,Estimate submitted by involved plumber.
CLM00707,EST0001908,2022-10-19,Carrier,,Revised,100900,90771,12105,6436,0,Under Review,Revised estimate created following scope reconciliation.
CLM00707,EST0001909,2022-10-25,Plumber,TP00040,Revised,123500,99609,7188,3548,13155,Under Review,Supplemental estimate received with additional repair line items.
CLM00707,EST0001910,2022-10-09,General Contractor,TP00040,Supplement,153400,122938,10603,111,19748,Under Review,Supplemental estimate received with additional repair line items.
CLM00707,EST0001911,2022-08-21,Carrier,TP00040,Revised,169000,129980,16098,6459,16463,Partially Accepted,Supplemental estimate received with additional repair line items.
CLM00708,EST0001912,2025-05-06,Carrier,,Initial,37300,27680,1865,131,7624,Final,Initial carrier estimate following inspection and scope review.
CLM00708,EST0001913,2025-05-26,Roofer,TP00029,Roofer Estimate,44900,34021,3442,2458,4979,Under Review,Estimate submitted by involved roofer.
CLM00709,EST0001914,2022-02-17,Carrier,,Initial,25200,20910,1062,281,2947,Final,Initial carrier estimate following inspection and scope review.
CLM00710,EST0001915,2022-06-02,Carrier,,Initial,31200,23419,3220,2052,2509,Final,Initial carrier estimate following inspection and scope review.
CLM00710,EST0001916,2022-05-28,Roofer,TP00029,Roofer Estimate,28300,25469,1380,1816,0,Under Review,Estimate submitted by involved roofer.
CLM00710,EST0001917,2022-06-01,Public Adjuster,TP00064,Public Adjuster Estimate,44200,38853,3835,990,522,Accepted,Estimate package submitted by public adjuster.
CLM00711,EST0001918,2022-02-12,Carrier,,Initial,161800,134162,14907,3088,9643,Final,Initial carrier estimate following inspection and scope review.
CLM00711,EST0001919,2022-02-25,Electrician,TP00090,Electrician Estimate,181500,160753,19809,3775,0,Under Review,Estimate submitted by involved electrician.
CLM00711,EST0001920,2022-02-23,Public Adjuster,TP00064,Public Adjuster Estimate,279300,212065,13045,11479,42711,Accepted,Estimate package submitted by public adjuster.
CLM00712,EST0001921,2023-03-04,Carrier,,Initial,34800,25587,2516,556,6141,Final,Initial carrier estimate following inspection and scope review.
CLM00712,EST0001922,2023-03-24,Plumber,TP00042,Plumber Estimate,41500,36898,2325,973,1304,Under Review,Estimate submitted by involved plumber.
CLM00713,EST0001923,2024-11-18,Carrier,,Initial,41100,32165,3369,2891,2675,Superseded,Initial carrier estimate following inspection and scope review.
CLM00713,EST0001924,2024-11-26,Plumber,TP00039,Plumber Estimate,69100,60663,5989,4951,0,Partially Accepted,Estimate submitted by involved plumber.
CLM00713,EST0001925,2025-01-17,General Contractor,TP00039,Supplement,83200,69446,3672,3503,6579,Under Review,Revised estimate created following scope reconciliation.
CLM00713,EST0001926,2024-12-25,General Contractor,,Revised,96900,84183,2672,4356,5689,Under Review,Supplemental estimate received with additional repair line items.
CLM00713,EST0001927,2024-12-19,General Contractor,,Supplement,109100,92625,10718,6985,0,Partially Accepted,Updated estimate following reinspection and documentation review.
CLM00714,EST0001928,2025-10-17,Carrier,,Initial,33900,25080,1437,1122,6261,Final,Initial carrier estimate following inspection and scope review.
CLM00714,EST0001929,2025-10-19,Electrician,TP00090,Electrician Estimate,43600,35642,3474,1494,2990,Under Review,Estimate submitted by involved electrician.
CLM00715,EST0001930,2025-04-08,Carrier,,Initial,8000,5844,642,601,913,Final,Initial carrier estimate following inspection and scope review.
CLM00715,EST0001931,2025-04-24,Plumber,TP00043,Plumber Estimate,9100,7914,985,565,0,Under Review,Estimate submitted by involved plumber.
CLM00716,EST0001932,2022-04-18,Carrier,,Initial,44400,32614,3523,3300,4963,Final,Initial carrier estimate following inspection and scope review.
CLM00716,EST0001933,2022-04-28,Roofer,TP00026,Roofer Estimate,42300,36043,4590,1442,225,Under Review,Estimate submitted by involved roofer.
CLM00717,EST0001934,2024-05-24,Carrier,,Initial,31700,26842,758,278,3822,Superseded,Initial carrier estimate following inspection and scope review.
CLM00717,EST0001935,2024-05-31,Roofer,TP00035,Roofer Estimate,40200,32352,2756,3164,1928,Partially Accepted,Estimate submitted by involved roofer.
CLM00717,EST0001936,2024-08-13,General Contractor,,Revised,49900,40545,1994,1701,5660,Partially Accepted,Updated estimate following reinspection and documentation review.
CLM00718,EST0001937,2023-04-07,Carrier,,Initial,45300,34264,1366,443,9227,Superseded,Initial carrier estimate following inspection and scope review.
CLM00718,EST0001938,2023-04-01,Plumber,TP00044,Plumber Estimate,42900,31920,3344,89,7547,Partially Accepted,Estimate submitted by involved plumber.
CLM00719,EST0001939,2025-10-02,Carrier,,Initial,5900,4788,457,153,502,Superseded,Initial carrier estimate following inspection and scope review.
CLM00719,EST0001940,2025-10-03,General Contractor,TP00052,General Contractor Estimate,7600,5922,160,49,1469,Partially Accepted,Estimate submitted by involved general contractor.
CLM00719,EST0001941,2025-10-16,Public Adjuster,TP00068,Public Adjuster Estimate,7100,6188,562,196,154,Accepted,Estimate package submitted by public adjuster.
CLM00719,EST0001942,2025-11-14,Carrier,TP00052,Revised,8200,6751,523,593,333,Partially Accepted,Revised estimate created following scope reconciliation.
CLM00720,EST0001943,2025-04-03,Carrier,,Initial,37800,32271,870,2011,2648,Final,Initial carrier estimate following inspection and scope review.
CLM00720,EST0001944,2025-04-13,Roofer,TP00026,Roofer Estimate,42400,32757,3001,1541,5101,Under Review,Estimate submitted by involved roofer.
CLM00721,EST0001945,2024-08-21,Carrier,,Initial,23600,18932,2132,834,1702,Superseded,Initial carrier estimate following inspection and scope review.
CLM00721,EST0001946,2024-08-31,General Contractor,TP00055,General Contractor Estimate,21300,16256,631,962,3451,Partially Accepted,Estimate submitted by involved general contractor.
CLM00721,EST0001947,2024-09-30,Carrier,,Supplement,26500,21083,1985,1610,1822,Under Review,Updated estimate following reinspection and documentation review.
CLM00721,EST0001948,2024-10-09,Carrier,,Supplement,30900,23282,1962,2337,3319,Partially Accepted,Supplemental estimate received with additional repair line items.
CLM00722,EST0001949,2023-06-11,Carrier,,Initial,53800,47712,2612,4173,0,Final,Initial carrier estimate following inspection and scope review.
CLM00722,EST0001950,2023-06-17,Roofer,TP00028,Roofer Estimate,55000,44824,5735,1903,2538,Under Review,Estimate submitted by involved roofer.
CLM00723,EST0001951,2024-10-21,Carrier,,Initial,31000,25083,2117,754,3046,Final,Initial carrier estimate following inspection and scope review.
CLM00723,EST0001952,2024-10-26,Roofer,TP00027,Roofer Estimate,35100,27045,3994,7,4054,Under Review,Estimate submitted by involved roofer.
CLM00724,EST0001953,2025-06-07,Carrier,,Initial,21800,16557,2471,1467,1305,Superseded,Initial carrier estimate following inspection and scope review.
CLM00724,EST0001954,2025-06-06,Plumber,TP00042,Plumber Estimate,23500,17899,2269,52,3280,Partially Accepted,Estimate submitted by involved plumber.
CLM00725,EST0001955,2022-12-21,Carrier,,Initial,107000,77533,4814,4237,20416,Superseded,Initial carrier estimate following inspection and scope review.
CLM00725,EST0001956,2022-12-29,Electrician,TP00090,Electrician Estimate,103200,90584,5545,2145,4926,Partially Accepted,Estimate submitted by involved electrician.
CLM00725,EST0001957,2023-02-12,Electrician,,Supplement,114800,87780,2700,473,23847,Under Review,Revised estimate created following scope reconciliation.
CLM00725,EST0001958,2023-01-26,Carrier,TP00090,Revised,121600,88110,8950,7639,16901,Partially Accepted,Supplemental estimate received with additional repair line items.
CLM00726,EST0001959,2023-07-27,Carrier,,Initial,21700,15834,2076,106,3684,Final,Initial carrier estimate following inspection and scope review.
CLM00726,EST0001960,2023-07-31,Roofer,TP00028,Roofer Estimate,19700,16078,1293,1086,1243,Under Review,Estimate submitted by involved roofer.
CLM00727,EST0001961,2023-10-14,Carrier,,Initial,12600,10341,1445,826,0,Superseded,Initial carrier estimate following inspection and scope review.
CLM00727,EST0001962,2023-10-19,Plumber,TP00038,Plumber Estimate,20200,17830,1133,1533,0,Partially Accepted,Estimate submitted by involved plumber.
CLM00727,EST0001963,2024-01-11,Plumber,TP00038,Supplement,24500,17986,1285,332,4897,Under Review,Updated estimate following reinspection and documentation review.
CLM00727,EST0001964,2023-12-25,General Contractor,,Supplement,29800,23709,2033,1777,2281,Under Review,Revised estimate created following scope reconciliation.
CLM00727,EST0001965,2024-01-16,General Contractor,,Revised,33700,29338,3287,485,590,Partially Accepted,Updated estimate following reinspection and documentation review.
CLM00728,EST0001966,2022-12-20,Carrier,,Initial,14300,11683,872,335,1410,Final,Initial carrier estimate following inspection and scope review.
CLM00728,EST0001967,2022-12-16,General Contractor,TP00049,General Contractor Estimate,15800,12652,468,885,1795,Under Review,Estimate submitted by involved general contractor.
CLM00728,EST0001968,2023-01-06,Public Adjuster,TP00067,Public Adjuster Estimate,18100,14921,1008,931,1240,Partially Accepted,Estimate package submitted by public adjuster.
CLM00729,EST0001969,2023-08-26,Carrier,,Initial,39300,28878,3513,143,6766,Superseded,Initial carrier estimate following inspection and scope review.
CLM00729,EST0001970,2023-09-02,Electrician,TP00089,Electrician Estimate,42800,31932,1346,88,9434,Partially Accepted,Estimate submitted by involved electrician.
CLM00730,EST0001971,2022-10-06,Carrier,,Initial,29200,25342,1052,1309,1497,Final,Initial carrier estimate following inspection and scope review.
CLM00730,EST0001972,2022-10-18,Plumber,TP00038,Plumber Estimate,33300,29309,3605,266,120,Under Review,Estimate submitted by involved plumber.
CLM00731,EST0001973,2024-09-11,Carrier,,Initial,35400,26519,4059,1151,3671,Superseded,Initial carrier estimate following inspection and scope review.
CLM00731,EST0001974,2024-09-16,Plumber,TP00038,Plumber Estimate,33000,29068,2908,966,58,Partially Accepted,Estimate submitted by involved plumber.
CLM00731,EST0001975,2024-12-05,Plumber,TP00038,Revised,36000,25930,1651,2704,5715,Under Review,Updated estimate following reinspection and documentation review.
CLM00731,EST0001976,2024-10-14,General Contractor,TP00038,Revised,40200,31169,1496,2685,4850,Partially Accepted,Updated estimate following reinspection and documentation review.
CLM00732,EST0001977,2023-03-11,Carrier,,Initial,33600,26159,3001,2401,2039,Final,Initial carrier estimate following inspection and scope review.
CLM00732,EST0001978,2023-03-24,Plumber,TP00047,Plumber Estimate,37100,31115,2322,1452,2211,Under Review,Estimate submitted by involved plumber.
CLM00733,EST0001979,2024-12-05,Carrier,,Initial,14600,13104,678,332,486,Final,Initial carrier estimate following inspection and scope review.
CLM00733,EST0001980,2024-12-23,Roofer,TP00026,Roofer Estimate,29200,23046,1237,253,4664,Under Review,Estimate submitted by involved roofer.
CLM00734,EST0001981,2022-05-06,Carrier,,Initial,28900,24544,2549,178,1629,Superseded,Initial carrier estimate following inspection and scope review.
CLM00734,EST0001982,2022-05-13,General Contractor,TP00053,General Contractor Estimate,28900,23914,2420,1498,1068,Partially Accepted,Estimate submitted by involved general contractor.
CLM00734,EST0001983,2022-06-12,General Contractor,TP00053,Supplement,35700,25738,2764,353,6845,Under Review,Revised estimate created following scope reconciliation.
CLM00734,EST0001984,2022-06-28,General Contractor,TP00053,Revised,37500,33596,3100,872,0,Partially Accepted,Supplemental estimate received with additional repair line items.
CLM00735,EST0001985,2024-06-30,Carrier,,Initial,37500,33384,4379,1228,0,Final,Initial carrier estimate following inspection and scope review.
CLM00735,EST0001986,2024-07-19,Roofer,TP00037,Roofer Estimate,44400,38946,4961,3100,0,Under Review,Estimate submitted by involved roofer.
CLM00736,EST0001987,2023-06-13,Carrier,,Initial,6400,4903,573,474,450,Final,Initial carrier estimate following inspection and scope review.
CLM00736,EST0001988,2023-06-30,General Contractor,TP00056,General Contractor Estimate,7100,5477,327,363,933,Under Review,Estimate submitted by involved general contractor.
CLM00736,EST0001989,2023-06-28,Public Adjuster,TP00067,Public Adjuster Estimate,11400,8300,1315,242,1543,Accepted,Estimate package submitted by public adjuster.
CLM00737,EST0001990,2024-08-31,Carrier,,Initial,35400,31109,2858,1569,0,Superseded,Initial carrier estimate following inspection and scope review.
CLM00737,EST0001991,2024-08-24,Plumber,TP00041,Plumber Estimate,61700,49267,4747,3513,4173,Partially Accepted,Estimate submitted by involved plumber.
CLM00737,EST0001992,2024-11-29,Plumber,TP00041,Supplement,69500,59956,7289,2918,0,Under Review,Revised estimate created following scope reconciliation.
CLM00737,EST0001993,2024-10-21,Carrier,TP00041,Revised,80400,69755,9173,4203,0,Under Review,Revised estimate created following scope reconciliation.
CLM00737,EST0001994,2024-11-19,General Contractor,TP00041,Supplement,86300,73517,7064,5053,666,Partially Accepted,Updated estimate following reinspection and documentation review.
CLM00738,EST0001995,2025-03-06,Carrier,,Initial,49600,39106,1335,1471,7688,Final,Initial carrier estimate following inspection and scope review.
CLM00738,EST0001996,2025-03-04,Roofer,TP00027,Roofer Estimate,53100,39627,3305,328,9840,Under Review,Estimate submitted by involved roofer.
CLM00738,EST0001997,2025-03-09,Public Adjuster,TP00069,Public Adjuster Estimate,70900,62900,2261,2402,3337,Accepted,Estimate package submitted by public adjuster.
CLM00739,EST0001998,2022-04-03,Carrier,,Initial,33300,27135,2792,1166,2207,Final,Initial carrier estimate following inspection and scope review.
CLM00739,EST0001999,2022-04-08,Plumber,TP00038,Plumber Estimate,39200,28588,4289,1107,5216,Under Review,Estimate submitted by involved plumber.
CLM00740,EST0002000,2022-05-05,Carrier,,Initial,35000,26279,3291,914,4516,Superseded,Initial carrier estimate following inspection and scope review.
CLM00740,EST0002001,2022-05-25,Roofer,TP00027,Roofer Estimate,37500,28469,4110,683,4238,Partially Accepted,Estimate submitted by involved roofer.
CLM00740,EST0002002,2022-05-29,Public Adjuster,TP00070,Public Adjuster Estimate,57600,50902,4799,2401,0,Partially Accepted,Estimate package submitted by public adjuster.
CLM00740,EST0002003,2022-06-20,Carrier,,Supplement,59700,44244,3386,2437,9633,Partially Accepted,Updated estimate following reinspection and documentation review.
CLM00741,EST0002004,2025-07-19,Carrier,,Initial,12100,10189,1268,90,553,Superseded,Initial carrier estimate following inspection and scope review.
CLM00741,EST0002005,2025-07-20,General Contractor,TP00049,General Contractor Estimate,12300,10093,285,842,1080,Partially Accepted,Estimate submitted by involved general contractor.
CLM00742,EST0002006,2025-11-27,Carrier,,Initial,29000,23739,2360,2069,832,Final,Initial carrier estimate following inspection and scope review.
CLM00742,EST0002007,2025-12-17,General Contractor,TP00048,General Contractor Estimate,30000,24561,2432,919,2088,Under Review,Estimate submitted by involved general contractor.
CLM00743,EST0002008,2022-04-30,Carrier,,Initial,23800,17607,2010,423,3760,Superseded,Initial carrier estimate following inspection and scope review.
CLM00743,EST0002009,2022-05-05,Electrician,TP00091,Electrician Estimate,27900,25083,1158,1367,292,Partially Accepted,Estimate submitted by involved electrician.
CLM00744,EST0002010,2022-03-09,Carrier,,Initial,26400,21281,981,1024,3114,Superseded,Initial carrier estimate following inspection and scope review.
CLM00744,EST0002011,2022-03-14,Plumber,TP00047,Plumber Estimate,32600,23882,1873,1644,5201,Partially Accepted,Estimate submitted by involved plumber.
CLM00744,EST0002012,2022-03-20,Public Adjuster,TP00064,Public Adjuster Estimate,31300,27538,3686,664,0,Accepted,Estimate package submitted by public adjuster.
CLM00744,EST0002013,2022-06-02,Carrier,TP00047,Revised,37800,32448,2710,2782,0,Partially Accepted,Supplemental estimate received with additional repair line items.
CLM00745,EST0002014,2024-08-09,Carrier,,Initial,58900,50403,6565,2401,0,Superseded,Initial carrier estimate following inspection and scope review.
CLM00745,EST0002015,2024-08-23,Electrician,TP00089,Electrician Estimate,58600,47806,3073,548,7173,Partially Accepted,Estimate submitted by involved electrician.
CLM00745,EST0002016,2024-09-12,Electrician,,Revised,60200,46464,3205,1740,8791,Partially Accepted,Revised estimate created following scope reconciliation.
CLM00746,EST0002017,2025-09-16,Carrier,,Initial,16700,12182,633,1180,2705,Superseded,Initial carrier estimate following inspection and scope review.
CLM00746,EST0002018,2025-09-27,Plumber,TP00039,Plumber Estimate,19600,15445,789,641,2725,Partially Accepted,Estimate submitted by involved plumber.
CLM00746,EST0002019,2025-09-20,Public Adjuster,TP00068,Public Adjuster Estimate,29500,22753,2353,2149,2245,Under Review,Estimate package submitted by public adjuster.
CLM00747,EST0002020,2023-07-04,Carrier,,Initial,29700,24432,2044,396,2828,Final,Initial carrier estimate following inspection and scope review.
CLM00747,EST0002021,2023-07-26,Roofer,TP00036,Roofer Estimate,32800,29203,1590,1585,422,Under Review,Estimate submitted by involved roofer.
CLM00748,EST0002022,2025-02-12,Carrier,,Initial,23600,18179,634,813,3974,Superseded,Initial carrier estimate following inspection and scope review.
CLM00748,EST0002023,2025-02-20,General Contractor,TP00057,General Contractor Estimate,28200,23040,593,407,4160,Partially Accepted,Estimate submitted by involved general contractor.
CLM00749,EST0002024,2025-04-04,Carrier,,Initial,31600,27007,2585,2413,0,Final,Initial carrier estimate following inspection and scope review.
CLM00750,EST0002025,2023-11-07,Carrier,,Initial,56100,43611,1471,3425,7593,Final,Initial carrier estimate following inspection and scope review.
CLM00751,EST0002026,2022-03-15,Carrier,,Initial,53000,43802,6017,2470,711,Superseded,Initial carrier estimate following inspection and scope review.
CLM00751,EST0002027,2022-03-23,Roofer,TP00027,Roofer Estimate,92900,77055,10349,6636,0,Partially Accepted,Estimate submitted by involved roofer.
CLM00752,EST0002028,2023-05-24,Carrier,,Initial,31000,25886,2871,972,1271,Superseded,Initial carrier estimate following inspection and scope review.
CLM00752,EST0002029,2023-06-03,Plumber,TP00040,Plumber Estimate,41500,36252,4082,178,988,Partially Accepted,Estimate submitted by involved plumber.
CLM00753,EST0002030,2023-11-27,Carrier,,Initial,13200,11736,635,826,3,Superseded,Initial carrier estimate following inspection and scope review.
CLM00753,EST0002031,2023-12-07,Plumber,TP00047,Plumber Estimate,18300,14086,1303,324,2587,Partially Accepted,Estimate submitted by involved plumber.
CLM00753,EST0002032,2024-02-15,Carrier,,Supplement,18800,15479,1978,1320,23,Partially Accepted,Updated estimate following reinspection and documentation review.
CLM00754,EST0002033,2022-06-01,Carrier,,Initial,11000,8399,1228,673,700,Final,Initial carrier estimate following inspection and scope review.
CLM00754,EST0002034,2022-05-27,Plumber,TP00046,Plumber Estimate,11900,8630,980,532,1758,Under Review,Estimate submitted by involved plumber.
CLM00755,EST0002035,2025-09-04,Carrier,,Initial,45600,36777,4449,609,3765,Superseded,Initial carrier estimate following inspection and scope review.
CLM00755,EST0002036,2025-08-29,Plumber,TP00044,Plumber Estimate,47500,36938,4447,2149,3966,Partially Accepted,Estimate submitted by involved plumber.
CLM00755,EST0002037,2025-12-03,Plumber,TP00044,Revised,53300,45506,5622,1991,181,Partially Accepted,Supplemental estimate received with additional repair line items.
CLM00756,EST0002038,2025-08-29,Carrier,,Initial,49900,42601,2605,1691,3003,Final,Initial carrier estimate following inspection and scope review.
CLM00756,EST0002039,2025-09-14,Electrician,TP00091,Electrician Estimate,63200,48719,4588,1249,8644,Under Review,Estimate submitted by involved electrician.
CLM00757,EST0002040,2025-07-12,Carrier,,Initial,42100,37490,3120,427,1063,Superseded,Initial carrier estimate following inspection and scope review.
CLM00757,EST0002041,2025-07-12,Electrician,TP00092,Electrician Estimate,54200,44149,2852,1143,6056,Partially Accepted,Estimate submitted by involved electrician.
CLM00758,EST0002042,2023-10-19,Carrier,,Initial,11200,9455,1099,374,272,Superseded,Initial carrier estimate following inspection and scope review.
CLM00758,EST0002043,2023-11-02,Plumber,TP00038,Plumber Estimate,25600,19927,2153,760,2760,Partially Accepted,Estimate submitted by involved plumber.
CLM00758,EST0002044,2024-01-31,Carrier,,Revised,31400,25286,1040,636,4438,Partially Accepted,Supplemental estimate received with additional repair line items.
CLM00759,EST0002045,2022-12-05,Carrier,,Initial,24600,19695,2695,451,1759,Superseded,Initial carrier estimate following inspection and scope review.
CLM00759,EST0002046,2022-12-05,Roofer,TP00029,Roofer Estimate,36100,31127,1529,1041,2403,Partially Accepted,Estimate submitted by involved roofer.
CLM00759,EST0002047,2022-12-30,Roofer,TP00029,Revised,38400,32791,4361,1589,0,Under Review,Supplemental estimate received with additional repair line items.
CLM00759,EST0002048,2023-02-02,Roofer,,Supplement,43600,32687,1888,3225,5800,Under Review,Supplemental estimate received with additional repair line items.
CLM00759,EST0002049,2023-01-15,Roofer,TP00029,Supplement,49800,38636,4300,2040,4824,Under Review,Updated estimate following reinspection and documentation review.
CLM00759,EST0002050,2023-01-15,General Contractor,,Revised,58400,43638,6627,1950,6185,Partially Accepted,Supplemental estimate received with additional repair line items.
CLM00760,EST0002051,2025-08-17,Carrier,,Initial,11800,8602,360,191,2647,Final,Initial carrier estimate following inspection and scope review.
CLM00761,EST0002052,2024-10-26,Carrier,,Initial,35900,31599,3514,118,669,Superseded,Initial carrier estimate following inspection and scope review.
CLM00761,EST0002053,2024-10-20,Roofer,TP00027,Roofer Estimate,42900,36349,3618,1315,1618,Partially Accepted,Estimate submitted by involved roofer.
CLM00762,EST0002054,2023-07-12,Carrier,,Initial,43700,38069,4368,3020,0,Superseded,Initial carrier estimate following inspection and scope review.
CLM00762,EST0002055,2023-07-28,Plumber,TP00047,Plumber Estimate,46000,39182,2004,1484,3330,Partially Accepted,Estimate submitted by involved plumber.
CLM00762,EST0002056,2023-07-31,Public Adjuster,TP00069,Public Adjuster Estimate,73800,62045,6669,5571,0,Accepted,Estimate package submitted by public adjuster.
CLM00762,EST0002057,2023-09-23,General Contractor,TP00047,Revised,92000,75850,6366,5262,4522,Under Review,Supplemental estimate received with additional repair line items.
CLM00762,EST0002058,2023-08-26,Plumber,TP00047,Supplement,101600,77452,9723,4608,9817,Partially Accepted,Updated estimate following reinspection and documentation review.
CLM00763,EST0002059,2022-11-23,Carrier,,Initial,45200,38625,4917,1100,558,Final,Initial carrier estimate following inspection and scope review.
CLM00763,EST0002060,2022-12-02,Electrician,TP00089,Electrician Estimate,53900,42722,1950,1650,7578,Under Review,Estimate submitted by involved electrician.
CLM00764,EST0002061,2022-03-19,Carrier,,Initial,49500,40497,1236,124,7643,Superseded,Initial carrier estimate following inspection and scope review.
CLM00764,EST0002062,2022-04-05,Roofer,TP00029,Roofer Estimate,64500,47269,2134,1173,13924,Partially Accepted,Estimate submitted by involved roofer.
CLM00764,EST0002063,2022-06-07,Roofer,,Revised,73900,64574,5408,5778,0,Under Review,Supplemental estimate received with additional repair line items.
CLM00764,EST0002064,2022-06-02,General Contractor,,Supplement,79300,65894,8222,2182,3002,Partially Accepted,Updated estimate following reinspection and documentation review.
CLM00765,EST0002065,2026-01-03,Carrier,,Initial,69100,54402,7151,4134,3413,Final,Initial carrier estimate following inspection and scope review.
CLM00765,EST0002066,2026-01-20,Roofer,TP00026,Roofer Estimate,89000,76221,7555,502,4722,Under Review,Estimate submitted by involved roofer.
CLM00766,EST0002067,2022-11-01,Carrier,,Initial,28000,24092,2237,1754,0,Superseded,Initial carrier estimate following inspection and scope review.
CLM00766,EST0002068,2022-11-13,Plumber,TP00040,Plumber Estimate,37000,27365,1964,496,7175,Partially Accepted,Estimate submitted by involved plumber.
CLM00766,EST0002069,2023-01-12,General Contractor,,Revised,42400,37923,1145,2918,414,Under Review,Supplemental estimate received with additional repair line items.
CLM00766,EST0002070,2023-02-06,General Contractor,,Revised,47900,39126,4670,2979,1125,Partially Accepted,Revised estimate created following scope reconciliation.
CLM00767,EST0002071,2025-05-30,Carrier,,Initial,46700,37954,4739,1860,2147,Final,Initial carrier estimate following inspection and scope review.
CLM00767,EST0002072,2025-05-28,Roofer,TP00027,Roofer Estimate,56400,42242,5454,588,8116,Under Review,Estimate submitted by involved roofer.
CLM00768,EST0002073,2024-08-20,Carrier,,Initial,6800,5810,675,396,0,Superseded,Initial carrier estimate following inspection and scope review.
CLM00768,EST0002074,2024-08-26,General Contractor,TP00051,General Contractor Estimate,7700,6170,217,613,700,Partially Accepted,Estimate submitted by involved general contractor.
CLM00769,EST0002075,2022-10-27,Carrier,,Initial,34300,27090,2071,2057,3082,Superseded,Initial carrier estimate following inspection and scope review.
CLM00769,EST0002076,2022-11-06,Roofer,TP00031,Roofer Estimate,55400,42815,3002,1400,8183,Partially Accepted,Estimate submitted by involved roofer.
CLM00769,EST0002077,2023-01-22,Roofer,TP00031,Supplement,57600,41606,1656,9,14329,Partially Accepted,Supplemental estimate received with additional repair line items.
CLM00770,EST0002078,2022-05-02,Carrier,,Initial,56700,45250,1217,560,9673,Superseded,Initial carrier estimate following inspection and scope review.
CLM00770,EST0002079,2022-05-03,Roofer,TP00035,Roofer Estimate,68000,58418,6828,4048,0,Partially Accepted,Estimate submitted by involved roofer.
CLM00770,EST0002080,2022-06-10,General Contractor,TP00035,Revised,82900,72399,9722,4025,0,Partially Accepted,Updated estimate following reinspection and documentation review.
CLM00771,EST0002081,2023-08-01,Carrier,,Initial,25900,21303,1876,576,2145,Superseded,Initial carrier estimate following inspection and scope review.
CLM00771,EST0002082,2023-08-03,Plumber,TP00040,Plumber Estimate,33000,23772,3179,2034,4015,Partially Accepted,Estimate submitted by involved plumber.
CLM00771,EST0002083,2023-09-02,General Contractor,TP00040,Revised,39600,29693,2864,742,6301,Partially Accepted,Revised estimate created following scope reconciliation.
CLM00772,EST0002084,2024-07-23,Carrier,,Initial,51200,44542,3785,2333,540,Final,Initial carrier estimate following inspection and scope review.
CLM00772,EST0002085,2024-08-04,Roofer,TP00028,Roofer Estimate,70600,62111,6736,2647,0,Under Review,Estimate submitted by involved roofer.
CLM00773,EST0002086,2022-02-26,Carrier,,Initial,12500,10368,1450,907,0,Final,Initial carrier estimate following inspection and scope review.
CLM00774,EST0002087,2024-04-01,Carrier,,Initial,46600,34777,1573,1103,9147,Final,Initial carrier estimate following inspection and scope review.
CLM00774,EST0002088,2024-04-13,Roofer,TP00035,Roofer Estimate,46400,37182,3704,102,5412,Under Review,Estimate submitted by involved roofer.
CLM00774,EST0002089,2024-04-11,Public Adjuster,TP00068,Public Adjuster Estimate,80900,72741,9354,3052,0,Accepted,Estimate package submitted by public adjuster.
CLM00775,EST0002090,2024-01-20,Carrier,,Initial,52800,41554,5420,4159,1667,Final,Initial carrier estimate following inspection and scope review.
CLM00776,EST0002091,2025-07-12,Carrier,,Initial,16800,13479,515,1182,1624,Superseded,Initial carrier estimate following inspection and scope review.
CLM00776,EST0002092,2025-07-26,General Contractor,TP00048,General Contractor Estimate,17800,15242,1619,299,640,Partially Accepted,Estimate submitted by involved general contractor.
CLM00777,EST0002093,2022-07-19,Carrier,,Initial,28600,23526,2679,502,1893,Superseded,Initial carrier estimate following inspection and scope review.
CLM00777,EST0002094,2022-07-17,Roofer,TP00027,Roofer Estimate,38100,30688,3619,1636,2157,Partially Accepted,Estimate submitted by involved roofer.
CLM00777,EST0002095,2022-10-15,General Contractor,,Revised,43600,36766,4730,2316,0,Under Review,Revised estimate created following scope reconciliation.
CLM00777,EST0002096,2022-09-15,Roofer,,Revised,51200,38309,2527,1507,8857,Partially Accepted,Supplemental estimate received with additional repair line items.
CLM00778,EST0002097,2023-04-12,Carrier,,Initial,22900,19615,1008,1252,1025,Final,Initial carrier estimate following inspection and scope review.
CLM00779,EST0002098,2024-09-20,Carrier,,Initial,37000,27629,3738,2873,2760,Final,Initial carrier estimate following inspection and scope review.
CLM00779,EST0002099,2024-09-25,Plumber,TP00041,Plumber Estimate,42200,37358,4163,1059,0,Under Review,Estimate submitted by involved plumber.
CLM00780,EST0002100,2023-08-14,Carrier,,Initial,12000,9583,940,172,1305,Superseded,Initial carrier estimate following inspection and scope review.
CLM00780,EST0002101,2023-08-21,Plumber,TP00046,Plumber Estimate,13400,10583,546,204,2067,Partially Accepted,Estimate submitted by involved plumber.
CLM00781,EST0002102,2023-06-10,Carrier,,Initial,40700,31778,1707,9,7206,Final,Initial carrier estimate following inspection and scope review.
CLM00781,EST0002103,2023-06-19,Roofer,TP00031,Roofer Estimate,40300,31146,2782,1048,5324,Under Review,Estimate submitted by involved roofer.
CLM00782,EST0002104,2023-11-05,Carrier,,Initial,5400,4174,149,317,760,Final,Initial carrier estimate following inspection and scope review.
CLM00782,EST0002105,2023-11-09,Plumber,TP00043,Plumber Estimate,5800,4766,550,386,98,Under Review,Estimate submitted by involved plumber.
CLM00783,EST0002106,2024-04-01,Carrier,,Initial,103700,80241,10551,7266,5642,Superseded,Initial carrier estimate following inspection and scope review.
CLM00783,EST0002107,2024-04-16,Roofer,TP00028,Roofer Estimate,103100,88257,9396,2939,2508,Partially Accepted,Estimate submitted by involved roofer.
CLM00784,EST0002108,2024-05-10,Carrier,,Initial,18100,15844,1640,1128,0,Final,Initial carrier estimate following inspection and scope review.
CLM00784,EST0002109,2024-06-02,Roofer,TP00034,Roofer Estimate,24400,18609,755,292,4744,Under Review,Estimate submitted by involved roofer.
CLM00785,EST0002110,2025-01-12,Carrier,,Initial,5900,4745,344,45,766,Superseded,Initial carrier estimate following inspection and scope review.
CLM00785,EST0002111,2025-02-06,Plumber,TP00038,Plumber Estimate,7500,6640,479,421,0,Partially Accepted,Estimate submitted by involved plumber.
CLM00785,EST0002112,2025-02-06,Public Adjuster,TP00066,Public Adjuster Estimate,8800,7523,766,58,453,Accepted,Estimate package submitted by public adjuster.
CLM00785,EST0002113,2025-02-28,General Contractor,,Revised,10800,9011,612,646,531,Under Review,Revised estimate created following scope reconciliation.
CLM00785,EST0002114,2025-02-15,Plumber,,Revised,13400,10776,1360,60,1204,Partially Accepted,Revised estimate created following scope reconciliation.
CLM00786,EST0002115,2023-05-30,Carrier,,Initial,49600,42701,2495,3346,1058,Final,Initial carrier estimate following inspection and scope review.
CLM00786,EST0002116,2023-06-03,Roofer,TP00032,Roofer Estimate,67100,60030,7070,1641,0,Under Review,Estimate submitted by involved roofer.
CLM00787,EST0002117,2022-06-03,Carrier,,Initial,7900,6637,818,142,303,Superseded,Initial carrier estimate following inspection and scope review.
CLM00787,EST0002118,2022-06-20,Plumber,TP00039,Plumber Estimate,10000,8228,848,164,760,Partially Accepted,Estimate submitted by involved plumber.
CLM00787,EST0002119,2022-08-26,Carrier,TP00039,Supplement,11400,10068,580,198,554,Under Review,Updated estimate following reinspection and documentation review.
CLM00787,EST0002120,2022-07-06,Carrier,TP00039,Revised,14100,10749,934,1126,1291,Partially Accepted,Supplemental estimate received with additional repair line items.
CLM00788,EST0002121,2023-07-31,Carrier,,Initial,16200,13912,1446,411,431,Superseded,Initial carrier estimate following inspection and scope review.
CLM00788,EST0002122,2023-07-27,Roofer,TP00032,Roofer Estimate,19600,15226,2317,540,1517,Partially Accepted,Estimate submitted by involved roofer.
CLM00788,EST0002123,2023-08-07,Public Adjuster,TP00069,Public Adjuster Estimate,29400,26367,825,933,1275,Partially Accepted,Estimate package submitted by public adjuster.
CLM00789,EST0002124,2023-07-21,Carrier,,Initial,15600,13888,1420,1219,0,Superseded,Initial carrier estimate following inspection and scope review.
CLM00789,EST0002125,2023-07-13,General Contractor,TP00054,General Contractor Estimate,15000,11065,414,1116,2405,Partially Accepted,Estimate submitted by involved general contractor.
CLM00789,EST0002126,2023-10-08,Carrier,,Supplement,16600,14373,622,85,1520,Under Review,Supplemental estimate received with additional repair line items.
CLM00789,EST0002127,2023-09-04,Carrier,TP00054,Revised,17900,15492,466,886,1056,Partially Accepted,Updated estimate following reinspection and documentation review.
CLM00790,EST0002128,2023-05-03,Carrier,,Initial,5600,4762,312,421,105,Superseded,Initial carrier estimate following inspection and scope review.
CLM00790,EST0002129,2023-05-06,Plumber,TP00041,Plumber Estimate,12300,10303,296,83,1618,Partially Accepted,Estimate submitted by involved plumber.
CLM00790,EST0002130,2023-05-10,Public Adjuster,TP00070,Public Adjuster Estimate,9800,7864,581,299,1056,Partially Accepted,Estimate package submitted by public adjuster.
CLM00790,EST0002131,2023-07-26,General Contractor,TP00041,Revised,11100,9196,459,135,1310,Under Review,Updated estimate following reinspection and documentation review.
CLM00790,EST0002132,2023-07-25,Plumber,,Revised,11800,10594,1383,863,0,Under Review,Supplemental estimate received with additional repair line items.
CLM00790,EST0002133,2023-08-09,Carrier,,Revised,12400,10683,1402,896,0,Partially Accepted,Revised estimate created following scope reconciliation.
CLM00791,EST0002134,2025-12-07,Carrier,,Initial,39600,31303,3686,366,4245,Final,Initial carrier estimate following inspection and scope review.
CLM00791,EST0002135,2025-12-13,Plumber,TP00047,Plumber Estimate,52100,46194,2912,2436,558,Under Review,Estimate submitted by involved plumber.
CLM00792,EST0002136,2023-02-26,Carrier,,Initial,75500,56574,2203,1748,14975,Superseded,Initial carrier estimate following inspection and scope review.
CLM00792,EST0002137,2023-03-04,Roofer,TP00029,Roofer Estimate,78900,58559,8514,2619,9208,Partially Accepted,Estimate submitted by involved roofer.
CLM00792,EST0002138,2023-03-15,Public Adjuster,TP00068,Public Adjuster Estimate,96800,79447,8683,4750,3920,Under Review,Estimate package submitted by public adjuster.
CLM00792,EST0002139,2023-04-28,Roofer,TP00029,Supplement,107800,94133,10033,4349,0,Under Review,Revised estimate created following scope reconciliation.
CLM00792,EST0002140,2023-04-14,Carrier,TP00029,Supplement,117200,85514,13569,7217,10900,Partially Accepted,Updated estimate following reinspection and documentation review.
CLM00793,EST0002141,2024-01-14,Carrier,,Initial,12400,10197,462,742,999,Superseded,Initial carrier estimate following inspection and scope review.
CLM00793,EST0002142,2024-01-18,Roofer,TP00034,Roofer Estimate,13700,10561,1106,45,1988,Partially Accepted,Estimate submitted by involved roofer.
CLM00794,EST0002143,2024-08-10,Carrier,,Initial,30600,26793,1761,368,1678,Final,Initial carrier estimate following inspection and scope review.
CLM00794,EST0002144,2024-08-23,General Contractor,TP00052,General Contractor Estimate,32500,26728,2741,2555,476,Under Review,Estimate submitted by involved general contractor.
CLM00795,EST0002145,2022-11-25,Carrier,,Initial,57200,43715,3366,1859,8260,Final,Initial carrier estimate following inspection and scope review.
CLM00795,EST0002146,2022-12-12,Roofer,TP00036,Roofer Estimate,75200,62467,8770,3975,0,Under Review,Estimate submitted by involved roofer.
CLM00796,EST0002147,2025-09-30,Carrier,,Initial,37200,30000,4362,1993,845,Final,Initial carrier estimate following inspection and scope review.
CLM00797,EST0002148,2022-02-18,Carrier,,Initial,35000,28504,2803,2464,1229,Superseded,Initial carrier estimate following inspection and scope review.
CLM00797,EST0002149,2022-03-11,Plumber,TP00040,Plumber Estimate,48400,41096,2048,1300,3956,Partially Accepted,Estimate submitted by involved plumber.
CLM00797,EST0002150,2022-04-11,Carrier,TP00040,Revised,53100,46192,6177,3478,0,Partially Accepted,Updated estimate following reinspection and documentation review.
CLM00798,EST0002151,2024-05-05,Carrier,,Initial,20300,16933,1240,902,1225,Superseded,Initial carrier estimate following inspection and scope review.
CLM00798,EST0002152,2024-05-18,General Contractor,TP00049,General Contractor Estimate,28200,20657,814,1688,5041,Partially Accepted,Estimate submitted by involved general contractor.
CLM00799,EST0002153,2025-08-01,Carrier,,Initial,31800,23205,838,1306,6451,Final,Initial carrier estimate following inspection and scope review.
CLM00799,EST0002154,2025-08-04,Electrician,TP00090,Electrician Estimate,36000,27079,2800,544,5577,Under Review,Estimate submitted by involved electrician.
CLM00800,EST0002155,2025-01-12,Carrier,,Initial,25000,19816,772,268,4144,Final,Initial carrier estimate following inspection and scope review.
CLM00800,EST0002156,2025-02-02,Plumber,TP00044,Plumber Estimate,27000,22792,1232,362,2614,Under Review,Estimate submitted by involved plumber.
CLM00801,EST0002157,2025-01-14,Carrier,,Initial,36400,28081,3808,1042,3469,Superseded,Initial carrier estimate following inspection and scope review.
CLM00801,EST0002158,2025-01-23,Plumber,TP00040,Plumber Estimate,49000,40121,5065,3630,184,Partially Accepted,Estimate submitted by involved plumber.
CLM00802,EST0002159,2024-08-09,Carrier,,Initial,146200,109843,4106,2966,29285,Final,Initial carrier estimate following inspection and scope review.
CLM00802,EST0002160,2024-08-16,Electrician,TP00090,Electrician Estimate,149300,121479,12258,6428,9135,Under Review,Estimate submitted by involved electrician.
CLM00802,EST0002161,2024-08-23,Public Adjuster,TP00067,Public Adjuster Estimate,183300,155361,10430,9422,8087,Partially Accepted,Estimate package submitted by public adjuster.
CLM00803,EST0002162,2025-08-01,Carrier,,Initial,163500,134726,14324,8670,5780,Superseded,Initial carrier estimate following inspection and scope review.
CLM00803,EST0002163,2025-08-15,Electrician,TP00089,Electrician Estimate,160000,131886,10756,8564,8794,Partially Accepted,Estimate submitted by involved electrician.
CLM00803,EST0002164,2025-08-27,Public Adjuster,TP00068,Public Adjuster Estimate,243100,205988,8570,21,28521,Partially Accepted,Estimate package submitted by public adjuster.
CLM00803,EST0002165,2025-10-23,Electrician,TP00089,Revised,259600,206291,12031,6965,34313,Under Review,Revised estimate created following scope reconciliation.
CLM00803,EST0002166,2025-10-09,Electrician,TP00089,Revised,309700,233316,13204,2533,60647,Partially Accepted,Supplemental estimate received with additional repair line items.
CLM00804,EST0002167,2024-01-14,Carrier,,Initial,66600,50126,6963,3203,6308,Superseded,Initial carrier estimate following inspection and scope review.
CLM00804,EST0002168,2024-01-17,Electrician,TP00091,Electrician Estimate,92400,74345,8622,3378,6055,Partially Accepted,Estimate submitted by involved electrician.
CLM00804,EST0002169,2024-03-19,Carrier,TP00091,Revised,110300,80581,5991,7984,15744,Under Review,Supplemental estimate received with additional repair line items.
CLM00804,EST0002170,2024-02-05,Carrier,TP00091,Supplement,127800,107349,12042,1188,7221,Partially Accepted,Revised estimate created following scope reconciliation.
CLM00805,EST0002171,2024-06-18,Carrier,,Initial,33500,25931,2203,2397,2969,Final,Initial carrier estimate following inspection and scope review.
CLM00805,EST0002172,2024-06-17,Roofer,TP00034,Roofer Estimate,38900,29247,1619,2724,5310,Under Review,Estimate submitted by involved roofer.
CLM00806,EST0002173,2023-10-15,Carrier,,Initial,170500,147548,10239,6819,5894,Superseded,Initial carrier estimate following inspection and scope review.
CLM00806,EST0002174,2023-10-16,Electrician,TP00092,Electrician Estimate,234500,205533,27923,16971,0,Partially Accepted,Estimate submitted by involved electrician.
CLM00806,EST0002175,2023-10-30,Public Adjuster,TP00068,Public Adjuster Estimate,265400,195862,6563,2685,60290,Accepted,Estimate package submitted by public adjuster.
CLM00806,EST0002176,2023-11-30,General Contractor,TP00092,Revised,313100,252865,30297,22919,7019,Partially Accepted,Revised estimate created following scope reconciliation.
CLM00807,EST0002177,2023-12-02,Carrier,,Initial,14100,11590,349,205,1956,Final,Initial carrier estimate following inspection and scope review.
CLM00807,EST0002178,2023-12-16,General Contractor,TP00050,General Contractor Estimate,14900,11932,1025,905,1038,Under Review,Estimate submitted by involved general contractor.
CLM00808,EST0002179,2023-07-16,Carrier,,Initial,50900,42427,2155,2646,3672,Superseded,Initial carrier estimate following inspection and scope review.
CLM00808,EST0002180,2023-07-18,Roofer,TP00037,Roofer Estimate,70300,55260,6233,5346,3461,Partially Accepted,Estimate submitted by involved roofer.
CLM00808,EST0002181,2023-08-19,General Contractor,,Revised,87300,69775,9152,2205,6168,Under Review,Updated estimate following reinspection and documentation review.
CLM00808,EST0002182,2023-09-03,Roofer,,Supplement,91200,67979,5699,3329,14193,Partially Accepted,Supplemental estimate received with additional repair line items.
CLM00809,EST0002183,2025-07-11,Carrier,,Initial,27400,23812,1134,771,1683,Final,Initial carrier estimate following inspection and scope review.
CLM00809,EST0002184,2025-07-21,Plumber,TP00044,Plumber Estimate,38000,33268,1302,1576,1854,Under Review,Estimate submitted by involved plumber.
CLM00810,EST0002185,2022-07-23,Carrier,,Initial,23100,20407,596,1325,772,Final,Initial carrier estimate following inspection and scope review.
CLM00810,EST0002186,2022-08-05,Plumber,TP00047,Plumber Estimate,30500,25768,3611,1921,0,Under Review,Estimate submitted by involved plumber.
CLM00811,EST0002187,2024-01-17,Carrier,,Initial,27800,20029,1993,569,5209,Final,Initial carrier estimate following inspection and scope review.
CLM00811,EST0002188,2024-01-28,Plumber,TP00040,Plumber Estimate,32700,28569,1280,704,2147,Under Review,Estimate submitted by involved plumber.
CLM00811,EST0002189,2024-02-04,Public Adjuster,TP00064,Public Adjuster Estimate,48900,40947,1924,688,5341,Under Review,Estimate package submitted by public adjuster.
CLM00812,EST0002190,2022-06-16,Carrier,,Initial,23100,18774,790,588,2948,Superseded,Initial carrier estimate following inspection and scope review.
CLM00812,EST0002191,2022-07-03,Roofer,TP00028,Roofer Estimate,39300,32573,1056,675,4996,Partially Accepted,Estimate submitted by involved roofer.
CLM00812,EST0002192,2022-08-19,Roofer,TP00028,Supplement,45700,40240,3638,1546,276,Partially Accepted,Supplemental estimate received with additional repair line items.
CLM00813,EST0002193,2025-12-18,Carrier,,Initial,16600,12802,415,906,2477,Final,Initial carrier estimate following inspection and scope review.
CLM00813,EST0002194,2026-01-05,Roofer,TP00032,Roofer Estimate,17000,15075,395,1186,344,Under Review,Estimate submitted by involved roofer.
CLM00814,EST0002195,2024-03-01,Carrier,,Initial,63200,48520,7006,4808,2866,Final,Initial carrier estimate following inspection and scope review.
CLM00815,EST0002196,2022-05-09,Carrier,,Initial,34900,30145,2283,1000,1472,Superseded,Initial carrier estimate following inspection and scope review.
CLM00815,EST0002197,2022-05-13,Plumber,TP00042,Plumber Estimate,41000,29578,4538,2633,4251,Partially Accepted,Estimate submitted by involved plumber.
CLM00815,EST0002198,2022-05-31,Public Adjuster,TP00068,Public Adjuster Estimate,47400,39171,4799,753,2677,Accepted,Estimate package submitted by public adjuster.
CLM00816,EST0002199,2022-12-11,Carrier,,Initial,75700,62262,3780,817,8841,Final,Initial carrier estimate following inspection and scope review.
CLM00816,EST0002200,2022-12-09,Electrician,TP00092,Electrician Estimate,84700,75457,7160,4818,0,Under Review,Estimate submitted by involved electrician.
CLM00817,EST0002201,2023-03-03,Carrier,,Initial,15100,12840,1477,517,266,Superseded,Initial carrier estimate following inspection and scope review.
CLM00817,EST0002202,2023-03-05,Roofer,TP00033,Roofer Estimate,17200,13065,1835,870,1430,Partially Accepted,Estimate submitted by involved roofer.
CLM00817,EST0002203,2023-03-18,Public Adjuster,TP00065,Public Adjuster Estimate,26700,22663,1250,889,1898,Under Review,Estimate package submitted by public adjuster.
CLM00818,EST0002204,2022-10-26,Carrier,,Initial,23700,20464,1256,1495,485,Superseded,Initial carrier estimate following inspection and scope review.
CLM00818,EST0002205,2022-11-12,General Contractor,TP00056,General Contractor Estimate,27500,23088,774,85,3553,Partially Accepted,Estimate submitted by involved general contractor.
CLM00818,EST0002206,2022-11-21,Public Adjuster,TP00069,Public Adjuster Estimate,40000,32240,4777,415,2568,Partially Accepted,Estimate package submitted by public adjuster.
CLM00819,EST0002207,2024-11-01,Carrier,,Initial,61200,51686,7108,2855,0,Final,Initial carrier estimate following inspection and scope review.
CLM00819,EST0002208,2024-11-12,Electrician,TP00091,Electrician Estimate,65900,55986,4719,4097,1098,Under Review,Estimate submitted by involved electrician.
CLM00820,EST0002209,2025-06-28,Carrier,,Initial,32200,26382,1458,2144,2216,Final,Initial carrier estimate following inspection and scope review.
CLM00820,EST0002210,2025-07-04,Plumber,TP00046,Plumber Estimate,39400,30963,4190,1163,3084,Under Review,Estimate submitted by involved plumber.
CLM00821,EST0002211,2022-06-27,Carrier,,Initial,19700,15139,1260,245,3056,Final,Initial carrier estimate following inspection and scope review.
CLM00821,EST0002212,2022-07-06,Roofer,TP00031,Roofer Estimate,20700,16088,773,778,3061,Under Review,Estimate submitted by involved roofer.
CLM00822,EST0002213,2023-02-13,Carrier,,Initial,52800,44616,2350,2461,3373,Final,Initial carrier estimate following inspection and scope review.
CLM00822,EST0002214,2023-02-25,Roofer,TP00037,Roofer Estimate,67100,56585,6664,1538,2313,Under Review,Estimate submitted by involved roofer.
CLM00822,EST0002215,2023-02-27,Public Adjuster,TP00067,Public Adjuster Estimate,91100,69522,6107,2411,13060,Partially Accepted,Estimate package submitted by public adjuster.
CLM00823,EST0002216,2022-05-22,Carrier,,Initial,114900,91529,11102,2001,10268,Superseded,Initial carrier estimate following inspection and scope review.
CLM00823,EST0002217,2022-05-21,Electrician,TP00090,Electrician Estimate,123500,103507,11648,1631,6714,Partially Accepted,Estimate submitted by involved electrician.
CLM00824,EST0002218,2023-01-10,Carrier,,Initial,20500,15204,1342,1262,2692,Superseded,Initial carrier estimate following inspection and scope review.
CLM00824,EST0002219,2023-01-29,Roofer,TP00036,Roofer Estimate,22000,18120,2126,1519,235,Partially Accepted,Estimate submitted by involved roofer.
CLM00825,EST0002220,2025-08-04,Carrier,,Initial,17600,13957,1678,359,1606,Final,Initial carrier estimate following inspection and scope review.
CLM00825,EST0002221,2025-08-17,Roofer,TP00034,Roofer Estimate,22300,19634,2253,275,138,Under Review,Estimate submitted by involved roofer.
CLM00826,EST0002222,2024-10-03,Carrier,,Initial,25700,20905,756,1161,2878,Superseded,Initial carrier estimate following inspection and scope review.
CLM00826,EST0002223,2024-10-22,Roofer,TP00027,Roofer Estimate,34400,26091,1130,2466,4713,Partially Accepted,Estimate submitted by involved roofer.
CLM00827,EST0002224,2025-12-16,Carrier,,Initial,37800,30770,4487,1980,563,Final,Initial carrier estimate following inspection and scope review.
CLM00827,EST0002225,2026-01-01,Plumber,TP00042,Plumber Estimate,48500,39314,2242,3690,3254,Under Review,Estimate submitted by involved plumber.
CLM00828,EST0002226,2023-12-12,Carrier,,Initial,25900,19668,850,460,4922,Final,Initial carrier estimate following inspection and scope review.
CLM00828,EST0002227,2024-01-01,Plumber,TP00040,Plumber Estimate,29100,25155,1308,315,2322,Under Review,Estimate submitted by involved plumber.
CLM00829,EST0002228,2025-03-21,Carrier,,Initial,21700,16207,1796,177,3520,Final,Initial carrier estimate following inspection and scope review.
CLM00829,EST0002229,2025-04-03,Plumber,TP00045,Plumber Estimate,20100,16650,894,134,2422,Under Review,Estimate submitted by involved plumber.
CLM00830,EST0002230,2022-10-12,Carrier,,Initial,29600,26228,1804,1339,229,Superseded,Initial carrier estimate following inspection and scope review.
CLM00830,EST0002231,2022-10-15,Roofer,TP00029,Roofer Estimate,40700,30968,948,2147,6637,Partially Accepted,Estimate submitted by involved roofer.
CLM00831,EST0002232,2023-08-28,Carrier,,Initial,35700,29953,3574,655,1518,Final,Initial carrier estimate following inspection and scope review.
CLM00831,EST0002233,2023-09-14,Plumber,TP00038,Plumber Estimate,49200,37549,1577,2637,7437,Under Review,Estimate submitted by involved plumber.
CLM00832,EST0002234,2023-02-18,Carrier,,Initial,45200,37606,3549,714,3331,Superseded,Initial carrier estimate following inspection and scope review.
CLM00832,EST0002235,2023-02-16,Plumber,TP00042,Plumber Estimate,60000,51409,1808,161,6622,Partially Accepted,Estimate submitted by involved plumber.
CLM00832,EST0002236,2023-04-12,Carrier,TP00042,Revised,73300,60181,3363,3095,6661,Partially Accepted,Supplemental estimate received with additional repair line items.
CLM00833,EST0002237,2023-01-07,Carrier,,Initial,31000,23727,2189,468,4616,Final,Initial carrier estimate following inspection and scope review.
CLM00834,EST0002238,2024-09-22,Carrier,,Initial,21500,19215,862,1277,146,Final,Initial carrier estimate following inspection and scope review.
CLM00834,EST0002239,2024-09-24,Roofer,TP00032,Roofer Estimate,19600,16527,1736,698,639,Under Review,Estimate submitted by involved roofer.
CLM00835,EST0002240,2023-10-12,Carrier,,Initial,26200,19911,2039,2016,2234,Superseded,Initial carrier estimate following inspection and scope review.
CLM00835,EST0002241,2023-10-19,Electrician,TP00089,Electrician Estimate,30500,24676,1365,1598,2861,Partially Accepted,Estimate submitted by involved electrician.
CLM00835,EST0002242,2024-01-05,Carrier,TP00089,Supplement,31900,26354,1299,33,4214,Partially Accepted,Supplemental estimate received with additional repair line items.
CLM00836,EST0002243,2023-01-10,Carrier,,Initial,32100,26194,1318,2304,2284,Final,Initial carrier estimate following inspection and scope review.
CLM00836,EST0002244,2023-01-20,Plumber,TP00041,Plumber Estimate,39800,31012,3970,2750,2068,Under Review,Estimate submitted by involved plumber.
CLM00837,EST0002245,2022-08-08,Carrier,,Initial,19900,14961,2209,499,2231,Superseded,Initial carrier estimate following inspection and scope review.
CLM00837,EST0002246,2022-08-24,Roofer,TP00031,Roofer Estimate,21300,18529,2123,1609,0,Partially Accepted,Estimate submitted by involved roofer.
CLM00837,EST0002247,2022-11-05,Roofer,TP00031,Supplement,25500,21866,1324,251,2059,Partially Accepted,Supplemental estimate received with additional repair line items.
CLM00838,EST0002248,2024-09-04,Carrier,,Initial,35000,28182,3383,1108,2327,Superseded,Initial carrier estimate following inspection and scope review.
CLM00838,EST0002249,2024-09-12,Roofer,TP00036,Roofer Estimate,32400,23628,1883,557,6332,Partially Accepted,Estimate submitted by involved roofer.
CLM00838,EST0002250,2024-11-09,General Contractor,,Supplement,33300,29837,2982,2454,0,Partially Accepted,Revised estimate created following scope reconciliation.
CLM00839,EST0002251,2023-03-30,Carrier,,Initial,74600,61773,2152,5429,5246,Superseded,Initial carrier estimate following inspection and scope review.
CLM00839,EST0002252,2023-03-28,Electrician,TP00090,Electrician Estimate,72200,53970,6180,1799,10251,Partially Accepted,Estimate submitted by involved electrician.
CLM00839,EST0002253,2023-05-26,General Contractor,,Revised,87100,73286,7227,5928,659,Under Review,Updated estimate following reinspection and documentation review.
CLM00839,EST0002254,2023-04-22,Carrier,TP00090,Supplement,90800,65706,2069,3134,19891,Partially Accepted,Supplemental estimate received with additional repair line items.
CLM00840,EST0002255,2022-10-30,Carrier,,Initial,34600,29453,861,699,3587,Superseded,Initial carrier estimate following inspection and scope review.
CLM00840,EST0002256,2022-11-04,Roofer,TP00035,Roofer Estimate,36800,29693,1840,375,4892,Partially Accepted,Estimate submitted by involved roofer.
CLM00841,EST0002257,2023-07-15,Carrier,,Initial,26900,21730,2439,2015,716,Final,Initial carrier estimate following inspection and scope review.
CLM00841,EST0002258,2023-07-13,Roofer,TP00026,Roofer Estimate,32200,28772,1776,2082,0,Under Review,Estimate submitted by involved roofer.
CLM00842,EST0002259,2025-11-08,Carrier,,Initial,21700,17532,2383,179,1606,Final,Initial carrier estimate following inspection and scope review.
CLM00842,EST0002260,2025-11-20,Roofer,TP00028,Roofer Estimate,29200,24516,2265,468,1951,Under Review,Estimate submitted by involved roofer.
CLM00843,EST0002261,2024-02-07,Carrier,,Initial,44800,39061,5091,2653,0,Superseded,Initial carrier estimate following inspection and scope review.
CLM00843,EST0002262,2024-03-02,Plumber,TP00045,Plumber Estimate,56800,41486,4557,1549,9208,Partially Accepted,Estimate submitted by involved plumber.
CLM00843,EST0002263,2024-03-01,Public Adjuster,TP00068,Public Adjuster Estimate,60300,51629,2032,4176,2463,Under Review,Estimate package submitted by public adjuster.
CLM00844,EST0002264,2024-12-01,Carrier,,Initial,30600,25626,650,166,4158,Final,Initial carrier estimate following inspection and scope review.
CLM00845,EST0002265,2024-10-20,Carrier,,Initial,89300,71305,9079,1546,7370,Superseded,Initial carrier estimate following inspection and scope review.
CLM00845,EST0002266,2024-11-14,Roofer,TP00033,Roofer Estimate,99600,79788,8856,4385,6571,Partially Accepted,Estimate submitted by involved roofer.
CLM00846,EST0002267,2024-10-20,Carrier,,Initial,41500,36478,3924,1391,0,Superseded,Initial carrier estimate following inspection and scope review.
CLM00846,EST0002268,2024-11-01,Roofer,TP00027,Roofer Estimate,69200,59521,7833,5234,0,Partially Accepted,Estimate submitted by involved roofer.
CLM00846,EST0002269,2025-01-18,General Contractor,,Revised,71600,60244,3094,1122,7140,Under Review,Supplemental estimate received with additional repair line items.
CLM00846,EST0002270,2024-12-02,Carrier,TP00027,Supplement,74900,64033,5720,2793,2354,Under Review,Updated estimate following reinspection and documentation review.
CLM00846,EST0002271,2025-01-03,Roofer,TP00027,Supplement,83200,72298,4042,1415,5445,Under Review,Updated estimate following reinspection and documentation review.
CLM00846,EST0002272,2024-12-01,General Contractor,,Revised,92800,68675,1877,1712,20536,Partially Accepted,Supplemental estimate received with additional repair line items.
CLM00847,EST0002273,2025-10-05,Carrier,,Initial,11200,8452,702,20,2026,Superseded,Initial carrier estimate following inspection and scope review.
CLM00847,EST0002274,2025-10-17,Electrician,TP00092,Electrician Estimate,12000,10708,560,823,0,Partially Accepted,Estimate submitted by involved electrician.
CLM00847,EST0002275,2025-11-22,General Contractor,,Revised,13000,11658,1383,761,0,Under Review,Updated estimate following reinspection and documentation review.
CLM00847,EST0002276,2025-12-06,General Contractor,,Supplement,14700,11114,1751,262,1573,Partially Accepted,Revised estimate created following scope reconciliation.
CLM00848,EST0002277,2022-10-22,Carrier,,Initial,19500,15720,1364,1457,959,Superseded,Initial carrier estimate following inspection and scope review.
CLM00848,EST0002278,2022-11-09,General Contractor,TP00056,General Contractor Estimate,24100,17745,744,205,5406,Partially Accepted,Estimate submitted by involved general contractor.
CLM00849,EST0002279,2024-04-28,Carrier,,Initial,21600,17226,746,640,2988,Superseded,Initial carrier estimate following inspection and scope review.
CLM00849,EST0002280,2024-05-07,Roofer,TP00032,Roofer Estimate,28500,21779,1504,1111,4106,Partially Accepted,Estimate submitted by involved roofer.
CLM00849,EST0002281,2024-07-20,General Contractor,,Revised,29200,22050,2979,2181,1990,Partially Accepted,Revised estimate created following scope reconciliation.
CLM00850,EST0002282,2024-10-15,Carrier,,Initial,24000,20074,751,188,2987,Superseded,Initial carrier estimate following inspection and scope review.
CLM00850,EST0002283,2024-11-01,Roofer,TP00031,Roofer Estimate,32400,23799,2733,1280,4588,Partially Accepted,Estimate submitted by involved roofer.
CLM00850,EST0002284,2025-01-19,General Contractor,TP00031,Revised,34800,28951,2189,769,2891,Partially Accepted,Updated estimate following reinspection and documentation review.
CLM00851,EST0002285,2023-02-13,Carrier,,Initial,90400,78500,9608,4614,0,Final,Initial carrier estimate following inspection and scope review.
CLM00851,EST0002286,2023-02-23,Roofer,TP00028,Roofer Estimate,94500,80938,5970,6265,1327,Under Review,Estimate submitted by involved roofer.
CLM00852,EST0002287,2024-02-12,Carrier,,Initial,17800,14128,1575,1337,760,Final,Initial carrier estimate following inspection and scope review.
CLM00852,EST0002288,2024-02-17,General Contractor,TP00053,General Contractor Estimate,21800,16720,2502,1078,1500,Under Review,Estimate submitted by involved general contractor.
CLM00853,EST0002289,2022-11-13,Carrier,,Initial,43700,35055,1634,1453,5558,Final,Initial carrier estimate following inspection and scope review.
CLM00853,EST0002290,2022-11-28,Plumber,TP00047,Plumber Estimate,57500,50862,3464,4246,0,Under Review,Estimate submitted by involved plumber.
CLM00853,EST0002291,2022-11-27,Public Adjuster,TP00068,Public Adjuster Estimate,76000,64254,8096,3173,477,Accepted,Estimate package submitted by public adjuster.
CLM00854,EST0002292,2024-10-18,Carrier,,Initial,21000,17964,2199,1148,0,Final,Initial carrier estimate following inspection and scope review.
CLM00854,EST0002293,2024-11-12,Roofer,TP00030,Roofer Estimate,28300,23949,3013,781,557,Under Review,Estimate submitted by involved roofer.
CLM00855,EST0002294,2023-12-17,Carrier,,Initial,8900,6936,763,68,1133,Superseded,Initial carrier estimate following inspection and scope review.
CLM00855,EST0002295,2023-12-30,General Contractor,TP00057,General Contractor Estimate,8700,6458,794,299,1149,Partially Accepted,Estimate submitted by involved general contractor.
CLM00855,EST0002296,2024-03-14,General Contractor,TP00057,Revised,10100,8568,1140,269,123,Under Review,Updated estimate following reinspection and documentation review.
CLM00855,EST0002297,2024-02-07,General Contractor,,Supplement,10900,9049,1304,817,0,Partially Accepted,Updated estimate following reinspection and documentation review.
CLM00856,EST0002298,2023-10-04,Carrier,,Initial,39500,32219,2249,1665,3367,Final,Initial carrier estimate following inspection and scope review.
CLM00856,EST0002299,2023-10-22,Plumber,TP00042,Plumber Estimate,40500,35467,1336,2873,824,Under Review,Estimate submitted by involved plumber.
CLM00857,EST0002300,2023-04-11,Carrier,,Initial,45900,37090,1440,2584,4786,Superseded,Initial carrier estimate following inspection and scope review.
CLM00857,EST0002301,2023-04-14,Plumber,TP00040,Plumber Estimate,54400,43698,3283,1695,5724,Partially Accepted,Estimate submitted by involved plumber.
CLM00857,EST0002302,2023-07-01,General Contractor,,Supplement,55700,40125,5033,4026,6516,Under Review,Supplemental estimate received with additional repair line items.
CLM00857,EST0002303,2023-05-07,Carrier,TP00040,Revised,58800,49279,2300,4133,3088,Partially Accepted,Updated estimate following reinspection and documentation review.
CLM00858,EST0002304,2023-06-24,Carrier,,Initial,45600,35254,1729,3020,5597,Final,Initial carrier estimate following inspection and scope review.
CLM00858,EST0002305,2023-06-29,Roofer,TP00026,Roofer Estimate,94400,84222,6360,3090,728,Under Review,Estimate submitted by involved roofer.
CLM00859,EST0002306,2025-02-08,Carrier,,Initial,31000,23308,1813,954,4925,Superseded,Initial carrier estimate following inspection and scope review.
CLM00859,EST0002307,2025-02-14,Electrician,TP00092,Electrician Estimate,32000,23756,1442,473,6329,Partially Accepted,Estimate submitted by involved electrician.
CLM00860,EST0002308,2025-01-12,Carrier,,Initial,14800,13174,694,894,38,Final,Initial carrier estimate following inspection and scope review.
CLM00861,EST0002309,2025-02-23,Carrier,,Initial,26200,23070,916,1977,237,Superseded,Initial carrier estimate following inspection and scope review.
CLM00861,EST0002310,2025-02-26,General Contractor,TP00048,General Contractor Estimate,31300,27932,2166,1315,0,Partially Accepted,Estimate submitted by involved general contractor.
CLM00861,EST0002311,2025-03-26,General Contractor,,Revised,32400,25920,1072,1327,4081,Under Review,Supplemental estimate received with additional repair line items.
CLM00861,EST0002312,2025-05-02,General Contractor,TP00048,Supplement,36100,26514,1273,534,7779,Partially Accepted,Updated estimate following reinspection and documentation review.
CLM00862,EST0002313,2024-05-18,Carrier,,Initial,75000,59265,8256,1402,6077,Final,Initial carrier estimate following inspection and scope review.
CLM00862,EST0002314,2024-05-27,Roofer,TP00033,Roofer Estimate,74400,65197,7052,5609,0,Under Review,Estimate submitted by involved roofer.
CLM00863,EST0002315,2022-05-10,Carrier,,Initial,45900,36859,2974,3489,2578,Superseded,Initial carrier estimate following inspection and scope review.
CLM00863,EST0002316,2022-05-06,Plumber,TP00038,Plumber Estimate,67800,57524,5196,741,4339,Partially Accepted,Estimate submitted by involved plumber.
CLM00863,EST0002317,2022-06-24,General Contractor,TP00038,Supplement,72300,53605,3645,4587,10463,Under Review,Supplemental estimate received with additional repair line items.
CLM00863,EST0002318,2022-06-17,Carrier,TP00038,Revised,79700,61795,3234,2733,11938,Under Review,Updated estimate following reinspection and documentation review.
CLM00863,EST0002319,2022-06-14,Carrier,TP00038,Revised,83000,73987,8942,4222,0,Under Review,Updated estimate following reinspection and documentation review.
CLM00863,EST0002320,2022-07-28,Plumber,TP00038,Supplement,85800,63995,6804,3154,11847,Partially Accepted,Supplemental estimate received with additional repair line items.
CLM00864,EST0002321,2023-03-21,Carrier,,Initial,23700,20144,1073,1618,865,Superseded,Initial carrier estimate following inspection and scope review.
CLM00864,EST0002322,2023-04-06,General Contractor,TP00048,General Contractor Estimate,24300,20098,2767,1771,0,Partially Accepted,Estimate submitted by involved general contractor.
CLM00864,EST0002323,2023-05-04,Carrier,,Revised,29100,25286,3087,1825,0,Under Review,Supplemental estimate received with additional repair line items.
CLM00864,EST0002324,2023-04-20,General Contractor,,Supplement,32600,26622,3072,2118,788,Partially Accepted,Revised estimate created following scope reconciliation.
CLM00865,EST0002325,2024-11-04,Carrier,,Initial,23900,19617,2486,678,1119,Final,Initial carrier estimate following inspection and scope review.
CLM00865,EST0002326,2024-11-11,Electrician,TP00091,Electrician Estimate,21800,19090,1526,254,930,Under Review,Estimate submitted by involved electrician.
CLM00866,EST0002327,2025-11-09,Carrier,,Initial,49400,39135,3402,731,6132,Superseded,Initial carrier estimate following inspection and scope review.
CLM00866,EST0002328,2025-11-23,Roofer,TP00026,Roofer Estimate,48500,36753,5143,262,6342,Partially Accepted,Estimate submitted by involved roofer.
CLM00867,EST0002329,2023-10-26,Carrier,,Initial,34300,27941,3536,1033,1790,Final,Initial carrier estimate following inspection and scope review.
CLM00868,EST0002330,2024-10-22,Carrier,,Initial,40400,30212,882,740,8566,Final,Initial carrier estimate following inspection and scope review.
CLM00869,EST0002331,2023-06-19,Carrier,,Initial,13400,11663,828,354,555,Final,Initial carrier estimate following inspection and scope review.
CLM00869,EST0002332,2023-06-25,Roofer,TP00026,Roofer Estimate,14900,11741,492,990,1677,Under Review,Estimate submitted by involved roofer.
CLM00869,EST0002333,2023-06-21,Public Adjuster,TP00070,Public Adjuster Estimate,21100,18163,1455,1209,273,Partially Accepted,Estimate package submitted by public adjuster.
CLM00870,EST0002334,2024-10-27,Carrier,,Initial,54100,46014,1383,1837,4866,Final,Initial carrier estimate following inspection and scope review.
CLM00870,EST0002335,2024-11-04,Roofer,TP00033,Roofer Estimate,60100,43613,4811,2223,9453,Under Review,Estimate submitted by involved roofer.
CLM00871,EST0002336,2025-07-21,Carrier,,Initial,20200,15838,886,438,3038,Superseded,Initial carrier estimate following inspection and scope review.
CLM00871,EST0002337,2025-07-22,General Contractor,TP00052,General Contractor Estimate,27500,20348,2498,1790,2864,Partially Accepted,Estimate submitted by involved general contractor.
CLM00871,EST0002338,2025-10-25,General Contractor,TP00052,Supplement,29600,25004,3047,438,1111,Partially Accepted,Supplemental estimate received with additional repair line items.
CLM00872,EST0002339,2024-11-01,Carrier,,Initial,38700,30607,845,191,7057,Superseded,Initial carrier estimate following inspection and scope review.
CLM00872,EST0002340,2024-11-10,Roofer,TP00037,Roofer Estimate,52000,45270,3107,853,2770,Partially Accepted,Estimate submitted by involved roofer.
CLM00872,EST0002341,2024-11-24,Carrier,TP00037,Revised,64200,51111,6694,3209,3186,Partially Accepted,Updated estimate following reinspection and documentation review.
CLM00873,EST0002342,2022-09-15,Carrier,,Initial,5100,4281,295,31,493,Final,Initial carrier estimate following inspection and scope review.
CLM00873,EST0002343,2022-09-24,General Contractor,TP00053,General Contractor Estimate,6200,5454,419,81,246,Under Review,Estimate submitted by involved general contractor.
CLM00874,EST0002344,2025-06-05,Carrier,,Initial,46300,34832,4303,3204,3961,Superseded,Initial carrier estimate following inspection and scope review.
CLM00874,EST0002345,2025-06-16,Roofer,TP00036,Roofer Estimate,55500,48110,3957,3943,0,Partially Accepted,Estimate submitted by involved roofer.
CLM00874,EST0002346,2025-07-22,General Contractor,,Revised,65300,49673,3157,343,12127,Partially Accepted,Updated estimate following reinspection and documentation review.
CLM00875,EST0002347,2023-02-03,Carrier,,Initial,20900,15770,876,1079,3175,Superseded,Initial carrier estimate following inspection and scope review.
CLM00875,EST0002348,2023-02-08,Roofer,TP00031,Roofer Estimate,25400,21841,1547,559,1453,Partially Accepted,Estimate submitted by involved roofer.
CLM00875,EST0002349,2023-03-05,General Contractor,,Supplement,28100,21991,3152,57,2900,Under Review,Updated estimate following reinspection and documentation review.
CLM00875,EST0002350,2023-03-30,Roofer,,Revised,34300,26119,4043,1898,2240,Partially Accepted,Revised estimate created following scope reconciliation.
CLM00876,EST0002351,2022-12-14,Carrier,,Initial,26900,23986,2399,57,458,Final,Initial carrier estimate following inspection and scope review.
CLM00876,EST0002352,2022-12-29,Plumber,TP00047,Plumber Estimate,28800,24861,1582,426,1931,Under Review,Estimate submitted by involved plumber.
CLM00877,EST0002353,2022-09-02,Carrier,,Initial,9800,7438,934,298,1130,Superseded,Initial carrier estimate following inspection and scope review.
CLM00877,EST0002354,2022-09-22,General Contractor,TP00052,General Contractor Estimate,12800,10569,369,355,1507,Partially Accepted,Estimate submitted by involved general contractor.
CLM00877,EST0002355,2022-10-24,General Contractor,,Revised,15000,13015,1466,16,503,Partially Accepted,Updated estimate following reinspection and documentation review.
CLM00878,EST0002356,2022-05-07,Carrier,,Initial,145500,106950,16720,10676,11154,Final,Initial carrier estimate following inspection and scope review.
CLM00878,EST0002357,2022-05-25,Electrician,TP00089,Electrician Estimate,200000,153011,21406,11035,14548,Under Review,Estimate submitted by involved electrician.
CLM00879,EST0002358,2022-11-01,Carrier,,Initial,11700,8441,480,297,2482,Final,Initial carrier estimate following inspection and scope review.
CLM00879,EST0002359,2022-11-12,General Contractor,TP00051,General Contractor Estimate,11400,9862,916,50,572,Under Review,Estimate submitted by involved general contractor.
CLM00879,EST0002360,2022-11-08,Public Adjuster,TP00071,Public Adjuster Estimate,16700,14904,1455,254,87,Under Review,Estimate package submitted by public adjuster.
CLM00880,EST0002361,2024-01-10,Carrier,,Initial,24700,19521,1155,1467,2557,Superseded,Initial carrier estimate following inspection and scope review.
CLM00880,EST0002362,2024-01-05,General Contractor,TP00049,General Contractor Estimate,29000,24920,1173,1561,1346,Partially Accepted,Estimate submitted by involved general contractor.
CLM00881,EST0002363,2024-05-20,Carrier,,Initial,36000,28068,974,766,6192,Final,Initial carrier estimate following inspection and scope review.
CLM00881,EST0002364,2024-06-04,Electrician,TP00089,Electrician Estimate,41100,30189,2754,3202,4955,Under Review,Estimate submitted by involved electrician.
CLM00882,EST0002365,2023-05-08,Carrier,,Initial,18000,15698,549,544,1209,Superseded,Initial carrier estimate following inspection and scope review.
CLM00882,EST0002366,2023-05-14,General Contractor,TP00057,General Contractor Estimate,24200,21038,2036,844,282,Partially Accepted,Estimate submitted by involved general contractor.
CLM00883,EST0002367,2022-10-20,Carrier,,Initial,44700,32762,2455,315,9168,Superseded,Initial carrier estimate following inspection and scope review.
CLM00883,EST0002368,2022-11-01,Plumber,TP00039,Plumber Estimate,53000,44623,3164,290,4923,Partially Accepted,Estimate submitted by involved plumber.
CLM00883,EST0002369,2022-12-11,General Contractor,TP00039,Revised,63100,46504,5046,1051,10499,Partially Accepted,Updated estimate following reinspection and documentation review.
CLM00884,EST0002370,2022-10-24,Carrier,,Initial,87900,76738,8669,6772,0,Final,Initial carrier estimate following inspection and scope review.
CLM00885,EST0002371,2025-06-13,Carrier,,Initial,25900,20264,2956,247,2433,Superseded,Initial carrier estimate following inspection and scope review.
CLM00885,EST0002372,2025-06-18,Plumber,TP00041,Plumber Estimate,51600,44727,5262,3114,0,Partially Accepted,Estimate submitted by involved plumber.
CLM00885,EST0002373,2025-07-24,Plumber,TP00041,Supplement,55800,46427,1422,3156,4795,Under Review,Updated estimate following reinspection and documentation review.
CLM00885,EST0002374,2025-08-11,Carrier,TP00041,Revised,69200,53899,3018,830,11453,Partially Accepted,Updated estimate following reinspection and documentation review.
CLM00886,EST0002375,2024-07-13,Carrier,,Initial,40600,31524,4765,2130,2181,Superseded,Initial carrier estimate following inspection and scope review.
CLM00886,EST0002376,2024-07-12,Roofer,TP00027,Roofer Estimate,82900,70079,8009,1533,3279,Partially Accepted,Estimate submitted by involved roofer.
CLM00886,EST0002377,2024-07-20,Public Adjuster,TP00068,Public Adjuster Estimate,53700,45438,5542,2637,83,Partially Accepted,Estimate package submitted by public adjuster.
CLM00886,EST0002378,2024-10-04,General Contractor,TP00027,Supplement,66600,54459,4256,4190,3695,Under Review,Updated estimate following reinspection and documentation review.
CLM00886,EST0002379,2024-09-06,Roofer,TP00027,Revised,78100,69362,7851,3648,0,Partially Accepted,Revised estimate created following scope reconciliation.
CLM00887,EST0002380,2023-04-10,Carrier,,Initial,47600,39211,1641,2002,4746,Final,Initial carrier estimate following inspection and scope review.
CLM00887,EST0002381,2023-04-13,Plumber,TP00041,Plumber Estimate,57000,50599,1544,2448,2409,Under Review,Estimate submitted by involved plumber.
CLM00888,EST0002382,2025-10-29,Carrier,,Initial,22400,19438,578,1581,803,Superseded,Initial carrier estimate following inspection and scope review.
CLM00888,EST0002383,2025-11-02,Plumber,TP00046,Plumber Estimate,26500,23601,1048,1951,0,Partially Accepted,Estimate submitted by involved plumber.
CLM00888,EST0002384,2026-01-07,Carrier,TP00046,Supplement,27100,22566,1723,1407,1404,Under Review,Updated estimate following reinspection and documentation review.
CLM00888,EST0002385,2025-11-19,Plumber,,Revised,32800,25535,1411,1913,3941,Partially Accepted,Revised estimate created following scope reconciliation.
CLM00889,EST0002386,2025-10-01,Carrier,,Initial,6200,4625,332,314,929,Final,Initial carrier estimate following inspection and scope review.
CLM00889,EST0002387,2025-10-06,Plumber,TP00041,Plumber Estimate,8600,7242,326,201,831,Under Review,Estimate submitted by involved plumber.
CLM00890,EST0002388,2025-09-27,Carrier,,Initial,17600,13268,1273,66,2993,Final,Initial carrier estimate following inspection and scope review.
CLM00890,EST0002389,2025-10-10,Plumber,TP00047,Plumber Estimate,18700,15095,719,1012,1874,Under Review,Estimate submitted by involved plumber.
CLM00891,EST0002390,2022-07-13,Carrier,,Initial,10600,9351,772,690,0,Superseded,Initial carrier estimate following inspection and scope review.
CLM00891,EST0002391,2022-07-24,Roofer,TP00029,Roofer Estimate,11500,9948,671,38,843,Partially Accepted,Estimate submitted by involved roofer.
CLM00891,EST0002392,2022-09-15,Roofer,,Supplement,13100,10772,1555,1031,0,Under Review,Revised estimate created following scope reconciliation.
CLM00891,EST0002393,2022-10-05,Roofer,TP00029,Revised,13500,11217,895,937,451,Partially Accepted,Revised estimate created following scope reconciliation.
CLM00892,EST0002394,2025-04-10,Carrier,,Initial,54200,44636,1966,268,7330,Final,Initial carrier estimate following inspection and scope review.
CLM00892,EST0002395,2025-04-17,Roofer,TP00028,Roofer Estimate,63200,52666,2460,5038,3036,Under Review,Estimate submitted by involved roofer.
CLM00892,EST0002396,2025-04-12,Public Adjuster,TP00071,Public Adjuster Estimate,81900,72326,6312,1465,1797,Partially Accepted,Estimate package submitted by public adjuster.
CLM00893,EST0002397,2025-10-03,Carrier,,Initial,16500,13630,1034,752,1084,Final,Initial carrier estimate following inspection and scope review.
CLM00893,EST0002398,2025-09-30,General Contractor,TP00057,General Contractor Estimate,16900,12827,1220,1178,1675,Under Review,Estimate submitted by involved general contractor.
CLM00894,EST0002399,2024-10-18,Carrier,,Initial,36600,27875,782,1013,6930,Final,Initial carrier estimate following inspection and scope review.
CLM00895,EST0002400,2022-04-01,Carrier,,Initial,21400,16424,1620,1293,2063,Superseded,Initial carrier estimate following inspection and scope review.
CLM00895,EST0002401,2022-04-13,Roofer,TP00035,Roofer Estimate,28700,21930,2851,913,3006,Partially Accepted,Estimate submitted by involved roofer.
CLM00896,EST0002402,2023-01-09,Carrier,,Initial,20500,17336,1107,529,1528,Final,Initial carrier estimate following inspection and scope review.
CLM00896,EST0002403,2023-01-22,Electrician,TP00091,Electrician Estimate,22600,19679,2176,614,131,Under Review,Estimate submitted by involved electrician.
CLM00897,EST0002404,2024-06-28,Carrier,,Initial,55300,39916,1948,18,13418,Superseded,Initial carrier estimate following inspection and scope review.
CLM00897,EST0002405,2024-07-07,Roofer,TP00026,Roofer Estimate,105300,80399,7231,4606,13064,Partially Accepted,Estimate submitted by involved roofer.
CLM00897,EST0002406,2024-07-07,Public Adjuster,TP00070,Public Adjuster Estimate,70700,53421,4277,4049,8953,Under Review,Estimate package submitted by public adjuster.
CLM00897,EST0002407,2024-09-27,Carrier,,Supplement,85400,64709,3023,4163,13505,Under Review,Supplemental estimate received with additional repair line items.
CLM00897,EST0002408,2024-08-15,General Contractor,,Revised,94500,73310,8122,2492,10576,Under Review,Updated estimate following reinspection and documentation review.
CLM00897,EST0002409,2024-09-08,General Contractor,,Supplement,99200,77182,4358,1132,16528,Under Review,Supplemental estimate received with additional repair line items.
CLM00897,EST0002410,2024-08-02,Roofer,TP00026,Supplement,113100,96752,10637,6253,0,Partially Accepted,Revised estimate created following scope reconciliation.
CLM00898,EST0002411,2025-05-19,Carrier,,Initial,25700,21552,1280,1966,902,Final,Initial carrier estimate following inspection and scope review.
CLM00899,EST0002412,2024-06-13,Carrier,,Initial,21700,16778,2603,1708,611,Superseded,Initial carrier estimate following inspection and scope review.
CLM00899,EST0002413,2024-06-26,Plumber,TP00044,Plumber Estimate,27400,20362,3128,508,3402,Partially Accepted,Estimate submitted by involved plumber.
CLM00899,EST0002414,2024-07-22,Carrier,TP00044,Supplement,32400,23362,2678,1976,4384,Partially Accepted,Supplemental estimate received with additional repair line items.
CLM00900,EST0002415,2023-05-24,Carrier,,Initial,17000,13381,1372,683,1564,Superseded,Initial carrier estimate following inspection and scope review.
CLM00900,EST0002416,2023-06-08,General Contractor,TP00057,General Contractor Estimate,18400,13617,2119,270,2394,Partially Accepted,Estimate submitted by involved general contractor.
CLM00900,EST0002417,2023-06-10,Public Adjuster,TP00065,Public Adjuster Estimate,23000,16779,1004,931,4286,Partially Accepted,Estimate package submitted by public adjuster.
CLM00901,EST0002418,2024-10-23,Carrier,,Initial,52400,43545,3998,1954,2903,Final,Initial carrier estimate following inspection and scope review.
CLM00901,EST0002419,2024-10-27,Roofer,TP00034,Roofer Estimate,51400,37518,3076,2877,7929,Under Review,Estimate submitted by involved roofer.
CLM00902,EST0002420,2023-12-01,Carrier,,Initial,32100,24144,3210,1050,3696,Final,Initial carrier estimate following inspection and scope review.
CLM00902,EST0002421,2023-12-18,Roofer,TP00028,Roofer Estimate,37900,33557,3319,680,344,Under Review,Estimate submitted by involved roofer.
CLM00903,EST0002422,2023-01-20,Carrier,,Initial,74400,61604,8720,5380,0,Superseded,Initial carrier estimate following inspection and scope review.
CLM00903,EST0002423,2023-02-08,Roofer,TP00028,Roofer Estimate,101800,80174,10805,227,10594,Partially Accepted,Estimate submitted by involved roofer.
CLM00904,EST0002424,2025-08-02,Carrier,,Initial,6500,5846,601,437,0,Final,Initial carrier estimate following inspection and scope review.
CLM00904,EST0002425,2025-07-28,Plumber,TP00042,Plumber Estimate,8200,6888,437,413,462,Under Review,Estimate submitted by involved plumber.
CLM00904,EST0002426,2025-08-17,Public Adjuster,TP00070,Public Adjuster Estimate,11300,8546,1236,521,997,Accepted,Estimate package submitted by public adjuster.
CLM00905,EST0002427,2022-09-30,Carrier,,Initial,167000,124363,19527,2159,20951,Final,Initial carrier estimate following inspection and scope review.
CLM00905,EST0002428,2022-09-27,Electrician,TP00091,Electrician Estimate,154900,127089,5243,12381,10187,Under Review,Estimate submitted by involved electrician.
CLM00906,EST0002429,2025-11-08,Carrier,,Initial,32600,23543,3154,2357,3546,Superseded,Initial carrier estimate following inspection and scope review.
CLM00906,EST0002430,2025-11-26,Electrician,TP00092,Electrician Estimate,43800,37222,4270,766,1542,Partially Accepted,Estimate submitted by involved electrician.
CLM00906,EST0002431,2025-12-19,General Contractor,TP00092,Supplement,47700,37042,3012,912,6734,Under Review,Supplemental estimate received with additional repair line items.
CLM00906,EST0002432,2026-01-03,General Contractor,,Supplement,58200,52006,2270,3915,9,Partially Accepted,Updated estimate following reinspection and documentation review.
CLM00907,EST0002433,2025-02-08,Carrier,,Initial,50600,39638,5741,38,5183,Final,Initial carrier estimate following inspection and scope review.
CLM00907,EST0002434,2025-02-12,Electrician,TP00091,Electrician Estimate,46100,39925,1035,3550,1590,Under Review,Estimate submitted by involved electrician.
CLM00907,EST0002435,2025-02-20,Public Adjuster,TP00069,Public Adjuster Estimate,83400,74747,7700,1643,0,Accepted,Estimate package submitted by public adjuster.
CLM00908,EST0002436,2025-04-16,Carrier,,Initial,20400,17103,872,56,2369,Superseded,Initial carrier estimate following inspection and scope review.
CLM00908,EST0002437,2025-04-30,General Contractor,TP00057,General Contractor Estimate,27800,21313,2829,2148,1510,Partially Accepted,Estimate submitted by involved general contractor.
CLM00908,EST0002438,2025-07-17,General Contractor,TP00057,Revised,31600,24023,2398,792,4387,Under Review,Revised estimate created following scope reconciliation.
CLM00908,EST0002439,2025-07-24,General Contractor,TP00057,Revised,34100,25338,905,1856,6001,Partially Accepted,Updated estimate following reinspection and documentation review.
CLM00909,EST0002440,2022-10-22,Carrier,,Initial,39700,28954,3792,369,6585,Superseded,Initial carrier estimate following inspection and scope review.
CLM00909,EST0002441,2022-11-14,Roofer,TP00027,Roofer Estimate,83200,67777,7273,1965,6185,Partially Accepted,Estimate submitted by involved roofer.
CLM00909,EST0002442,2023-01-15,Carrier,TP00027,Supplement,84900,67891,6546,6355,4108,Partially Accepted,Updated estimate following reinspection and documentation review.
CLM00910,EST0002443,2025-09-02,Carrier,,Initial,46900,41080,4138,1394,288,Superseded,Initial carrier estimate following inspection and scope review.
CLM00910,EST0002444,2025-08-31,Roofer,TP00036,Roofer Estimate,43600,36331,2339,2679,2251,Partially Accepted,Estimate submitted by involved roofer.
CLM00910,EST0002445,2025-10-18,Carrier,,Supplement,53900,41660,4389,1913,5938,Under Review,Supplemental estimate received with additional repair line items.
CLM00910,EST0002446,2025-09-30,Roofer,,Revised,60100,48646,1291,2454,7709,Partially Accepted,Supplemental estimate received with additional repair line items.
CLM00911,EST0002447,2022-06-08,Carrier,,Initial,27200,22615,1831,1409,1345,Final,Initial carrier estimate following inspection and scope review.
CLM00912,EST0002448,2022-10-02,Carrier,,Initial,20900,17296,1024,1349,1231,Superseded,Initial carrier estimate following inspection and scope review.
CLM00912,EST0002449,2022-10-17,Plumber,TP00039,Plumber Estimate,35500,26591,3737,2598,2574,Partially Accepted,Estimate submitted by involved plumber.
CLM00912,EST0002450,2023-01-07,General Contractor,,Revised,42100,34976,3559,2784,781,Under Review,Supplemental estimate received with additional repair line items.
CLM00912,EST0002451,2022-12-31,Plumber,TP00039,Revised,49200,37796,1868,313,9223,Under Review,Updated estimate following reinspection and documentation review.
CLM00912,EST0002452,2023-01-03,General Contractor,,Supplement,50500,38217,3524,3682,5077,Under Review,Supplemental estimate received with additional repair line items.
CLM00912,EST0002453,2022-12-15,Plumber,TP00039,Revised,55100,41224,3619,984,9273,Partially Accepted,Updated estimate following reinspection and documentation review.
CLM00913,EST0002454,2023-01-05,Carrier,,Initial,4500,3451,536,217,296,Superseded,Initial carrier estimate following inspection and scope review.
CLM00913,EST0002455,2023-01-09,General Contractor,TP00050,General Contractor Estimate,4500,3261,141,359,739,Partially Accepted,Estimate submitted by involved general contractor.
CLM00913,EST0002456,2023-01-12,Public Adjuster,TP00067,Public Adjuster Estimate,5400,4467,431,74,428,Accepted,Estimate package submitted by public adjuster.
CLM00913,EST0002457,2023-02-14,General Contractor,,Revised,6400,4856,186,346,1012,Partially Accepted,Updated estimate following reinspection and documentation review.
CLM00914,EST0002458,2023-03-23,Carrier,,Initial,35200,26966,3875,827,3532,Superseded,Initial carrier estimate following inspection and scope review.
CLM00914,EST0002459,2023-04-05,Roofer,TP00027,Roofer Estimate,41900,34966,3007,2915,1012,Partially Accepted,Estimate submitted by involved roofer.
CLM00914,EST0002460,2023-05-06,Carrier,,Supplement,44400,35732,2078,2918,3672,Under Review,Supplemental estimate received with additional repair line items.
CLM00914,EST0002461,2023-06-12,General Contractor,TP00027,Supplement,53400,41660,1368,3073,7299,Partially Accepted,Revised estimate created following scope reconciliation.
CLM00915,EST0002462,2022-06-24,Carrier,,Initial,23400,20607,1443,352,998,Superseded,Initial carrier estimate following inspection and scope review.
CLM00915,EST0002463,2022-06-25,General Contractor,TP00052,General Contractor Estimate,21600,17234,2189,321,1856,Partially Accepted,Estimate submitted by involved general contractor.
CLM00915,EST0002464,2022-08-08,General Contractor,TP00052,Revised,24600,21486,2388,552,174,Under Review,Supplemental estimate received with additional repair line items.
CLM00915,EST0002465,2022-09-16,Carrier,TP00052,Supplement,28500,22820,1490,2178,2012,Partially Accepted,Updated estimate following reinspection and documentation review.
CLM00916,EST0002466,2024-09-19,Carrier,,Initial,116500,91109,3654,2333,19404,Superseded,Initial carrier estimate following inspection and scope review.
CLM00916,EST0002467,2024-09-23,Roofer,TP00033,Roofer Estimate,110900,96754,3122,7709,3315,Partially Accepted,Estimate submitted by involved roofer.
CLM00917,EST0002468,2023-05-29,Carrier,,Initial,27300,20960,2856,1343,2141,Final,Initial carrier estimate following inspection and scope review.
CLM00918,EST0002469,2022-03-04,Carrier,,Initial,23200,17886,2274,359,2681,Superseded,Initial carrier estimate following inspection and scope review.
CLM00918,EST0002470,2022-03-17,General Contractor,TP00052,General Contractor Estimate,30600,23030,1606,1194,4770,Partially Accepted,Estimate submitted by involved general contractor.
CLM00918,EST0002471,2022-03-17,Public Adjuster,TP00070,Public Adjuster Estimate,36700,31485,1120,1503,2592,Partially Accepted,Estimate package submitted by public adjuster.
CLM00918,EST0002472,2022-04-06,General Contractor,,Supplement,44700,32803,1743,396,9758,Partially Accepted,Supplemental estimate received with additional repair line items.
CLM00919,EST0002473,2023-05-31,Carrier,,Initial,70200,60060,2235,5037,2868,Superseded,Initial carrier estimate following inspection and scope review.
CLM00919,EST0002474,2023-06-07,Roofer,TP00026,Roofer Estimate,150100,112288,7189,2380,28243,Partially Accepted,Estimate submitted by involved roofer.
CLM00919,EST0002475,2023-06-13,Public Adjuster,TP00071,Public Adjuster Estimate,83000,68755,6008,614,7623,Partially Accepted,Estimate package submitted by public adjuster.
CLM00919,EST0002476,2023-08-14,General Contractor,,Revised,95900,84558,4976,465,5901,Under Review,Revised estimate created following scope reconciliation.
CLM00919,EST0002477,2023-08-02,Carrier,TP00026,Revised,98200,80374,11015,3280,3531,Partially Accepted,Supplemental estimate received with additional repair line items.
CLM00920,EST0002478,2024-02-02,Carrier,,Initial,18800,14199,603,380,3618,Superseded,Initial carrier estimate following inspection and scope review.
CLM00920,EST0002479,2024-02-08,Roofer,TP00029,Roofer Estimate,21900,18263,1824,903,910,Partially Accepted,Estimate submitted by involved roofer.
CLM00920,EST0002480,2024-02-21,Public Adjuster,TP00069,Public Adjuster Estimate,30500,27416,2813,1878,0,Accepted,Estimate package submitted by public adjuster.
CLM00920,EST0002481,2024-03-08,Roofer,TP00029,Revised,35300,30523,2249,2571,0,Under Review,Revised estimate created following scope reconciliation.
CLM00920,EST0002482,2024-05-14,General Contractor,TP00029,Supplement,36700,27971,2224,2553,3952,Partially Accepted,Revised estimate created following scope reconciliation.
CLM00921,EST0002483,2025-07-24,Carrier,,Initial,34800,30859,2550,1642,0,Superseded,Initial carrier estimate following inspection and scope review.
CLM00921,EST0002484,2025-08-04,Plumber,TP00045,Plumber Estimate,33700,24996,2833,2409,3462,Partially Accepted,Estimate submitted by involved plumber.
CLM00921,EST0002485,2025-10-20,Plumber,TP00045,Supplement,40100,35885,4064,337,0,Partially Accepted,Updated estimate following reinspection and documentation review.
CLM00922,EST0002486,2022-09-17,Carrier,,Initial,12900,10908,310,606,1076,Final,Initial carrier estimate following inspection and scope review.
CLM00923,EST0002487,2023-12-18,Carrier,,Initial,9900,7793,351,385,1371,Superseded,Initial carrier estimate following inspection and scope review.
CLM00923,EST0002488,2023-12-20,Plumber,TP00039,Plumber Estimate,13700,11909,455,726,610,Partially Accepted,Estimate submitted by involved plumber.
CLM00923,EST0002489,2024-01-05,Public Adjuster,TP00068,Public Adjuster Estimate,17200,12688,1678,174,2660,Under Review,Estimate package submitted by public adjuster.
CLM00924,EST0002490,2025-06-14,Carrier,,Initial,12400,10540,536,633,691,Superseded,Initial carrier estimate following inspection and scope review.
CLM00924,EST0002491,2025-06-26,Plumber,TP00038,Plumber Estimate,12400,9026,835,691,1848,Partially Accepted,Estimate submitted by involved plumber.
CLM00924,EST0002492,2025-08-16,General Contractor,,Revised,14000,10129,1463,666,1742,Partially Accepted,Revised estimate created following scope reconciliation.
CLM00925,EST0002493,2024-03-15,Carrier,,Initial,30600,23843,1113,1914,3730,Superseded,Initial carrier estimate following inspection and scope review.
CLM00925,EST0002494,2024-03-23,General Contractor,TP00052,General Contractor Estimate,60700,45729,2450,2772,9749,Partially Accepted,Estimate submitted by involved general contractor.
CLM00925,EST0002495,2024-04-15,Carrier,TP00052,Revised,67000,59832,7918,3846,0,Under Review,Supplemental estimate received with additional repair line items.
CLM00925,EST0002496,2024-06-14,Carrier,TP00052,Revised,77100,57512,3285,1766,14537,Under Review,Revised estimate created following scope reconciliation.
CLM00925,EST0002497,2024-04-24,General Contractor,TP00052,Supplement,85400,74130,6085,2094,3091,Partially Accepted,Updated estimate following reinspection and documentation review.
CLM00926,EST0002498,2022-03-20,Carrier,,Initial,17200,13630,1665,910,995,Final,Initial carrier estimate following inspection and scope review.
CLM00927,EST0002499,2023-12-27,Carrier,,Initial,43900,34461,4261,1257,3921,Superseded,Initial carrier estimate following inspection and scope review.
CLM00927,EST0002500,2024-01-19,Roofer,TP00032,Roofer Estimate,58500,42725,5156,3831,6788,Partially Accepted,Estimate submitted by involved roofer.
CLM00928,EST0002501,2023-05-26,Carrier,,Initial,27000,23798,1658,440,1104,Superseded,Initial carrier estimate following inspection and scope review.
CLM00928,EST0002502,2023-06-03,Electrician,TP00091,Electrician Estimate,30700,27383,2419,1675,0,Partially Accepted,Estimate submitted by involved electrician.
CLM00928,EST0002503,2023-08-18,Electrician,TP00091,Revised,34800,28808,2632,2196,1164,Partially Accepted,Revised estimate created following scope reconciliation.
CLM00929,EST0002504,2024-12-21,Carrier,,Initial,59000,43627,5187,2093,8093,Superseded,Initial carrier estimate following inspection and scope review.
CLM00929,EST0002505,2025-01-04,Roofer,TP00032,Roofer Estimate,73000,64354,2806,2397,3443,Partially Accepted,Estimate submitted by involved roofer.
CLM00929,EST0002506,2025-01-19,Carrier,TP00032,Supplement,83000,69850,4920,1729,6501,Partially Accepted,Supplemental estimate received with additional repair line items.
CLM00930,EST0002507,2024-11-02,Carrier,,Initial,25400,21514,2494,415,977,Superseded,Initial carrier estimate following inspection and scope review.
CLM00930,EST0002508,2024-11-10,Roofer,TP00026,Roofer Estimate,32300,23847,1673,1315,5465,Partially Accepted,Estimate submitted by involved roofer.
CLM00931,EST0002509,2022-09-25,Carrier,,Initial,79200,66399,3560,2862,6379,Superseded,Initial carrier estimate following inspection and scope review.
CLM00931,EST0002510,2022-10-14,Roofer,TP00028,Roofer Estimate,125100,98420,10900,9162,6618,Partially Accepted,Estimate submitted by involved roofer.
CLM00931,EST0002511,2022-10-11,Public Adjuster,TP00070,Public Adjuster Estimate,93900,75476,2615,2104,13705,Under Review,Estimate package submitted by public adjuster.
CLM00931,EST0002512,2022-11-04,Roofer,,Revised,112200,94378,2700,1517,13605,Under Review,Updated estimate following reinspection and documentation review.
CLM00931,EST0002513,2022-12-28,Carrier,,Supplement,126400,101227,9010,9139,7024,Partially Accepted,Updated estimate following reinspection and documentation review.
CLM00932,EST0002514,2025-09-03,Carrier,,Initial,35700,29043,2400,201,4056,Final,Initial carrier estimate following inspection and scope review.
CLM00932,EST0002515,2025-09-26,Roofer,TP00032,Roofer Estimate,36500,31193,1196,1205,2906,Under Review,Estimate submitted by involved roofer.
CLM00932,EST0002516,2025-09-17,Public Adjuster,TP00064,Public Adjuster Estimate,61600,47367,7051,521,6661,Accepted,Estimate package submitted by public adjuster.
CLM00933,EST0002517,2022-10-16,Carrier,,Initial,22800,19304,965,71,2460,Final,Initial carrier estimate following inspection and scope review.
CLM00933,EST0002518,2022-10-12,Roofer,TP00033,Roofer Estimate,24000,20794,618,1662,926,Under Review,Estimate submitted by involved roofer.
CLM00934,EST0002519,2023-07-16,Carrier,,Initial,8100,6352,720,148,880,Final,Initial carrier estimate following inspection and scope review.
CLM00934,EST0002520,2023-07-24,Roofer,TP00036,Roofer Estimate,13300,11195,941,972,192,Under Review,Estimate submitted by involved roofer.
CLM00935,EST0002521,2023-01-30,Carrier,,Initial,48200,37407,4190,928,5675,Final,Initial carrier estimate following inspection and scope review.
CLM00935,EST0002522,2023-02-18,Roofer,TP00028,Roofer Estimate,48600,41959,1916,3191,1534,Under Review,Estimate submitted by involved roofer.
CLM00936,EST0002523,2024-10-20,Carrier,,Initial,46000,33601,3197,975,8227,Superseded,Initial carrier estimate following inspection and scope review.
CLM00936,EST0002524,2024-11-05,Roofer,TP00036,Roofer Estimate,51900,39037,3105,3306,6452,Partially Accepted,Estimate submitted by involved roofer.
CLM00936,EST0002525,2024-10-27,Public Adjuster,TP00066,Public Adjuster Estimate,63200,52935,4267,1758,4240,Accepted,Estimate package submitted by public adjuster.
CLM00936,EST0002526,2024-12-08,Carrier,TP00036,Revised,66400,54902,7243,4323,0,Partially Accepted,Revised estimate created following scope reconciliation.
CLM00937,EST0002527,2024-06-13,Carrier,,Initial,108800,91345,5185,8399,3871,Superseded,Initial carrier estimate following inspection and scope review.
CLM00937,EST0002528,2024-06-19,Electrician,TP00090,Electrician Estimate,203900,180923,15504,9323,0,Partially Accepted,Estimate submitted by involved electrician.
CLM00937,EST0002529,2024-09-14,Carrier,TP00090,Supplement,228300,199121,13608,3447,12124,Under Review,Revised estimate created following scope reconciliation.
CLM00937,EST0002530,2024-08-01,General Contractor,,Supplement,285300,238402,9556,12092,25250,Partially Accepted,Supplemental estimate received with additional repair line items.
CLM00938,EST0002531,2024-09-29,Carrier,,Initial,21000,15985,1339,291,3385,Final,Initial carrier estimate following inspection and scope review.
CLM00938,EST0002532,2024-10-09,General Contractor,TP00056,General Contractor Estimate,24800,21986,904,1089,821,Under Review,Estimate submitted by involved general contractor.
CLM00938,EST0002533,2024-10-15,Public Adjuster,TP00071,Public Adjuster Estimate,36700,32459,1253,1791,1197,Partially Accepted,Estimate package submitted by public adjuster.
CLM00939,EST0002534,2022-09-24,Carrier,,Initial,18800,14499,1878,457,1966,Superseded,Initial carrier estimate following inspection and scope review.
CLM00939,EST0002535,2022-09-28,Plumber,TP00043,Plumber Estimate,21500,17676,1932,278,1614,Partially Accepted,Estimate submitted by involved plumber.
CLM00939,EST0002536,2022-10-06,Public Adjuster,TP00071,Public Adjuster Estimate,33600,28903,3282,1445,0,Partially Accepted,Estimate package submitted by public adjuster.
CLM00940,EST0002537,2024-06-06,Carrier,,Initial,42600,30809,2728,1113,7950,Superseded,Initial carrier estimate following inspection and scope review.
CLM00940,EST0002538,2024-06-05,Plumber,TP00039,Plumber Estimate,49600,36612,3919,1384,7685,Partially Accepted,Estimate submitted by involved plumber.
CLM00940,EST0002539,2024-07-20,General Contractor,,Supplement,53900,43454,4319,3690,2437,Partially Accepted,Supplemental estimate received with additional repair line items.
CLM00941,EST0002540,2022-11-20,Carrier,,Initial,18900,14777,1469,365,2289,Final,Initial carrier estimate following inspection and scope review.
CLM00941,EST0002541,2022-11-30,Electrician,TP00089,Electrician Estimate,19800,17269,1361,1142,28,Under Review,Estimate submitted by involved electrician.
CLM00942,EST0002542,2022-07-29,Carrier,,Initial,23200,19439,1918,782,1061,Superseded,Initial carrier estimate following inspection and scope review.
CLM00942,EST0002543,2022-08-07,Roofer,TP00027,Roofer Estimate,21000,15178,483,1221,4118,Partially Accepted,Estimate submitted by involved roofer.
CLM00943,EST0002544,2023-01-24,Carrier,,Initial,22100,17196,1478,703,2723,Final,Initial carrier estimate following inspection and scope review.
CLM00943,EST0002545,2023-02-10,General Contractor,TP00050,General Contractor Estimate,21000,18803,1520,1309,0,Under Review,Estimate submitted by involved general contractor.
CLM00943,EST0002546,2023-02-11,Public Adjuster,TP00070,Public Adjuster Estimate,40100,35181,821,1877,2221,Under Review,Estimate package submitted by public adjuster.
CLM00944,EST0002547,2023-07-12,Carrier,,Initial,34800,28195,748,2281,3576,Final,Initial carrier estimate following inspection and scope review.
CLM00944,EST0002548,2023-07-19,Plumber,TP00040,Plumber Estimate,43900,38140,1797,225,3738,Under Review,Estimate submitted by involved plumber.
CLM00945,EST0002549,2023-09-15,Carrier,,Initial,18400,14576,490,758,2576,Final,Initial carrier estimate following inspection and scope review.
CLM00945,EST0002550,2023-10-06,General Contractor,TP00057,General Contractor Estimate,24700,19568,1458,475,3199,Under Review,Estimate submitted by involved general contractor.
CLM00945,EST0002551,2023-10-07,Public Adjuster,TP00066,Public Adjuster Estimate,26800,22913,1120,1981,786,Partially Accepted,Estimate package submitted by public adjuster.
CLM00946,EST0002552,2025-01-11,Carrier,,Initial,29000,21617,2838,2211,2334,Superseded,Initial carrier estimate following inspection and scope review.
CLM00946,EST0002553,2025-01-25,Electrician,TP00092,Electrician Estimate,34200,28203,1177,447,4373,Partially Accepted,Estimate submitted by involved electrician.
CLM00947,EST0002554,2025-08-08,Carrier,,Initial,16000,13903,746,472,879,Final,Initial carrier estimate following inspection and scope review.
CLM00948,EST0002555,2023-09-15,Carrier,,Initial,22000,16407,2149,857,2587,Superseded,Initial carrier estimate following inspection and scope review.
CLM00948,EST0002556,2023-09-20,Plumber,TP00039,Plumber Estimate,27100,22645,1688,214,2553,Partially Accepted,Estimate submitted by involved plumber.
CLM00949,EST0002557,2023-10-11,Carrier,,Initial,25300,21697,1191,1679,733,Superseded,Initial carrier estimate following inspection and scope review.
CLM00949,EST0002558,2023-10-19,General Contractor,TP00055,General Contractor Estimate,25100,22556,2365,690,0,Partially Accepted,Estimate submitted by involved general contractor.
CLM00950,EST0002559,2025-03-02,Carrier,,Initial,18200,13513,1304,377,3006,Final,Initial carrier estimate following inspection and scope review.
CLM00951,EST0002560,2024-10-26,Carrier,,Initial,49700,43896,4381,2025,0,Final,Initial carrier estimate following inspection and scope review.
CLM00951,EST0002561,2024-10-27,Roofer,TP00037,Roofer Estimate,46200,35920,3688,1234,5358,Under Review,Estimate submitted by involved roofer.
CLM00952,EST0002562,2023-09-04,Carrier,,Initial,30400,23631,2540,1433,2796,Final,Initial carrier estimate following inspection and scope review.
CLM00953,EST0002563,2025-03-22,Carrier,,Initial,28100,21848,1842,1991,2419,Final,Initial carrier estimate following inspection and scope review.
CLM00953,EST0002564,2025-03-20,Plumber,TP00039,Plumber Estimate,35800,30497,1007,1858,2438,Under Review,Estimate submitted by involved plumber.
CLM00954,EST0002565,2025-04-15,Carrier,,Initial,44700,36135,4046,2234,2285,Superseded,Initial carrier estimate following inspection and scope review.
CLM00954,EST0002566,2025-04-18,Plumber,TP00040,Plumber Estimate,58500,45654,6163,1758,4925,Partially Accepted,Estimate submitted by involved plumber.
CLM00954,EST0002567,2025-06-29,General Contractor,,Revised,64400,50603,2427,2684,8686,Partially Accepted,Supplemental estimate received with additional repair line items.
CLM00955,EST0002568,2023-09-05,Carrier,,Initial,35100,28042,981,2781,3296,Final,Initial carrier estimate following inspection and scope review.
CLM00955,EST0002569,2023-09-28,Roofer,TP00035,Roofer Estimate,37800,28830,3182,2577,3211,Under Review,Estimate submitted by involved roofer.
CLM00956,EST0002570,2025-03-20,Carrier,,Initial,22000,19653,1848,1160,0,Superseded,Initial carrier estimate following inspection and scope review.
CLM00956,EST0002571,2025-04-06,Roofer,TP00026,Roofer Estimate,39600,31488,1804,209,6099,Partially Accepted,Estimate submitted by involved roofer.
CLM00956,EST0002572,2025-05-18,General Contractor,,Supplement,43900,37637,1643,2307,2313,Partially Accepted,Revised estimate created following scope reconciliation.
CLM00957,EST0002573,2022-07-20,Carrier,,Initial,11600,9131,1033,110,1326,Superseded,Initial carrier estimate following inspection and scope review.
CLM00957,EST0002574,2022-08-09,Roofer,TP00035,Roofer Estimate,12400,10671,881,641,207,Partially Accepted,Estimate submitted by involved roofer.
CLM00957,EST0002575,2022-10-10,General Contractor,TP00035,Supplement,13400,11452,594,423,931,Under Review,Supplemental estimate received with additional repair line items.
CLM00957,EST0002576,2022-09-01,Carrier,,Supplement,14600,12150,801,239,1410,Partially Accepted,Revised estimate created following scope reconciliation.
CLM00958,EST0002577,2024-01-01,Carrier,,Initial,9400,7846,1093,395,66,Final,Initial carrier estimate following inspection and scope review.
CLM00959,EST0002578,2022-11-02,Carrier,,Initial,42300,34308,2737,560,4695,Superseded,Initial carrier estimate following inspection and scope review.
CLM00959,EST0002579,2022-11-04,Roofer,TP00033,Roofer Estimate,48900,40566,3062,1345,3927,Partially Accepted,Estimate submitted by involved roofer.
CLM00960,EST0002580,2022-10-26,Carrier,,Initial,30400,23627,796,59,5918,Final,Initial carrier estimate following inspection and scope review.
CLM00960,EST0002581,2022-10-30,General Contractor,TP00053,General Contractor Estimate,39500,29908,4531,3134,1927,Under Review,Estimate submitted by involved general contractor.
CLM00961,EST0002582,2023-06-15,Carrier,,Initial,22700,17521,2213,1305,1661,Superseded,Initial carrier estimate following inspection and scope review.
CLM00961,EST0002583,2023-06-10,Electrician,TP00090,Electrician Estimate,31700,26375,3245,2221,0,Partially Accepted,Estimate submitted by involved electrician.
CLM00962,EST0002584,2022-09-08,Carrier,,Initial,12900,10293,1217,105,1285,Final,Initial carrier estimate following inspection and scope review.
CLM00962,EST0002585,2022-09-24,Plumber,TP00045,Plumber Estimate,12500,9495,421,971,1613,Under Review,Estimate submitted by involved plumber.
CLM00963,EST0002586,2024-05-15,Carrier,,Initial,19500,17076,1027,960,437,Superseded,Initial carrier estimate following inspection and scope review.
CLM00963,EST0002587,2024-05-23,Roofer,TP00026,Roofer Estimate,29300,25923,2546,289,542,Partially Accepted,Estimate submitted by involved roofer.
CLM00963,EST0002588,2024-06-26,General Contractor,TP00026,Supplement,31000,22423,913,1344,6320,Under Review,Updated estimate following reinspection and documentation review.
CLM00963,EST0002589,2024-08-02,General Contractor,TP00026,Revised,34000,30006,710,667,2617,Partially Accepted,Updated estimate following reinspection and documentation review.
CLM00964,EST0002590,2024-02-22,Carrier,,Initial,30000,22609,3583,874,2934,Final,Initial carrier estimate following inspection and scope review.
CLM00964,EST0002591,2024-02-28,General Contractor,TP00049,General Contractor Estimate,33900,24976,2198,1522,5204,Under Review,Estimate submitted by involved general contractor.
CLM00965,EST0002592,2023-02-07,Carrier,,Initial,20900,18029,579,160,2132,Final,Initial carrier estimate following inspection and scope review.
CLM00965,EST0002593,2023-02-07,Roofer,TP00037,Roofer Estimate,21600,17324,854,1296,2126,Under Review,Estimate submitted by involved roofer.
CLM00966,EST0002594,2024-08-22,Carrier,,Initial,12700,9586,667,183,2264,Final,Initial carrier estimate following inspection and scope review.
CLM00966,EST0002595,2024-08-20,General Contractor,TP00054,General Contractor Estimate,12700,9227,505,45,2923,Under Review,Estimate submitted by involved general contractor.
CLM00966,EST0002596,2024-08-20,Public Adjuster,TP00069,Public Adjuster Estimate,22900,16842,2658,301,3099,Accepted,Estimate package submitted by public adjuster.
CLM00967,EST0002597,2024-02-23,Carrier,,Initial,39400,29449,4087,2458,3406,Final,Initial carrier estimate following inspection and scope review.
CLM00967,EST0002598,2024-03-03,Roofer,TP00037,Roofer Estimate,42300,31949,3650,1697,5004,Under Review,Estimate submitted by involved roofer.
CLM00968,EST0002599,2025-04-01,Carrier,,Initial,28000,21169,956,938,4937,Final,Initial carrier estimate following inspection and scope review.
CLM00968,EST0002600,2025-04-03,General Contractor,TP00055,General Contractor Estimate,35600,31501,3804,2549,0,Under Review,Estimate submitted by involved general contractor.
CLM00969,EST0002601,2025-07-15,Carrier,,Initial,3500,3129,406,126,0,Final,Initial carrier estimate following inspection and scope review.
CLM00969,EST0002602,2025-07-23,General Contractor,TP00057,General Contractor Estimate,4100,3598,444,150,0,Under Review,Estimate submitted by involved general contractor.
CLM00970,EST0002603,2024-11-03,Carrier,,Initial,51400,43765,1821,600,5214,Final,Initial carrier estimate following inspection and scope review.
CLM00970,EST0002604,2024-11-13,Roofer,TP00026,Roofer Estimate,49100,36482,5538,3739,3341,Under Review,Estimate submitted by involved roofer.
CLM00970,EST0002605,2024-11-12,Public Adjuster,TP00070,Public Adjuster Estimate,82900,63852,6671,2756,9621,Partially Accepted,Estimate package submitted by public adjuster.
CLM00971,EST0002606,2022-08-18,Carrier,,Initial,32400,26397,1524,641,3838,Superseded,Initial carrier estimate following inspection and scope review.
CLM00971,EST0002607,2022-08-29,Plumber,TP00041,Plumber Estimate,39200,29641,3105,1556,4898,Partially Accepted,Estimate submitted by involved plumber.
CLM00971,EST0002608,2022-10-01,Plumber,TP00041,Revised,46300,35169,2660,2603,5868,Under Review,Revised estimate created following scope reconciliation.
CLM00971,EST0002609,2022-11-12,General Contractor,,Revised,56900,48304,2990,130,5476,Partially Accepted,Updated estimate following reinspection and documentation review.
CLM00972,EST0002610,2024-10-15,Carrier,,Initial,82200,62046,5912,58,14184,Superseded,Initial carrier estimate following inspection and scope review.
CLM00972,EST0002611,2024-11-01,Roofer,TP00033,Roofer Estimate,78800,68379,7981,6238,0,Partially Accepted,Estimate submitted by involved roofer.
CLM00972,EST0002612,2024-12-15,Roofer,TP00033,Revised,84800,72620,9576,2449,155,Under Review,Supplemental estimate received with additional repair line items.
CLM00972,EST0002613,2024-12-15,General Contractor,TP00033,Supplement,97300,73293,8344,2390,13273,Partially Accepted,Updated estimate following reinspection and documentation review.
CLM00973,EST0002614,2024-10-21,Carrier,,Initial,51100,39789,3478,3816,4017,Final,Initial carrier estimate following inspection and scope review.
CLM00973,EST0002615,2024-11-07,Roofer,TP00032,Roofer Estimate,49900,38993,1724,2442,6741,Under Review,Estimate submitted by involved roofer.
CLM00974,EST0002616,2024-02-08,Carrier,,Initial,18400,16197,2186,24,0,Final,Initial carrier estimate following inspection and scope review.
CLM00974,EST0002617,2024-02-14,Roofer,TP00034,Roofer Estimate,19200,15011,604,1004,2581,Under Review,Estimate submitted by involved roofer.
CLM00975,EST0002618,2024-03-21,Carrier,,Initial,126100,110592,13510,3222,0,Final,Initial carrier estimate following inspection and scope review.
CLM00976,EST0002619,2025-08-26,Carrier,,Initial,21600,19116,2108,1219,0,Superseded,Initial carrier estimate following inspection and scope review.
CLM00976,EST0002620,2025-09-14,General Contractor,TP00048,General Contractor Estimate,27000,19698,629,306,6367,Partially Accepted,Estimate submitted by involved general contractor.
CLM00977,EST0002621,2023-09-29,Carrier,,Initial,37500,29490,2001,2046,3963,Final,Initial carrier estimate following inspection and scope review.
CLM00978,EST0002622,2024-09-26,Carrier,,Initial,47800,40576,5088,199,1937,Superseded,Initial carrier estimate following inspection and scope review.
CLM00978,EST0002623,2024-10-15,Roofer,TP00033,Roofer Estimate,45100,37121,3874,267,3838,Partially Accepted,Estimate submitted by involved roofer.
CLM00978,EST0002624,2024-12-19,Carrier,,Supplement,55600,45248,3284,1401,5667,Under Review,Revised estimate created following scope reconciliation.
CLM00978,EST0002625,2024-11-01,Carrier,,Supplement,60900,51858,6829,950,1263,Partially Accepted,Supplemental estimate received with additional repair line items.
CLM00979,EST0002626,2023-04-29,Carrier,,Initial,29000,23959,3464,1031,546,Final,Initial carrier estimate following inspection and scope review.
CLM00979,EST0002627,2023-05-04,Plumber,TP00044,Plumber Estimate,31700,28037,1606,858,1199,Under Review,Estimate submitted by involved plumber.
CLM00980,EST0002628,2024-12-25,Carrier,,Initial,50200,44551,1224,3533,892,Final,Initial carrier estimate following inspection and scope review.
CLM00980,EST0002629,2024-12-29,Roofer,TP00037,Roofer Estimate,46100,35008,4730,3558,2804,Under Review,Estimate submitted by involved roofer.
CLM00980,EST0002630,2025-01-09,Public Adjuster,TP00065,Public Adjuster Estimate,81700,64394,6187,1204,9915,Under Review,Estimate package submitted by public adjuster.
CLM00981,EST0002631,2022-08-05,Carrier,,Initial,15200,11735,696,581,2188,Final,Initial carrier estimate following inspection and scope review.
CLM00982,EST0002632,2022-06-05,Carrier,,Initial,30800,27545,2504,1543,0,Final,Initial carrier estimate following inspection and scope review.
CLM00983,EST0002633,2024-01-23,Carrier,,Initial,174000,142998,18182,1772,11048,Superseded,Initial carrier estimate following inspection and scope review.
CLM00983,EST0002634,2024-01-27,Electrician,TP00091,Electrician Estimate,306800,244016,31384,22482,8918,Partially Accepted,Estimate submitted by involved electrician.
CLM00983,EST0002635,2024-04-13,General Contractor,,Revised,352800,291224,25183,16846,19547,Under Review,Revised estimate created following scope reconciliation.
CLM00983,EST0002636,2024-03-13,General Contractor,TP00091,Revised,403000,320174,22667,29348,30811,Under Review,Updated estimate following reinspection and documentation review.
CLM00983,EST0002637,2024-02-23,Electrician,TP00091,Revised,490800,357935,40265,27670,64930,Partially Accepted,Supplemental estimate received with additional repair line items.
CLM00984,EST0002638,2024-10-29,Carrier,,Initial,30400,24551,3424,633,1792,Superseded,Initial carrier estimate following inspection and scope review.
CLM00984,EST0002639,2024-10-31,Roofer,TP00026,Roofer Estimate,39700,32448,4506,1629,1117,Partially Accepted,Estimate submitted by involved roofer.
CLM00984,EST0002640,2024-11-09,Public Adjuster,TP00067,Public Adjuster Estimate,37900,31180,1605,2019,3096,Accepted,Estimate package submitted by public adjuster.
CLM00985,EST0002641,2024-09-26,Carrier,,Initial,11500,8859,593,208,1840,Superseded,Initial carrier estimate following inspection and scope review.
CLM00985,EST0002642,2024-10-09,Roofer,TP00027,Roofer Estimate,15900,12654,459,879,1908,Partially Accepted,Estimate submitted by involved roofer.
CLM00985,EST0002643,2024-12-07,Roofer,TP00027,Revised,17600,13081,931,268,3320,Partially Accepted,Updated estimate following reinspection and documentation review.
CLM00986,EST0002644,2022-04-15,Carrier,,Initial,30400,22834,957,974,5635,Superseded,Initial carrier estimate following inspection and scope review.
CLM00986,EST0002645,2022-04-19,Roofer,TP00028,Roofer Estimate,28500,22963,1721,289,3527,Partially Accepted,Estimate submitted by involved roofer.
CLM00986,EST0002646,2022-06-14,Roofer,TP00028,Supplement,29200,25544,3020,747,0,Partially Accepted,Supplemental estimate received with additional repair line items.
CLM00987,EST0002647,2022-08-12,Carrier,,Initial,11900,10638,589,751,0,Superseded,Initial carrier estimate following inspection and scope review.
CLM00987,EST0002648,2022-08-23,Electrician,TP00092,Electrician Estimate,14200,10594,1519,1121,966,Partially Accepted,Estimate submitted by involved electrician.
CLM00988,EST0002649,2025-12-23,Carrier,,Initial,7400,6113,840,533,0,Final,Initial carrier estimate following inspection and scope review.
CLM00988,EST0002650,2025-12-31,General Contractor,TP00051,General Contractor Estimate,9500,7455,400,282,1363,Under Review,Estimate submitted by involved general contractor.
CLM00988,EST0002651,2026-01-13,Public Adjuster,TP00067,Public Adjuster Estimate,12400,10846,793,909,0,Partially Accepted,Estimate package submitted by public adjuster.
CLM00989,EST0002652,2022-07-16,Carrier,,Initial,16500,13477,852,682,1489,Final,Initial carrier estimate following inspection and scope review.
CLM00989,EST0002653,2022-07-23,General Contractor,TP00049,General Contractor Estimate,22200,17609,455,1537,2599,Under Review,Estimate submitted by involved general contractor.
CLM00989,EST0002654,2022-07-20,Public Adjuster,TP00068,Public Adjuster Estimate,24200,19860,1843,719,1778,Accepted,Estimate package submitted by public adjuster.
CLM00990,EST0002655,2024-10-13,Carrier,,Initial,30800,24383,3446,910,2061,Final,Initial carrier estimate following inspection and scope review.
CLM00990,EST0002656,2024-10-29,Roofer,TP00034,Roofer Estimate,37500,33283,1069,16,3132,Under Review,Estimate submitted by involved roofer.
CLM00991,EST0002657,2023-08-22,Carrier,,Initial,19900,17052,2050,107,691,Superseded,Initial carrier estimate following inspection and scope review.
CLM00991,EST0002658,2023-09-12,Roofer,TP00034,Roofer Estimate,34400,29804,2292,1979,325,Partially Accepted,Estimate submitted by involved roofer.
CLM00991,EST0002659,2023-11-30,General Contractor,,Revised,36600,30396,1907,1078,3219,Partially Accepted,Supplemental estimate received with additional repair line items.
CLM00992,EST0002660,2025-11-10,Carrier,,Initial,40100,30111,1642,1803,6544,Superseded,Initial carrier estimate following inspection and scope review.
CLM00992,EST0002661,2025-11-23,Plumber,TP00041,Plumber Estimate,48100,35232,4809,2667,5392,Partially Accepted,Estimate submitted by involved plumber.
CLM00992,EST0002662,2025-11-26,Public Adjuster,TP00070,Public Adjuster Estimate,55800,47205,3643,2732,2220,Accepted,Estimate package submitted by public adjuster.
CLM00992,EST0002663,2026-02-17,Carrier,,Supplement,60400,50233,2011,260,7896,Partially Accepted,Updated estimate following reinspection and documentation review.
CLM00993,EST0002664,2024-12-21,Carrier,,Initial,50000,44360,1115,2375,2150,Final,Initial carrier estimate following inspection and scope review.
CLM00994,EST0002665,2025-07-07,Carrier,,Initial,45600,40598,4580,1268,0,Superseded,Initial carrier estimate following inspection and scope review.
CLM00994,EST0002666,2025-07-12,Plumber,TP00046,Plumber Estimate,60000,52352,6256,596,796,Partially Accepted,Estimate submitted by involved plumber.
CLM00994,EST0002667,2025-07-14,Public Adjuster,TP00064,Public Adjuster Estimate,68000,54931,7124,1015,4930,Accepted,Estimate package submitted by public adjuster.
CLM00994,EST0002668,2025-09-10,Carrier,,Revised,74500,56966,5200,946,11388,Under Review,Supplemental estimate received with additional repair line items.
CLM00994,EST0002669,2025-08-22,Carrier,TP00046,Supplement,85200,62140,9998,6043,7019,Partially Accepted,Supplemental estimate received with additional repair line items.
CLM00995,EST0002670,2023-07-13,Carrier,,Initial,9500,7711,524,191,1074,Final,Initial carrier estimate following inspection and scope review.
CLM00995,EST0002671,2023-07-22,Roofer,TP00026,Roofer Estimate,14200,11673,364,597,1566,Under Review,Estimate submitted by involved roofer.
CLM00996,EST0002672,2023-12-28,Carrier,,Initial,27600,23415,1447,1185,1553,Superseded,Initial carrier estimate following inspection and scope review.
CLM00996,EST0002673,2024-01-11,Roofer,TP00036,Roofer Estimate,25400,18415,549,712,5724,Partially Accepted,Estimate submitted by involved roofer.
CLM00996,EST0002674,2024-02-06,Carrier,,Supplement,27800,21028,3289,1006,2477,Partially Accepted,Revised estimate created following scope reconciliation.
CLM00997,EST0002675,2025-06-29,Carrier,,Initial,25400,19258,1683,739,3720,Superseded,Initial carrier estimate following inspection and scope review.
CLM00997,EST0002676,2025-07-09,Roofer,TP00029,Roofer Estimate,49100,39742,1949,3109,4300,Partially Accepted,Estimate submitted by involved roofer.
CLM00997,EST0002677,2025-07-21,Public Adjuster,TP00069,Public Adjuster Estimate,37100,30022,2064,1313,3701,Partially Accepted,Estimate package submitted by public adjuster.
CLM00997,EST0002678,2025-10-02,Carrier,,Supplement,42400,34398,4368,2677,957,Under Review,Updated estimate following reinspection and documentation review.
CLM00997,EST0002679,2025-08-30,Carrier,,Supplement,45300,40278,2665,305,2052,Partially Accepted,Updated estimate following reinspection and documentation review.
CLM00998,EST0002680,2023-05-08,Carrier,,Initial,44400,37076,3379,3145,800,Final,Initial carrier estimate following inspection and scope review.
CLM00998,EST0002681,2023-05-17,Plumber,TP00043,Plumber Estimate,54900,49372,1406,2081,2041,Under Review,Estimate submitted by involved plumber.
CLM00999,EST0002682,2024-02-16,Carrier,,Initial,54200,48406,3508,1780,506,Final,Initial carrier estimate following inspection and scope review.
CLM01000,EST0002683,2024-07-15,Carrier,,Initial,16900,13154,1137,1292,1317,Final,Initial carrier estimate following inspection and scope review.
CLM01000,EST0002684,2024-07-13,Plumber,TP00039,Plumber Estimate,21400,17404,619,430,2947,Under Review,Estimate submitted by involved plumber.
