claim_id,policy_id,customer_id,loss_date,report_date,cause_of_loss,catastrophe_flag,first_line_of_address,county,state,zip_code,latitude,longitude,property_age,roof_age,roof_material,construction_type,square_footage,occupancy_type,property_value,policy_tenure_months,coverage_a_dwelling_flag,coverage_b_other_structures_flag,coverage_c_personal_property_flag,coverage_d_loss_of_use_flag,coverage_e_liability_flag,coverage_f_medical_payments_flag,coverage_a_limit,coverage_b_limit,coverage_c_limit,coverage_d_limit,deductible,annual_premium,policy_form,prior_claim_count_3yr,prior_total_paid_3yr,prior_same_cause_claim_count,prior_litigated_claim_count,initial_reserve,initial_estimate,days_to_first_inspection,inspection_completed_30_days,complaint_flag_30_days,litigated
CLM00001,POL00001,CUS00001,2022-02-07,2022-02-14,Vandalism,0,2900 Biscayne Blvd,Miami-Dade,FL,33137,25.80518,-80.188488,18,18,Flat/TPO,Masonry,3285,Owner Occupied,1206000,93,1,1,1,1,1,1,1239000,132000,640000,243000,1500,8020,HO3,0,0,1,0,5900,6900,7,1,0,0
CLM00002,POL00002,CUS00002,2023-02-14,2023-02-14,Wind,0,2900 Biscayne Blvd,Miami-Dade,FL,33137,25.80518,-80.188488,13,12,Flat/TPO,Masonry Veneer,4231,Owner Occupied,880000,68,1,1,1,1,1,1,684000,83000,321000,192000,2000,6280,HO3,3,220200,2,1,15800,18000,6,1,0,1
CLM00003,POL00003,CUS00003,2025-05-15,2025-05-20,Water,0,2900 Biscayne Blvd,Miami-Dade,FL,33137,25.80518,-80.188488,53,4,Tile,Masonry Veneer,4286,Secondary Residence,680000,181,1,1,1,1,0,0,594000,82000,330000,148000,1500,3150,DP3,0,0,1,1,34300,34200,11,1,0,1
CLM00004,POL00004,CUS00004,2023-12-19,2023-12-19,Vandalism,0,180 NE 29th St,Miami-Dade,FL,33137,25.808606,-80.19234,37,2,Concrete Tile,Reinforced Concrete,2200,Owner Occupied,297000,173,1,1,1,1,1,1,283000,32000,135000,83000,2500,5170,HO3,2,117600,2,1,16600,15700,13,1,0,0
CLM00005,POL00005,CUS00005,2024-06-07,2024-06-08,Theft,0,2901 NE 1st Ave,Miami-Dade,FL,33137,25.802168,-80.187402,52,10,Concrete Tile,Masonry,4056,Secondary Residence,317000,79,1,1,1,1,1,1,281000,33000,182000,57000,1500,3930,HO6,2,95700,2,1,39400,20800,8,1,0,0
CLM00006,POL00006,CUS00006,2024-10-10,2024-10-12,Wind,1,2900 Biscayne Blvd,Miami-Dade,FL,33137,25.80518,-80.188488,13,13,Flat/TPO,Concrete Block,4262,Owner Occupied,242000,54,1,1,1,1,1,1,235000,19000,109000,49000,1500,2080,HO3,0,0,0,0,52800,49300,17,1,1,0
CLM00007,POL00007,CUS00007,2025-10-09,2025-10-28,Fire,0,180 NE 29th St,Miami-Dade,FL,33137,25.808606,-80.19234,3,3,Tile,Masonry Veneer,970,Owner Occupied,378000,133,1,1,1,1,1,1,380000,37000,257000,113000,1000,3040,HO3,1,20700,1,0,149000,121900,7,1,0,1
CLM00008,POL00008,CUS00008,2024-02-24,2024-02-25,Fire,0,452 NE 31st St,Miami-Dade,FL,33137,25.805582,-80.194716,25,10,Metal,Concrete Block,1804,Owner Occupied,950000,61,1,1,1,1,1,1,770000,75000,360000,170000,2500,7560,HO3,1,102200,1,0,135600,134000,18,1,1,0
CLM00009,POL00009,CUS00009,2022-02-08,2022-02-09,Wind,0,2901 NE 1st Ave,Miami-Dade,FL,33137,25.802168,-80.187402,30,12,Metal,Masonry Veneer,2886,Secondary Residence,363000,158,1,1,1,1,1,1,360000,46000,181000,103000,7500,4700,HO3,0,0,0,0,11000,25500,16,1,0,0
CLM00010,POL00010,CUS00010,2024-02-09,2024-03-14,Fire,0,2900 Biscayne Blvd,Miami-Dade,FL,33137,25.80518,-80.188488,17,17,Flat/TPO,Frame,2888,Owner Occupied,954000,155,1,1,1,1,1,1,809000,73000,392000,159000,1000,5980,HO3,0,0,1,0,63800,53200,3,1,0,0
CLM00011,POL00011,CUS00011,2022-06-21,2022-06-29,Water,0,3000 NE 2nd Ave,Miami-Dade,FL,33137,25.808936,-80.195094,66,6,Tile,Masonry,1404,Owner Occupied,924000,171,1,1,1,1,1,1,903000,127000,427000,235000,7500,9310,HO5,1,81400,1,0,43700,35800,11,1,0,0
CLM00012,POL00012,CUS00012,2023-07-18,2023-07-25,Theft,0,452 NE 31st St,Miami-Dade,FL,33137,25.805582,-80.194716,62,23,Tile,Reinforced Concrete,1606,Owner Occupied,1016000,28,1,1,1,1,1,1,936000,112000,472000,207000,7500,7760,HO5,2,110500,2,0,17300,20000,17,1,0,0
CLM00013,POL00013,CUS00013,2023-07-11,2023-07-11,Vandalism,0,180 NE 29th St,Miami-Dade,FL,33137,25.808606,-80.19234,63,2,Tile,Frame,2760,Tenant Occupied,254000,6,1,1,1,1,1,1,255000,34000,147000,66000,10000,3170,HO5,1,10700,2,1,21200,17700,17,1,0,0
CLM00014,POL00014,CUS00014,2024-07-12,2024-07-15,Wind,0,452 NE 31st St,Miami-Dade,FL,33137,25.805582,-80.194716,49,8,Asphalt Shingle,Reinforced Concrete,1285,Owner Occupied,625000,181,1,1,1,1,1,1,567000,69000,378000,110000,10000,2660,HO3,0,0,0,0,15400,16600,12,1,1,0
CLM00015,POL00015,CUS00015,2023-08-10,2023-08-12,Freeze,0,180 NE 29th St,Miami-Dade,FL,33137,25.808606,-80.19234,72,12,Concrete Tile,Masonry Veneer,928,Owner Occupied,857000,50,1,0,1,1,1,1,797000,0,485000,236000,1500,3530,HO3,0,0,0,0,28900,34000,4,1,0,0
CLM00016,POL00016,CUS00016,2025-12-02,2025-12-07,Lightning,0,3000 NE 2nd Ave,Miami-Dade,FL,33137,25.808936,-80.195094,60,12,Asphalt Shingle,Concrete Block,1123,Owner Occupied,692000,48,1,1,1,1,1,1,550000,78000,261000,90000,5000,3160,HO6,2,126100,1,0,43800,36000,16,1,0,0
CLM00017,POL00017,CUS00017,2022-11-05,2022-11-14,Hail,0,3000 NE 2nd Ave,Miami-Dade,FL,33137,25.808936,-80.195094,33,25,Asphalt Shingle,Concrete Block,1800,Owner Occupied,1192000,180,1,1,1,1,1,1,997000,132000,549000,268000,5000,6230,HO5,1,76700,0,0,12300,12300,11,1,0,0
CLM00018,POL00018,CUS00018,2025-05-19,2025-05-26,Hail,0,2900 Biscayne Blvd,Miami-Dade,FL,33137,25.80518,-80.188488,38,27,Tile,Reinforced Concrete,2423,Tenant Occupied,368000,55,1,1,1,1,1,1,307000,26000,172000,62000,5000,7550,HO3,0,0,1,0,24000,22700,2,1,0,0
CLM00019,POL00019,CUS00019,2024-03-30,2024-04-08,Freeze,0,452 NE 31st St,Miami-Dade,FL,33137,25.805582,-80.194716,41,24,Metal,Concrete Block,2371,Owner Occupied,1051000,110,1,0,1,1,1,1,985000,0,485000,230000,2500,3620,HO3,0,0,0,0,16300,14100,16,1,0,0
CLM00020,POL00020,CUS00020,2022-11-30,2023-01-16,Water,0,180 NE 29th St,Miami-Dade,FL,33137,25.808606,-80.19234,8,8,Flat/TPO,Masonry,2763,Owner Occupied,1076000,6,1,1,1,1,1,1,945000,78000,468000,147000,1000,2940,HO6,0,0,1,0,16300,19700,5,1,0,0
CLM00021,POL00021,CUS00021,2022-12-25,2023-01-03,Hail,0,452 NE 31st St,Miami-Dade,FL,33137,25.805582,-80.194716,7,7,Concrete Tile,Reinforced Concrete,3091,Owner Occupied,419000,102,1,1,1,1,1,1,342000,30000,171000,85000,2500,9110,HO3,0,0,0,0,45300,43500,11,1,0,0
CLM00022,POL00022,CUS00022,2024-03-18,2024-03-18,Wind,0,2901 NE 1st Ave,Miami-Dade,FL,33137,25.802168,-80.187402,45,9,Metal,Frame,1323,Owner Occupied,478000,156,1,1,1,1,1,1,350000,36000,233000,54000,1000,6140,HO3,1,18300,1,0,35400,31500,9,1,0,0
CLM00023,POL00023,CUS00023,2025-02-16,2025-02-25,Vandalism,0,452 NE 31st St,Miami-Dade,FL,33137,25.805582,-80.194716,20,17,Tile,Concrete Block,3375,Owner Occupied,838000,181,1,1,1,1,1,1,757000,103000,415000,153000,7500,2320,HO3,1,43200,0,0,29400,29000,13,1,1,0
CLM00024,POL00024,CUS00024,2024-12-13,2024-12-16,Wind,0,2901 NE 1st Ave,Miami-Dade,FL,33137,25.802168,-80.187402,21,21,Flat/TPO,Frame,4347,Owner Occupied,282000,180,1,1,1,1,1,1,261000,29000,157000,53000,2500,5890,HO5,0,0,0,0,34200,33800,13,1,0,0
CLM00025,POL00025,CUS00025,2025-09-19,2025-09-24,Hail,0,180 NE 29th St,Miami-Dade,FL,33137,25.808606,-80.19234,18,18,Flat/TPO,Reinforced Concrete,3868,Owner Occupied,844000,160,1,1,1,1,1,1,649000,76000,327000,98000,2000,5650,HO3,1,81800,0,0,11900,11300,1,1,0,0
CLM00026,POL00026,CUS00026,2023-03-28,2023-04-05,Water,0,2900 Biscayne Blvd,Miami-Dade,FL,33137,25.80518,-80.188488,36,22,Tile,Masonry,4017,Owner Occupied,519000,85,1,1,1,1,1,1,424000,63000,264000,72000,5000,3020,HO3,1,51600,0,0,7600,9100,4,1,1,0
CLM00027,POL00027,CUS00027,2024-02-24,2024-02-25,Wind,0,180 NE 29th St,Miami-Dade,FL,33137,25.808606,-80.19234,23,3,Metal,Frame,3230,Owner Occupied,593000,92,1,1,1,1,1,1,588000,59000,348000,135000,2000,6670,HO6,0,0,3,0,51800,46900,7,1,0,0
CLM00028,POL00028,CUS00028,2024-06-02,2024-06-11,Wind,0,2901 NE 1st Ave,Miami-Dade,FL,33137,25.802168,-80.187402,43,20,Concrete Tile,Frame,931,Owner Occupied,1293000,76,1,1,1,1,1,1,1172000,117000,730000,294000,1500,5990,HO3,1,49900,0,0,42700,34800,9,1,1,1
CLM00029,POL00029,CUS00029,2023-05-12,2023-05-16,Vandalism,0,180 NE 29th St,Miami-Dade,FL,33137,25.808606,-80.19234,69,10,Metal,Frame,1350,Owner Occupied,1027000,114,1,1,1,1,1,1,917000,86000,602000,259000,7500,3700,HO3,1,123100,1,0,18200,15700,11,1,0,0
CLM00030,POL00030,CUS00030,2023-11-14,2023-12-05,Lightning,0,2900 Biscayne Blvd,Miami-Dade,FL,33137,25.80518,-80.188488,49,14,Asphalt Shingle,Masonry Veneer,1192,Owner Occupied,691000,106,1,1,1,1,1,1,543000,56000,259000,120000,2500,7430,HO5,2,71000,0,1,12500,15000,11,1,0,1
CLM00031,POL00031,CUS00031,2023-08-29,2023-08-30,Wind,0,180 NE 29th St,Miami-Dade,FL,33137,25.808606,-80.19234,34,5,Concrete Tile,Frame,1390,Owner Occupied,697000,179,1,1,1,1,1,1,548000,75000,325000,129000,2500,4060,HO3,0,0,0,0,59900,56100,9,1,0,0
CLM00032,POL00032,CUS00032,2022-07-26,2022-07-30,Hail,0,3000 NE 2nd Ave,Miami-Dade,FL,33137,25.808936,-80.195094,47,7,Asphalt Shingle,Frame,2355,Owner Occupied,435000,159,1,1,1,1,1,0,395000,54000,267000,118000,2000,3280,DP3,5,260000,1,1,10400,9800,6,1,0,0
CLM00033,POL00033,CUS00033,2023-10-19,2023-10-22,Water,0,2900 Biscayne Blvd,Miami-Dade,FL,33137,25.80518,-80.188488,4,4,Flat/TPO,Concrete Block,3757,Owner Occupied,1206000,59,1,1,1,1,1,1,1054000,96000,607000,191000,2500,9190,HO6,2,121600,0,0,96500,42400,2,1,0,0
CLM00034,POL00034,CUS00034,2024-11-29,2024-12-01,Wind,0,3000 NE 2nd Ave,Miami-Dade,FL,33137,25.808936,-80.195094,13,13,Metal,Frame,4350,Secondary Residence,973000,46,1,1,1,1,1,1,740000,100000,402000,154000,7500,5980,HO6,3,210900,3,1,35000,29600,8,1,0,0
CLM00035,POL00035,CUS00035,2024-12-25,2024-12-30,Water,0,2900 Biscayne Blvd,Miami-Dade,FL,33137,25.80518,-80.188488,50,1,Asphalt Shingle,Concrete Block,3968,Owner Occupied,1064000,145,1,1,1,1,1,1,966000,121000,657000,264000,5000,4880,HO3,3,168800,2,0,20400,16400,18,1,1,1
CLM00036,POL00036,CUS00036,2024-01-21,2024-01-24,Hurricane,0,3000 NE 2nd Ave,Miami-Dade,FL,33137,25.808936,-80.195094,11,11,Flat/TPO,Masonry,4500,Tenant Occupied,1145000,189,1,1,1,1,1,0,897000,119000,558000,244000,7500,5230,DP3,1,80100,0,0,13700,15500,6,1,0,1
CLM00037,POL00037,CUS00037,2022-04-05,2022-04-05,Wind,0,3000 NE 2nd Ave,Miami-Dade,FL,33137,25.808936,-80.195094,15,15,Asphalt Shingle,Reinforced Concrete,2974,Owner Occupied,487000,107,1,1,1,1,1,1,474000,63000,289000,106000,10000,6100,HO3,3,149800,0,0,11800,10300,18,1,0,0
CLM00038,POL00038,CUS00038,2023-06-22,2023-06-27,Fire,0,3000 NE 2nd Ave,Miami-Dade,FL,33137,25.808936,-80.195094,46,20,Metal,Masonry Veneer,1158,Owner Occupied,285000,37,1,1,1,1,1,1,271000,36000,134000,58000,1500,7390,HO3,1,58200,1,0,143500,159200,6,1,0,0
CLM00039,POL00039,CUS00039,2023-03-28,2023-04-01,Hurricane,0,2900 Biscayne Blvd,Miami-Dade,FL,33137,25.80518,-80.188488,66,31,Asphalt Shingle,Frame,1707,Secondary Residence,1438000,6,1,1,1,1,1,1,1241000,149000,775000,211000,2000,6710,HO3,0,0,0,0,96100,119400,5,1,0,0
CLM00040,POL00040,CUS00040,2022-10-16,2022-10-24,Hail,0,180 NE 29th St,Miami-Dade,FL,33137,25.808606,-80.19234,58,26,Metal,Masonry,4178,Owner Occupied,673000,142,1,1,1,1,1,1,492000,73000,276000,104000,10000,8890,HO6,2,36000,1,0,24800,20200,15,1,0,0
CLM00041,POL00041,CUS00041,2024-05-15,2024-05-30,Freeze,0,452 NE 31st St,Miami-Dade,FL,33137,25.805582,-80.194716,34,10,Asphalt Shingle,Frame,1517,Owner Occupied,364000,118,1,1,1,1,1,1,345000,48000,204000,56000,2500,2470,HO6,0,0,1,0,5400,6500,17,1,0,0
CLM00042,POL00042,CUS00042,2024-10-09,2024-10-13,Wind,1,3131 NE 1st Ave,Miami-Dade,FL,33137,25.807112,-80.193906,54,2,Asphalt Shingle,Concrete Block,3539,Owner Occupied,409000,8,1,1,1,1,1,1,299000,36000,140000,61000,10000,7560,HO3,1,25400,1,0,111400,49000,13,1,1,0
CLM00043,POL00043,CUS00043,2022-06-02,2022-06-07,Wind,0,2900 Biscayne Blvd,Miami-Dade,FL,33137,25.80518,-80.188488,26,22,Metal,Frame,2139,Owner Occupied,1238000,176,1,1,1,1,1,1,1133000,149000,696000,256000,5000,6960,HO6,0,0,0,0,43800,46100,6,1,0,0
CLM00044,POL00044,CUS00044,2022-12-08,2022-12-11,Wind,0,180 NE 29th St,Miami-Dade,FL,33137,25.808606,-80.19234,60,8,Concrete Tile,Concrete Block,2242,Secondary Residence,358000,182,1,1,1,1,1,1,300000,31000,146000,80000,2500,6860,HO6,3,137800,2,0,26700,22700,12,1,1,1
CLM00045,POL00045,CUS00045,2024-03-24,2024-05-04,Water,0,180 NE 29th St,Miami-Dade,FL,33137,25.808606,-80.19234,47,11,Concrete Tile,Masonry,2085,Owner Occupied,810000,102,1,1,1,1,1,1,618000,75000,306000,94000,5000,8280,HO3,2,51400,0,1,14800,43900,18,1,0,1
CLM00046,POL00046,CUS00046,2024-10-08,2024-10-12,Hurricane,1,3131 NE 1st Ave,Miami-Dade,FL,33137,25.807112,-80.193906,22,22,Flat/TPO,Masonry,1776,Owner Occupied,1398000,151,1,1,1,1,1,1,1043000,122000,591000,286000,2500,6640,HO3,1,30700,0,0,89800,82900,7,1,0,0
CLM00047,POL00047,CUS00047,2022-12-23,2022-12-29,Wind,0,180 NE 29th St,Miami-Dade,FL,33137,25.808606,-80.19234,75,25,Concrete Tile,Concrete Block,2350,Owner Occupied,1309000,142,1,1,1,1,1,1,1030000,103000,470000,259000,1500,4800,HO3,1,105200,1,0,18500,9900,11,1,0,1
CLM00048,POL00048,CUS00048,2025-11-24,2025-12-14,Hurricane,0,2900 Biscayne Blvd,Miami-Dade,FL,33137,25.80518,-80.188488,39,31,Flat/TPO,Masonry Veneer,3853,Owner Occupied,1047000,149,1,1,1,1,1,1,1023000,103000,530000,243000,7500,7590,HO3,0,0,0,0,45500,37600,9,1,0,0
CLM00049,POL00049,CUS00049,2022-06-15,2022-06-24,Theft,0,452 NE 31st St,Miami-Dade,FL,33137,25.805582,-80.194716,33,22,Concrete Tile,Reinforced Concrete,2603,Owner Occupied,745000,125,1,1,1,1,1,1,701000,101000,321000,175000,5000,5840,HO3,2,155500,2,3,10100,10900,16,1,0,1
CLM00050,POL00050,CUS00050,2023-07-01,2023-07-06,Water,0,3131 NE 1st Ave,Miami-Dade,FL,33137,25.807112,-80.193906,40,32,Flat/TPO,Concrete Block,2475,Owner Occupied,799000,155,1,0,1,1,1,1,736000,0,406000,167000,1000,5660,HO3,1,68200,1,1,27700,30500,6,1,0,0
CLM00051,POL00051,CUS00051,2022-12-06,2023-01-17,Hurricane,0,2900 Biscayne Blvd,Miami-Dade,FL,33137,25.80518,-80.188488,20,20,Asphalt Shingle,Reinforced Concrete,3817,Owner Occupied,676000,46,1,1,1,1,0,1,555000,50000,273000,161000,7500,3780,DP3,2,66500,1,1,83400,81600,9,1,0,1
CLM00052,POL00052,CUS00052,2022-10-30,2022-11-02,Lightning,0,452 NE 31st St,Miami-Dade,FL,33137,25.805582,-80.194716,7,2,Concrete Tile,Frame,4244,Owner Occupied,649000,89,1,1,1,1,1,1,533000,62000,281000,159000,1500,8320,DP3,1,89000,1,0,30200,31800,8,1,0,0
CLM00053,POL00053,CUS00053,2024-11-13,2024-11-20,Fire,0,180 NE 29th St,Miami-Dade,FL,33137,25.808606,-80.19234,44,23,Concrete Tile,Reinforced Concrete,3791,Secondary Residence,698000,72,1,1,1,1,1,1,652000,84000,330000,168000,10000,6900,HO5,2,99400,0,0,111300,121600,11,1,1,0
CLM00054,POL00054,CUS00054,2024-10-05,2024-10-12,Lightning,0,452 NE 31st St,Miami-Dade,FL,33137,25.805582,-80.194716,46,23,Tile,Frame,4482,Owner Occupied,434000,85,1,1,1,1,1,1,329000,41000,208000,65000,5000,4300,HO5,2,97500,2,1,14700,11900,11,1,0,0
CLM00055,POL00055,CUS00055,2023-05-01,2023-06-19,Water,0,3131 NE 1st Ave,Miami-Dade,FL,33137,25.807112,-80.193906,75,5,Concrete Tile,Masonry,963,Owner Occupied,1328000,102,1,1,1,1,1,1,1200000,106000,612000,302000,2000,7540,HO5,3,175300,1,0,9100,5600,1,1,0,0
CLM00056,POL00056,CUS00056,2024-10-09,2024-10-16,Wind,1,2900 Biscayne Blvd,Miami-Dade,FL,33137,25.80518,-80.188488,59,9,Asphalt Shingle,Reinforced Concrete,1805,Owner Occupied,242000,153,1,1,1,1,1,1,178000,21000,117000,43000,1000,4740,HO6,1,30700,0,0,37200,30900,15,1,1,1
CLM00057,POL00057,CUS00057,2024-10-09,2024-10-17,Wind,1,3131 NE 1st Ave,Miami-Dade,FL,33137,25.807112,-80.193906,48,24,Asphalt Shingle,Concrete Block,1216,Owner Occupied,255000,121,1,1,1,1,0,0,230000,32000,114000,62000,7500,4470,DP3,0,0,1,0,47000,51400,17,1,0,0
CLM00058,POL00058,CUS00058,2022-08-11,2022-08-14,Hail,0,3131 NE 1st Ave,Miami-Dade,FL,33137,25.807112,-80.193906,44,22,Concrete Tile,Concrete Block,2568,Owner Occupied,267000,108,1,1,1,1,1,1,267000,39000,169000,65000,7500,8400,HO6,2,96400,2,1,18900,22100,9,1,0,0
CLM00059,POL00059,CUS00059,2024-09-01,2024-09-02,Hail,0,3000 NE 2nd Ave,Miami-Dade,FL,33137,25.808936,-80.195094,50,4,Tile,Frame,4381,Owner Occupied,709000,163,1,1,1,1,1,1,674000,99000,321000,160000,2000,2380,HO5,0,0,0,0,48600,38900,14,1,0,0
CLM00060,POL00060,CUS00060,2025-03-09,2025-03-13,Water,0,452 NE 31st St,Miami-Dade,FL,33137,25.805582,-80.194716,59,26,Metal,Masonry,1280,Owner Occupied,289000,115,1,1,1,1,0,0,271000,33000,155000,80000,2500,2240,DP3,2,53900,1,0,39100,46500,15,1,0,0
CLM00061,POL00061,CUS00061,2024-02-02,2024-02-11,Theft,0,3000 NE 2nd Ave,Miami-Dade,FL,33137,25.808936,-80.195094,44,22,Concrete Tile,Frame,4024,Owner Occupied,1209000,37,1,1,1,1,1,1,1145000,163000,580000,298000,1500,3950,HO3,0,0,0,0,10200,10500,18,1,0,0
CLM00062,POL00062,CUS00062,2025-12-13,2025-12-16,Hail,0,2900 Biscayne Blvd,Miami-Dade,FL,33137,25.80518,-80.188488,15,15,Flat/TPO,Concrete Block,4277,Tenant Occupied,931000,57,1,1,1,1,1,1,748000,82000,400000,197000,5000,8330,HO3,1,114900,0,1,64200,35500,17,1,0,1
CLM00063,POL00063,CUS00063,2024-05-09,2024-05-14,Water,0,3000 NE 2nd Ave,Miami-Dade,FL,33137,25.808936,-80.195094,5,5,Tile,Reinforced Concrete,3904,Secondary Residence,1262000,100,1,0,1,1,1,1,920000,0,563000,175000,2000,5710,HO5,0,0,0,0,39600,44200,18,1,0,0
CLM00064,POL00064,CUS00064,2025-05-20,2025-06-10,Wind,0,2900 Biscayne Blvd,Miami-Dade,FL,33137,25.80518,-80.188488,18,18,Metal,Masonry Veneer,1800,Owner Occupied,776000,162,1,1,1,1,1,1,566000,63000,264000,125000,1500,3910,HO5,3,168400,3,0,48000,43200,12,1,1,1
CLM00065,POL00065,CUS00065,2024-12-31,2025-01-06,Theft,0,180 NE 29th St,Miami-Dade,FL,33137,25.808606,-80.19234,50,2,Asphalt Shingle,Reinforced Concrete,2639,Owner Occupied,1104000,106,1,1,1,1,1,1,855000,85000,505000,227000,1000,3210,HO3,3,178800,2,1,25400,26500,4,1,0,0
CLM00066,POL00066,CUS00066,2022-10-31,2022-11-04,Fire,0,3000 NE 2nd Ave,Miami-Dade,FL,33137,25.808936,-80.195094,46,14,Flat/TPO,Masonry,2895,Owner Occupied,398000,34,1,1,1,1,1,1,393000,57000,205000,110000,1000,5790,HO5,2,197100,1,0,69300,38300,16,1,0,0
CLM00067,POL00067,CUS00067,2022-08-14,2022-08-18,Hurricane,0,452 NE 31st St,Miami-Dade,FL,33137,25.805582,-80.194716,3,3,Flat/TPO,Masonry,1932,Owner Occupied,1149000,176,1,1,1,1,1,1,1153000,111000,626000,192000,5000,6190,HO6,0,0,0,0,82800,79300,1,1,0,0
CLM00068,POL00068,CUS00068,2022-09-23,2022-10-28,Freeze,0,180 NE 29th St,Miami-Dade,FL,33137,25.808606,-80.19234,53,3,Tile,Frame,4382,Owner Occupied,850000,55,1,1,1,1,1,1,641000,71000,391000,172000,5000,7020,HO3,0,0,0,0,25400,22000,18,1,0,0
CLM00069,POL00069,CUS00069,2022-06-07,2022-06-11,Lightning,0,452 NE 31st St,Miami-Dade,FL,33137,25.805582,-80.194716,34,20,Flat/TPO,Concrete Block,2780,Owner Occupied,730000,167,1,1,1,1,1,1,580000,79000,397000,147000,10000,6770,HO3,0,0,0,0,31900,37900,17,1,0,0
CLM00070,POL00070,CUS00070,2025-03-25,2025-03-31,Wind,0,2901 NE 1st Ave,Miami-Dade,FL,33137,25.802168,-80.187402,26,26,Flat/TPO,Reinforced Concrete,2957,Owner Occupied,879000,161,1,1,1,1,1,1,708000,83000,353000,173000,10000,4800,HO5,1,79900,1,1,41300,48800,13,1,0,1
CLM00071,POL00071,CUS00071,2022-03-22,2022-03-28,Theft,0,3131 NE 1st Ave,Miami-Dade,FL,33137,25.807112,-80.193906,65,27,Asphalt Shingle,Reinforced Concrete,3132,Owner Occupied,1347000,44,1,1,1,1,1,1,1281000,117000,786000,366000,2500,3100,HO3,2,137400,0,1,22300,25500,12,1,0,0
CLM00072,POL00072,CUS00072,2023-06-12,2023-06-17,Freeze,0,180 NE 29th St,Miami-Dade,FL,33137,25.808606,-80.19234,5,5,Concrete Tile,Reinforced Concrete,3418,Secondary Residence,451000,17,1,0,1,1,1,1,334000,0,161000,66000,1000,2880,HO3,1,131200,1,0,23700,19000,16,1,0,0
CLM00073,POL00073,CUS00073,2023-12-31,2024-01-01,Wind,0,180 NE 29th St,Miami-Dade,FL,33137,25.808606,-80.19234,21,15,Flat/TPO,Concrete Block,3729,Owner Occupied,492000,19,1,1,1,1,1,1,506000,49000,255000,126000,10000,4210,HO3,0,0,0,0,16700,18100,13,1,0,0
CLM00074,POL00074,CUS00074,2024-07-08,2024-07-12,Hail,0,180 NE 29th St,Miami-Dade,FL,33137,25.808606,-80.19234,13,13,Tile,Reinforced Concrete,3757,Owner Occupied,337000,41,1,1,1,1,1,1,328000,45000,148000,60000,1000,8090,HO3,2,146400,1,0,18400,17500,9,1,0,0
CLM00075,POL00075,CUS00075,2024-06-15,2024-06-21,Hurricane,0,3000 NE 2nd Ave,Miami-Dade,FL,33137,25.808936,-80.195094,71,12,Concrete Tile,Masonry,2160,Owner Occupied,1431000,162,1,0,1,1,1,1,1094000,0,653000,325000,5000,5010,HO3,0,0,0,0,71700,78800,2,1,0,0
CLM00076,POL00076,CUS00076,2025-03-02,2025-03-05,Wind,0,3000 NE 2nd Ave,Miami-Dade,FL,33137,25.808936,-80.195094,35,24,Asphalt Shingle,Concrete Block,3308,Owner Occupied,1006000,124,1,1,1,1,1,1,850000,111000,578000,208000,2000,5410,HO5,0,0,0,0,44600,37500,15,1,1,0
CLM00077,POL00077,CUS00077,2023-08-24,2023-09-30,Water,0,2900 Biscayne Blvd,Miami-Dade,FL,33137,25.80518,-80.188488,25,25,Tile,Reinforced Concrete,2358,Owner Occupied,1203000,186,1,1,1,1,1,1,1234000,176000,854000,238000,1000,8230,HO5,0,0,0,0,42900,22900,9,1,0,0
CLM00078,POL00078,CUS00078,2023-05-30,2023-05-31,Fire,0,2901 NE 1st Ave,Miami-Dade,FL,33137,25.802168,-80.187402,28,19,Concrete Tile,Frame,883,Tenant Occupied,1073000,168,1,1,1,1,1,0,1013000,101000,556000,293000,7500,6040,DP3,2,35800,1,0,49500,57800,15,1,0,0
CLM00079,POL00079,CUS00079,2024-09-08,2024-09-09,Wind,0,2900 Biscayne Blvd,Miami-Dade,FL,33137,25.80518,-80.188488,10,10,Concrete Tile,Concrete Block,3119,Secondary Residence,698000,11,1,1,1,1,1,1,549000,55000,313000,100000,1500,4960,HO3,3,253500,0,0,41700,42100,15,1,1,1
CLM00080,POL00080,CUS00080,2024-03-16,2024-03-23,Hail,0,3131 NE 1st Ave,Miami-Dade,FL,33137,25.807112,-80.193906,19,19,Tile,Frame,2934,Owner Occupied,378000,80,1,1,1,1,1,1,278000,30000,180000,76000,1000,8350,HO3,1,78700,0,0,38900,46400,15,1,0,0
CLM00081,POL00081,CUS00081,2022-10-30,2022-11-20,Vandalism,0,6970 SW 40th St,Miami-Dade,FL,33155,25.7421,-80.313298,74,29,Flat/TPO,Masonry,1305,Owner Occupied,836000,54,1,1,1,1,1,1,686000,61000,385000,168000,2500,4970,HO3,1,34800,0,1,16600,15000,7,1,0,1
CLM00082,POL00082,CUS00082,2024-04-17,2024-04-22,Hail,0,30 SW 1st St,Miami-Dade,FL,33130,25.765842,-80.208492,14,14,Metal,Masonry,4289,Owner Occupied,225000,80,1,1,1,1,1,1,175000,24000,85000,38000,2000,8870,HO6,2,101900,0,1,30200,26700,9,1,0,0
CLM00083,POL00083,CUS00083,2024-08-16,2024-10-02,Wind,0,5127 W Tyson Ave,Hillsborough,FL,33611,27.888982,-82.504054,55,23,Metal,Masonry Veneer,4370,Owner Occupied,1376000,97,1,0,1,1,1,1,1402000,0,891000,406000,1000,5240,HO6,0,0,0,0,12100,11800,12,1,0,0
CLM00084,POL00084,CUS00084,2022-11-28,2022-12-02,Water,0,2828 NW 1st Ave,Miami-Dade,FL,33127,25.79715,-80.197564,73,15,Concrete Tile,Frame,3408,Owner Occupied,791000,156,1,1,1,1,1,1,695000,86000,409000,207000,1500,3860,HO3,0,0,0,0,26200,32200,17,1,0,0
CLM00085,POL00085,CUS00085,2025-01-02,2025-01-08,Wind,0,9931 W Flagler St,Miami-Dade,FL,33174,25.75642,-80.352414,55,20,Metal,Reinforced Concrete,2307,Owner Occupied,978000,139,1,1,1,1,1,1,932000,110000,495000,165000,7500,7160,HO5,0,0,0,0,16300,14200,13,1,0,0
CLM00086,POL00086,CUS00086,2025-06-06,2025-06-10,Lightning,0,55 NE 2nd St,Miami-Dade,FL,33132,25.784184,-80.187508,46,20,Tile,Reinforced Concrete,4109,Owner Occupied,347000,60,1,1,1,1,1,1,345000,41000,227000,60000,2500,5100,HO3,0,0,0,0,9400,8000,18,1,0,0
CLM00087,POL00087,CUS00087,2025-03-02,2025-03-08,Hurricane,0,2050 Jake St,Orange,FL,32814,28.560782,-81.32269,36,17,Metal,Masonry Veneer,2800,Owner Occupied,287000,59,1,1,1,1,1,1,255000,30000,128000,62000,7500,4130,HO3,2,61200,1,0,11400,13100,9,1,0,0
CLM00088,POL00088,CUS00088,2024-06-16,2024-06-16,Theft,0,3131 NE 1st Ave,Miami-Dade,FL,33137,25.807112,-80.193906,16,2,Metal,Reinforced Concrete,3887,Owner Occupied,562000,148,1,1,1,1,0,1,480000,58000,300000,84000,5000,7690,DP3,2,141000,0,1,34900,19100,4,1,0,1
CLM00089,POL00089,CUS00089,2022-02-12,2022-02-18,Lightning,0,12112 Sugarloaf Key St,Hillsborough,FL,33626,28.058486,-82.624672,50,27,Tile,Concrete Block,2625,Owner Occupied,1115000,57,1,1,1,1,1,1,1066000,142000,621000,304000,5000,5670,HO3,0,0,1,0,18100,17600,18,1,0,0
CLM00090,POL00090,CUS00090,2023-10-07,2023-10-15,Water,0,901 W Chestnut St,Hillsborough,FL,33607,27.956886,-82.501454,31,8,Metal,Concrete Block,4209,Owner Occupied,1131000,46,1,1,1,1,1,1,902000,112000,510000,260000,7500,3990,HO5,0,0,0,0,36300,43200,4,1,0,0
CLM00091,POL00091,CUS00091,2025-06-29,2025-07-02,Fire,0,3131 NE 1st Ave,Miami-Dade,FL,33137,25.807112,-80.193906,68,13,Asphalt Shingle,Concrete Block,2853,Tenant Occupied,1440000,56,1,1,1,1,1,1,1248000,157000,680000,202000,2000,8190,HO3,0,0,0,0,107800,88600,1,1,0,0
CLM00092,POL00092,CUS00092,2022-09-29,2022-11-04,Hail,1,109 W Fortune St,Hillsborough,FL,33602,27.947222,-82.458452,15,3,Tile,Reinforced Concrete,2514,Owner Occupied,485000,139,1,1,1,1,0,1,376000,42000,194000,94000,1000,4370,DP3,0,0,0,0,3000,8000,16,1,0,0
CLM00093,POL00093,CUS00093,2025-04-22,2025-05-01,Theft,0,101 W Beach Pl,Hillsborough,FL,33606,27.939852,-82.48549,48,14,Asphalt Shingle,Concrete Block,4012,Owner Occupied,552000,169,1,1,1,1,0,0,443000,54000,213000,84000,7500,1920,DP3,1,27300,3,2,17600,19400,10,1,0,0
CLM00094,POL00094,CUS00094,2024-06-12,2024-06-17,Water,0,6904 Ralston Pl Dr,Hillsborough,FL,33614,28.00581,-82.507956,15,15,Tile,Frame,4465,Owner Occupied,574000,72,1,1,1,1,1,1,589000,82000,395000,161000,7500,6980,HO3,2,54400,0,0,24500,22500,6,1,0,0
CLM00095,POL00095,CUS00095,2025-04-26,2025-05-01,Wind,0,310 N Orange Ave,Orange,FL,32801,28.543216,-81.372806,23,11,Metal,Masonry Veneer,2913,Tenant Occupied,1435000,81,1,1,1,1,1,1,1209000,111000,642000,289000,2500,7640,HO6,0,0,0,0,37500,40300,8,1,0,0
CLM00096,POL00096,CUS00096,2024-10-08,2024-11-11,Hail,1,645 NW 1st St,Miami-Dade,FL,33128,25.768528,-80.198928,13,13,Metal,Reinforced Concrete,3990,Owner Occupied,1104000,171,1,0,1,1,1,1,1001000,0,654000,258000,5000,2020,HO3,0,0,1,0,31600,33200,14,1,0,0
CLM00097,POL00097,CUS00097,2024-10-09,2024-10-16,Hail,1,452 NE 31st St,Miami-Dade,FL,33137,25.805582,-80.194716,49,14,Concrete Tile,Masonry,3271,Owner Occupied,838000,102,1,1,1,1,1,1,641000,59000,357000,179000,2000,2790,HO3,2,79600,1,0,35500,38500,11,1,0,0
CLM00098,POL00098,CUS00098,2024-04-27,2024-05-06,Wind,0,1211 E Kennedy Blvd,Hillsborough,FL,33602,27.950366,-82.46105,61,28,Asphalt Shingle,Masonry,2272,Owner Occupied,1426000,184,1,1,1,1,1,1,1244000,112000,588000,329000,2500,7300,HO6,0,0,0,0,10000,10500,8,1,0,0
CLM00099,POL00099,CUS00099,2025-08-26,2025-08-27,Water,0,110 Zora Pl,Orange,FL,32810,28.615406,-81.425066,70,9,Metal,Concrete Block,2440,Owner Occupied,412000,74,1,1,1,1,1,1,413000,55000,240000,102000,1000,6750,HO6,1,83600,2,0,15000,17500,9,1,1,0
CLM00100,POL00100,CUS00100,2022-09-28,2022-10-02,Hail,1,6301 S Westshore Blvd,Hillsborough,FL,33616,27.867894,-82.52435,71,22,Metal,Concrete Block,3828,Owner Occupied,1311000,129,1,1,1,1,1,1,1099000,121000,522000,323000,10000,8000,HO5,0,0,0,0,83200,37400,13,1,0,1
CLM00101,POL00101,CUS00101,2022-04-25,2022-04-26,Hail,0,9505 Axis Way,Orange,FL,32837,28.396944,-81.417614,72,7,Tile,Frame,2472,Owner Occupied,389000,142,1,1,1,1,1,1,284000,27000,189000,82000,1000,9140,HO3,1,18200,0,0,38500,45000,16,1,0,0
CLM00102,POL00102,CUS00102,2025-07-24,2025-07-31,Wind,0,295 NE Ivanhoe Blvd,Orange,FL,32804,28.579332,-81.39362,68,7,Metal,Masonry Veneer,2110,Owner Occupied,256000,107,1,1,1,1,1,1,207000,20000,107000,38000,7500,5270,HO6,0,0,0,0,41900,38300,16,1,0,0
CLM00103,POL00103,CUS00103,2025-03-04,2025-03-08,Wind,0,9567 Sunbelt St,Hillsborough,FL,33635,28.022792,-82.61563,17,17,Tile,Frame,3714,Owner Occupied,575000,100,1,1,1,1,1,1,469000,70000,320000,77000,5000,6810,HO5,0,0,0,0,20000,12300,14,1,0,1
CLM00104,POL00104,CUS00104,2022-09-04,2022-09-27,Wind,0,2050 Jake St,Orange,FL,32814,28.560782,-81.32269,22,22,Asphalt Shingle,Frame,1838,Owner Occupied,259000,139,1,0,1,1,1,1,206000,0,94000,59000,5000,9360,HO6,1,8000,1,0,47800,55300,16,1,0,0
CLM00105,POL00105,CUS00105,2025-12-03,2025-12-04,Theft,0,2900 Biscayne Blvd,Miami-Dade,FL,33137,25.80518,-80.188488,43,12,Tile,Masonry Veneer,1344,Owner Occupied,687000,96,1,1,1,1,1,1,596000,86000,343000,125000,2500,3990,HO3,2,87300,0,0,44200,21200,1,1,0,0
CLM00106,POL00106,CUS00106,2023-03-22,2023-03-30,Water,0,5432 W Tyson Ave,Hillsborough,FL,33611,27.888268,-82.506778,7,7,Flat/TPO,Masonry,2274,Tenant Occupied,1374000,183,1,1,1,1,1,1,1093000,157000,717000,200000,1000,8550,HO3,0,0,0,1,35900,41700,16,1,0,0
CLM00107,POL00107,CUS00107,2025-03-14,2025-03-20,Hurricane,0,710 NE 1st Ave,Miami-Dade,FL,33132,25.783848,-80.189314,6,6,Concrete Tile,Concrete Block,1628,Secondary Residence,720000,95,1,1,1,1,1,1,681000,76000,308000,120000,7500,9800,HO3,1,113700,0,0,31100,74600,11,1,0,0
CLM00108,POL00108,CUS00108,2025-09-01,2025-09-07,Hail,0,4000 Headwaters Way,Orange,FL,32837,28.386144,-81.418598,9,9,Metal,Masonry,1796,Owner Occupied,287000,53,1,1,1,1,1,1,220000,32000,112000,43000,7500,3140,HO3,2,143100,1,0,67700,29900,4,1,0,0
CLM00109,POL00109,CUS00109,2025-11-06,2025-11-29,Vandalism,0,300 W Tyler St,Hillsborough,FL,33602,27.948668,-82.456928,70,28,Tile,Masonry,2796,Secondary Residence,1354000,150,1,1,1,1,0,0,1119000,132000,544000,331000,7500,7860,DP3,0,0,0,0,61500,28900,4,1,0,1
CLM00110,POL00110,CUS00110,2025-08-09,2025-08-11,Water,0,9567 Sunbelt St,Hillsborough,FL,33635,28.022792,-82.61563,29,5,Tile,Masonry,3828,Owner Occupied,372000,48,1,1,1,1,1,1,313000,45000,191000,49000,2000,9300,HO5,0,0,0,0,15400,42400,3,1,0,0
CLM00111,POL00111,CUS00111,2024-02-16,2024-02-24,Water,0,55 NE 2nd St,Miami-Dade,FL,33132,25.784184,-80.187508,73,27,Flat/TPO,Reinforced Concrete,965,Owner Occupied,803000,122,1,1,1,1,1,1,617000,89000,334000,116000,1000,8790,HO3,2,133800,2,0,20500,17200,5,1,0,0
CLM00112,POL00112,CUS00112,2023-10-30,2023-11-05,Hail,0,6904 Ralston Pl Dr,Hillsborough,FL,33614,28.00581,-82.507956,64,11,Metal,Frame,2100,Owner Occupied,1019000,94,1,1,1,1,1,1,1042000,112000,566000,284000,7500,4160,HO3,0,0,1,0,35400,28700,14,1,0,0
CLM00113,POL00113,CUS00113,2024-11-08,2024-11-14,Freeze,0,510 N Rome Ave,Hillsborough,FL,33606,27.930384,-82.488052,20,6,Asphalt Shingle,Masonry,4263,Owner Occupied,744000,125,1,1,1,1,1,1,578000,75000,379000,106000,7500,3970,HO3,1,35800,0,0,40900,39300,1,1,0,0
CLM00114,POL00114,CUS00114,2025-07-28,2025-08-04,Fire,0,9931 W Flagler St,Miami-Dade,FL,33174,25.75642,-80.352414,63,32,Asphalt Shingle,Frame,2590,Secondary Residence,1173000,182,1,1,1,1,1,1,1200000,108000,671000,274000,2000,2500,HO3,0,0,0,0,95100,115100,6,1,0,0
CLM00115,POL00115,CUS00115,2024-07-16,2024-07-16,Fire,0,55 NE 2nd St,Miami-Dade,FL,33132,25.784184,-80.187508,39,14,Asphalt Shingle,Reinforced Concrete,1558,Owner Occupied,1089000,12,1,1,1,1,1,1,1064000,152000,555000,269000,1500,3740,HO6,2,92400,1,0,85300,77800,12,1,0,0
CLM00116,POL00116,CUS00116,2023-11-07,2023-11-10,Hail,0,10149 Arise Loop,Orange,FL,32837,28.397256,-81.42077,35,20,Concrete Tile,Reinforced Concrete,4281,Owner Occupied,675000,125,1,1,1,1,1,0,510000,72000,265000,134000,2500,5700,DP3,1,13700,1,1,25500,22200,18,1,0,0
CLM00117,POL00117,CUS00117,2024-08-16,2024-08-17,Hail,0,9567 Sunbelt St,Hillsborough,FL,33635,28.022792,-82.61563,8,8,Flat/TPO,Frame,1473,Owner Occupied,1262000,119,1,1,1,1,1,1,920000,107000,548000,179000,2500,7750,HO3,0,0,0,0,58600,33100,6,1,1,0
CLM00118,POL00118,CUS00118,2025-01-20,2025-03-11,Water,0,2900 Biscayne Blvd,Miami-Dade,FL,33137,25.80518,-80.188488,37,19,Asphalt Shingle,Frame,1410,Owner Occupied,573000,78,1,1,1,1,1,1,452000,67000,283000,110000,2500,3510,HO3,1,49300,1,0,32200,32200,14,1,0,0
CLM00119,POL00119,CUS00119,2024-10-09,2024-10-15,Hail,1,230 NE 4th St,Miami-Dade,FL,33132,25.781976,-80.192572,21,13,Flat/TPO,Masonry,2999,Secondary Residence,505000,152,1,1,1,1,1,1,507000,74000,334000,98000,2000,6190,HO3,4,296700,1,2,37800,41500,2,1,0,0
CLM00120,POL00120,CUS00120,2022-12-12,2022-12-15,Freeze,0,2900 Biscayne Blvd,Miami-Dade,FL,33137,25.80518,-80.188488,15,13,Metal,Masonry Veneer,3548,Owner Occupied,258000,9,1,0,1,1,1,1,255000,0,154000,51000,7500,5700,HO5,1,8400,0,0,14100,14500,3,1,0,0
CLM00121,POL00121,CUS00121,2022-04-05,2022-04-10,Freeze,0,180 NE 29th St,Miami-Dade,FL,33137,25.808606,-80.19234,59,12,Flat/TPO,Reinforced Concrete,3697,Owner Occupied,1363000,176,1,1,1,1,1,1,1144000,171000,592000,306000,5000,3770,HO3,1,66200,1,0,16000,13000,4,1,0,0
CLM00122,POL00122,CUS00122,2024-08-09,2024-08-18,Hurricane,0,230 NE 4th St,Miami-Dade,FL,33132,25.781976,-80.192572,66,30,Asphalt Shingle,Reinforced Concrete,1860,Owner Occupied,870000,152,1,1,1,1,1,1,838000,102000,540000,153000,2500,9800,HO5,0,0,0,0,21800,18400,14,1,0,0
CLM00123,POL00123,CUS00123,2023-09-30,2023-10-08,Vandalism,0,3131 NE 1st Ave,Miami-Dade,FL,33137,25.807112,-80.193906,59,9,Flat/TPO,Concrete Block,2773,Secondary Residence,607000,156,1,1,1,1,0,0,502000,58000,316000,92000,7500,8950,DP3,1,7500,1,1,18500,15100,16,1,0,0
CLM00124,POL00124,CUS00124,2023-07-26,2023-08-04,Theft,0,7575 Universal Blvd,Orange,FL,32819,28.451704,-81.47356,23,23,Asphalt Shingle,Masonry,3471,Owner Occupied,448000,101,1,1,1,1,1,1,395000,52000,185000,64000,1000,8570,HO6,0,0,0,0,23500,26900,9,1,0,0
CLM00125,POL00125,CUS00125,2024-10-19,2024-10-20,Hail,0,9200 Randal Park Blvd,Orange,FL,32832,28.412212,-81.243592,56,32,Metal,Concrete Block,1955,Tenant Occupied,254000,11,1,1,1,1,1,1,200000,29000,107000,35000,2500,3790,HO3,1,45400,0,0,24600,24400,12,1,0,0
CLM00126,POL00126,CUS00126,2025-04-30,2025-05-02,Water,0,55 NE 2nd St,Miami-Dade,FL,33132,25.784184,-80.187508,74,31,Metal,Concrete Block,1041,Owner Occupied,1004000,20,1,1,1,1,1,1,842000,105000,379000,250000,10000,9660,HO3,4,135700,1,1,36800,40300,17,1,0,0
CLM00127,POL00127,CUS00127,2022-02-22,2022-03-03,Hail,0,8733 Rooks Park Cir,Hillsborough,FL,33619,27.936594,-82.36584,62,3,Tile,Masonry,4213,Owner Occupied,427000,149,1,1,1,1,1,1,376000,37000,176000,92000,1500,4200,HO3,1,98400,0,0,9400,9300,7,1,0,0
CLM00128,POL00128,CUS00128,2025-03-16,2025-03-23,Wind,0,2900 Biscayne Blvd,Miami-Dade,FL,33137,25.80518,-80.188488,60,24,Flat/TPO,Reinforced Concrete,2703,Owner Occupied,1349000,10,1,1,1,1,1,1,1038000,107000,566000,209000,2500,2180,HO3,1,100200,0,0,48800,52400,18,1,0,0
CLM00129,POL00129,CUS00129,2025-09-22,2025-09-23,Fire,0,310 N Orange Ave,Orange,FL,32801,28.543216,-81.372806,3,3,Metal,Reinforced Concrete,2219,Secondary Residence,896000,48,1,1,1,1,1,1,856000,89000,432000,237000,2000,5800,HO3,0,0,2,0,59600,57100,5,1,1,1
CLM00130,POL00130,CUS00130,2024-06-01,2024-06-01,Hail,0,230 NE 4th St,Miami-Dade,FL,33132,25.781976,-80.192572,59,4,Flat/TPO,Frame,3529,Owner Occupied,1204000,87,1,1,1,1,1,1,1069000,134000,729000,230000,7500,5970,HO3,0,0,0,0,11900,33000,7,1,0,0
CLM00131,POL00131,CUS00131,2024-10-09,2024-10-16,Wind,1,6501 S Westshore Blvd,Hillsborough,FL,33616,27.869022,-82.523216,25,11,Flat/TPO,Frame,3179,Tenant Occupied,1186000,41,1,1,1,1,1,1,1150000,104000,762000,287000,1000,2550,HO3,0,0,0,0,25400,25500,9,1,1,0
CLM00132,POL00132,CUS00132,2023-06-30,2023-07-05,Hurricane,0,6904 Ralston Pl Dr,Hillsborough,FL,33614,28.00581,-82.507956,26,4,Asphalt Shingle,Concrete Block,3250,Owner Occupied,1186000,30,1,1,1,1,1,1,889000,114000,423000,155000,10000,2810,HO3,0,0,0,0,39900,32400,12,1,0,0
CLM00133,POL00133,CUS00133,2024-11-03,2024-11-04,Water,0,6501 S Westshore Blvd,Hillsborough,FL,33616,27.869022,-82.523216,26,25,Tile,Concrete Block,1645,Secondary Residence,1128000,20,1,1,1,1,1,1,1139000,152000,767000,179000,2500,2580,HO3,1,7700,1,1,22000,27300,2,1,0,0
CLM00134,POL00134,CUS00134,2024-09-12,2024-10-16,Vandalism,0,6970 SW 40th St,Miami-Dade,FL,33155,25.7421,-80.313298,19,18,Asphalt Shingle,Masonry Veneer,2231,Secondary Residence,926000,153,1,1,1,1,1,1,707000,68000,349000,159000,5000,3350,HO3,2,132000,1,0,13900,24400,14,1,0,0
CLM00135,POL00135,CUS00135,2024-11-07,2024-11-12,Wind,0,5009 Park Central Dr,Orange,FL,32839,28.48606,-81.403886,64,9,Flat/TPO,Frame,1190,Owner Occupied,1427000,186,1,1,1,1,1,1,1247000,153000,804000,239000,5000,8560,HO5,1,62900,0,0,34700,40400,5,1,0,0
CLM00136,POL00136,CUS00136,2024-06-25,2024-06-25,Theft,0,3131 NE 1st Ave,Miami-Dade,FL,33137,25.807112,-80.193906,39,18,Tile,Masonry Veneer,1832,Owner Occupied,420000,145,1,1,1,1,1,1,346000,32000,175000,56000,2000,7530,HO3,1,21200,2,1,27400,26000,1,1,0,0
CLM00137,POL00137,CUS00137,2022-10-31,2022-11-05,Hail,0,218 NW 8th St,Miami-Dade,FL,33136,25.785132,-80.210772,35,7,Asphalt Shingle,Frame,4052,Owner Occupied,345000,110,1,1,1,1,1,1,297000,29000,155000,66000,5000,5610,HO3,0,0,0,0,11400,28900,2,1,0,0
CLM00138,POL00138,CUS00138,2024-10-09,2024-10-13,Hurricane,1,452 NE 31st St,Miami-Dade,FL,33137,25.805582,-80.194716,7,7,Metal,Frame,1536,Owner Occupied,1141000,55,1,1,1,1,1,1,1090000,160000,645000,249000,1000,9760,HO3,1,15600,0,0,60500,63200,13,1,0,0
CLM00139,POL00139,CUS00139,2024-10-14,2024-10-21,Hail,0,3219 S Orange Ave,Orange,FL,32806,28.517866,-81.366976,47,23,Tile,Frame,2872,Owner Occupied,1092000,87,1,1,1,1,1,1,898000,122000,483000,268000,2500,9620,HO6,3,100100,2,0,17600,15800,9,1,0,0
CLM00140,POL00140,CUS00140,2024-09-30,2024-10-07,Theft,0,710 NE 1st Ave,Miami-Dade,FL,33132,25.783848,-80.189314,45,10,Flat/TPO,Reinforced Concrete,2166,Tenant Occupied,467000,69,1,1,1,1,1,1,371000,36000,230000,74000,5000,4070,HO3,0,0,0,0,13600,11300,3,1,0,0
CLM00141,POL00141,CUS00141,2022-01-09,2022-02-09,Water,0,6904 Ralston Pl Dr,Hillsborough,FL,33614,28.00581,-82.507956,55,1,Concrete Tile,Concrete Block,2617,Owner Occupied,1441000,14,1,1,1,1,1,1,1323000,191000,721000,308000,7500,6520,HO3,0,0,0,0,36600,42500,17,1,0,0
CLM00142,POL00142,CUS00142,2023-04-30,2023-06-11,Water,0,6501 S Westshore Blvd,Hillsborough,FL,33616,27.869022,-82.523216,31,26,Asphalt Shingle,Frame,962,Owner Occupied,985000,38,1,1,1,1,1,1,889000,125000,607000,137000,7500,2780,HO3,3,282000,2,0,48100,41000,3,1,1,1
CLM00143,POL00143,CUS00143,2024-12-31,2025-01-16,Hail,0,1115 E Twiggs St,Hillsborough,FL,33602,27.951524,-82.459604,57,22,Flat/TPO,Reinforced Concrete,1581,Tenant Occupied,1122000,165,1,1,1,1,1,1,1001000,106000,614000,169000,7500,5270,HO3,1,17300,1,0,8800,7800,7,1,0,0
CLM00144,POL00144,CUS00144,2022-03-25,2022-04-03,Vandalism,0,921 N Central Ave,Hillsborough,FL,33602,27.95189,-82.4639,13,11,Concrete Tile,Reinforced Concrete,4067,Owner Occupied,366000,97,1,1,1,1,1,1,371000,39000,213000,77000,2000,4210,HO5,0,0,1,0,18400,22900,7,1,0,0
CLM00145,POL00145,CUS00145,2024-04-30,2024-05-02,Fire,0,9567 Sunbelt St,Hillsborough,FL,33635,28.022792,-82.61563,4,3,Flat/TPO,Masonry,2576,Owner Occupied,981000,29,1,1,1,1,1,1,738000,65000,398000,217000,1000,5960,HO3,0,0,0,0,109000,121400,10,1,0,0
CLM00146,POL00146,CUS00146,2022-11-03,2022-11-11,Hail,0,3131 NE 1st Ave,Miami-Dade,FL,33137,25.807112,-80.193906,58,13,Concrete Tile,Masonry Veneer,4367,Owner Occupied,1113000,51,1,1,1,1,1,1,868000,111000,401000,140000,7500,6020,HO3,3,144100,0,1,51800,43900,9,1,0,0
CLM00147,POL00147,CUS00147,2022-07-06,2022-07-07,Water,0,700 SW 1st St,Miami-Dade,FL,33130,25.76502,-80.207664,39,14,Tile,Reinforced Concrete,2449,Owner Occupied,1091000,173,1,1,1,1,1,1,796000,116000,534000,172000,5000,2340,HO3,3,124100,0,1,54900,33500,17,1,0,0
CLM00148,POL00148,CUS00148,2022-09-04,2022-09-04,Lightning,0,310 N Orange Ave,Orange,FL,32801,28.543216,-81.372806,63,26,Asphalt Shingle,Masonry Veneer,3010,Tenant Occupied,526000,116,1,1,1,1,1,1,532000,67000,271000,92000,2000,7910,HO3,2,45400,1,0,14500,13200,2,1,1,0
CLM00149,POL00149,CUS00149,2022-07-22,2022-07-30,Lightning,0,520 E Church St,Orange,FL,32801,28.542388,-81.368972,12,8,Concrete Tile,Reinforced Concrete,2456,Owner Occupied,977000,155,1,1,1,1,1,1,737000,87000,482000,180000,2500,9010,HO5,0,0,0,0,57600,51600,4,1,0,0
CLM00150,POL00150,CUS00150,2023-10-24,2023-10-27,Water,0,12112 Sugarloaf Key St,Hillsborough,FL,33626,28.058486,-82.624672,56,27,Flat/TPO,Frame,4213,Owner Occupied,723000,155,1,1,1,1,0,0,630000,84000,440000,168000,1500,3690,DP3,0,0,1,1,16700,13600,17,1,0,0
CLM00151,POL00151,CUS00151,2023-03-28,2023-04-05,Wind,0,7511 Solstice Cir,Orange,FL,32821,28.411672,-81.46685,74,25,Metal,Frame,1645,Owner Occupied,852000,60,1,1,1,1,1,1,857000,102000,442000,142000,10000,8480,HO3,0,0,1,0,83000,41200,15,1,0,1
CLM00152,POL00152,CUS00152,2022-06-29,2022-07-06,Theft,0,6970 SW 40th St,Miami-Dade,FL,33155,25.7421,-80.313298,64,9,Metal,Frame,3634,Owner Occupied,429000,111,1,1,1,1,1,1,417000,55000,238000,71000,1000,3990,HO3,1,80300,1,0,11700,14500,17,1,0,0
CLM00153,POL00153,CUS00153,2024-03-11,2024-03-20,Water,0,3015 N Rocky Point Dr E,Hillsborough,FL,33607,27.964764,-82.501766,39,25,Flat/TPO,Masonry Veneer,1181,Owner Occupied,427000,76,1,0,1,1,1,1,356000,0,220000,73000,10000,6470,HO5,0,0,0,0,41100,41900,4,1,1,0
CLM00154,POL00154,CUS00154,2024-10-09,2024-11-20,Wind,1,1000 NW 7th St,Miami-Dade,FL,33136,25.78563,-80.201058,69,18,Flat/TPO,Concrete Block,1472,Owner Occupied,750000,175,1,1,1,1,1,1,562000,80000,256000,141000,1000,3830,HO3,2,84600,1,0,39000,36400,18,1,1,1
CLM00155,POL00155,CUS00155,2025-10-18,2025-10-22,Wind,0,355 N Rosalind Ave,Orange,FL,32801,28.545514,-81.378134,13,13,Flat/TPO,Frame,4024,Owner Occupied,663000,31,1,0,1,1,1,1,542000,0,274000,121000,2500,9100,HO5,0,0,0,0,10400,12100,15,1,0,0
CLM00156,POL00156,CUS00156,2022-10-23,2022-10-26,Hurricane,0,710 NE 1st Ave,Miami-Dade,FL,33132,25.783848,-80.189314,51,21,Flat/TPO,Reinforced Concrete,2068,Tenant Occupied,357000,30,1,1,1,1,1,1,334000,48000,209000,64000,7500,3560,HO3,0,0,0,0,51200,44100,12,1,0,0
CLM00157,POL00157,CUS00157,2024-10-19,2024-10-19,Water,0,8733 Rooks Park Cir,Hillsborough,FL,33619,27.936594,-82.36584,74,25,Tile,Frame,2768,Owner Occupied,714000,66,1,1,1,1,1,1,732000,85000,381000,144000,1000,7120,HO6,2,134300,2,0,14300,11900,1,1,0,0
CLM00158,POL00158,CUS00158,2024-10-08,2024-10-12,Wind,1,2900 Biscayne Blvd,Miami-Dade,FL,33137,25.80518,-80.188488,74,17,Flat/TPO,Concrete Block,1186,Owner Occupied,980000,85,1,1,1,1,1,1,795000,107000,386000,125000,2000,5050,HO3,1,28600,0,0,9700,10300,17,1,1,0
CLM00159,POL00159,CUS00159,2022-01-31,2022-02-06,Hurricane,0,2901 NE 1st Ave,Miami-Dade,FL,33137,25.802168,-80.187402,14,14,Flat/TPO,Reinforced Concrete,2292,Owner Occupied,1242000,86,1,1,1,1,1,1,1070000,116000,494000,226000,10000,2870,HO3,3,81000,2,0,103600,115500,8,1,0,0
CLM00160,POL00160,CUS00160,2024-10-09,2024-10-16,Wind,1,452 NE 31st St,Miami-Dade,FL,33137,25.805582,-80.194716,74,5,Metal,Masonry,3347,Owner Occupied,733000,42,1,1,1,1,1,1,606000,59000,364000,179000,5000,6770,HO6,1,101700,1,0,42800,50800,8,1,1,0
CLM00161,POL00161,CUS00161,2025-03-03,2025-03-19,Vandalism,0,2900 Biscayne Blvd,Miami-Dade,FL,33137,25.80518,-80.188488,26,26,Flat/TPO,Concrete Block,1955,Owner Occupied,325000,124,1,1,1,1,0,0,306000,36000,140000,61000,1000,8380,DP3,0,0,0,0,15600,12900,3,1,0,0
CLM00162,POL00162,CUS00162,2023-06-03,2023-06-04,Water,0,452 NE 31st St,Miami-Dade,FL,33137,25.805582,-80.194716,52,14,Concrete Tile,Concrete Block,3447,Owner Occupied,1159000,176,1,1,1,1,1,1,890000,122000,498000,182000,2500,5270,HO5,0,0,0,0,21400,22700,16,1,0,0
CLM00163,POL00163,CUS00163,2024-10-17,2024-10-20,Theft,0,6301 S Westshore Blvd,Hillsborough,FL,33616,27.867894,-82.52435,28,14,Flat/TPO,Frame,853,Owner Occupied,1295000,178,1,1,1,1,1,1,1278000,146000,862000,252000,5000,7130,HO6,0,0,0,0,2900,3500,11,1,0,0
CLM00164,POL00164,CUS00164,2024-10-09,2024-10-14,Hurricane,1,410 N Orange Ave,Orange,FL,32801,28.538032,-81.373544,20,9,Tile,Frame,3561,Owner Occupied,469000,30,1,1,1,1,1,1,439000,50000,268000,107000,1500,3550,HO5,0,0,0,0,33400,33300,1,1,0,0
CLM00165,POL00165,CUS00165,2023-07-27,2023-08-04,Freeze,0,1011 E Cumberland Ave,Hillsborough,FL,33602,27.948032,-82.463042,20,20,Asphalt Shingle,Reinforced Concrete,1635,Owner Occupied,447000,34,1,1,1,1,1,1,344000,37000,221000,88000,7500,7330,HO3,1,60200,0,0,12600,13100,16,1,1,0
CLM00166,POL00166,CUS00166,2024-10-08,2024-10-09,Hurricane,1,8733 Rooks Park Cir,Hillsborough,FL,33619,27.936594,-82.36584,20,13,Concrete Tile,Concrete Block,4069,Owner Occupied,1392000,140,1,1,1,1,1,1,1030000,149000,513000,263000,1000,5120,HO3,1,81400,0,0,110300,94500,15,1,0,0
CLM00167,POL00167,CUS00167,2023-08-05,2023-08-13,Hail,0,110 Zora Pl,Orange,FL,32810,28.615406,-81.425066,35,19,Flat/TPO,Concrete Block,3103,Tenant Occupied,248000,138,1,1,1,1,1,1,247000,31000,157000,72000,7500,9110,HO5,1,15700,1,1,42500,35000,18,1,0,0
CLM00168,POL00168,CUS00168,2024-07-27,2024-07-30,Vandalism,0,7575 Universal Blvd,Orange,FL,32819,28.451704,-81.47356,11,11,Tile,Concrete Block,880,Owner Occupied,1048000,69,1,1,1,1,1,1,775000,114000,528000,158000,1000,4710,HO3,1,9600,0,1,24600,26900,16,1,0,0
CLM00169,POL00169,CUS00169,2024-10-10,2024-10-17,Wind,1,3000 NE 2nd Ave,Miami-Dade,FL,33137,25.808936,-80.195094,59,30,Concrete Tile,Masonry,3062,Owner Occupied,759000,91,1,1,1,1,1,1,730000,82000,354000,205000,5000,7080,HO5,2,79800,2,1,24000,29700,13,1,0,0
CLM00170,POL00170,CUS00170,2023-01-14,2023-01-18,Water,0,3000 NE 2nd Ave,Miami-Dade,FL,33137,25.808936,-80.195094,58,14,Concrete Tile,Concrete Block,4034,Owner Occupied,1068000,129,1,1,1,1,1,0,844000,123000,389000,168000,1500,8230,DP3,2,181000,4,0,34100,27400,12,1,0,0
CLM00171,POL00171,CUS00171,2025-08-09,2025-08-16,Water,0,9931 W Flagler St,Miami-Dade,FL,33174,25.75642,-80.352414,16,7,Asphalt Shingle,Masonry,3243,Tenant Occupied,1437000,14,1,1,1,1,1,1,1352000,114000,766000,391000,2500,4500,HO6,0,0,0,0,9100,10200,6,1,0,0
CLM00172,POL00172,CUS00172,2024-04-18,2024-04-23,Water,0,2650 Dade Ave,Orange,FL,32804,28.583628,-81.389606,63,32,Concrete Tile,Masonry Veneer,1409,Secondary Residence,652000,58,1,0,1,1,1,1,650000,0,417000,174000,10000,4570,HO3,2,188100,0,0,10100,12300,10,1,0,0
CLM00173,POL00173,CUS00173,2024-01-06,2024-01-08,Water,0,6501 S Westshore Blvd,Hillsborough,FL,33616,27.869022,-82.523216,67,25,Concrete Tile,Masonry Veneer,3528,Owner Occupied,868000,144,1,1,1,1,1,1,723000,60000,490000,167000,2500,7340,HO6,2,37900,1,0,23000,19300,16,1,0,0
CLM00174,POL00174,CUS00174,2023-02-04,2023-02-13,Water,0,9931 W Flagler St,Miami-Dade,FL,33174,25.75642,-80.352414,74,30,Concrete Tile,Masonry Veneer,2474,Owner Occupied,1175000,136,1,1,1,1,1,1,1187000,116000,795000,230000,10000,7240,HO5,4,241200,2,1,44600,43700,7,1,0,0
CLM00175,POL00175,CUS00175,2022-07-14,2022-07-21,Water,0,733 Main Ln,Orange,FL,32801,28.546738,-81.375962,22,22,Flat/TPO,Masonry,4175,Owner Occupied,1139000,13,1,1,1,1,1,1,1095000,159000,683000,195000,7500,2520,HO3,0,0,0,0,49300,45600,8,1,1,0
CLM00176,POL00176,CUS00176,2024-10-09,2024-10-12,Wind,1,700 SW 1st St,Miami-Dade,FL,33130,25.76502,-80.207664,55,29,Tile,Frame,3889,Owner Occupied,605000,98,1,1,1,1,1,1,549000,76000,333000,117000,2500,6570,HO3,2,70900,2,1,30000,36500,13,1,0,0
CLM00177,POL00177,CUS00177,2024-10-15,2024-10-22,Hail,0,30 SW 1st St,Miami-Dade,FL,33130,25.765842,-80.208492,21,16,Flat/TPO,Reinforced Concrete,1642,Tenant Occupied,1428000,32,1,1,1,1,1,1,1116000,102000,597000,198000,7500,4300,HO3,2,136000,0,1,24700,22700,8,1,0,0
CLM00178,POL00178,CUS00178,2025-10-10,2025-10-18,Water,0,218 NW 8th St,Miami-Dade,FL,33136,25.785132,-80.210772,69,26,Asphalt Shingle,Frame,3309,Owner Occupied,363000,92,1,1,1,1,1,1,353000,35000,246000,98000,10000,7910,HO5,3,67100,1,1,30400,28000,18,1,0,0
CLM00179,POL00179,CUS00179,2024-10-09,2024-10-09,Hurricane,1,5009 Park Central Dr,Orange,FL,32839,28.48606,-81.403886,42,4,Flat/TPO,Concrete Block,3461,Secondary Residence,233000,106,1,1,1,1,1,1,237000,26000,108000,48000,5000,8820,HO5,2,80900,3,0,56100,56300,4,1,0,0
CLM00180,POL00180,CUS00180,2025-10-25,2025-10-27,Hail,0,4301 Urbana Dr,Orange,FL,32837,28.394856,-81.424922,59,24,Concrete Tile,Frame,3948,Owner Occupied,1218000,41,1,0,1,1,0,0,1122000,0,655000,234000,2500,8560,DP3,4,200700,2,1,8700,7100,2,1,0,1
CLM00181,POL00181,CUS00181,2024-05-29,2024-06-05,Water,0,2900 Biscayne Blvd,Miami-Dade,FL,33137,25.80518,-80.188488,28,12,Asphalt Shingle,Reinforced Concrete,3872,Owner Occupied,859000,50,1,0,1,1,1,0,881000,0,466000,259000,1500,9740,DP3,0,0,0,0,45600,38200,9,1,0,0
CLM00182,POL00182,CUS00182,2024-09-27,2024-09-28,Hurricane,1,3015 N Rocky Point Dr E,Hillsborough,FL,33607,27.964764,-82.501766,55,24,Metal,Reinforced Concrete,1526,Owner Occupied,1275000,89,1,0,1,1,1,1,1169000,0,802000,318000,2000,5980,HO3,1,65700,0,0,70700,59600,4,1,1,0
CLM00183,POL00183,CUS00183,2024-09-26,2024-09-27,Wind,1,1011 E Cumberland Ave,Hillsborough,FL,33602,27.948032,-82.463042,73,6,Flat/TPO,Masonry Veneer,2312,Owner Occupied,1045000,69,1,1,1,1,1,1,956000,107000,661000,247000,1500,6480,HO3,2,169500,2,0,28100,28000,11,1,0,0
CLM00184,POL00184,CUS00184,2022-04-01,2022-04-10,Hail,0,6600 NW 7th St,Miami-Dade,FL,33126,25.778214,-80.295246,27,16,Asphalt Shingle,Reinforced Concrete,4405,Owner Occupied,1297000,125,1,1,1,1,1,1,1279000,151000,736000,276000,10000,6020,HO3,1,4900,0,0,26200,22700,8,1,0,0
CLM00185,POL00185,CUS00185,2022-09-29,2022-10-08,Hail,1,7575 Universal Blvd,Orange,FL,32819,28.451704,-81.47356,27,15,Tile,Concrete Block,3923,Owner Occupied,275000,29,1,1,1,1,1,1,273000,30000,184000,47000,1000,2070,HO3,0,0,0,0,11400,11300,3,1,0,0
CLM00186,POL00186,CUS00186,2024-04-13,2024-05-18,Hurricane,0,452 NE 31st St,Miami-Dade,FL,33137,25.805582,-80.194716,28,15,Asphalt Shingle,Masonry Veneer,3410,Tenant Occupied,221000,171,1,1,1,1,1,1,210000,22000,107000,35000,7500,2590,HO3,3,108400,2,0,72100,69300,4,1,0,1
CLM00187,POL00187,CUS00187,2025-08-02,2025-08-11,Water,0,700 SW 1st St,Miami-Dade,FL,33130,25.76502,-80.207664,37,23,Tile,Masonry Veneer,3551,Owner Occupied,348000,140,1,1,1,1,1,1,279000,33000,149000,67000,1000,5290,HO5,2,116000,1,0,30500,35500,15,1,0,0
CLM00188,POL00188,CUS00188,2023-11-07,2023-11-10,Lightning,0,355 N Rosalind Ave,Orange,FL,32801,28.545514,-81.378134,24,22,Tile,Reinforced Concrete,3166,Owner Occupied,881000,100,1,1,1,1,1,1,879000,92000,433000,244000,5000,6350,HO3,2,110100,1,0,33700,35300,18,1,0,0
CLM00189,POL00189,CUS00189,2025-09-16,2025-09-19,Wind,0,8733 Rooks Park Cir,Hillsborough,FL,33619,27.936594,-82.36584,72,28,Tile,Concrete Block,2118,Owner Occupied,1325000,81,1,1,1,1,0,0,1259000,157000,651000,293000,2000,3480,DP3,1,41100,0,1,12900,12900,7,1,0,0
CLM00190,POL00190,CUS00190,2025-09-25,2025-09-28,Water,0,6970 SW 40th St,Miami-Dade,FL,33155,25.7421,-80.313298,17,17,Asphalt Shingle,Masonry,1054,Owner Occupied,356000,92,1,1,1,1,1,1,310000,42000,165000,68000,5000,6070,HO3,0,0,0,0,10800,9400,6,1,0,0
CLM00191,POL00191,CUS00191,2024-11-07,2024-11-16,Wind,0,2828 NW 1st Ave,Miami-Dade,FL,33127,25.79715,-80.197564,7,7,Metal,Concrete Block,1619,Owner Occupied,1185000,37,1,1,1,1,1,1,1085000,134000,532000,309000,2000,2410,HO3,0,0,2,0,26200,24000,1,1,0,0
CLM00192,POL00192,CUS00192,2022-09-12,2022-09-20,Fire,0,2633 Azalea Garden Pl,Hillsborough,FL,33619,27.938868,-82.369974,58,7,Flat/TPO,Masonry,3555,Owner Occupied,999000,72,1,1,1,1,1,1,839000,104000,510000,230000,1500,6650,HO3,2,37600,0,0,90200,107300,17,1,0,0
CLM00193,POL00193,CUS00193,2022-12-16,2022-12-23,Lightning,0,1211 E Kennedy Blvd,Hillsborough,FL,33602,27.950366,-82.46105,22,11,Tile,Frame,4321,Owner Occupied,1322000,9,1,1,1,1,1,1,1248000,165000,805000,233000,10000,6930,HO3,0,0,0,0,43200,41800,10,1,0,0
CLM00194,POL00194,CUS00194,2022-04-15,2022-04-19,Water,0,5127 W Tyson Ave,Hillsborough,FL,33611,27.888982,-82.504054,34,19,Metal,Masonry Veneer,1150,Owner Occupied,514000,106,1,1,1,1,1,1,372000,40000,187000,70000,2000,7680,HO6,3,169900,3,0,19800,23000,18,1,0,0
CLM00195,POL00195,CUS00195,2023-06-03,2023-06-04,Wind,0,2633 Azalea Garden Pl,Hillsborough,FL,33619,27.938868,-82.369974,23,23,Metal,Concrete Block,2627,Owner Occupied,312000,77,1,1,1,1,1,1,304000,26000,150000,83000,10000,7920,HO3,4,239800,2,1,17500,17500,18,1,0,0
CLM00196,POL00196,CUS00196,2022-03-05,2022-03-12,Water,0,295 NE Ivanhoe Blvd,Orange,FL,32804,28.579332,-81.39362,25,25,Asphalt Shingle,Reinforced Concrete,2111,Secondary Residence,766000,146,1,1,1,1,1,1,670000,58000,340000,141000,10000,3920,HO3,1,70100,1,0,15400,16500,18,1,0,0
CLM00197,POL00197,CUS00197,2024-10-10,2024-10-12,Hail,1,10149 Arise Loop,Orange,FL,32837,28.397256,-81.42077,34,32,Concrete Tile,Masonry Veneer,1118,Owner Occupied,1120000,97,1,1,1,1,1,1,861000,86000,453000,256000,2500,8870,HO6,0,0,0,0,16700,13400,18,1,0,1
CLM00198,POL00198,CUS00198,2024-10-09,2024-11-09,Wind,1,180 NE 29th St,Miami-Dade,FL,33137,25.808606,-80.19234,45,32,Tile,Masonry,1469,Owner Occupied,366000,85,1,0,1,1,1,1,332000,0,195000,78000,7500,8660,HO6,0,0,1,0,24900,24300,6,1,1,1
CLM00199,POL00199,CUS00199,2022-02-10,2022-02-25,Water,0,7575 Universal Blvd,Orange,FL,32819,28.451704,-81.47356,26,26,Tile,Masonry,884,Owner Occupied,1319000,172,1,1,1,1,1,1,961000,127000,558000,276000,10000,6300,HO6,1,43100,0,0,1500,5200,15,1,0,1
CLM00200,POL00200,CUS00200,2025-05-03,2025-05-06,Wind,0,1211 E Kennedy Blvd,Hillsborough,FL,33602,27.950366,-82.46105,14,14,Flat/TPO,Masonry,959,Owner Occupied,1284000,105,1,1,1,1,1,1,994000,123000,579000,205000,1000,4020,HO5,3,111900,2,0,36800,40100,4,1,0,0
CLM00201,POL00201,CUS00201,2022-07-07,2022-07-07,Hail,0,921 N Central Ave,Hillsborough,FL,33602,27.95189,-82.4639,22,3,Asphalt Shingle,Frame,4334,Tenant Occupied,773000,166,1,1,1,1,1,1,633000,86000,382000,128000,1000,6670,HO3,0,0,0,0,71800,38700,2,1,0,1
CLM00202,POL00202,CUS00202,2023-05-21,2023-05-21,Fire,0,1011 E Cumberland Ave,Hillsborough,FL,33602,27.948032,-82.463042,54,28,Tile,Concrete Block,1739,Owner Occupied,904000,163,1,1,1,1,1,1,783000,67000,521000,148000,1500,9070,HO6,0,0,0,0,29200,29700,13,1,0,0
CLM00203,POL00203,CUS00203,2022-04-01,2022-04-01,Hail,0,300 W Tyler St,Hillsborough,FL,33602,27.948668,-82.456928,37,17,Metal,Masonry,3743,Owner Occupied,589000,98,1,1,1,1,1,1,490000,73000,273000,111000,1000,9170,HO5,2,62000,1,0,15800,36200,11,1,0,1
CLM00204,POL00204,CUS00204,2025-11-19,2025-11-20,Theft,0,1011 E Cumberland Ave,Hillsborough,FL,33602,27.948032,-82.463042,17,17,Metal,Masonry Veneer,1022,Owner Occupied,1249000,16,1,0,1,1,1,1,908000,0,498000,223000,1500,2640,HO6,0,0,0,0,14700,17300,4,1,1,0
CLM00205,POL00205,CUS00205,2022-06-03,2022-06-09,Theft,0,921 N Central Ave,Hillsborough,FL,33602,27.95189,-82.4639,71,22,Concrete Tile,Frame,2449,Owner Occupied,291000,114,1,1,1,1,1,1,276000,33000,169000,53000,5000,4400,HO5,3,126600,1,0,27000,22000,12,1,0,0
CLM00206,POL00206,CUS00206,2025-05-06,2025-06-21,Freeze,0,1011 E Cumberland Ave,Hillsborough,FL,33602,27.948032,-82.463042,34,13,Tile,Concrete Block,812,Owner Occupied,1365000,91,1,1,1,1,0,0,1159000,104000,664000,198000,1000,6500,DP3,1,17300,0,0,26800,31200,18,1,0,1
CLM00207,POL00207,CUS00207,2025-02-12,2025-02-18,Hurricane,0,109 W Fortune St,Hillsborough,FL,33602,27.947222,-82.458452,43,24,Asphalt Shingle,Frame,2361,Tenant Occupied,523000,46,1,1,1,1,1,1,378000,45000,238000,78000,2000,5640,HO5,0,0,0,0,99200,102500,12,1,1,0
CLM00208,POL00208,CUS00208,2024-09-27,2024-09-27,Hurricane,1,1115 E Twiggs St,Hillsborough,FL,33602,27.951524,-82.459604,31,12,Metal,Masonry,4144,Owner Occupied,1304000,158,1,1,1,1,1,1,1254000,124000,835000,256000,7500,3780,HO3,0,0,0,0,50000,60700,13,1,0,0
CLM00209,POL00209,CUS00209,2022-09-28,2022-10-03,Hurricane,1,109 W Fortune St,Hillsborough,FL,33602,27.947222,-82.458452,72,27,Flat/TPO,Reinforced Concrete,2713,Tenant Occupied,1423000,30,1,1,1,1,1,1,1340000,148000,691000,373000,5000,2600,HO6,1,90100,2,0,123200,105900,12,1,0,0
CLM00210,POL00210,CUS00210,2022-11-10,2022-11-18,Freeze,0,921 N Central Ave,Hillsborough,FL,33602,27.95189,-82.4639,59,4,Tile,Frame,4007,Owner Occupied,253000,190,1,1,1,1,1,1,230000,24000,108000,49000,5000,8030,HO3,3,123700,1,0,27600,29000,9,1,0,0
CLM00211,POL00211,CUS00211,2022-01-06,2022-01-08,Wind,0,109 W Fortune St,Hillsborough,FL,33602,27.947222,-82.458452,40,27,Flat/TPO,Reinforced Concrete,3072,Owner Occupied,1089000,185,1,1,1,1,1,1,860000,100000,447000,169000,7500,9420,HO3,0,0,1,0,8500,10000,10,1,1,1
CLM00212,POL00212,CUS00212,2023-01-03,2023-01-08,Theft,0,1211 E Kennedy Blvd,Hillsborough,FL,33602,27.950366,-82.46105,15,12,Metal,Frame,4347,Owner Occupied,465000,180,1,1,1,1,1,1,408000,58000,282000,104000,2500,8170,HO6,2,111500,2,1,24400,29400,8,1,0,0
CLM00213,POL00213,CUS00213,2023-07-06,2023-07-08,Lightning,0,1011 E Cumberland Ave,Hillsborough,FL,33602,27.948032,-82.463042,64,4,Asphalt Shingle,Concrete Block,1933,Owner Occupied,907000,158,1,1,1,1,1,1,658000,80000,404000,122000,2000,7690,HO5,2,104300,1,0,41100,34700,13,1,0,0
CLM00214,POL00214,CUS00214,2024-04-06,2024-04-14,Wind,0,1211 E Kennedy Blvd,Hillsborough,FL,33602,27.950366,-82.46105,63,4,Metal,Concrete Block,1081,Owner Occupied,1202000,102,1,1,1,1,1,1,1215000,174000,799000,320000,2500,2740,HO6,2,83300,1,0,50300,41300,9,1,0,0
CLM00215,POL00215,CUS00215,2025-02-05,2025-03-06,Wind,0,921 N Central Ave,Hillsborough,FL,33602,27.95189,-82.4639,65,23,Concrete Tile,Masonry Veneer,2014,Owner Occupied,793000,166,1,1,1,1,1,1,751000,74000,365000,222000,2000,3410,HO6,2,45200,1,0,26000,57400,2,1,0,1
CLM00216,POL00216,CUS00216,2023-03-22,2023-03-30,Hail,0,1011 E Cumberland Ave,Hillsborough,FL,33602,27.948032,-82.463042,56,18,Tile,Frame,3079,Owner Occupied,373000,171,1,1,1,1,1,1,314000,27000,180000,87000,5000,8260,HO3,1,38300,1,0,20400,23600,9,1,0,0
CLM00217,POL00217,CUS00217,2025-07-11,2025-08-18,Water,0,300 W Tyler St,Hillsborough,FL,33602,27.948668,-82.456928,5,5,Metal,Concrete Block,3324,Owner Occupied,992000,100,1,0,1,1,1,1,893000,0,593000,256000,2500,4600,HO3,1,34300,0,1,38700,34600,4,1,0,1
CLM00218,POL00218,CUS00218,2024-09-26,2024-10-01,Hail,1,921 N Central Ave,Hillsborough,FL,33602,27.95189,-82.4639,5,3,Flat/TPO,Frame,2908,Tenant Occupied,849000,143,1,1,1,1,1,1,716000,64000,407000,204000,5000,4860,HO5,2,110800,1,0,45300,37200,13,1,0,0
CLM00219,POL00219,CUS00219,2022-03-28,2022-04-02,Hail,0,300 W Tyler St,Hillsborough,FL,33602,27.948668,-82.456928,59,19,Flat/TPO,Frame,4039,Owner Occupied,1230000,148,1,1,1,1,1,1,1083000,161000,618000,250000,5000,5530,HO6,2,55200,2,0,24800,25700,1,1,0,0
CLM00220,POL00220,CUS00220,2024-11-28,2024-12-03,Hurricane,0,109 W Fortune St,Hillsborough,FL,33602,27.947222,-82.458452,49,27,Concrete Tile,Concrete Block,2160,Tenant Occupied,752000,40,1,1,1,1,1,1,768000,81000,372000,198000,2500,8280,HO3,1,5300,1,2,225100,109600,5,1,0,1
CLM00221,POL00221,CUS00221,2024-10-09,2024-10-13,Hail,1,109 W Fortune St,Hillsborough,FL,33602,27.947222,-82.458452,8,8,Metal,Masonry,3706,Owner Occupied,1278000,106,1,1,1,1,1,1,1171000,170000,758000,281000,10000,6110,HO6,2,64500,0,0,30400,28600,16,1,1,1
CLM00222,POL00222,CUS00222,2024-10-09,2024-10-15,Hail,1,1211 E Kennedy Blvd,Hillsborough,FL,33602,27.950366,-82.46105,61,8,Concrete Tile,Masonry,4332,Owner Occupied,1307000,86,1,1,1,1,1,1,1040000,133000,616000,310000,5000,3160,HO5,0,0,1,0,9100,7700,17,1,0,0
CLM00223,POL00223,CUS00223,2024-12-13,2024-12-13,Water,0,921 N Central Ave,Hillsborough,FL,33602,27.95189,-82.4639,65,28,Tile,Masonry Veneer,811,Owner Occupied,792000,75,1,1,1,1,1,1,663000,68000,429000,157000,2500,6690,HO5,3,68400,3,0,9300,24300,15,1,0,0
CLM00224,POL00224,CUS00224,2022-08-06,2022-08-14,Wind,0,109 W Fortune St,Hillsborough,FL,33602,27.947222,-82.458452,73,10,Concrete Tile,Frame,2679,Owner Occupied,1444000,130,1,1,1,1,1,1,1221000,182000,688000,253000,2000,5560,HO6,3,184600,1,1,32400,36800,15,1,0,0
CLM00225,POL00225,CUS00225,2023-12-16,2023-12-22,Vandalism,0,1115 E Twiggs St,Hillsborough,FL,33602,27.951524,-82.459604,11,9,Flat/TPO,Masonry,4253,Owner Occupied,335000,25,1,0,1,1,1,1,319000,0,160000,87000,1000,7090,HO5,2,88400,1,0,12800,11800,4,1,0,0
CLM00226,POL00226,CUS00226,2023-02-11,2023-02-19,Water,0,921 N Central Ave,Hillsborough,FL,33602,27.95189,-82.4639,67,29,Asphalt Shingle,Concrete Block,1424,Tenant Occupied,1400000,184,1,1,1,1,1,1,1217000,107000,629000,356000,2500,3750,HO3,1,10600,2,1,12100,10200,13,1,0,0
CLM00227,POL00227,CUS00227,2023-10-19,2023-11-28,Hail,0,300 W Tyler St,Hillsborough,FL,33602,27.948668,-82.456928,62,20,Metal,Frame,1097,Owner Occupied,1005000,102,1,1,1,1,1,1,757000,110000,454000,170000,1000,3780,HO3,1,65800,1,0,14500,13800,12,1,0,1
CLM00228,POL00228,CUS00228,2024-09-24,2024-09-30,Wind,0,921 N Central Ave,Hillsborough,FL,33602,27.95189,-82.4639,7,7,Metal,Concrete Block,2224,Tenant Occupied,800000,28,1,1,1,1,1,1,731000,95000,481000,143000,2500,3620,HO3,0,0,0,0,43900,41900,5,1,0,0
CLM00229,POL00229,CUS00229,2025-11-16,2025-11-23,Fire,0,109 W Fortune St,Hillsborough,FL,33602,27.947222,-82.458452,61,20,Flat/TPO,Reinforced Concrete,2945,Owner Occupied,1194000,26,1,1,1,1,1,0,1229000,147000,613000,275000,7500,7860,DP3,1,34900,1,0,45400,48100,11,1,1,0
CLM00230,POL00230,CUS00230,2024-10-08,2024-10-28,Hurricane,1,300 W Tyler St,Hillsborough,FL,33602,27.948668,-82.456928,12,12,Tile,Concrete Block,2823,Owner Occupied,810000,99,1,0,1,1,1,1,676000,0,367000,109000,10000,2510,HO3,1,18800,0,0,57700,59400,12,1,0,0
CLM00231,POL00231,CUS00231,2023-02-23,2023-04-11,Vandalism,0,1211 E Kennedy Blvd,Hillsborough,FL,33602,27.950366,-82.46105,33,16,Tile,Masonry,4449,Owner Occupied,1164000,158,1,1,1,1,1,1,947000,82000,605000,265000,1000,9590,HO5,0,0,0,0,25700,22500,3,1,0,0
CLM00232,POL00232,CUS00232,2023-07-08,2023-07-16,Hail,0,300 W Tyler St,Hillsborough,FL,33602,27.948668,-82.456928,53,32,Asphalt Shingle,Concrete Block,2526,Owner Occupied,778000,126,1,1,1,1,1,1,752000,99000,415000,219000,5000,3440,HO3,2,63000,1,0,30200,37300,7,1,0,0
CLM00233,POL00233,CUS00233,2025-06-13,2025-06-16,Water,0,109 W Fortune St,Hillsborough,FL,33602,27.947222,-82.458452,56,19,Asphalt Shingle,Reinforced Concrete,2695,Owner Occupied,1020000,74,1,1,1,1,1,1,924000,100000,487000,208000,2500,6510,DP3,2,50700,1,0,47500,21300,9,1,0,0
CLM00234,POL00234,CUS00234,2024-04-07,2024-04-14,Hail,0,109 W Fortune St,Hillsborough,FL,33602,27.947222,-82.458452,56,32,Asphalt Shingle,Masonry,4134,Owner Occupied,996000,90,1,1,1,1,1,1,1023000,106000,664000,260000,10000,9010,HO6,0,0,0,0,37000,34700,17,1,0,0
CLM00235,POL00235,CUS00235,2023-05-09,2023-05-11,Wind,0,921 N Central Ave,Hillsborough,FL,33602,27.95189,-82.4639,45,8,Concrete Tile,Masonry,4024,Owner Occupied,1175000,151,1,1,1,1,0,0,1017000,82000,570000,237000,5000,2950,DP3,3,236000,3,1,48200,54100,15,1,0,0
CLM00236,POL00236,CUS00236,2024-09-01,2024-09-01,Hurricane,0,109 W Fortune St,Hillsborough,FL,33602,27.947222,-82.458452,7,7,Asphalt Shingle,Masonry Veneer,2384,Secondary Residence,251000,105,1,0,1,1,1,0,253000,0,158000,55000,10000,8050,DP3,1,24400,2,1,122600,102800,14,1,0,0
CLM00237,POL00237,CUS00237,2022-11-13,2022-11-18,Fire,0,1011 E Cumberland Ave,Hillsborough,FL,33602,27.948032,-82.463042,27,9,Metal,Frame,2647,Owner Occupied,880000,107,1,1,1,1,1,1,665000,59000,340000,102000,10000,8540,HO3,2,101800,1,0,53600,53100,4,1,0,1
CLM00238,POL00238,CUS00238,2024-02-15,2024-02-24,Fire,0,1011 E Cumberland Ave,Hillsborough,FL,33602,27.948032,-82.463042,6,6,Tile,Frame,3145,Owner Occupied,1185000,101,1,1,1,1,1,1,998000,91000,553000,246000,5000,7470,HO3,0,0,0,0,96300,170200,14,1,0,0
CLM00239,POL00239,CUS00239,2023-03-21,2023-03-25,Water,0,1211 E Kennedy Blvd,Hillsborough,FL,33602,27.950366,-82.46105,54,32,Asphalt Shingle,Masonry Veneer,3599,Owner Occupied,330000,150,1,1,1,1,1,1,283000,32000,181000,44000,10000,9280,HO5,2,40300,1,1,31700,28500,13,1,0,0
CLM00240,POL00240,CUS00240,2024-10-09,2024-10-16,Hurricane,1,109 W Fortune St,Hillsborough,FL,33602,27.947222,-82.458452,16,16,Flat/TPO,Frame,907,Tenant Occupied,970000,100,1,1,1,1,1,1,720000,89000,447000,152000,2500,5340,HO6,2,79200,2,0,31000,25200,1,1,0,0
CLM00241,POL00241,CUS00241,2022-03-16,2022-04-05,Water,0,109 W Fortune St,Hillsborough,FL,33602,27.947222,-82.458452,69,19,Concrete Tile,Masonry Veneer,3055,Owner Occupied,645000,115,1,1,1,1,1,1,572000,50000,288000,99000,5000,6190,HO3,0,0,0,0,13200,13200,6,1,0,0
CLM00242,POL00242,CUS00242,2023-10-02,2023-10-11,Hurricane,0,1115 E Twiggs St,Hillsborough,FL,33602,27.951524,-82.459604,70,9,Tile,Concrete Block,1242,Owner Occupied,410000,118,1,1,1,1,1,1,336000,47000,151000,79000,10000,9360,HO6,0,0,0,0,23000,25500,14,1,0,0
CLM00243,POL00243,CUS00243,2024-11-10,2024-11-13,Freeze,0,1011 E Cumberland Ave,Hillsborough,FL,33602,27.948032,-82.463042,59,25,Metal,Masonry,1134,Owner Occupied,430000,110,1,1,1,1,1,1,393000,47000,226000,65000,2500,7640,HO3,0,0,0,0,7300,8600,18,1,0,0
CLM00244,POL00244,CUS00244,2022-02-18,2022-02-22,Wind,0,1211 E Kennedy Blvd,Hillsborough,FL,33602,27.950366,-82.46105,68,2,Flat/TPO,Frame,2397,Owner Occupied,1438000,136,1,1,1,1,1,1,1167000,167000,583000,192000,2500,2540,HO3,0,0,0,1,29600,34700,17,1,0,0
CLM00245,POL00245,CUS00245,2025-09-11,2025-09-11,Vandalism,0,109 W Fortune St,Hillsborough,FL,33602,27.947222,-82.458452,50,16,Asphalt Shingle,Frame,896,Owner Occupied,331000,170,1,1,1,1,1,1,295000,33000,176000,48000,2500,3080,HO3,2,204900,0,0,33800,27100,6,1,0,0
CLM00246,POL00246,CUS00246,2025-07-15,2025-07-18,Vandalism,0,1211 E Kennedy Blvd,Hillsborough,FL,33602,27.950366,-82.46105,71,23,Asphalt Shingle,Masonry Veneer,1108,Owner Occupied,889000,176,1,1,1,1,1,1,693000,101000,473000,172000,10000,7280,HO5,1,125500,0,0,18300,20300,8,1,0,0
CLM00247,POL00247,CUS00247,2023-01-30,2023-02-04,Water,0,1115 E Twiggs St,Hillsborough,FL,33602,27.951524,-82.459604,16,13,Flat/TPO,Reinforced Concrete,4023,Owner Occupied,1434000,151,1,0,1,1,1,1,1284000,0,820000,303000,2000,4150,HO3,0,0,0,0,19700,17200,9,1,0,0
CLM00248,POL00248,CUS00248,2024-02-10,2024-02-16,Water,0,921 N Central Ave,Hillsborough,FL,33602,27.95189,-82.4639,61,27,Concrete Tile,Frame,1934,Owner Occupied,387000,173,1,1,1,1,1,1,293000,38000,184000,69000,7500,8340,HO6,1,57700,1,1,15600,33000,4,1,0,0
CLM00249,POL00249,CUS00249,2023-10-05,2023-10-11,Hail,0,300 W Tyler St,Hillsborough,FL,33602,27.948668,-82.456928,62,22,Concrete Tile,Masonry Veneer,4381,Tenant Occupied,1110000,60,1,1,1,1,1,1,947000,100000,475000,236000,2000,7400,HO6,2,75400,1,0,17700,15900,3,1,0,0
CLM00250,POL00250,CUS00250,2023-08-04,2023-08-05,Water,0,1115 E Twiggs St,Hillsborough,FL,33602,27.951524,-82.459604,44,32,Concrete Tile,Masonry Veneer,1914,Owner Occupied,732000,86,1,1,1,1,1,1,579000,79000,345000,158000,2500,7320,HO3,0,0,0,0,13600,6600,13,1,0,1
CLM00251,POL00251,CUS00251,2022-05-28,2022-05-29,Water,0,1115 E Twiggs St,Hillsborough,FL,33602,27.951524,-82.459604,40,6,Tile,Frame,4015,Owner Occupied,1261000,155,1,1,1,1,1,1,1147000,170000,631000,252000,1000,2040,HO5,0,0,1,1,2600,6800,10,1,0,0
CLM00252,POL00252,CUS00252,2023-12-15,2023-12-15,Theft,0,921 N Central Ave,Hillsborough,FL,33602,27.95189,-82.4639,71,23,Metal,Masonry,1508,Owner Occupied,393000,10,1,1,1,1,1,1,396000,59000,191000,73000,1000,9330,HO3,0,0,1,0,31800,31400,3,1,0,1
CLM00253,POL00253,CUS00253,2024-11-15,2024-11-19,Hurricane,0,1115 E Twiggs St,Hillsborough,FL,33602,27.951524,-82.459604,39,15,Tile,Concrete Block,2113,Secondary Residence,642000,21,1,1,1,1,1,1,630000,74000,376000,112000,1500,3010,HO3,0,0,0,0,66300,77800,12,1,1,1
CLM00254,POL00254,CUS00254,2022-02-02,2022-02-02,Water,0,1115 E Twiggs St,Hillsborough,FL,33602,27.951524,-82.459604,24,24,Concrete Tile,Masonry Veneer,1435,Owner Occupied,411000,165,1,0,1,1,1,1,414000,0,204000,111000,7500,7770,HO3,0,0,0,0,54800,46900,3,1,0,0
CLM00255,POL00255,CUS00255,2024-05-28,2024-05-30,Hail,0,921 N Central Ave,Hillsborough,FL,33602,27.95189,-82.4639,43,2,Concrete Tile,Masonry Veneer,4192,Owner Occupied,891000,45,1,1,1,1,1,1,654000,77000,319000,98000,1000,4960,HO5,0,0,1,0,24300,19700,4,1,0,0
CLM00256,POL00256,CUS00256,2023-09-12,2023-09-19,Hurricane,0,109 W Fortune St,Hillsborough,FL,33602,27.947222,-82.458452,67,31,Concrete Tile,Masonry,3082,Owner Occupied,1146000,51,1,1,1,1,1,1,1154000,103000,605000,336000,2000,4230,HO6,1,79300,0,0,79900,90500,11,1,0,0
CLM00257,POL00257,CUS00257,2022-06-06,2022-06-06,Hail,0,300 W Tyler St,Hillsborough,FL,33602,27.948668,-82.456928,49,25,Concrete Tile,Masonry Veneer,1125,Owner Occupied,441000,171,1,1,1,1,1,1,414000,46000,238000,102000,2000,7400,HO6,2,99900,1,0,9200,9200,16,1,0,0
CLM00258,POL00258,CUS00258,2025-01-08,2025-01-08,Water,0,1115 E Twiggs St,Hillsborough,FL,33602,27.951524,-82.459604,50,7,Flat/TPO,Frame,2219,Owner Occupied,1010000,112,1,1,1,1,1,0,913000,84000,619000,206000,2500,7510,DP3,1,23900,1,0,10300,10100,16,1,1,0
CLM00259,POL00259,CUS00259,2025-08-29,2025-09-04,Water,0,1211 E Kennedy Blvd,Hillsborough,FL,33602,27.950366,-82.46105,25,25,Metal,Masonry,1391,Owner Occupied,1273000,97,1,1,1,1,1,1,1074000,97000,636000,293000,2500,9630,HO3,1,114700,0,0,6000,5700,3,1,0,0
CLM00260,POL00260,CUS00260,2024-02-26,2024-03-06,Wind,0,300 W Tyler St,Hillsborough,FL,33602,27.948668,-82.456928,63,13,Flat/TPO,Frame,4261,Owner Occupied,1181000,77,1,1,1,1,1,1,1136000,109000,786000,278000,7500,9060,HO6,4,181600,2,0,49400,53400,9,1,0,0
CLM00261,POL00261,CUS00261,2023-03-20,2023-03-27,Water,0,1011 E Cumberland Ave,Hillsborough,FL,33602,27.948032,-82.463042,43,18,Metal,Concrete Block,1188,Owner Occupied,616000,44,1,1,1,1,1,1,491000,73000,235000,117000,5000,3810,HO3,0,0,0,0,16400,14200,5,1,0,0
CLM00262,POL00262,CUS00262,2024-07-13,2024-07-13,Hail,0,109 W Fortune St,Hillsborough,FL,33602,27.947222,-82.458452,30,5,Concrete Tile,Concrete Block,2194,Owner Occupied,593000,127,1,1,1,1,1,1,486000,52000,327000,78000,1000,3460,HO6,2,215300,2,0,16500,13900,13,1,0,0
CLM00263,POL00263,CUS00263,2023-09-12,2023-09-15,Fire,0,1011 E Cumberland Ave,Hillsborough,FL,33602,27.948032,-82.463042,27,16,Metal,Concrete Block,2456,Owner Occupied,854000,173,1,1,1,1,1,1,771000,108000,458000,117000,2500,3470,HO3,0,0,0,1,402900,185000,18,1,0,1
CLM00264,POL00264,CUS00264,2025-05-10,2025-05-16,Theft,0,109 W Fortune St,Hillsborough,FL,33602,27.947222,-82.458452,27,24,Asphalt Shingle,Masonry,2987,Secondary Residence,1381000,65,1,1,1,1,1,1,1131000,154000,705000,227000,10000,3620,HO6,1,110800,0,0,13100,12900,14,1,0,0
CLM00265,POL00265,CUS00265,2023-12-20,2024-01-10,Water,0,1211 E Kennedy Blvd,Hillsborough,FL,33602,27.950366,-82.46105,3,3,Asphalt Shingle,Concrete Block,4213,Secondary Residence,809000,188,1,1,1,1,1,1,708000,90000,342000,191000,1000,8020,HO5,1,40800,0,0,29400,35200,18,1,0,0
CLM00266,POL00266,CUS00266,2022-02-14,2022-02-18,Vandalism,0,1211 E Kennedy Blvd,Hillsborough,FL,33602,27.950366,-82.46105,40,10,Asphalt Shingle,Masonry,2558,Owner Occupied,1089000,43,1,1,1,1,1,1,1034000,111000,648000,159000,10000,8260,HO3,0,0,0,0,16300,20300,11,1,0,0
CLM00267,POL00267,CUS00267,2022-02-28,2022-03-08,Wind,0,921 N Central Ave,Hillsborough,FL,33602,27.95189,-82.4639,60,5,Asphalt Shingle,Reinforced Concrete,1629,Owner Occupied,793000,160,1,1,1,1,1,1,572000,78000,325000,106000,2500,4870,HO3,2,115500,0,0,32200,26900,15,1,0,1
CLM00268,POL00268,CUS00268,2023-04-25,2023-05-02,Theft,0,300 W Tyler St,Hillsborough,FL,33602,27.948668,-82.456928,36,16,Flat/TPO,Masonry Veneer,1516,Owner Occupied,579000,72,1,1,1,1,1,1,478000,40000,271000,75000,2500,9020,HO3,1,41900,1,0,5000,5200,12,1,1,0
CLM00269,POL00269,CUS00269,2022-11-09,2022-11-10,Wind,0,109 W Fortune St,Hillsborough,FL,33602,27.947222,-82.458452,18,6,Metal,Masonry,1605,Secondary Residence,1207000,44,1,1,1,1,1,1,886000,119000,501000,215000,10000,8340,HO5,1,54100,0,0,40900,42900,11,1,0,0
CLM00270,POL00270,CUS00270,2022-08-05,2022-08-14,Water,0,1211 E Kennedy Blvd,Hillsborough,FL,33602,27.950366,-82.46105,20,10,Metal,Concrete Block,1826,Owner Occupied,443000,153,1,1,1,1,1,1,324000,32000,210000,66000,2500,7790,HO6,4,208300,1,0,15900,32000,4,1,0,0
CLM00271,POL00271,CUS00271,2022-09-29,2022-10-04,Hurricane,1,921 N Central Ave,Hillsborough,FL,33602,27.95189,-82.4639,19,5,Asphalt Shingle,Concrete Block,874,Tenant Occupied,1389000,13,1,1,1,1,1,1,1067000,128000,640000,234000,2000,4580,HO5,0,0,0,0,75700,35100,16,1,0,0
CLM00272,POL00272,CUS00272,2025-03-03,2025-03-03,Theft,0,1115 E Twiggs St,Hillsborough,FL,33602,27.951524,-82.459604,66,6,Metal,Concrete Block,3756,Owner Occupied,799000,181,1,1,1,1,1,1,727000,62000,352000,181000,10000,3910,HO3,1,74100,1,0,20000,24900,12,1,0,0
CLM00273,POL00273,CUS00273,2022-11-21,2022-12-26,Wind,0,109 W Fortune St,Hillsborough,FL,33602,27.947222,-82.458452,21,10,Tile,Reinforced Concrete,993,Owner Occupied,1379000,179,1,1,1,1,1,1,1204000,108000,827000,221000,2500,4160,HO3,1,77800,0,0,19400,17000,3,1,0,0
CLM00274,POL00274,CUS00274,2022-06-01,2022-06-08,Wind,0,300 W Tyler St,Hillsborough,FL,33602,27.948668,-82.456928,28,1,Concrete Tile,Reinforced Concrete,2741,Owner Occupied,407000,117,1,1,1,1,1,1,359000,49000,245000,91000,1500,4540,HO3,0,0,0,0,115900,50500,17,1,0,1
CLM00275,POL00275,CUS00275,2022-08-23,2022-08-31,Fire,0,300 W Tyler St,Hillsborough,FL,33602,27.948668,-82.456928,46,27,Concrete Tile,Masonry,1517,Secondary Residence,459000,180,1,0,1,1,1,1,468000,0,291000,97000,2500,2740,HO6,0,0,1,0,49400,39500,2,1,1,0
CLM00276,POL00276,CUS00276,2024-08-21,2024-08-29,Wind,0,109 W Fortune St,Hillsborough,FL,33602,27.947222,-82.458452,54,22,Asphalt Shingle,Masonry,3793,Owner Occupied,1053000,92,1,1,1,1,1,1,851000,101000,524000,210000,1500,9770,HO3,3,87600,1,0,32900,34900,14,1,0,0
CLM00277,POL00277,CUS00277,2024-02-28,2024-03-01,Theft,0,300 W Tyler St,Hillsborough,FL,33602,27.948668,-82.456928,44,31,Flat/TPO,Concrete Block,3049,Owner Occupied,1275000,180,1,1,1,1,1,0,1008000,94000,472000,210000,1500,6880,DP3,2,102000,2,0,27300,24000,4,1,0,0
CLM00278,POL00278,CUS00278,2025-02-22,2025-04-11,Water,0,921 N Central Ave,Hillsborough,FL,33602,27.95189,-82.4639,51,30,Concrete Tile,Frame,1685,Secondary Residence,530000,189,1,1,1,1,1,1,499000,68000,324000,129000,5000,7760,HO5,0,0,0,0,46700,44800,7,1,0,1
CLM00279,POL00279,CUS00279,2024-09-26,2024-11-15,Hurricane,1,1211 E Kennedy Blvd,Hillsborough,FL,33602,27.950366,-82.46105,39,14,Tile,Masonry Veneer,4182,Owner Occupied,1030000,20,1,0,1,1,1,1,907000,0,541000,228000,2000,3110,HO3,2,42400,0,1,84400,68200,18,1,0,0
CLM00280,POL00280,CUS00280,2022-09-27,2022-10-01,Wind,1,1115 E Twiggs St,Hillsborough,FL,33602,27.951524,-82.459604,64,32,Tile,Reinforced Concrete,4112,Owner Occupied,380000,41,1,1,1,1,1,1,333000,49000,209000,96000,1000,3840,HO3,1,34500,1,1,34900,34600,8,1,0,1
CLM00281,POL00281,CUS00281,2025-05-03,2025-06-21,Freeze,0,2828 NW 1st Ave,Miami-Dade,FL,33127,25.79715,-80.197564,3,3,Asphalt Shingle,Frame,1340,Owner Occupied,439000,126,1,1,1,1,1,1,419000,43000,238000,70000,7500,6030,HO5,1,68400,0,1,8800,27900,6,1,0,1
CLM00282,POL00282,CUS00282,2024-05-15,2024-05-17,Theft,0,901 W Chestnut St,Hillsborough,FL,33607,27.956886,-82.501454,43,19,Flat/TPO,Masonry Veneer,3396,Owner Occupied,279000,11,1,1,1,1,1,1,262000,37000,142000,77000,2500,3590,HO5,0,0,1,0,17700,20200,15,1,0,0
CLM00283,POL00283,CUS00283,2022-11-09,2022-12-05,Water,0,3131 NE 1st Ave,Miami-Dade,FL,33137,25.807112,-80.193906,60,28,Flat/TPO,Concrete Block,1655,Owner Occupied,378000,189,1,1,1,1,1,1,334000,36000,158000,89000,1500,4810,HO6,1,33900,1,0,20500,37100,16,1,0,0
CLM00284,POL00284,CUS00284,2025-02-04,2025-03-04,Water,0,4301 Urbana Dr,Orange,FL,32837,28.394856,-81.424922,43,9,Tile,Frame,4457,Secondary Residence,1446000,37,1,1,1,1,1,1,1173000,170000,564000,313000,10000,1930,HO6,1,40900,2,0,17700,15500,15,1,0,0
CLM00285,POL00285,CUS00285,2024-03-29,2024-04-03,Wind,0,300 W Tyler St,Hillsborough,FL,33602,27.948668,-82.456928,59,18,Metal,Frame,2249,Owner Occupied,1375000,59,1,0,1,1,1,1,1186000,0,635000,207000,2000,3620,HO3,3,193200,1,1,20000,16100,14,1,0,0
CLM00286,POL00286,CUS00286,2025-02-12,2025-02-15,Hurricane,0,109 W Fortune St,Hillsborough,FL,33602,27.947222,-82.458452,43,17,Tile,Frame,3529,Owner Occupied,482000,65,1,1,1,1,1,1,421000,51000,283000,123000,1500,2350,HO3,1,64500,1,1,131200,105600,13,1,0,0
CLM00287,POL00287,CUS00287,2023-12-15,2023-12-15,Water,0,110 Zora Pl,Orange,FL,32810,28.615406,-81.425066,61,32,Metal,Masonry,1707,Owner Occupied,1350000,78,1,1,1,1,1,1,1186000,126000,706000,290000,1500,4370,HO6,0,0,0,0,10600,8700,7,1,0,0
CLM00288,POL00288,CUS00288,2025-05-19,2025-05-28,Hail,0,1000 NW 7th St,Miami-Dade,FL,33136,25.78563,-80.201058,10,1,Asphalt Shingle,Masonry Veneer,1334,Owner Occupied,1231000,32,1,1,1,1,1,1,1252000,145000,864000,253000,1500,5960,HO3,1,13000,2,1,28700,26500,9,1,0,1
CLM00289,POL00289,CUS00289,2023-10-20,2023-10-23,Theft,0,1115 E Twiggs St,Hillsborough,FL,33602,27.951524,-82.459604,53,15,Asphalt Shingle,Masonry Veneer,4145,Owner Occupied,1016000,69,1,1,1,1,1,1,965000,141000,594000,229000,7500,2660,HO3,0,0,0,0,14800,13500,10,1,0,0
CLM00290,POL00290,CUS00290,2023-03-23,2023-03-29,Hail,0,1011 E Cumberland Ave,Hillsborough,FL,33602,27.948032,-82.463042,54,16,Tile,Reinforced Concrete,1918,Owner Occupied,645000,176,1,1,1,1,1,1,471000,59000,242000,113000,10000,3650,HO3,2,73800,1,0,33600,34700,1,1,1,0
CLM00291,POL00291,CUS00291,2024-01-25,2024-01-27,Lightning,0,2633 Azalea Garden Pl,Hillsborough,FL,33619,27.938868,-82.369974,15,1,Asphalt Shingle,Reinforced Concrete,1488,Owner Occupied,692000,44,1,1,1,1,1,1,625000,61000,305000,156000,7500,8070,HO3,0,0,0,0,70300,38800,15,1,0,0
CLM00292,POL00292,CUS00292,2024-10-10,2024-10-19,Hail,1,6600 NW 7th St,Miami-Dade,FL,33126,25.778214,-80.295246,24,11,Asphalt Shingle,Masonry,1622,Secondary Residence,664000,124,1,1,1,1,1,1,659000,90000,385000,158000,2500,7540,HO3,0,0,0,0,24900,24200,17,1,0,0
CLM00293,POL00293,CUS00293,2023-07-05,2023-07-09,Wind,0,5009 Park Central Dr,Orange,FL,32839,28.48606,-81.403886,13,13,Metal,Masonry,3385,Owner Occupied,968000,146,1,1,1,1,1,1,846000,70000,382000,147000,1000,7620,HO3,0,0,0,0,31900,19000,8,1,0,0
CLM00294,POL00294,CUS00294,2025-11-11,2025-12-01,Vandalism,0,9931 W Flagler St,Miami-Dade,FL,33174,25.75642,-80.352414,72,14,Flat/TPO,Reinforced Concrete,2725,Owner Occupied,282000,75,1,1,1,1,1,1,240000,23000,125000,69000,1000,2360,HO3,1,69400,1,0,4500,13200,6,1,1,1
CLM00295,POL00295,CUS00295,2024-08-20,2024-08-24,Theft,0,2828 NW 1st Ave,Miami-Dade,FL,33127,25.79715,-80.197564,25,25,Asphalt Shingle,Concrete Block,1081,Owner Occupied,1012000,151,1,1,1,1,1,1,738000,73000,351000,121000,5000,4970,HO3,1,28200,1,0,23600,23400,2,1,0,0
CLM00296,POL00296,CUS00296,2024-09-26,2024-10-01,Wind,1,2633 Azalea Garden Pl,Hillsborough,FL,33619,27.938868,-82.369974,25,7,Concrete Tile,Masonry,3076,Owner Occupied,1306000,87,1,1,1,1,1,1,1277000,154000,641000,285000,2500,6440,HO6,2,222500,1,0,27300,22000,15,1,0,0
CLM00297,POL00297,CUS00297,2023-12-28,2023-12-29,Theft,0,5432 W Tyson Ave,Hillsborough,FL,33611,27.888268,-82.506778,12,12,Flat/TPO,Concrete Block,1915,Owner Occupied,866000,150,1,1,1,1,1,1,681000,73000,424000,203000,1000,3500,HO3,3,190300,0,0,8100,9500,6,1,0,0
CLM00298,POL00298,CUS00298,2025-02-10,2025-02-17,Hail,0,101 Lake Ave,Orange,FL,32801,28.539466,-81.369524,17,17,Concrete Tile,Masonry,3527,Owner Occupied,1112000,61,1,0,1,1,1,1,1085000,0,583000,209000,7500,4590,HO6,1,113000,0,0,18600,21400,11,1,0,0
CLM00299,POL00299,CUS00299,2023-06-16,2023-06-16,Wind,0,645 NW 1st St,Miami-Dade,FL,33128,25.768528,-80.198928,51,13,Metal,Frame,1924,Tenant Occupied,1306000,87,1,1,1,1,1,1,985000,102000,568000,186000,1500,6100,HO3,0,0,0,0,44000,40100,3,1,0,0
CLM00300,POL00300,CUS00300,2024-10-08,2024-10-13,Hail,1,2650 Dade Ave,Orange,FL,32804,28.583628,-81.389606,40,5,Asphalt Shingle,Masonry Veneer,3113,Owner Occupied,471000,19,1,0,1,1,1,1,452000,0,276000,102000,1500,7990,HO3,0,0,1,0,29400,30600,6,1,0,0
CLM00301,POL00301,CUS00301,2025-11-09,2025-11-14,Hail,0,9200 Randal Park Blvd,Orange,FL,32832,28.412212,-81.243592,12,12,Concrete Tile,Concrete Block,1355,Tenant Occupied,1307000,117,1,1,1,1,1,1,952000,134000,537000,277000,1500,5000,HO3,0,0,1,0,20100,17700,5,1,0,0
CLM00302,POL00302,CUS00302,2024-01-05,2024-01-08,Theft,0,2900 Biscayne Blvd,Miami-Dade,FL,33137,25.80518,-80.188488,45,3,Concrete Tile,Masonry,2558,Secondary Residence,799000,126,1,1,1,1,1,1,756000,101000,402000,197000,10000,5320,HO5,2,88400,0,0,15700,9200,11,1,0,0
CLM00303,POL00303,CUS00303,2022-01-10,2022-01-17,Vandalism,0,180 NE 29th St,Miami-Dade,FL,33137,25.808606,-80.19234,45,23,Flat/TPO,Masonry,2757,Owner Occupied,979000,39,1,1,1,1,1,1,910000,94000,634000,185000,2000,1880,HO6,1,98000,1,0,22500,26000,16,1,1,1
CLM00304,POL00304,CUS00304,2024-07-23,2024-07-24,Hurricane,0,3000 NE 2nd Ave,Miami-Dade,FL,33137,25.808936,-80.195094,67,6,Flat/TPO,Frame,3214,Owner Occupied,1254000,140,1,1,1,1,1,1,1106000,104000,515000,223000,10000,4210,HO5,3,249500,0,0,108300,108100,4,1,0,0
CLM00305,POL00305,CUS00305,2022-03-19,2022-03-24,Fire,0,4301 Urbana Dr,Orange,FL,32837,28.394856,-81.424922,24,3,Tile,Masonry Veneer,3857,Secondary Residence,266000,147,1,1,1,1,1,1,268000,31000,153000,52000,1500,9400,HO6,1,24700,2,2,174800,158500,12,1,0,0
CLM00306,POL00306,CUS00306,2023-03-17,2023-03-18,Fire,0,1211 E Kennedy Blvd,Hillsborough,FL,33602,27.950366,-82.46105,24,1,Tile,Frame,3700,Owner Occupied,862000,76,1,1,1,1,1,1,710000,81000,408000,188000,1000,3230,HO5,0,0,0,0,210200,185600,9,1,0,0
CLM00307,POL00307,CUS00307,2024-10-09,2024-10-14,Hail,1,3131 NE 1st Ave,Miami-Dade,FL,33137,25.807112,-80.193906,21,1,Metal,Frame,2249,Owner Occupied,790000,65,1,1,1,1,1,1,715000,65000,326000,129000,2500,4900,HO3,1,46800,0,0,73200,40900,9,1,0,1
CLM00308,POL00308,CUS00308,2024-04-06,2024-04-11,Wind,0,520 E Church St,Orange,FL,32801,28.542388,-81.368972,64,22,Concrete Tile,Concrete Block,1511,Secondary Residence,592000,76,1,1,1,1,1,1,564000,52000,369000,100000,1500,3430,HO3,0,0,0,0,20600,17500,16,1,1,0
CLM00309,POL00309,CUS00309,2025-09-19,2025-09-21,Wind,0,6600 NW 7th St,Miami-Dade,FL,33126,25.778214,-80.295246,26,26,Concrete Tile,Masonry Veneer,3132,Tenant Occupied,1292000,86,1,1,1,1,1,1,1032000,106000,688000,303000,5000,8550,HO3,1,48200,2,0,38900,42900,16,1,0,0
CLM00310,POL00310,CUS00310,2023-01-27,2023-02-01,Vandalism,0,3015 N Rocky Point Dr E,Hillsborough,FL,33607,27.964764,-82.501766,20,9,Concrete Tile,Reinforced Concrete,1671,Owner Occupied,740000,81,1,1,1,1,1,1,693000,68000,397000,121000,10000,2740,HO3,2,103700,2,0,8700,7700,16,1,0,0
CLM00311,POL00311,CUS00311,2022-03-10,2022-03-13,Freeze,0,1011 E Cumberland Ave,Hillsborough,FL,33602,27.948032,-82.463042,53,20,Flat/TPO,Masonry Veneer,3004,Owner Occupied,556000,109,1,1,1,1,1,1,480000,71000,260000,116000,2000,5510,HO6,1,21100,0,0,16300,13900,8,1,0,0
CLM00312,POL00312,CUS00312,2025-03-09,2025-03-14,Freeze,0,109 W Fortune St,Hillsborough,FL,33602,27.947222,-82.458452,30,12,Asphalt Shingle,Concrete Block,2648,Owner Occupied,282000,13,1,1,1,1,1,0,259000,24000,150000,51000,7500,5250,DP3,0,0,1,0,35400,33400,8,1,0,0
CLM00313,POL00313,CUS00313,2023-02-14,2023-02-14,Hail,0,6600 NW 7th St,Miami-Dade,FL,33126,25.778214,-80.295246,23,18,Tile,Reinforced Concrete,1877,Tenant Occupied,538000,80,1,1,1,1,1,1,532000,77000,353000,115000,1500,6240,HO5,4,81800,1,1,13000,14900,13,1,0,1
CLM00314,POL00314,CUS00314,2024-11-02,2024-11-09,Vandalism,0,710 NE 1st Ave,Miami-Dade,FL,33132,25.783848,-80.189314,54,15,Flat/TPO,Masonry Veneer,1070,Secondary Residence,223000,28,1,1,1,1,1,1,214000,29000,111000,54000,2500,5580,HO3,1,10000,2,0,7800,6700,2,1,0,0
CLM00315,POL00315,CUS00315,2025-08-22,2025-08-26,Hail,0,12112 Sugarloaf Key St,Hillsborough,FL,33626,28.058486,-82.624672,25,25,Metal,Frame,4239,Tenant Occupied,962000,161,1,1,1,1,1,1,922000,110000,628000,183000,5000,7950,HO3,0,0,2,1,24600,24000,7,1,0,0
CLM00316,POL00316,CUS00316,2023-06-10,2023-06-12,Wind,0,2828 NW 1st Ave,Miami-Dade,FL,33127,25.79715,-80.197564,22,20,Metal,Masonry,4044,Owner Occupied,1191000,155,1,1,1,1,1,1,942000,77000,547000,154000,5000,6180,HO3,1,97700,1,0,34000,31600,15,1,1,0
CLM00317,POL00317,CUS00317,2024-10-08,2024-10-15,Hurricane,1,9931 W Flagler St,Miami-Dade,FL,33174,25.75642,-80.352414,42,27,Metal,Frame,1965,Owner Occupied,1409000,87,1,1,1,1,1,1,1036000,91000,594000,190000,1000,2410,HO3,1,74200,1,1,126100,108200,7,1,0,0
CLM00318,POL00318,CUS00318,2025-01-15,2025-01-18,Hail,0,180 NE 29th St,Miami-Dade,FL,33137,25.808606,-80.19234,38,31,Tile,Reinforced Concrete,3534,Secondary Residence,598000,77,1,0,1,1,1,1,533000,0,302000,140000,2000,6200,HO3,1,112600,1,0,28800,27100,9,1,0,0
CLM00319,POL00319,CUS00319,2024-10-18,2024-11-10,Vandalism,0,3131 NE 1st Ave,Miami-Dade,FL,33137,25.807112,-80.193906,28,9,Asphalt Shingle,Masonry,2451,Secondary Residence,245000,180,1,1,1,1,1,1,200000,19000,100000,36000,2500,2180,HO6,0,0,0,0,9300,9400,14,1,0,1
CLM00320,POL00320,CUS00320,2022-08-27,2022-09-01,Vandalism,0,5432 W Tyson Ave,Hillsborough,FL,33611,27.888268,-82.506778,69,15,Flat/TPO,Reinforced Concrete,3655,Owner Occupied,455000,84,1,1,1,1,1,1,411000,50000,237000,76000,2500,3940,HO3,3,198300,2,1,7600,7000,6,1,0,0
CLM00321,POL00321,CUS00321,2025-02-09,2025-02-26,Water,0,1011 E Cumberland Ave,Hillsborough,FL,33602,27.948032,-82.463042,48,17,Concrete Tile,Frame,1933,Owner Occupied,473000,116,1,0,1,1,1,1,470000,0,227000,110000,2500,6910,HO3,1,104600,1,0,33600,41000,11,1,0,0
CLM00322,POL00322,CUS00322,2025-05-05,2025-05-13,Water,0,733 Main Ln,Orange,FL,32801,28.546738,-81.375962,22,6,Flat/TPO,Masonry,3153,Owner Occupied,343000,9,1,1,1,1,1,1,267000,39000,148000,73000,1500,9560,HO3,2,153100,0,0,15300,27500,13,1,0,0
CLM00323,POL00323,CUS00323,2022-07-10,2022-07-14,Water,0,7511 Solstice Cir,Orange,FL,32821,28.411672,-81.46685,74,14,Metal,Concrete Block,1072,Owner Occupied,781000,144,1,1,1,1,1,1,681000,93000,394000,185000,10000,1820,HO3,5,237200,2,1,10300,17800,9,1,1,1
CLM00324,POL00324,CUS00324,2022-11-28,2022-11-28,Lightning,0,410 N Orange Ave,Orange,FL,32801,28.538032,-81.373544,63,7,Concrete Tile,Masonry,2221,Secondary Residence,876000,85,1,1,1,1,1,1,871000,80000,424000,260000,5000,8990,HO3,3,176400,1,1,27900,53500,5,1,0,0
CLM00325,POL00325,CUS00325,2023-03-10,2023-03-14,Freeze,0,3219 S Orange Ave,Orange,FL,32806,28.517866,-81.366976,14,14,Concrete Tile,Masonry,818,Owner Occupied,301000,51,1,1,1,1,1,1,270000,23000,172000,69000,1500,3630,HO3,4,205400,1,0,14200,12400,10,1,0,0
CLM00326,POL00326,CUS00326,2023-05-13,2023-05-13,Vandalism,0,710 NE 1st Ave,Miami-Dade,FL,33132,25.783848,-80.189314,12,12,Asphalt Shingle,Reinforced Concrete,1072,Tenant Occupied,320000,87,1,1,1,1,1,1,246000,22000,139000,38000,1500,5280,HO5,1,25700,1,1,8200,8200,10,1,0,0
CLM00327,POL00327,CUS00327,2022-02-19,2022-02-21,Hail,0,3219 S Orange Ave,Orange,FL,32806,28.517866,-81.366976,75,27,Concrete Tile,Concrete Block,1853,Owner Occupied,1416000,102,1,1,1,1,1,1,1356000,151000,754000,253000,5000,4900,HO3,1,39300,0,1,23200,19900,18,1,0,0
CLM00328,POL00328,CUS00328,2025-03-26,2025-03-29,Hail,0,452 NE 31st St,Miami-Dade,FL,33137,25.805582,-80.194716,57,3,Flat/TPO,Concrete Block,2493,Tenant Occupied,553000,149,1,1,1,1,1,1,430000,59000,232000,111000,1000,8570,HO3,0,0,0,0,28800,23100,17,1,0,0
CLM00329,POL00329,CUS00329,2024-08-16,2024-09-21,Water,0,230 NE 4th St,Miami-Dade,FL,33132,25.781976,-80.192572,69,21,Concrete Tile,Masonry,2490,Owner Occupied,328000,75,1,1,1,1,1,1,267000,37000,133000,52000,2000,2770,HO5,2,90500,0,0,14100,12700,16,1,0,1
CLM00330,POL00330,CUS00330,2023-03-22,2023-05-11,Theft,0,5009 Park Central Dr,Orange,FL,32839,28.48606,-81.403886,13,13,Flat/TPO,Frame,2054,Owner Occupied,1432000,182,1,1,1,1,1,1,1376000,145000,620000,403000,5000,9050,HO3,1,64500,1,1,5800,3400,13,1,0,1
CLM00331,POL00331,CUS00331,2024-06-14,2024-06-16,Vandalism,0,55 NE 2nd St,Miami-Dade,FL,33132,25.784184,-80.187508,75,9,Asphalt Shingle,Reinforced Concrete,3257,Tenant Occupied,1109000,101,1,1,1,1,1,1,1013000,113000,630000,238000,5000,4220,HO6,0,0,0,0,28000,26200,11,1,0,0
CLM00332,POL00332,CUS00332,2023-09-10,2023-10-02,Wind,0,12112 Sugarloaf Key St,Hillsborough,FL,33626,28.058486,-82.624672,21,10,Concrete Tile,Masonry,3550,Owner Occupied,1253000,17,1,1,1,1,1,1,1073000,97000,726000,227000,10000,3840,HO5,0,0,2,0,7000,21100,13,1,0,0
CLM00333,POL00333,CUS00333,2023-03-01,2023-04-09,Wind,0,3000 NE 2nd Ave,Miami-Dade,FL,33137,25.808936,-80.195094,18,2,Flat/TPO,Masonry Veneer,1827,Owner Occupied,1421000,187,1,1,1,1,1,1,1281000,142000,600000,267000,5000,3450,HO5,1,7000,0,0,17600,15000,11,1,0,0
CLM00334,POL00334,CUS00334,2023-05-31,2023-06-02,Vandalism,0,1211 E Kennedy Blvd,Hillsborough,FL,33602,27.950366,-82.46105,38,16,Asphalt Shingle,Reinforced Concrete,3832,Owner Occupied,679000,174,1,1,1,1,0,0,657000,93000,372000,143000,2000,2380,DP3,1,29400,1,1,54500,25400,12,1,0,0
CLM00335,POL00335,CUS00335,2022-02-04,2022-02-04,Water,0,3015 N Rocky Point Dr E,Hillsborough,FL,33607,27.964764,-82.501766,27,17,Metal,Frame,1561,Owner Occupied,675000,123,1,0,1,1,1,1,564000,0,326000,137000,10000,6290,HO6,0,0,1,0,65000,38900,14,1,0,0
CLM00336,POL00336,CUS00336,2022-03-08,2022-03-12,Water,0,101 Lake Ave,Orange,FL,32801,28.539466,-81.369524,41,18,Asphalt Shingle,Masonry Veneer,2151,Owner Occupied,781000,74,1,1,1,1,0,0,657000,57000,312000,165000,7500,4830,DP3,1,49100,0,0,6900,7900,4,1,0,0
CLM00337,POL00337,CUS00337,2024-10-01,2024-10-02,Water,0,901 W Chestnut St,Hillsborough,FL,33607,27.956886,-82.501454,63,14,Asphalt Shingle,Reinforced Concrete,3093,Owner Occupied,1072000,43,1,1,1,1,1,1,972000,120000,519000,167000,10000,4250,HO3,2,76100,1,0,8200,16500,1,1,0,0
CLM00338,POL00338,CUS00338,2024-10-09,2024-10-16,Wind,1,710 NE 1st Ave,Miami-Dade,FL,33132,25.783848,-80.189314,19,19,Concrete Tile,Concrete Block,3336,Owner Occupied,503000,69,1,1,1,1,1,1,476000,53000,251000,84000,7500,8870,HO3,2,91000,1,0,30000,37400,12,1,0,0
CLM00339,POL00339,CUS00339,2025-03-11,2025-03-13,Wind,0,109 W Fortune St,Hillsborough,FL,33602,27.947222,-82.458452,75,19,Concrete Tile,Frame,3649,Owner Occupied,657000,46,1,1,1,1,1,1,524000,76000,339000,113000,5000,3270,HO5,1,29000,0,0,43200,48000,3,1,1,1
CLM00340,POL00340,CUS00340,2023-09-26,2023-10-02,Vandalism,0,921 N Central Ave,Hillsborough,FL,33602,27.95189,-82.4639,67,21,Concrete Tile,Masonry Veneer,3153,Owner Occupied,502000,128,1,1,1,1,1,1,371000,36000,207000,103000,7500,9520,HO3,1,30600,1,0,11800,9800,3,1,0,0
CLM00341,POL00341,CUS00341,2024-10-08,2024-10-09,Hail,1,9200 Randal Park Blvd,Orange,FL,32832,28.412212,-81.243592,5,5,Flat/TPO,Concrete Block,1977,Owner Occupied,1411000,37,1,1,1,1,1,1,1388000,163000,956000,400000,2000,8480,HO3,3,173900,2,3,9200,8300,11,1,1,1
CLM00342,POL00342,CUS00342,2023-12-19,2023-12-26,Water,0,2901 NE 1st Ave,Miami-Dade,FL,33137,25.802168,-80.187402,7,7,Flat/TPO,Masonry Veneer,3995,Owner Occupied,903000,95,1,1,1,1,1,1,721000,98000,436000,198000,1500,3390,HO3,2,164300,1,1,18100,20900,11,1,0,0
CLM00343,POL00343,CUS00343,2023-01-22,2023-01-25,Theft,0,2900 Biscayne Blvd,Miami-Dade,FL,33137,25.80518,-80.188488,31,22,Concrete Tile,Masonry Veneer,4467,Secondary Residence,474000,154,1,0,1,1,1,1,484000,0,306000,94000,1500,7390,HO3,1,107800,1,0,30600,28900,2,1,0,0
CLM00344,POL00344,CUS00344,2024-04-05,2024-04-10,Hail,0,3219 S Orange Ave,Orange,FL,32806,28.517866,-81.366976,39,31,Flat/TPO,Concrete Block,1773,Owner Occupied,1023000,136,1,1,1,1,1,1,927000,114000,469000,267000,2500,6890,HO3,0,0,1,0,74300,43700,9,1,0,1
CLM00345,POL00345,CUS00345,2024-07-17,2024-09-05,Water,0,310 N Orange Ave,Orange,FL,32801,28.543216,-81.372806,8,7,Tile,Reinforced Concrete,1400,Owner Occupied,818000,153,1,1,1,1,1,1,785000,94000,398000,157000,7500,3290,HO6,2,165400,0,0,6800,6700,9,1,1,0
CLM00346,POL00346,CUS00346,2023-06-11,2023-06-18,Wind,0,2751 NW 84th St,Miami-Dade,FL,33147,25.858766,-80.24016,56,29,Metal,Concrete Block,1273,Secondary Residence,1425000,126,1,1,1,1,1,1,1162000,158000,704000,291000,7500,2880,HO6,1,42000,1,0,19900,16700,16,1,0,0
CLM00347,POL00347,CUS00347,2024-10-08,2024-10-08,Wind,1,3219 S Orange Ave,Orange,FL,32806,28.517866,-81.366976,55,28,Metal,Masonry,1226,Owner Occupied,1245000,85,1,1,1,1,1,1,1210000,146000,681000,238000,5000,6960,HO5,2,57800,2,0,36000,30700,4,1,0,0
CLM00348,POL00348,CUS00348,2024-10-06,2024-10-14,Freeze,0,6970 SW 40th St,Miami-Dade,FL,33155,25.7421,-80.313298,56,16,Tile,Masonry,3279,Owner Occupied,641000,56,1,1,1,1,1,1,543000,69000,256000,155000,10000,3380,HO6,1,96100,2,0,13800,14700,9,1,0,0
CLM00349,POL00349,CUS00349,2022-09-28,2022-10-04,Hurricane,1,410 N Orange Ave,Orange,FL,32801,28.538032,-81.373544,14,14,Metal,Frame,4486,Secondary Residence,1088000,84,1,1,1,1,1,1,1032000,133000,466000,227000,2500,3300,HO6,0,0,0,0,23700,20700,17,1,0,0
CLM00350,POL00350,CUS00350,2024-11-04,2024-11-05,Wind,0,4000 Headwaters Way,Orange,FL,32837,28.386144,-81.418598,54,8,Metal,Masonry Veneer,3479,Owner Occupied,626000,47,1,1,1,1,1,1,555000,70000,326000,102000,10000,7660,HO3,0,0,2,0,14600,45100,1,1,0,0
CLM00351,POL00351,CUS00351,2022-01-04,2022-01-09,Theft,0,2901 NE 1st Ave,Miami-Dade,FL,33137,25.802168,-80.187402,57,20,Asphalt Shingle,Masonry Veneer,1338,Owner Occupied,371000,22,1,1,1,1,1,1,322000,36000,219000,78000,2500,7760,HO5,0,0,0,0,23500,22500,18,1,0,0
CLM00352,POL00352,CUS00352,2023-12-28,2024-01-02,Water,0,1000 NW 7th St,Miami-Dade,FL,33136,25.78563,-80.201058,10,7,Metal,Concrete Block,2778,Secondary Residence,1098000,129,1,1,1,1,1,1,1101000,90000,764000,251000,2500,5860,HO3,3,172300,1,0,76700,39700,15,1,0,0
CLM00353,POL00353,CUS00353,2023-05-10,2023-05-19,Theft,0,7511 Solstice Cir,Orange,FL,32821,28.411672,-81.46685,19,6,Asphalt Shingle,Masonry Veneer,2844,Owner Occupied,752000,37,1,1,1,1,1,1,582000,52000,330000,171000,2500,4390,HO5,1,67700,1,0,3900,3400,8,1,0,0
CLM00354,POL00354,CUS00354,2025-05-06,2025-05-09,Hail,0,2650 Dade Ave,Orange,FL,32804,28.583628,-81.389606,6,6,Flat/TPO,Concrete Block,1106,Owner Occupied,529000,51,1,1,1,1,1,1,430000,39000,295000,98000,7500,2000,HO3,1,49900,0,0,17300,21300,10,1,0,0
CLM00355,POL00355,CUS00355,2024-02-26,2024-03-03,Wind,0,8733 Rooks Park Cir,Hillsborough,FL,33619,27.936594,-82.36584,45,31,Concrete Tile,Masonry,3855,Owner Occupied,644000,10,1,1,1,1,1,1,565000,82000,314000,142000,10000,4280,HO5,0,0,0,0,74100,32100,1,1,0,0
CLM00356,POL00356,CUS00356,2024-10-09,2024-10-18,Wind,1,355 N Rosalind Ave,Orange,FL,32801,28.545514,-81.378134,53,18,Flat/TPO,Reinforced Concrete,1430,Owner Occupied,784000,187,1,1,1,1,1,1,720000,98000,437000,171000,5000,5510,HO6,0,0,1,0,37700,36700,10,1,0,0
CLM00357,POL00357,CUS00357,2024-11-22,2024-11-22,Vandalism,0,921 N Central Ave,Hillsborough,FL,33602,27.95189,-82.4639,43,2,Asphalt Shingle,Masonry,4459,Owner Occupied,256000,182,1,1,1,1,1,1,256000,26000,129000,75000,2000,5810,HO3,1,99800,0,0,3800,4300,9,1,0,0
CLM00358,POL00358,CUS00358,2025-01-21,2025-01-29,Theft,0,1000 NW 7th St,Miami-Dade,FL,33136,25.78563,-80.201058,33,16,Concrete Tile,Masonry,3425,Owner Occupied,952000,22,1,1,1,1,1,1,968000,107000,498000,179000,5000,6390,HO3,1,10200,2,1,47300,21500,9,1,0,1
CLM00359,POL00359,CUS00359,2022-09-29,2022-10-05,Wind,1,8733 Rooks Park Cir,Hillsborough,FL,33619,27.936594,-82.36584,20,1,Asphalt Shingle,Reinforced Concrete,1937,Owner Occupied,589000,130,1,1,1,1,1,1,536000,74000,262000,140000,1500,9610,HO5,1,88800,0,1,24400,27400,17,1,0,0
CLM00360,POL00360,CUS00360,2024-07-05,2024-07-05,Hurricane,0,109 W Fortune St,Hillsborough,FL,33602,27.947222,-82.458452,7,7,Flat/TPO,Frame,3815,Owner Occupied,1374000,136,1,1,1,1,1,1,1399000,192000,734000,405000,1000,5380,HO3,2,108600,1,0,17500,17900,3,1,0,0
CLM00361,POL00361,CUS00361,2023-07-02,2023-07-07,Wind,0,2901 NE 1st Ave,Miami-Dade,FL,33137,25.802168,-80.187402,37,10,Asphalt Shingle,Masonry Veneer,1195,Owner Occupied,1268000,75,1,1,1,1,1,0,970000,110000,641000,214000,2500,7190,DP3,1,21600,1,0,5100,18100,6,1,0,0
CLM00362,POL00362,CUS00362,2024-04-05,2024-04-06,Wind,0,5127 W Tyson Ave,Hillsborough,FL,33611,27.888982,-82.504054,26,25,Concrete Tile,Masonry,2074,Secondary Residence,891000,22,1,1,1,1,1,1,686000,60000,467000,110000,2500,3690,HO6,1,26700,1,0,22300,20500,10,1,0,0
CLM00363,POL00363,CUS00363,2025-08-21,2025-08-25,Water,0,1211 E Kennedy Blvd,Hillsborough,FL,33602,27.950366,-82.46105,61,32,Tile,Reinforced Concrete,1968,Secondary Residence,803000,85,1,1,1,1,1,1,670000,76000,329000,113000,1000,4040,HO3,3,186300,1,1,31000,29300,15,1,0,0
CLM00364,POL00364,CUS00364,2023-02-13,2023-02-21,Hurricane,0,645 NW 1st St,Miami-Dade,FL,33128,25.768528,-80.198928,4,4,Tile,Frame,3867,Tenant Occupied,654000,181,1,1,1,1,1,1,641000,83000,310000,136000,1500,2870,HO6,0,0,0,0,18800,19600,11,1,0,1
CLM00365,POL00365,CUS00365,2024-10-09,2024-10-18,Wind,1,5127 W Tyson Ave,Hillsborough,FL,33611,27.888982,-82.504054,64,30,Flat/TPO,Frame,2940,Owner Occupied,966000,40,1,1,1,1,1,1,955000,117000,636000,222000,1000,3670,HO6,0,0,1,0,49100,40300,9,1,0,0
CLM00366,POL00366,CUS00366,2024-06-12,2024-06-18,Wind,0,410 N Orange Ave,Orange,FL,32801,28.538032,-81.373544,30,27,Metal,Masonry,3552,Owner Occupied,983000,45,1,1,1,1,1,1,914000,126000,604000,169000,10000,2950,HO3,1,15600,0,0,58000,47600,1,1,0,0
CLM00367,POL00367,CUS00367,2022-07-08,2022-07-10,Vandalism,0,310 N Orange Ave,Orange,FL,32801,28.543216,-81.372806,60,10,Flat/TPO,Reinforced Concrete,3716,Owner Occupied,1409000,50,1,1,1,1,1,1,1403000,155000,694000,347000,2000,4890,HO3,1,60900,1,0,26700,23400,10,1,1,0
CLM00368,POL00368,CUS00368,2025-01-24,2025-02-02,Lightning,0,310 N Orange Ave,Orange,FL,32801,28.543216,-81.372806,67,26,Concrete Tile,Reinforced Concrete,2735,Owner Occupied,1005000,172,1,1,1,1,1,1,867000,72000,509000,147000,7500,6130,HO3,0,0,0,0,26100,25700,13,1,0,0
CLM00369,POL00369,CUS00369,2024-02-24,2024-02-25,Freeze,0,6501 S Westshore Blvd,Hillsborough,FL,33616,27.869022,-82.523216,43,21,Concrete Tile,Masonry,4023,Owner Occupied,706000,57,1,0,1,1,1,1,601000,0,374000,112000,2500,2030,HO6,3,108300,1,0,21600,21300,11,1,0,0
CLM00370,POL00370,CUS00370,2024-01-12,2024-01-14,Water,0,1011 E Cumberland Ave,Hillsborough,FL,33602,27.948032,-82.463042,13,13,Concrete Tile,Masonry Veneer,898,Owner Occupied,1244000,34,1,1,1,1,1,1,1183000,110000,699000,310000,10000,2270,HO6,0,0,0,0,7900,6900,8,1,0,0
CLM00371,POL00371,CUS00371,2022-09-22,2022-10-01,Hail,0,9931 W Flagler St,Miami-Dade,FL,33174,25.75642,-80.352414,22,3,Concrete Tile,Masonry,3790,Owner Occupied,518000,175,1,1,1,1,1,1,516000,57000,303000,116000,7500,7920,HO3,1,12600,1,0,7200,8300,9,1,0,0
CLM00372,POL00372,CUS00372,2025-11-27,2025-12-01,Hail,0,2900 Biscayne Blvd,Miami-Dade,FL,33137,25.80518,-80.188488,67,9,Tile,Masonry,3991,Owner Occupied,777000,175,1,1,1,1,0,0,639000,94000,384000,150000,2500,3150,DP3,2,104800,2,0,14100,32600,1,1,0,0
CLM00373,POL00373,CUS00373,2024-05-25,2024-05-26,Hail,0,1115 E Twiggs St,Hillsborough,FL,33602,27.951524,-82.459604,63,6,Tile,Frame,4036,Owner Occupied,808000,130,1,1,1,1,0,0,674000,79000,439000,156000,2500,6350,DP3,0,0,0,0,30500,33600,11,1,0,0
CLM00374,POL00374,CUS00374,2024-05-10,2024-05-11,Theft,0,6501 S Westshore Blvd,Hillsborough,FL,33616,27.869022,-82.523216,62,2,Tile,Reinforced Concrete,4275,Owner Occupied,861000,71,1,1,1,1,1,1,871000,113000,607000,236000,7500,7810,HO3,1,71500,1,0,19500,21300,10,1,0,0
CLM00375,POL00375,CUS00375,2025-02-22,2025-02-27,Wind,0,3000 NE 2nd Ave,Miami-Dade,FL,33137,25.808936,-80.195094,33,32,Flat/TPO,Frame,3943,Tenant Occupied,435000,65,1,1,1,1,1,1,380000,44000,201000,90000,2000,4370,HO6,1,17200,1,0,78900,48800,5,1,0,0
CLM00376,POL00376,CUS00376,2025-05-12,2025-05-18,Hail,0,8733 Rooks Park Cir,Hillsborough,FL,33619,27.936594,-82.36584,31,13,Metal,Masonry,3368,Secondary Residence,966000,68,1,1,1,1,1,1,767000,74000,521000,177000,1000,4250,HO6,2,85400,0,0,67600,40700,14,1,0,0
CLM00377,POL00377,CUS00377,2024-10-19,2024-10-20,Water,0,355 N Rosalind Ave,Orange,FL,32801,28.545514,-81.378134,7,7,Concrete Tile,Masonry Veneer,2943,Owner Occupied,1221000,149,1,1,1,1,1,1,975000,124000,624000,258000,2500,2240,HO3,2,145200,1,0,7700,7100,10,1,0,0
CLM00378,POL00378,CUS00378,2024-09-27,2024-10-06,Hurricane,1,2633 Azalea Garden Pl,Hillsborough,FL,33619,27.938868,-82.369974,60,4,Flat/TPO,Masonry,1667,Owner Occupied,594000,36,1,1,1,1,1,1,473000,54000,289000,98000,2000,4430,HO5,0,0,0,0,19900,18300,10,1,0,0
CLM00379,POL00379,CUS00379,2022-11-18,2022-11-23,Hurricane,0,7511 Solstice Cir,Orange,FL,32821,28.411672,-81.46685,45,30,Concrete Tile,Masonry Veneer,3280,Owner Occupied,582000,59,1,1,1,1,1,1,564000,74000,322000,101000,2000,3320,HO3,2,120000,2,1,25800,27900,14,1,0,0
CLM00380,POL00380,CUS00380,2023-07-23,2023-07-23,Hurricane,0,7511 Solstice Cir,Orange,FL,32821,28.411672,-81.46685,65,2,Tile,Concrete Block,1952,Owner Occupied,409000,131,1,1,1,1,1,1,361000,51000,199000,72000,5000,3300,HO3,3,187400,1,0,79600,94700,10,1,0,0
CLM00381,POL00381,CUS00381,2022-07-11,2022-07-12,Hail,0,30 SW 1st St,Miami-Dade,FL,33130,25.765842,-80.208492,30,19,Tile,Concrete Block,2978,Owner Occupied,325000,104,1,1,1,1,0,0,316000,33000,183000,94000,1500,2860,DP3,2,145800,1,0,48000,43700,15,1,1,1
CLM00382,POL00382,CUS00382,2023-01-22,2023-01-30,Water,0,9931 W Flagler St,Miami-Dade,FL,33174,25.75642,-80.352414,18,18,Tile,Masonry,2366,Owner Occupied,968000,88,1,1,1,1,1,1,987000,84000,517000,239000,2500,6750,HO3,2,85800,0,0,38100,46800,3,1,0,0
CLM00383,POL00383,CUS00383,2022-11-10,2022-11-13,Fire,0,645 NW 1st St,Miami-Dade,FL,33128,25.768528,-80.198928,49,21,Tile,Reinforced Concrete,1523,Tenant Occupied,508000,51,1,1,1,1,1,1,493000,51000,236000,101000,10000,3680,HO3,1,34600,0,1,187900,177200,4,1,0,0
CLM00384,POL00384,CUS00384,2023-08-19,2023-08-27,Hurricane,0,2751 NW 84th St,Miami-Dade,FL,33147,25.858766,-80.24016,6,6,Flat/TPO,Masonry,4457,Owner Occupied,657000,44,1,1,1,1,1,1,512000,74000,310000,110000,2500,3360,HO6,2,53500,1,0,132800,106700,6,1,0,0
CLM00385,POL00385,CUS00385,2025-09-27,2025-10-03,Water,0,921 N Central Ave,Hillsborough,FL,33602,27.95189,-82.4639,4,4,Concrete Tile,Masonry Veneer,4311,Owner Occupied,277000,114,1,1,1,1,1,1,269000,37000,161000,52000,10000,5940,HO3,0,0,1,0,20300,25200,17,1,0,0
CLM00386,POL00386,CUS00386,2025-04-06,2025-04-13,Vandalism,0,5432 W Tyson Ave,Hillsborough,FL,33611,27.888268,-82.506778,37,21,Concrete Tile,Frame,822,Owner Occupied,509000,10,1,1,1,1,1,1,385000,40000,255000,82000,10000,9780,HO5,0,0,0,0,8500,16700,2,1,1,0
CLM00387,POL00387,CUS00387,2023-12-26,2024-01-01,Fire,0,901 W Chestnut St,Hillsborough,FL,33607,27.956886,-82.501454,34,17,Metal,Concrete Block,3311,Owner Occupied,1436000,110,1,1,1,1,1,1,1205000,180000,699000,361000,1500,4260,HO3,2,140200,1,1,176700,168700,15,1,0,0
CLM00388,POL00388,CUS00388,2024-07-26,2024-07-28,Water,0,410 N Orange Ave,Orange,FL,32801,28.538032,-81.373544,45,4,Asphalt Shingle,Frame,3467,Owner Occupied,307000,99,1,1,1,1,1,1,246000,20000,123000,58000,5000,5480,HO3,1,5500,0,1,22800,10300,17,1,0,0
CLM00389,POL00389,CUS00389,2024-01-25,2024-02-14,Wind,0,3219 S Orange Ave,Orange,FL,32806,28.517866,-81.366976,34,14,Metal,Masonry Veneer,3053,Owner Occupied,894000,180,1,1,1,1,1,1,905000,80000,468000,217000,1000,4840,HO3,3,89500,2,2,11600,30700,13,1,0,1
CLM00390,POL00390,CUS00390,2023-03-13,2023-03-22,Wind,0,710 NE 1st Ave,Miami-Dade,FL,33132,25.783848,-80.189314,23,11,Asphalt Shingle,Masonry Veneer,1269,Owner Occupied,1171000,29,1,1,1,1,1,1,1135000,151000,753000,303000,2000,3760,HO6,3,112100,2,0,39100,33500,17,1,0,0
CLM00391,POL00391,CUS00391,2023-12-29,2023-12-29,Hail,0,2650 Dade Ave,Orange,FL,32804,28.583628,-81.389606,21,21,Asphalt Shingle,Concrete Block,2635,Owner Occupied,1290000,51,1,1,1,1,1,1,1066000,159000,739000,248000,1000,9180,HO3,1,47200,1,0,15900,17800,13,1,0,0
CLM00392,POL00392,CUS00392,2025-02-09,2025-02-13,Wind,0,645 NW 1st St,Miami-Dade,FL,33128,25.768528,-80.198928,70,21,Flat/TPO,Masonry,3978,Owner Occupied,986000,72,1,1,1,1,1,1,977000,89000,619000,213000,7500,6280,HO3,1,10100,0,0,25300,11500,6,1,0,1
CLM00393,POL00393,CUS00393,2024-10-09,2024-11-16,Wind,1,452 NE 31st St,Miami-Dade,FL,33137,25.805582,-80.194716,52,12,Metal,Frame,2074,Tenant Occupied,1016000,162,1,1,1,1,1,1,879000,107000,576000,230000,2000,9200,HO3,1,8300,1,0,91900,40000,10,1,0,0
CLM00394,POL00394,CUS00394,2025-05-27,2025-05-31,Water,0,300 W Tyler St,Hillsborough,FL,33602,27.948668,-82.456928,14,14,Flat/TPO,Reinforced Concrete,876,Tenant Occupied,968000,6,1,1,1,1,1,1,779000,69000,438000,217000,7500,6930,HO3,1,36200,1,1,67300,39900,12,1,0,0
CLM00395,POL00395,CUS00395,2022-07-18,2022-07-27,Wind,0,300 W Tyler St,Hillsborough,FL,33602,27.948668,-82.456928,75,26,Metal,Concrete Block,2955,Owner Occupied,264000,178,1,1,1,1,0,0,209000,31000,133000,32000,1000,3840,DP3,2,189600,0,0,3800,12900,8,1,0,0
CLM00396,POL00396,CUS00396,2022-01-11,2022-01-18,Theft,0,452 NE 31st St,Miami-Dade,FL,33137,25.805582,-80.194716,71,27,Concrete Tile,Reinforced Concrete,4018,Secondary Residence,1423000,51,1,1,1,1,1,0,1390000,158000,912000,250000,2500,9280,DP3,3,80900,1,1,23400,25500,9,1,0,0
CLM00397,POL00397,CUS00397,2023-12-01,2023-12-29,Theft,0,110 Zora Pl,Orange,FL,32810,28.615406,-81.425066,71,31,Concrete Tile,Frame,972,Owner Occupied,1134000,39,1,1,1,1,1,0,1145000,140000,743000,325000,7500,8070,DP3,0,0,0,0,33600,30800,15,1,0,0
CLM00398,POL00398,CUS00398,2024-10-10,2024-10-12,Hail,1,2828 NW 1st Ave,Miami-Dade,FL,33127,25.79715,-80.197564,42,9,Concrete Tile,Masonry,1169,Owner Occupied,529000,77,1,1,1,1,1,1,449000,55000,214000,106000,7500,3110,HO3,1,15000,1,0,10400,11300,12,1,0,0
CLM00399,POL00399,CUS00399,2024-02-09,2024-02-16,Fire,0,2650 Dade Ave,Orange,FL,32804,28.583628,-81.389606,11,11,Flat/TPO,Masonry,2066,Owner Occupied,1192000,17,1,1,1,1,1,1,927000,113000,494000,225000,2000,8250,HO6,2,67700,0,0,61100,53300,12,1,0,0
CLM00400,POL00400,CUS00400,2025-09-04,2025-09-06,Hail,0,218 NW 8th St,Miami-Dade,FL,33136,25.785132,-80.210772,52,17,Asphalt Shingle,Concrete Block,2611,Owner Occupied,775000,83,1,1,1,1,1,1,702000,83000,485000,126000,5000,4110,HO5,0,0,0,0,35800,34800,12,1,0,0
CLM00401,POL00401,CUS00401,2022-12-24,2022-12-30,Water,0,520 E Church St,Orange,FL,32801,28.542388,-81.368972,6,6,Metal,Masonry Veneer,4475,Owner Occupied,900000,102,1,1,1,1,1,1,817000,66000,406000,210000,7500,5180,HO3,1,31100,1,0,22200,24500,1,1,1,0
CLM00402,POL00402,CUS00402,2022-09-28,2022-09-30,Hail,1,520 E Church St,Orange,FL,32801,28.542388,-81.368972,5,1,Tile,Frame,2639,Owner Occupied,1303000,11,1,1,1,1,1,1,1331000,193000,699000,222000,1500,2900,HO3,5,289000,0,0,7900,7300,8,1,1,0
CLM00403,POL00403,CUS00403,2024-01-02,2024-01-10,Theft,0,520 E Church St,Orange,FL,32801,28.542388,-81.368972,26,26,Tile,Concrete Block,3403,Owner Occupied,679000,107,1,1,1,1,1,1,649000,67000,379000,170000,2000,5430,HO3,0,0,0,0,16400,17200,16,1,0,0
CLM00404,POL00404,CUS00404,2024-10-09,2024-10-13,Wind,1,520 E Church St,Orange,FL,32801,28.542388,-81.368972,62,29,Concrete Tile,Concrete Block,2467,Owner Occupied,1376000,30,1,1,1,1,1,1,1253000,150000,568000,311000,2000,2500,HO5,1,43000,1,1,9100,9500,2,1,0,0
CLM00405,POL00405,CUS00405,2023-09-24,2023-09-30,Wind,0,410 N Orange Ave,Orange,FL,32801,28.538032,-81.373544,63,1,Tile,Frame,4473,Secondary Residence,1220000,18,1,1,1,1,1,1,953000,96000,520000,285000,2500,4700,HO5,0,0,0,0,43400,52900,6,1,0,0
CLM00406,POL00406,CUS00406,2024-02-25,2024-03-01,Hurricane,0,310 N Orange Ave,Orange,FL,32801,28.543216,-81.372806,38,5,Concrete Tile,Masonry Veneer,3927,Owner Occupied,1301000,29,1,1,1,1,1,1,1196000,169000,794000,338000,7500,2430,HO5,0,0,0,0,34700,31900,4,1,0,0
CLM00407,POL00407,CUS00407,2024-10-31,2024-11-03,Water,0,101 Lake Ave,Orange,FL,32801,28.539466,-81.369524,36,7,Asphalt Shingle,Masonry Veneer,2493,Secondary Residence,1323000,57,1,1,1,1,1,1,1131000,167000,543000,176000,1000,4150,HO3,1,54700,1,1,25000,30700,4,1,0,0
CLM00408,POL00408,CUS00408,2025-02-05,2025-02-09,Wind,0,410 N Orange Ave,Orange,FL,32801,28.538032,-81.373544,70,6,Asphalt Shingle,Reinforced Concrete,1255,Owner Occupied,477000,30,1,1,1,1,1,1,446000,65000,216000,79000,5000,2000,HO3,1,41600,0,0,35500,34200,16,1,0,0
CLM00409,POL00409,CUS00409,2025-04-20,2025-04-21,Hail,0,310 N Orange Ave,Orange,FL,32801,28.543216,-81.372806,42,11,Metal,Masonry,3566,Secondary Residence,1299000,34,1,1,1,1,1,1,1151000,131000,690000,197000,1000,9590,HO5,1,65700,0,0,44000,43400,10,1,0,0
CLM00410,POL00410,CUS00410,2022-11-22,2022-11-24,Hail,0,520 E Church St,Orange,FL,32801,28.542388,-81.368972,32,23,Concrete Tile,Concrete Block,2316,Owner Occupied,672000,163,1,1,1,1,1,1,653000,82000,433000,182000,1500,5070,HO5,1,27600,0,0,23400,21800,4,1,0,0
CLM00411,POL00411,CUS00411,2024-03-07,2024-03-09,Hail,0,355 N Rosalind Ave,Orange,FL,32801,28.545514,-81.378134,19,19,Asphalt Shingle,Masonry,2447,Owner Occupied,1107000,139,1,1,1,1,1,1,1000000,82000,659000,243000,10000,3880,HO5,2,129600,0,0,10700,8900,3,1,0,0
CLM00412,POL00412,CUS00412,2023-09-16,2023-09-18,Water,0,101 Lake Ave,Orange,FL,32801,28.539466,-81.369524,58,25,Flat/TPO,Masonry Veneer,3630,Owner Occupied,461000,92,1,1,1,1,1,1,332000,33000,156000,75000,2000,3170,HO5,1,53800,0,0,51600,45700,6,1,0,0
CLM00413,POL00413,CUS00413,2022-09-28,2022-10-23,Wind,1,310 N Orange Ave,Orange,FL,32801,28.543216,-81.372806,8,8,Asphalt Shingle,Frame,4051,Secondary Residence,320000,72,1,1,1,1,1,1,305000,34000,153000,81000,5000,6130,HO3,1,113700,0,1,52500,53300,14,1,0,1
CLM00414,POL00414,CUS00414,2023-12-01,2023-12-07,Water,0,410 N Orange Ave,Orange,FL,32801,28.538032,-81.373544,3,3,Metal,Reinforced Concrete,2930,Owner Occupied,1171000,142,1,1,1,1,1,1,1000000,119000,548000,172000,2000,8140,HO5,2,41800,0,0,47700,46000,2,1,0,0
CLM00415,POL00415,CUS00415,2024-09-23,2024-09-25,Hurricane,0,520 E Church St,Orange,FL,32801,28.542388,-81.368972,27,27,Tile,Reinforced Concrete,1073,Owner Occupied,783000,12,1,1,1,1,1,1,641000,76000,311000,145000,1500,8930,HO3,1,31300,2,0,69800,75600,13,1,0,0
CLM00416,POL00416,CUS00416,2024-07-05,2024-07-14,Water,0,101 Lake Ave,Orange,FL,32801,28.539466,-81.369524,63,5,Metal,Reinforced Concrete,1685,Secondary Residence,665000,142,1,1,1,1,1,1,518000,48000,284000,115000,1000,3180,HO6,1,70500,2,1,35700,32300,18,1,0,0
CLM00417,POL00417,CUS00417,2022-06-16,2022-06-24,Vandalism,0,355 N Rosalind Ave,Orange,FL,32801,28.545514,-81.378134,4,4,Metal,Frame,1931,Owner Occupied,845000,189,1,1,1,1,1,1,702000,100000,440000,118000,7500,5140,HO6,0,0,0,0,12600,14000,11,1,0,0
CLM00418,POL00418,CUS00418,2025-08-21,2025-08-25,Water,0,520 E Church St,Orange,FL,32801,28.542388,-81.368972,46,23,Flat/TPO,Reinforced Concrete,4016,Owner Occupied,1055000,154,1,1,1,1,1,1,1034000,89000,585000,231000,7500,8870,HO3,0,0,2,0,20700,17800,15,1,0,0
CLM00419,POL00419,CUS00419,2022-03-04,2022-03-13,Hurricane,0,355 N Rosalind Ave,Orange,FL,32801,28.545514,-81.378134,18,18,Tile,Frame,2179,Owner Occupied,716000,107,1,1,1,1,0,0,687000,57000,478000,177000,5000,8200,DP3,1,83600,0,1,78500,67700,13,1,0,1
CLM00420,POL00420,CUS00420,2024-02-25,2024-02-28,Lightning,0,355 N Rosalind Ave,Orange,FL,32801,28.545514,-81.378134,43,32,Concrete Tile,Masonry Veneer,2963,Secondary Residence,1026000,14,1,1,1,1,1,1,872000,104000,523000,202000,10000,8490,HO3,2,100600,1,1,44300,50900,16,1,0,0
CLM00421,POL00421,CUS00421,2022-08-05,2022-08-10,Water,0,355 N Rosalind Ave,Orange,FL,32801,28.545514,-81.378134,37,19,Concrete Tile,Concrete Block,3725,Secondary Residence,610000,138,1,1,1,1,1,1,618000,60000,402000,129000,10000,2440,HO6,0,0,0,0,36200,34600,10,1,0,0
CLM00422,POL00422,CUS00422,2022-07-14,2022-07-17,Hail,0,355 N Rosalind Ave,Orange,FL,32801,28.545514,-81.378134,38,5,Tile,Concrete Block,1060,Owner Occupied,373000,144,1,1,1,1,1,1,383000,53000,268000,114000,5000,4020,HO3,0,0,0,0,72200,40100,1,1,0,1
CLM00423,POL00423,CUS00423,2024-04-17,2024-04-21,Water,0,355 N Rosalind Ave,Orange,FL,32801,28.545514,-81.378134,47,7,Flat/TPO,Masonry,4331,Owner Occupied,1333000,64,1,1,1,1,1,1,1303000,149000,767000,334000,10000,7620,HO5,0,0,0,0,7400,7400,3,1,1,0
CLM00424,POL00424,CUS00424,2024-09-01,2024-09-21,Fire,0,733 Main Ln,Orange,FL,32801,28.546738,-81.375962,44,2,Concrete Tile,Masonry Veneer,3691,Secondary Residence,674000,16,1,0,1,1,1,1,494000,0,309000,130000,1500,5580,HO3,2,100100,0,0,163300,134900,14,1,0,1
CLM00425,POL00425,CUS00425,2024-05-15,2024-05-18,Wind,0,101 Lake Ave,Orange,FL,32801,28.539466,-81.369524,4,4,Asphalt Shingle,Frame,1290,Owner Occupied,359000,183,1,1,1,1,1,1,348000,38000,200000,76000,10000,2430,HO3,1,85000,2,1,75000,41300,5,1,0,1
CLM00426,POL00426,CUS00426,2024-06-10,2024-06-10,Lightning,0,101 Lake Ave,Orange,FL,32801,28.539466,-81.369524,29,13,Metal,Masonry Veneer,1535,Owner Occupied,225000,55,1,1,1,1,1,1,174000,19000,107000,45000,10000,8920,HO3,4,178700,1,2,41300,46100,6,1,0,0
CLM00427,POL00427,CUS00427,2022-02-06,2022-02-13,Fire,0,355 N Rosalind Ave,Orange,FL,32801,28.545514,-81.378134,10,10,Concrete Tile,Frame,1168,Owner Occupied,223000,168,1,1,1,1,1,1,161000,21000,94000,36000,5000,7610,HO6,3,232900,2,1,43300,43100,14,1,0,0
CLM00428,POL00428,CUS00428,2024-08-05,2024-08-05,Hurricane,0,733 Main Ln,Orange,FL,32801,28.546738,-81.375962,13,13,Metal,Concrete Block,3020,Owner Occupied,1401000,119,1,1,1,1,1,1,1194000,144000,608000,309000,1000,8510,HO5,3,122900,2,0,132600,61900,12,1,0,0
CLM00429,POL00429,CUS00429,2022-08-17,2022-10-03,Hail,0,733 Main Ln,Orange,FL,32801,28.546738,-81.375962,36,13,Concrete Tile,Masonry,935,Owner Occupied,259000,59,1,1,1,1,1,1,245000,25000,151000,49000,2500,3370,HO5,1,48700,1,0,12700,14000,3,1,0,0
CLM00430,POL00430,CUS00430,2024-10-08,2024-10-13,Wind,1,355 N Rosalind Ave,Orange,FL,32801,28.545514,-81.378134,8,8,Metal,Masonry,1068,Owner Occupied,227000,77,1,0,1,1,1,1,214000,0,124000,42000,7500,6020,HO6,1,68300,2,1,17100,19000,3,1,0,0
CLM00431,POL00431,CUS00431,2022-06-27,2022-06-30,Wind,0,101 Lake Ave,Orange,FL,32801,28.539466,-81.369524,32,27,Tile,Masonry,1965,Secondary Residence,873000,67,1,1,1,1,1,1,690000,78000,402000,161000,2000,9020,HO6,1,65500,1,1,43700,52800,11,1,0,0
CLM00432,POL00432,CUS00432,2023-11-29,2023-11-30,Water,0,355 N Rosalind Ave,Orange,FL,32801,28.545514,-81.378134,73,14,Flat/TPO,Reinforced Concrete,960,Tenant Occupied,461000,72,1,1,1,1,1,1,371000,35000,207000,85000,10000,8030,HO3,0,0,1,0,26700,15000,4,1,0,1
CLM00433,POL00433,CUS00433,2024-01-16,2024-01-21,Water,0,733 Main Ln,Orange,FL,32801,28.546738,-81.375962,66,24,Asphalt Shingle,Concrete Block,1700,Owner Occupied,601000,65,1,1,1,1,1,1,442000,64000,230000,101000,1500,2940,HO6,4,285700,0,0,43100,38200,7,1,0,0
CLM00434,POL00434,CUS00434,2022-02-19,2022-02-19,Freeze,0,733 Main Ln,Orange,FL,32801,28.546738,-81.375962,44,17,Metal,Masonry,3912,Owner Occupied,981000,129,1,1,1,1,1,1,874000,114000,495000,199000,10000,5170,HO3,1,15200,0,0,13500,12900,2,1,0,0
CLM00435,POL00435,CUS00435,2023-01-18,2023-01-23,Hurricane,0,101 Lake Ave,Orange,FL,32801,28.539466,-81.369524,52,11,Asphalt Shingle,Frame,1567,Owner Occupied,425000,182,1,1,1,1,1,1,426000,61000,228000,99000,2000,2190,HO5,0,0,0,0,96600,99900,4,1,1,0
CLM00436,POL00436,CUS00436,2024-10-09,2024-10-10,Hail,1,310 N Orange Ave,Orange,FL,32801,28.543216,-81.372806,11,11,Metal,Reinforced Concrete,1854,Owner Occupied,831000,44,1,1,1,1,1,1,644000,83000,413000,115000,5000,8900,HO3,0,0,0,0,22000,24800,3,1,1,0
CLM00437,POL00437,CUS00437,2025-10-07,2025-10-09,Vandalism,0,520 E Church St,Orange,FL,32801,28.542388,-81.368972,75,26,Tile,Masonry,2541,Tenant Occupied,1080000,126,1,1,1,1,0,0,991000,139000,522000,202000,5000,3260,DP3,1,129500,1,0,16500,13500,4,1,0,0
CLM00438,POL00438,CUS00438,2022-12-16,2022-12-25,Lightning,0,101 Lake Ave,Orange,FL,32801,28.539466,-81.369524,22,22,Flat/TPO,Concrete Block,1755,Owner Occupied,1185000,31,1,1,1,1,1,1,982000,112000,659000,224000,5000,5480,HO5,1,4900,1,0,11100,9200,7,1,0,0
CLM00439,POL00439,CUS00439,2025-09-30,2025-11-11,Vandalism,0,101 Lake Ave,Orange,FL,32801,28.539466,-81.369524,57,1,Concrete Tile,Masonry Veneer,3181,Owner Occupied,908000,34,1,1,1,1,1,1,724000,109000,452000,203000,2500,4510,HO3,1,31300,1,0,27500,27400,1,1,0,0
CLM00440,POL00440,CUS00440,2025-04-18,2025-04-24,Hail,0,733 Main Ln,Orange,FL,32801,28.546738,-81.375962,27,11,Tile,Concrete Block,1187,Owner Occupied,787000,124,1,1,1,1,0,0,771000,95000,397000,227000,1500,7360,DP3,1,39300,1,0,49000,44000,12,1,0,0
CLM00441,POL00441,CUS00441,2022-09-27,2022-10-04,Hail,1,520 E Church St,Orange,FL,32801,28.542388,-81.368972,12,7,Metal,Frame,2183,Owner Occupied,986000,107,1,1,1,1,1,1,720000,80000,354000,118000,1500,7290,HO3,2,167300,2,2,22200,27100,15,1,0,1
CLM00442,POL00442,CUS00442,2024-06-15,2024-06-20,Water,0,101 Lake Ave,Orange,FL,32801,28.539466,-81.369524,30,19,Metal,Masonry Veneer,4081,Owner Occupied,1006000,52,1,1,1,1,1,1,792000,92000,509000,185000,1500,7080,HO3,1,33600,1,0,15000,12500,16,1,0,0
CLM00443,POL00443,CUS00443,2023-10-10,2023-11-20,Wind,0,355 N Rosalind Ave,Orange,FL,32801,28.545514,-81.378134,24,17,Tile,Concrete Block,1848,Owner Occupied,1128000,41,1,1,1,1,1,1,1154000,115000,542000,179000,10000,2710,HO3,1,5000,0,0,43000,35000,13,1,1,1
CLM00444,POL00444,CUS00444,2022-11-01,2022-11-09,Wind,0,733 Main Ln,Orange,FL,32801,28.546738,-81.375962,46,10,Asphalt Shingle,Masonry,3615,Owner Occupied,1047000,96,1,1,1,1,1,1,1007000,139000,481000,166000,1500,8590,HO3,3,178300,1,1,11100,13100,16,1,0,1
CLM00445,POL00445,CUS00445,2022-04-01,2022-04-02,Freeze,0,355 N Rosalind Ave,Orange,FL,32801,28.545514,-81.378134,3,3,Asphalt Shingle,Masonry Veneer,985,Owner Occupied,729000,181,1,1,1,1,1,1,689000,78000,349000,206000,1500,8470,HO3,2,139900,1,1,35500,29600,14,1,0,1
CLM00446,POL00446,CUS00446,2023-05-28,2023-05-30,Hurricane,0,733 Main Ln,Orange,FL,32801,28.546738,-81.375962,53,8,Tile,Masonry Veneer,4119,Owner Occupied,878000,59,1,1,1,1,1,1,651000,72000,359000,187000,10000,6700,HO3,0,0,0,0,19000,17200,3,1,0,0
CLM00447,POL00447,CUS00447,2022-11-05,2022-11-12,Vandalism,0,733 Main Ln,Orange,FL,32801,28.546738,-81.375962,11,11,Concrete Tile,Masonry,948,Tenant Occupied,1021000,67,1,1,1,1,1,1,1035000,111000,535000,222000,5000,8670,HO6,0,0,1,0,8700,20200,2,1,0,0
CLM00448,POL00448,CUS00448,2024-11-08,2024-11-17,Vandalism,0,310 N Orange Ave,Orange,FL,32801,28.543216,-81.372806,8,8,Flat/TPO,Masonry Veneer,2013,Owner Occupied,1202000,18,1,0,1,1,1,1,1203000,0,595000,255000,2500,3360,HO6,0,0,0,0,12600,14700,7,1,0,0
CLM00449,POL00449,CUS00449,2025-08-06,2025-08-12,Water,0,520 E Church St,Orange,FL,32801,28.542388,-81.368972,27,1,Asphalt Shingle,Concrete Block,2062,Owner Occupied,734000,117,1,1,1,1,1,1,570000,65000,344000,153000,10000,6580,HO6,0,0,1,1,14200,25700,3,1,0,0
CLM00450,POL00450,CUS00450,2023-11-27,2023-11-30,Lightning,0,520 E Church St,Orange,FL,32801,28.542388,-81.368972,40,7,Metal,Masonry Veneer,4146,Owner Occupied,643000,50,1,1,1,1,1,1,625000,61000,383000,149000,10000,9240,HO3,1,40500,1,0,41600,45200,10,1,1,0
CLM00451,POL00451,CUS00451,2025-05-19,2025-05-28,Hail,0,355 N Rosalind Ave,Orange,FL,32801,28.545514,-81.378134,37,26,Asphalt Shingle,Reinforced Concrete,1925,Secondary Residence,716000,188,1,1,1,1,1,1,588000,63000,370000,132000,1000,9510,HO3,2,45400,1,1,22200,18000,15,1,0,1
CLM00452,POL00452,CUS00452,2023-11-17,2023-11-25,Freeze,0,733 Main Ln,Orange,FL,32801,28.546738,-81.375962,64,25,Flat/TPO,Reinforced Concrete,4049,Secondary Residence,567000,67,1,1,1,1,1,1,561000,79000,387000,128000,5000,9320,HO3,0,0,1,0,28000,34600,16,1,0,0
CLM00453,POL00453,CUS00453,2024-11-27,2024-12-05,Theft,0,101 Lake Ave,Orange,FL,32801,28.539466,-81.369524,49,6,Asphalt Shingle,Concrete Block,1985,Secondary Residence,943000,36,1,1,1,1,1,1,734000,109000,412000,210000,10000,7020,HO3,1,65700,1,0,11100,10400,7,1,0,0
CLM00454,POL00454,CUS00454,2023-08-21,2023-09-20,Water,0,733 Main Ln,Orange,FL,32801,28.546738,-81.375962,23,23,Asphalt Shingle,Masonry Veneer,3567,Tenant Occupied,667000,184,1,1,1,1,1,0,609000,87000,332000,156000,2000,4350,DP3,0,0,0,0,33400,39900,4,1,0,0
CLM00455,POL00455,CUS00455,2025-07-19,2025-07-20,Lightning,0,101 Lake Ave,Orange,FL,32801,28.539466,-81.369524,19,14,Tile,Reinforced Concrete,1955,Tenant Occupied,789000,118,1,1,1,1,1,1,586000,75000,352000,145000,2500,9650,HO3,1,106900,1,0,49200,44900,14,1,1,1
CLM00456,POL00456,CUS00456,2024-07-21,2024-07-28,Hail,0,410 N Orange Ave,Orange,FL,32801,28.538032,-81.373544,70,31,Asphalt Shingle,Concrete Block,2220,Owner Occupied,1008000,181,1,1,1,1,1,1,956000,141000,571000,238000,5000,8460,HO3,0,0,0,0,50500,45800,16,1,0,1
CLM00457,POL00457,CUS00457,2024-10-08,2024-11-21,Wind,1,410 N Orange Ave,Orange,FL,32801,28.538032,-81.373544,33,25,Tile,Masonry Veneer,3187,Owner Occupied,823000,136,1,1,1,1,1,1,717000,86000,337000,169000,2000,2580,HO3,1,65400,1,0,18000,18700,6,1,1,1
CLM00458,POL00458,CUS00458,2024-05-20,2024-05-23,Lightning,0,733 Main Ln,Orange,FL,32801,28.546738,-81.375962,61,8,Metal,Frame,913,Owner Occupied,747000,10,1,1,1,1,1,1,672000,95000,369000,198000,5000,3300,HO3,1,24100,0,0,77300,42400,16,1,0,0
CLM00459,POL00459,CUS00459,2023-06-30,2023-07-03,Fire,0,410 N Orange Ave,Orange,FL,32801,28.538032,-81.373544,71,17,Tile,Masonry Veneer,1084,Owner Occupied,1310000,49,1,1,1,1,1,1,1295000,106000,875000,352000,2500,4730,HO3,1,67300,0,1,176500,190000,1,1,0,0
CLM00460,POL00460,CUS00460,2023-11-26,2023-12-03,Wind,0,520 E Church St,Orange,FL,32801,28.542388,-81.368972,64,32,Concrete Tile,Frame,1226,Secondary Residence,880000,60,1,1,1,1,1,1,640000,71000,294000,130000,7500,3390,HO3,0,0,1,0,40300,45900,12,1,0,0
CLM00461,POL00461,CUS00461,2024-04-23,2024-04-25,Fire,0,733 Main Ln,Orange,FL,32801,28.546738,-81.375962,13,13,Flat/TPO,Concrete Block,1002,Owner Occupied,1195000,176,1,0,1,1,1,1,1039000,0,681000,308000,2000,3560,HO5,1,5500,0,0,36500,34600,18,1,1,0
CLM00462,POL00462,CUS00462,2025-08-21,2025-08-30,Wind,0,355 N Rosalind Ave,Orange,FL,32801,28.545514,-81.378134,41,21,Tile,Frame,1591,Owner Occupied,528000,51,1,1,1,1,1,1,489000,71000,233000,79000,5000,2680,HO5,1,54900,0,0,41400,34500,3,1,0,0
CLM00463,POL00463,CUS00463,2023-12-25,2023-12-31,Water,0,310 N Orange Ave,Orange,FL,32801,28.543216,-81.372806,59,23,Flat/TPO,Reinforced Concrete,1919,Owner Occupied,906000,53,1,1,1,1,1,1,801000,117000,487000,178000,7500,6600,HO3,2,79800,1,0,32700,37400,10,1,0,0
CLM00464,POL00464,CUS00464,2025-06-21,2025-06-26,Wind,0,410 N Orange Ave,Orange,FL,32801,28.538032,-81.373544,22,20,Metal,Masonry,4159,Owner Occupied,870000,12,1,1,1,1,1,1,858000,122000,422000,162000,10000,2780,HO3,1,5200,0,1,61800,51000,7,1,0,1
CLM00465,POL00465,CUS00465,2024-07-03,2024-07-09,Water,0,101 Lake Ave,Orange,FL,32801,28.539466,-81.369524,9,9,Asphalt Shingle,Concrete Block,2613,Owner Occupied,944000,179,1,1,1,1,0,0,789000,108000,531000,195000,2000,5330,DP3,0,0,0,0,24800,26600,15,1,1,0
CLM00466,POL00466,CUS00466,2025-10-29,2025-11-20,Water,0,101 Lake Ave,Orange,FL,32801,28.539466,-81.369524,52,18,Asphalt Shingle,Reinforced Concrete,3971,Owner Occupied,721000,53,1,1,1,1,1,1,588000,67000,308000,174000,10000,7430,HO6,2,129300,1,0,22600,19100,11,1,0,1
CLM00467,POL00467,CUS00467,2023-11-09,2023-11-12,Wind,0,520 E Church St,Orange,FL,32801,28.542388,-81.368972,36,10,Flat/TPO,Concrete Block,2366,Owner Occupied,1407000,57,1,1,1,1,1,1,1033000,131000,524000,172000,1500,3870,HO3,1,13900,0,0,18100,36600,18,1,0,0
CLM00468,POL00468,CUS00468,2022-09-28,2022-10-04,Wind,1,520 E Church St,Orange,FL,32801,28.542388,-81.368972,54,22,Concrete Tile,Frame,2900,Owner Occupied,921000,59,1,1,1,1,1,1,666000,89000,371000,144000,2500,8180,HO6,1,114000,1,0,18400,19500,9,1,1,0
CLM00469,POL00469,CUS00469,2024-11-17,2024-11-26,Theft,0,733 Main Ln,Orange,FL,32801,28.546738,-81.375962,14,14,Concrete Tile,Frame,1369,Owner Occupied,378000,46,1,1,1,1,1,1,376000,31000,218000,76000,1500,8470,HO5,2,38600,1,1,15700,9000,13,1,0,1
CLM00470,POL00470,CUS00470,2024-02-24,2024-03-01,Theft,0,520 E Church St,Orange,FL,32801,28.542388,-81.368972,30,29,Metal,Concrete Block,942,Owner Occupied,1384000,99,1,1,1,1,1,1,1067000,94000,668000,167000,5000,2340,HO3,0,0,0,0,28600,29600,9,1,0,0
CLM00471,POL00471,CUS00471,2025-03-12,2025-03-15,Wind,0,410 N Orange Ave,Orange,FL,32801,28.538032,-81.373544,61,20,Asphalt Shingle,Masonry Veneer,2900,Owner Occupied,300000,152,1,0,1,1,1,1,236000,0,149000,60000,10000,5020,HO3,0,0,0,0,17000,53800,12,1,0,0
CLM00472,POL00472,CUS00472,2022-08-26,2022-10-12,Theft,0,733 Main Ln,Orange,FL,32801,28.546738,-81.375962,60,6,Asphalt Shingle,Masonry Veneer,4221,Owner Occupied,507000,136,1,1,1,1,1,1,518000,53000,285000,93000,2000,3890,HO3,0,0,0,0,16900,8400,16,1,0,1
CLM00473,POL00473,CUS00473,2025-07-08,2025-07-13,Theft,0,520 E Church St,Orange,FL,32801,28.542388,-81.368972,19,19,Metal,Masonry,3115,Owner Occupied,1165000,153,1,1,1,1,1,1,1091000,96000,739000,273000,7500,2530,HO3,0,0,0,1,2700,6800,12,1,1,1
CLM00474,POL00474,CUS00474,2024-06-06,2024-06-10,Fire,0,520 E Church St,Orange,FL,32801,28.542388,-81.368972,23,13,Asphalt Shingle,Masonry,1790,Owner Occupied,1089000,165,1,1,1,1,1,1,929000,105000,418000,148000,5000,8500,HO5,1,35700,1,0,179900,160900,15,1,0,0
CLM00475,POL00475,CUS00475,2024-10-14,2024-11-13,Hurricane,0,520 E Church St,Orange,FL,32801,28.542388,-81.368972,62,5,Tile,Reinforced Concrete,4466,Owner Occupied,1232000,135,1,1,1,1,1,1,988000,118000,642000,214000,2000,2490,HO6,0,0,0,1,91500,83600,11,1,0,1
CLM00476,POL00476,CUS00476,2022-02-02,2022-02-05,Fire,0,310 N Orange Ave,Orange,FL,32801,28.543216,-81.372806,59,11,Concrete Tile,Masonry Veneer,2355,Owner Occupied,797000,189,1,1,1,1,1,1,692000,97000,353000,137000,7500,8840,HO5,3,168600,2,0,219200,103600,11,1,0,0
CLM00477,POL00477,CUS00477,2025-03-28,2025-03-29,Fire,0,410 N Orange Ave,Orange,FL,32801,28.538032,-81.373544,66,13,Tile,Masonry,1092,Owner Occupied,1421000,37,1,1,1,1,0,0,1397000,118000,644000,333000,5000,3140,DP3,2,104900,1,0,51500,43200,2,1,0,0
CLM00478,POL00478,CUS00478,2022-09-08,2022-09-11,Water,0,355 N Rosalind Ave,Orange,FL,32801,28.545514,-81.378134,46,27,Metal,Reinforced Concrete,3524,Owner Occupied,877000,75,1,1,1,1,1,1,854000,81000,451000,220000,5000,6460,HO5,0,0,0,0,14900,16400,13,1,1,0
CLM00479,POL00479,CUS00479,2024-03-21,2024-04-25,Water,0,310 N Orange Ave,Orange,FL,32801,28.543216,-81.372806,41,6,Metal,Masonry,4002,Tenant Occupied,888000,128,1,1,1,1,1,1,662000,75000,455000,140000,5000,2680,HO3,0,0,0,0,58800,27700,14,1,0,1
CLM00480,POL00480,CUS00480,2024-03-16,2024-03-25,Hurricane,0,101 Lake Ave,Orange,FL,32801,28.539466,-81.369524,4,4,Concrete Tile,Frame,835,Secondary Residence,642000,57,1,1,1,1,1,1,472000,42000,288000,80000,2500,5310,HO3,4,258700,3,0,120900,96700,9,1,0,0
CLM00481,POL00481,CUS00481,2022-03-24,2022-03-24,Theft,0,1000 NW 7th St,Miami-Dade,FL,33136,25.78563,-80.201058,75,7,Asphalt Shingle,Reinforced Concrete,2570,Owner Occupied,467000,177,1,1,1,1,1,1,345000,41000,213000,75000,10000,3780,HO3,2,141200,1,0,19500,19100,14,1,0,0
CLM00482,POL00482,CUS00482,2022-12-07,2022-12-08,Freeze,0,12112 Sugarloaf Key St,Hillsborough,FL,33626,28.058486,-82.624672,38,10,Concrete Tile,Frame,2466,Owner Occupied,812000,59,1,1,1,1,1,1,627000,52000,349000,174000,10000,8310,HO5,0,0,0,1,36900,37400,1,1,1,0
CLM00483,POL00483,CUS00483,2023-02-06,2023-02-14,Vandalism,0,6600 NW 7th St,Miami-Dade,FL,33126,25.778214,-80.295246,69,14,Asphalt Shingle,Masonry,4168,Owner Occupied,563000,17,1,1,1,1,1,1,436000,60000,273000,70000,1000,2520,HO6,1,58600,0,0,6300,7500,18,1,0,0
CLM00484,POL00484,CUS00484,2025-09-05,2025-09-12,Hurricane,0,520 E Church St,Orange,FL,32801,28.542388,-81.368972,11,4,Concrete Tile,Masonry Veneer,1575,Owner Occupied,1064000,143,1,1,1,1,1,1,857000,90000,483000,219000,10000,5000,HO3,1,69600,1,0,58000,35400,10,1,0,0
CLM00485,POL00485,CUS00485,2023-03-02,2023-03-10,Fire,0,921 N Central Ave,Hillsborough,FL,33602,27.95189,-82.4639,29,6,Asphalt Shingle,Reinforced Concrete,4488,Owner Occupied,1283000,172,1,1,1,1,1,1,958000,140000,609000,235000,10000,7460,HO3,1,6400,0,0,56900,145900,6,1,1,1
CLM00486,POL00486,CUS00486,2024-06-22,2024-06-28,Theft,0,101 Lake Ave,Orange,FL,32801,28.539466,-81.369524,13,4,Flat/TPO,Masonry Veneer,4219,Tenant Occupied,654000,161,1,1,1,1,1,1,649000,73000,403000,178000,2500,8270,HO3,0,0,0,0,63500,31000,8,1,0,0
CLM00487,POL00487,CUS00487,2023-05-19,2023-05-21,Hail,0,6600 NW 7th St,Miami-Dade,FL,33126,25.778214,-80.295246,34,6,Tile,Masonry Veneer,3814,Secondary Residence,827000,105,1,1,1,1,1,1,845000,69000,448000,131000,5000,7020,HO3,3,123900,0,1,43200,39700,16,1,0,0
CLM00488,POL00488,CUS00488,2023-03-27,2023-05-01,Freeze,0,295 NE Ivanhoe Blvd,Orange,FL,32804,28.579332,-81.39362,21,6,Asphalt Shingle,Frame,4089,Owner Occupied,337000,11,1,1,1,1,1,1,343000,33000,224000,54000,10000,4450,HO3,0,0,0,0,46600,38700,12,1,0,0
CLM00489,POL00489,CUS00489,2022-03-24,2022-03-29,Theft,0,2900 Biscayne Blvd,Miami-Dade,FL,33137,25.80518,-80.188488,3,3,Tile,Masonry Veneer,3535,Tenant Occupied,297000,50,1,1,1,1,1,1,268000,39000,137000,44000,10000,6870,HO3,1,69600,0,1,8500,9900,4,1,0,0
CLM00490,POL00490,CUS00490,2024-11-12,2024-11-16,Water,0,3131 NE 1st Ave,Miami-Dade,FL,33137,25.807112,-80.193906,37,9,Tile,Masonry Veneer,1104,Owner Occupied,773000,85,1,1,1,1,1,1,667000,55000,384000,193000,5000,3110,HO3,3,171700,1,0,24900,22600,16,1,0,0
CLM00491,POL00491,CUS00491,2024-02-22,2024-02-24,Water,0,1000 NW 7th St,Miami-Dade,FL,33136,25.78563,-80.201058,50,7,Asphalt Shingle,Reinforced Concrete,3801,Secondary Residence,957000,121,1,0,1,1,1,1,762000,0,434000,202000,2500,5470,HO6,1,41800,0,0,22900,46600,14,1,0,0
CLM00492,POL00492,CUS00492,2023-03-14,2023-05-02,Water,0,520 E Church St,Orange,FL,32801,28.542388,-81.368972,6,4,Metal,Frame,3220,Tenant Occupied,733000,152,1,1,1,1,1,1,546000,68000,275000,136000,2500,2860,DP3,1,107700,0,0,39100,39800,16,1,0,1
CLM00493,POL00493,CUS00493,2024-11-23,2024-11-30,Fire,0,410 N Orange Ave,Orange,FL,32801,28.538032,-81.373544,72,10,Metal,Masonry Veneer,2980,Owner Occupied,1043000,150,1,1,1,1,1,1,1046000,98000,475000,185000,2000,1840,HO5,3,110000,2,0,44500,48700,5,1,0,0
CLM00494,POL00494,CUS00494,2025-12-12,2025-12-12,Water,0,510 N Rome Ave,Hillsborough,FL,33606,27.930384,-82.488052,64,10,Asphalt Shingle,Concrete Block,1757,Owner Occupied,957000,175,1,0,1,1,1,1,765000,0,350000,127000,10000,8790,HO5,3,213600,1,0,54100,47900,16,1,0,0
CLM00495,POL00495,CUS00495,2024-07-26,2024-08-04,Lightning,0,180 NE 29th St,Miami-Dade,FL,33137,25.808606,-80.19234,16,16,Flat/TPO,Masonry,2120,Owner Occupied,1263000,160,1,1,1,1,1,1,927000,117000,567000,150000,7500,5650,HO3,2,62200,0,0,49600,52800,16,1,1,0
CLM00496,POL00496,CUS00496,2025-10-07,2025-10-10,Water,0,295 NE Ivanhoe Blvd,Orange,FL,32804,28.579332,-81.39362,38,5,Tile,Concrete Block,3099,Owner Occupied,806000,51,1,1,1,1,1,1,599000,77000,375000,123000,7500,7840,HO5,2,69000,1,0,60900,33200,13,1,0,1
CLM00497,POL00497,CUS00497,2023-01-05,2023-01-10,Water,0,9200 Randal Park Blvd,Orange,FL,32832,28.412212,-81.243592,67,7,Asphalt Shingle,Frame,1390,Owner Occupied,1414000,152,1,1,1,1,1,1,1123000,158000,692000,269000,1000,6520,HO3,1,102000,0,0,41800,40400,9,1,0,0
CLM00498,POL00498,CUS00498,2024-10-17,2024-10-24,Fire,0,7575 Universal Blvd,Orange,FL,32819,28.451704,-81.47356,65,26,Asphalt Shingle,Masonry,2849,Owner Occupied,327000,17,1,1,1,1,1,1,335000,46000,173000,82000,5000,2600,HO3,0,0,0,0,37600,40000,2,1,0,0
CLM00499,POL00499,CUS00499,2022-06-19,2022-06-21,Theft,0,7511 Solstice Cir,Orange,FL,32821,28.411672,-81.46685,62,30,Concrete Tile,Concrete Block,3872,Owner Occupied,1380000,111,1,1,1,1,1,1,1046000,85000,561000,264000,1500,6820,HO3,0,0,1,1,34600,31600,15,1,0,0
CLM00500,POL00500,CUS00500,2024-04-11,2024-04-13,Hurricane,0,2900 Biscayne Blvd,Miami-Dade,FL,33137,25.80518,-80.188488,14,6,Asphalt Shingle,Masonry,2706,Owner Occupied,310000,49,1,1,1,1,1,1,297000,39000,164000,56000,7500,2510,HO6,1,42600,1,2,74800,88300,12,1,0,0
CLM00501,POL00501,CUS00501,2023-09-14,2023-09-20,Water,0,5127 W Tyson Ave,Hillsborough,FL,33611,27.888982,-82.504054,64,13,Concrete Tile,Frame,2808,Owner Occupied,948000,48,1,1,1,1,1,1,949000,117000,466000,229000,10000,9200,DP3,1,7800,0,1,42800,18600,15,1,0,1
CLM00502,POL00502,CUS00502,2025-11-28,2025-12-20,Freeze,0,510 N Rome Ave,Hillsborough,FL,33606,27.930384,-82.488052,10,8,Metal,Masonry,1619,Owner Occupied,394000,49,1,1,1,1,1,1,381000,54000,200000,94000,7500,8530,HO3,0,0,0,0,43900,23000,16,1,0,0
CLM00503,POL00503,CUS00503,2025-10-11,2025-10-27,Lightning,0,2751 NW 84th St,Miami-Dade,FL,33147,25.858766,-80.24016,75,14,Concrete Tile,Masonry,1263,Owner Occupied,1232000,176,1,1,1,1,1,0,1180000,147000,682000,320000,2000,9320,DP3,1,83300,1,0,37500,37600,16,1,0,0
CLM00504,POL00504,CUS00504,2022-05-12,2022-05-19,Theft,0,7575 Universal Blvd,Orange,FL,32819,28.451704,-81.47356,4,4,Tile,Reinforced Concrete,3075,Owner Occupied,481000,54,1,1,1,1,1,1,398000,59000,264000,89000,5000,3260,HO3,0,0,1,1,19400,17000,9,1,0,1
CLM00505,POL00505,CUS00505,2024-06-13,2024-06-22,Hail,0,4000 Headwaters Way,Orange,FL,32837,28.386144,-81.418598,71,18,Concrete Tile,Frame,4413,Tenant Occupied,579000,109,1,1,1,1,1,1,544000,60000,336000,141000,5000,7070,HO3,1,27100,0,0,11100,12700,16,1,0,0
CLM00506,POL00506,CUS00506,2025-08-28,2025-09-15,Wind,0,2050 Jake St,Orange,FL,32814,28.560782,-81.32269,66,16,Concrete Tile,Reinforced Concrete,1263,Owner Occupied,1184000,187,1,1,1,1,1,1,959000,121000,607000,280000,1500,9360,HO6,1,28400,0,0,7000,24300,13,1,0,1
CLM00507,POL00507,CUS00507,2025-03-19,2025-03-22,Water,0,3131 NE 1st Ave,Miami-Dade,FL,33137,25.807112,-80.193906,32,27,Asphalt Shingle,Masonry,3616,Owner Occupied,1077000,141,1,1,1,1,1,1,1050000,103000,478000,277000,1000,9550,HO5,2,182900,0,0,9300,19500,15,1,0,0
CLM00508,POL00508,CUS00508,2025-10-16,2025-10-19,Wind,0,6970 SW 40th St,Miami-Dade,FL,33155,25.7421,-80.313298,15,12,Flat/TPO,Frame,1262,Owner Occupied,828000,34,1,1,1,1,1,1,636000,89000,436000,190000,2500,7960,HO5,0,0,0,0,43000,51300,10,1,0,0
CLM00509,POL00509,CUS00509,2022-07-15,2022-07-17,Wind,0,2900 Biscayne Blvd,Miami-Dade,FL,33137,25.80518,-80.188488,66,19,Flat/TPO,Reinforced Concrete,1462,Owner Occupied,1005000,140,1,1,1,1,1,1,913000,106000,565000,237000,7500,8050,HO3,0,0,0,0,34200,34000,18,1,1,1
CLM00510,POL00510,CUS00510,2024-08-04,2024-08-07,Water,0,6600 NW 7th St,Miami-Dade,FL,33126,25.778214,-80.295246,31,11,Metal,Masonry,2686,Owner Occupied,851000,76,1,1,1,1,1,1,746000,82000,453000,131000,2500,8580,HO5,2,89600,1,1,10900,12000,17,1,0,0
CLM00511,POL00511,CUS00511,2024-01-23,2024-01-28,Wind,0,3219 S Orange Ave,Orange,FL,32806,28.517866,-81.366976,63,10,Tile,Concrete Block,1253,Owner Occupied,781000,101,1,1,1,1,1,1,774000,85000,466000,166000,7500,3640,HO3,2,58500,0,0,87400,51700,13,1,0,1
CLM00512,POL00512,CUS00512,2022-04-24,2022-04-30,Water,0,5009 Park Central Dr,Orange,FL,32839,28.48606,-81.403886,13,13,Concrete Tile,Reinforced Concrete,2325,Tenant Occupied,551000,134,1,1,1,1,1,1,486000,43000,243000,76000,5000,6770,HO5,2,77500,1,0,46700,47900,1,1,0,0
CLM00513,POL00513,CUS00513,2024-02-23,2024-02-29,Freeze,0,520 E Church St,Orange,FL,32801,28.542388,-81.368972,69,31,Concrete Tile,Concrete Block,3286,Tenant Occupied,932000,47,1,1,1,1,1,1,907000,133000,522000,204000,1000,8750,HO5,2,74800,1,1,27500,29600,5,1,0,0
CLM00514,POL00514,CUS00514,2024-09-26,2024-09-28,Water,0,2828 NW 1st Ave,Miami-Dade,FL,33127,25.79715,-80.197564,62,5,Asphalt Shingle,Frame,3981,Owner Occupied,985000,123,1,1,1,1,1,1,757000,81000,384000,219000,5000,3730,HO6,2,71100,0,1,10200,8800,18,1,0,0
CLM00515,POL00515,CUS00515,2024-11-29,2024-12-04,Wind,0,6501 S Westshore Blvd,Hillsborough,FL,33616,27.869022,-82.523216,44,12,Tile,Masonry,3505,Owner Occupied,988000,179,1,1,1,1,1,1,761000,82000,430000,194000,10000,2400,HO6,0,0,1,0,25900,50100,17,1,0,0
CLM00516,POL00516,CUS00516,2024-09-27,2024-09-27,Hail,1,1115 E Twiggs St,Hillsborough,FL,33602,27.951524,-82.459604,7,7,Metal,Reinforced Concrete,3831,Owner Occupied,238000,91,1,0,1,1,1,1,188000,0,115000,35000,2000,3570,HO3,0,0,0,0,50800,47500,15,1,0,0
CLM00517,POL00517,CUS00517,2022-12-10,2022-12-18,Theft,0,4000 Headwaters Way,Orange,FL,32837,28.386144,-81.418598,12,12,Flat/TPO,Concrete Block,2699,Tenant Occupied,1197000,115,1,1,1,1,1,1,971000,90000,675000,280000,2000,6920,HO3,1,35600,1,0,6800,5900,14,1,0,0
CLM00518,POL00518,CUS00518,2024-08-10,2024-08-17,Water,0,180 NE 29th St,Miami-Dade,FL,33137,25.808606,-80.19234,73,6,Asphalt Shingle,Masonry,3613,Owner Occupied,834000,181,1,1,1,1,1,1,721000,83000,488000,165000,2000,9090,HO5,1,22100,0,0,71300,33000,5,1,1,1
CLM00519,POL00519,CUS00519,2025-03-26,2025-04-01,Wind,0,901 W Chestnut St,Hillsborough,FL,33607,27.956886,-82.501454,66,13,Metal,Masonry Veneer,4388,Tenant Occupied,562000,21,1,1,1,1,1,1,576000,85000,325000,172000,1500,1800,HO6,2,97700,1,1,105500,48500,5,1,0,1
CLM00520,POL00520,CUS00520,2023-11-20,2023-11-25,Water,0,710 NE 1st Ave,Miami-Dade,FL,33132,25.783848,-80.189314,29,29,Concrete Tile,Reinforced Concrete,3715,Secondary Residence,406000,140,1,1,1,1,1,1,394000,36000,180000,110000,10000,3140,HO3,1,42100,2,0,20300,23400,3,1,0,0
CLM00521,POL00521,CUS00521,2024-07-03,2024-07-24,Theft,0,6501 S Westshore Blvd,Hillsborough,FL,33616,27.869022,-82.523216,63,7,Asphalt Shingle,Reinforced Concrete,1784,Owner Occupied,272000,129,1,1,1,1,1,1,252000,32000,135000,50000,2000,2070,HO3,4,325800,0,1,30200,30300,7,1,0,0
CLM00522,POL00522,CUS00522,2024-10-09,2024-10-09,Hurricane,1,2751 NW 84th St,Miami-Dade,FL,33147,25.858766,-80.24016,10,10,Tile,Masonry,2325,Owner Occupied,330000,145,1,1,1,1,0,0,248000,25000,137000,71000,2000,5430,DP3,3,188500,3,0,123800,117000,13,1,0,0
CLM00523,POL00523,CUS00523,2024-10-09,2024-10-13,Hail,1,230 NE 4th St,Miami-Dade,FL,33132,25.781976,-80.192572,44,30,Asphalt Shingle,Masonry,2631,Owner Occupied,1156000,117,1,1,1,1,1,1,1051000,112000,498000,281000,2500,3260,HO3,1,104200,1,0,46400,43500,2,1,1,1
CLM00524,POL00524,CUS00524,2025-04-27,2025-05-02,Hurricane,0,218 NW 8th St,Miami-Dade,FL,33136,25.785132,-80.210772,51,9,Flat/TPO,Masonry Veneer,3338,Secondary Residence,905000,17,1,1,1,1,1,1,721000,93000,336000,110000,1000,7120,HO5,1,57500,1,0,102800,83900,18,1,0,0
CLM00525,POL00525,CUS00525,2025-02-22,2025-02-27,Hail,0,410 N Orange Ave,Orange,FL,32801,28.538032,-81.373544,40,6,Tile,Concrete Block,3797,Owner Occupied,1385000,165,1,0,1,1,1,1,1293000,0,753000,260000,10000,2400,HO3,1,19700,2,1,34000,37800,16,1,0,0
CLM00526,POL00526,CUS00526,2024-02-02,2024-02-03,Water,0,520 E Church St,Orange,FL,32801,28.542388,-81.368972,10,5,Flat/TPO,Masonry Veneer,836,Tenant Occupied,511000,171,1,1,1,1,1,1,485000,47000,280000,85000,1000,7080,HO3,0,0,0,0,11500,13100,4,1,0,0
CLM00527,POL00527,CUS00527,2022-07-28,2022-08-02,Theft,0,9931 W Flagler St,Miami-Dade,FL,33174,25.75642,-80.352414,60,21,Tile,Masonry Veneer,824,Owner Occupied,956000,151,1,1,1,1,1,1,923000,75000,482000,229000,1000,8920,HO3,0,0,0,0,16600,13700,7,1,0,0
CLM00528,POL00528,CUS00528,2022-01-18,2022-01-22,Hurricane,0,230 NE 4th St,Miami-Dade,FL,33132,25.781976,-80.192572,31,23,Concrete Tile,Frame,2207,Owner Occupied,455000,89,1,1,1,1,1,1,353000,29000,226000,86000,2500,7430,HO3,1,18200,2,1,86100,72300,13,1,0,0
CLM00529,POL00529,CUS00529,2022-07-29,2022-08-02,Theft,0,9200 Randal Park Blvd,Orange,FL,32832,28.412212,-81.243592,3,3,Tile,Masonry Veneer,4164,Tenant Occupied,863000,106,1,1,1,1,0,1,697000,83000,370000,194000,5000,5040,DP3,0,0,1,0,8900,7800,3,1,0,0
CLM00530,POL00530,CUS00530,2024-01-17,2024-01-19,Fire,0,7511 Solstice Cir,Orange,FL,32821,28.411672,-81.46685,30,11,Metal,Frame,2924,Secondary Residence,1213000,125,1,1,1,1,1,1,928000,133000,440000,171000,2500,2580,HO3,2,119500,1,1,42600,45800,14,1,0,0
CLM00531,POL00531,CUS00531,2022-09-24,2022-09-29,Freeze,0,2050 Jake St,Orange,FL,32814,28.560782,-81.32269,17,5,Flat/TPO,Frame,2596,Owner Occupied,1363000,14,1,1,1,1,1,1,1017000,108000,500000,224000,7500,9590,HO3,0,0,0,0,20900,20300,10,1,0,0
CLM00532,POL00532,CUS00532,2025-12-12,2026-01-10,Hurricane,0,1115 E Twiggs St,Hillsborough,FL,33602,27.951524,-82.459604,38,8,Metal,Concrete Block,3141,Owner Occupied,387000,41,1,0,1,1,1,1,366000,0,250000,79000,1500,6490,HO3,0,0,0,0,131500,112600,1,1,0,0
CLM00533,POL00533,CUS00533,2025-11-07,2025-11-07,Vandalism,0,901 W Chestnut St,Hillsborough,FL,33607,27.956886,-82.501454,5,2,Flat/TPO,Masonry,3716,Owner Occupied,1099000,157,1,1,1,1,1,1,975000,117000,487000,269000,10000,3890,HO3,1,89300,1,0,15000,15300,14,1,0,0
CLM00534,POL00534,CUS00534,2025-05-25,2025-06-13,Wind,0,180 NE 29th St,Miami-Dade,FL,33137,25.808606,-80.19234,68,4,Flat/TPO,Concrete Block,895,Owner Occupied,1066000,174,1,1,1,1,1,1,949000,115000,531000,241000,1500,7690,HO5,1,21200,0,0,30600,35700,4,1,0,0
CLM00535,POL00535,CUS00535,2024-10-09,2024-10-14,Hurricane,1,2828 NW 1st Ave,Miami-Dade,FL,33127,25.79715,-80.197564,23,23,Asphalt Shingle,Masonry,4036,Owner Occupied,937000,73,1,1,1,1,1,1,754000,78000,518000,141000,7500,7460,HO5,3,182500,0,1,41500,33300,17,1,0,0
CLM00536,POL00536,CUS00536,2025-03-18,2025-03-22,Wind,0,180 NE 29th St,Miami-Dade,FL,33137,25.808606,-80.19234,7,5,Asphalt Shingle,Concrete Block,1741,Owner Occupied,967000,154,1,1,1,1,1,1,722000,78000,373000,112000,7500,5650,HO3,0,0,0,0,23200,24000,12,1,0,0
CLM00537,POL00537,CUS00537,2023-10-07,2023-10-08,Wind,0,7511 Solstice Cir,Orange,FL,32821,28.411672,-81.46685,22,22,Tile,Frame,937,Secondary Residence,799000,131,1,1,1,1,1,1,625000,82000,329000,153000,2500,8720,HO3,0,0,0,0,12200,15000,1,1,1,0
CLM00538,POL00538,CUS00538,2025-03-20,2025-03-27,Wind,0,5127 W Tyson Ave,Hillsborough,FL,33611,27.888982,-82.504054,74,28,Metal,Masonry,3289,Owner Occupied,1377000,77,1,1,1,1,1,1,1268000,183000,612000,231000,10000,8380,HO5,3,192000,1,1,11100,12200,11,1,0,0
CLM00539,POL00539,CUS00539,2024-02-25,2024-02-25,Hurricane,0,3219 S Orange Ave,Orange,FL,32806,28.517866,-81.366976,64,31,Tile,Reinforced Concrete,3233,Owner Occupied,548000,157,1,1,1,1,1,1,519000,73000,333000,121000,2000,6190,HO3,1,13100,2,0,15800,13900,7,1,0,0
CLM00540,POL00540,CUS00540,2025-05-05,2025-05-09,Hurricane,0,12112 Sugarloaf Key St,Hillsborough,FL,33626,28.058486,-82.624672,52,25,Concrete Tile,Masonry,3023,Owner Occupied,1409000,129,1,1,1,1,1,1,1105000,95000,712000,276000,7500,2470,HO3,1,83400,0,0,91300,82900,2,1,0,0
CLM00541,POL00541,CUS00541,2025-10-15,2025-11-13,Wind,0,3219 S Orange Ave,Orange,FL,32806,28.517866,-81.366976,32,10,Concrete Tile,Frame,3624,Tenant Occupied,563000,186,1,1,1,1,1,1,578000,85000,401000,169000,5000,7820,HO3,1,113700,2,0,10100,12500,10,1,0,1
CLM00542,POL00542,CUS00542,2022-09-17,2022-09-22,Water,0,2751 NW 84th St,Miami-Dade,FL,33147,25.858766,-80.24016,51,8,Tile,Reinforced Concrete,1456,Owner Occupied,1282000,121,1,1,1,1,1,1,1298000,116000,750000,317000,10000,4040,HO3,0,0,2,0,39200,39800,13,1,0,0
CLM00543,POL00543,CUS00543,2024-10-09,2024-10-13,Hail,1,218 NW 8th St,Miami-Dade,FL,33136,25.785132,-80.210772,13,4,Metal,Masonry Veneer,1946,Owner Occupied,1156000,75,1,1,1,1,1,1,1001000,145000,698000,180000,2500,9750,HO3,1,81100,1,0,23100,22000,12,1,0,0
CLM00544,POL00544,CUS00544,2025-04-10,2025-04-14,Fire,0,6904 Ralston Pl Dr,Hillsborough,FL,33614,28.00581,-82.507956,41,4,Asphalt Shingle,Frame,1077,Owner Occupied,1099000,74,1,1,1,1,1,1,1096000,131000,620000,205000,2000,7200,HO5,1,21100,1,2,44900,98700,15,1,0,0
CLM00545,POL00545,CUS00545,2022-02-18,2022-02-26,Theft,0,4000 Headwaters Way,Orange,FL,32837,28.386144,-81.418598,62,9,Asphalt Shingle,Reinforced Concrete,1119,Owner Occupied,1265000,70,1,1,1,1,1,1,1219000,133000,626000,244000,1500,7970,HO3,0,0,0,0,23600,27000,3,1,0,0
CLM00546,POL00546,CUS00546,2022-09-08,2022-09-11,Freeze,0,733 Main Ln,Orange,FL,32801,28.546738,-81.375962,58,16,Metal,Concrete Block,3020,Owner Occupied,1144000,44,1,1,1,1,1,1,1058000,116000,652000,177000,2500,8110,HO6,1,41300,1,0,6600,8000,4,1,0,0
CLM00547,POL00547,CUS00547,2024-10-09,2024-10-12,Hail,1,645 NW 1st St,Miami-Dade,FL,33128,25.768528,-80.198928,49,9,Flat/TPO,Masonry,3614,Owner Occupied,391000,22,1,1,1,1,1,1,287000,25000,174000,52000,5000,9140,HO6,1,20600,0,0,10200,9300,8,1,0,0
CLM00548,POL00548,CUS00548,2022-11-02,2022-12-15,Hurricane,0,921 N Central Ave,Hillsborough,FL,33602,27.95189,-82.4639,13,13,Concrete Tile,Reinforced Concrete,2788,Owner Occupied,1381000,99,1,1,1,1,1,1,1405000,147000,758000,289000,10000,4570,HO3,0,0,0,0,13000,40100,13,1,0,0
CLM00549,POL00549,CUS00549,2025-09-13,2025-09-20,Water,0,101 Lake Ave,Orange,FL,32801,28.539466,-81.369524,11,11,Flat/TPO,Concrete Block,2375,Owner Occupied,1177000,8,1,1,1,1,1,1,948000,141000,566000,197000,2500,4900,HO3,1,17600,0,0,31200,38600,9,1,0,0
CLM00550,POL00550,CUS00550,2022-09-28,2022-09-29,Wind,1,355 N Rosalind Ave,Orange,FL,32801,28.545514,-81.378134,30,5,Flat/TPO,Reinforced Concrete,2349,Owner Occupied,477000,75,1,1,1,1,1,1,440000,45000,206000,77000,1000,2530,HO6,1,105600,1,0,57900,52400,17,1,0,0
CLM00551,POL00551,CUS00551,2023-02-20,2023-02-24,Water,0,6970 SW 40th St,Miami-Dade,FL,33155,25.7421,-80.313298,37,20,Flat/TPO,Masonry Veneer,804,Owner Occupied,1249000,123,1,1,1,1,0,1,963000,139000,445000,253000,2000,8060,DP3,2,221100,1,1,23600,24500,15,1,0,0
CLM00552,POL00552,CUS00552,2022-12-31,2022-12-31,Vandalism,0,12112 Sugarloaf Key St,Hillsborough,FL,33626,28.058486,-82.624672,50,8,Metal,Masonry Veneer,2262,Owner Occupied,608000,102,1,1,1,1,1,1,488000,67000,288000,119000,2500,4500,HO3,2,46600,1,0,12100,11000,16,1,0,0
CLM00553,POL00553,CUS00553,2023-05-31,2023-06-03,Theft,0,55 NE 2nd St,Miami-Dade,FL,33132,25.784184,-80.187508,3,3,Flat/TPO,Frame,2701,Owner Occupied,971000,98,1,1,1,1,1,1,856000,96000,559000,219000,1500,6760,HO3,2,100100,2,0,6900,6600,1,1,0,0
CLM00554,POL00554,CUS00554,2024-10-08,2024-10-16,Wind,1,55 NE 2nd St,Miami-Dade,FL,33132,25.784184,-80.187508,54,10,Flat/TPO,Reinforced Concrete,2574,Owner Occupied,1392000,66,1,1,1,1,1,0,1189000,156000,559000,282000,1000,2600,DP3,0,0,0,0,30100,36800,10,1,0,0
CLM00555,POL00555,CUS00555,2024-04-21,2024-04-24,Theft,0,4000 Headwaters Way,Orange,FL,32837,28.386144,-81.418598,37,9,Tile,Masonry Veneer,3432,Owner Occupied,1397000,82,1,1,1,1,1,1,1348000,157000,771000,316000,10000,4750,HO3,2,158900,2,0,4300,5200,11,1,0,0
CLM00556,POL00556,CUS00556,2023-12-10,2023-12-16,Wind,0,710 NE 1st Ave,Miami-Dade,FL,33132,25.783848,-80.189314,44,12,Asphalt Shingle,Frame,2796,Owner Occupied,999000,37,1,1,1,1,1,1,965000,123000,536000,254000,7500,4270,HO5,2,103700,2,1,29300,29900,1,1,1,0
CLM00557,POL00557,CUS00557,2025-03-12,2025-04-14,Water,0,710 NE 1st Ave,Miami-Dade,FL,33132,25.783848,-80.189314,23,1,Flat/TPO,Reinforced Concrete,1690,Owner Occupied,430000,189,1,1,1,1,1,1,328000,46000,173000,83000,10000,7930,HO3,3,195900,1,0,10700,11400,7,1,0,0
CLM00558,POL00558,CUS00558,2024-01-10,2024-02-21,Theft,0,300 W Tyler St,Hillsborough,FL,33602,27.948668,-82.456928,24,11,Asphalt Shingle,Frame,4001,Owner Occupied,1328000,182,1,0,1,1,1,1,1364000,0,753000,391000,2500,5440,HO6,4,171400,2,0,17600,15400,2,1,0,1
CLM00559,POL00559,CUS00559,2024-10-09,2024-10-14,Hail,1,6970 SW 40th St,Miami-Dade,FL,33155,25.7421,-80.313298,14,1,Flat/TPO,Reinforced Concrete,1967,Secondary Residence,1436000,158,1,1,1,1,1,1,1478000,215000,790000,346000,7500,4980,HO5,2,123800,0,0,15400,14100,16,1,0,0
CLM00560,POL00560,CUS00560,2025-03-19,2025-03-21,Water,0,355 N Rosalind Ave,Orange,FL,32801,28.545514,-81.378134,20,10,Metal,Masonry,3254,Owner Occupied,1107000,32,1,1,1,1,1,1,834000,85000,474000,136000,10000,8230,HO3,1,22300,1,0,41400,42400,17,1,0,0
CLM00561,POL00561,CUS00561,2022-01-16,2022-01-23,Water,0,710 NE 1st Ave,Miami-Dade,FL,33132,25.783848,-80.189314,28,7,Asphalt Shingle,Concrete Block,1170,Owner Occupied,678000,156,1,1,1,1,1,1,671000,56000,372000,133000,1500,6120,HO3,0,0,0,0,27200,22200,1,1,0,0
CLM00562,POL00562,CUS00562,2022-05-30,2022-06-05,Freeze,0,1011 E Cumberland Ave,Hillsborough,FL,33602,27.948032,-82.463042,62,18,Tile,Frame,2178,Owner Occupied,1027000,188,1,1,1,1,1,1,795000,114000,411000,201000,2500,6330,HO6,3,151000,1,0,33800,39000,6,1,0,0
CLM00563,POL00563,CUS00563,2022-12-30,2022-12-31,Hurricane,0,3219 S Orange Ave,Orange,FL,32806,28.517866,-81.366976,23,15,Asphalt Shingle,Concrete Block,2473,Owner Occupied,352000,110,1,1,1,1,1,1,281000,32000,155000,61000,7500,3050,HO6,0,0,0,0,104000,109400,6,1,0,0
CLM00564,POL00564,CUS00564,2024-07-04,2024-07-11,Theft,0,6600 NW 7th St,Miami-Dade,FL,33126,25.778214,-80.295246,59,1,Asphalt Shingle,Masonry Veneer,1182,Owner Occupied,282000,93,1,1,1,1,1,1,282000,35000,191000,65000,10000,3150,HO3,2,68400,1,0,11900,10600,16,1,0,0
CLM00565,POL00565,CUS00565,2024-03-06,2024-03-07,Water,0,1115 E Twiggs St,Hillsborough,FL,33602,27.951524,-82.459604,18,5,Concrete Tile,Concrete Block,1028,Secondary Residence,312000,35,1,0,1,1,1,1,260000,0,118000,67000,2500,9310,HO3,1,33900,0,0,3000,6000,3,1,0,0
CLM00566,POL00566,CUS00566,2025-06-25,2025-07-13,Water,0,295 NE Ivanhoe Blvd,Orange,FL,32804,28.579332,-81.39362,22,22,Flat/TPO,Reinforced Concrete,1428,Owner Occupied,982000,165,1,1,1,1,1,1,738000,107000,367000,144000,2500,4920,HO6,0,0,1,1,32000,30500,12,1,0,1
CLM00567,POL00567,CUS00567,2024-10-09,2024-10-14,Hurricane,1,218 NW 8th St,Miami-Dade,FL,33136,25.785132,-80.210772,66,24,Tile,Concrete Block,1211,Owner Occupied,1303000,92,1,1,1,1,1,1,966000,122000,471000,188000,7500,8990,HO5,0,0,0,0,90100,77500,12,1,0,0
CLM00568,POL00568,CUS00568,2024-09-20,2024-09-29,Wind,0,30 SW 1st St,Miami-Dade,FL,33130,25.765842,-80.208492,4,4,Asphalt Shingle,Reinforced Concrete,3532,Owner Occupied,986000,152,1,1,1,1,1,1,749000,96000,427000,208000,2000,5780,HO6,2,142300,1,0,53900,49600,13,1,0,0
CLM00569,POL00569,CUS00569,2023-05-21,2023-05-23,Hail,0,2650 Dade Ave,Orange,FL,32804,28.583628,-81.389606,10,10,Asphalt Shingle,Masonry,1283,Owner Occupied,1174000,176,1,1,1,1,1,0,899000,133000,496000,158000,10000,8110,DP3,2,190700,2,1,32800,32800,12,1,0,1
CLM00570,POL00570,CUS00570,2023-05-26,2023-05-28,Water,0,733 Main Ln,Orange,FL,32801,28.546738,-81.375962,14,6,Concrete Tile,Masonry Veneer,1231,Owner Occupied,1222000,65,1,1,1,1,1,1,1033000,133000,703000,248000,2500,2630,HO6,0,0,0,0,23700,43500,6,1,0,0
CLM00571,POL00571,CUS00571,2022-04-29,2022-05-02,Water,0,30 SW 1st St,Miami-Dade,FL,33130,25.765842,-80.208492,24,24,Asphalt Shingle,Masonry Veneer,2663,Tenant Occupied,696000,182,1,1,1,1,1,1,620000,81000,390000,180000,7500,4940,HO3,1,16200,2,0,47200,20900,7,1,0,0
CLM00572,POL00572,CUS00572,2025-05-26,2025-05-27,Hurricane,0,710 NE 1st Ave,Miami-Dade,FL,33132,25.783848,-80.189314,30,25,Concrete Tile,Frame,864,Owner Occupied,1135000,183,1,0,1,1,1,1,957000,0,495000,219000,2000,6080,HO3,0,0,0,0,53200,46900,11,1,0,0
CLM00573,POL00573,CUS00573,2022-04-28,2022-04-29,Freeze,0,6501 S Westshore Blvd,Hillsborough,FL,33616,27.869022,-82.523216,27,13,Concrete Tile,Masonry Veneer,2107,Owner Occupied,762000,115,1,1,1,1,1,1,550000,79000,354000,113000,5000,4040,HO5,2,124000,0,1,4700,5800,12,1,0,0
CLM00574,POL00574,CUS00574,2022-07-08,2022-07-09,Wind,0,12112 Sugarloaf Key St,Hillsborough,FL,33626,28.058486,-82.624672,24,15,Metal,Concrete Block,2091,Secondary Residence,686000,38,1,1,1,1,1,1,664000,86000,388000,101000,2000,4950,HO5,0,0,1,0,52100,48400,9,1,0,0
CLM00575,POL00575,CUS00575,2022-11-13,2022-11-21,Hail,0,2050 Jake St,Orange,FL,32814,28.560782,-81.32269,52,15,Flat/TPO,Frame,942,Owner Occupied,753000,77,1,1,1,1,1,1,707000,91000,448000,210000,2500,3390,HO6,0,0,0,1,45900,37700,12,1,1,0
CLM00576,POL00576,CUS00576,2023-12-06,2023-12-11,Fire,0,300 W Tyler St,Hillsborough,FL,33602,27.948668,-82.456928,9,9,Metal,Frame,1269,Owner Occupied,487000,100,1,1,1,1,1,1,357000,52000,244000,54000,10000,2990,HO5,3,108500,2,2,164300,179400,1,1,0,0
CLM00577,POL00577,CUS00577,2025-02-22,2025-03-29,Water,0,6970 SW 40th St,Miami-Dade,FL,33155,25.7421,-80.313298,42,14,Concrete Tile,Masonry,3684,Secondary Residence,810000,124,1,1,1,1,1,1,666000,59000,334000,144000,2000,3290,HO3,0,0,0,0,51000,47000,17,1,0,0
CLM00578,POL00578,CUS00578,2025-04-25,2025-06-09,Freeze,0,452 NE 31st St,Miami-Dade,FL,33137,25.805582,-80.194716,49,7,Flat/TPO,Concrete Block,4070,Tenant Occupied,949000,149,1,1,1,1,1,1,950000,137000,649000,217000,5000,6120,HO3,0,0,0,0,30200,27900,14,1,0,0
CLM00579,POL00579,CUS00579,2025-06-10,2025-06-10,Wind,0,109 W Fortune St,Hillsborough,FL,33602,27.947222,-82.458452,31,30,Tile,Reinforced Concrete,1081,Tenant Occupied,973000,170,1,1,1,1,1,1,966000,85000,495000,152000,1000,9310,HO5,3,137800,1,1,15700,18800,13,1,1,0
CLM00580,POL00580,CUS00580,2025-01-21,2025-01-29,Theft,0,3000 NE 2nd Ave,Miami-Dade,FL,33137,25.808936,-80.195094,24,15,Tile,Frame,879,Owner Occupied,1421000,49,1,1,1,1,1,1,1406000,158000,933000,354000,10000,3010,HO5,1,31500,0,0,8300,3600,10,1,0,0
CLM00581,POL00581,CUS00581,2022-04-19,2022-04-28,Hail,0,6970 SW 40th St,Miami-Dade,FL,33155,25.7421,-80.313298,36,23,Flat/TPO,Reinforced Concrete,1003,Secondary Residence,378000,122,1,1,1,1,1,1,327000,43000,166000,71000,1500,5520,HO6,0,0,0,0,19100,21900,10,1,0,0
CLM00582,POL00582,CUS00582,2023-05-06,2023-05-08,Wind,0,355 N Rosalind Ave,Orange,FL,32801,28.545514,-81.378134,71,19,Metal,Masonry Veneer,2386,Owner Occupied,1323000,180,1,1,1,1,1,1,1276000,124000,804000,195000,2500,4320,HO3,4,223400,0,0,103500,49600,13,1,0,0
CLM00583,POL00583,CUS00583,2023-08-29,2023-10-07,Vandalism,0,230 NE 4th St,Miami-Dade,FL,33132,25.781976,-80.192572,74,15,Flat/TPO,Masonry,1465,Owner Occupied,819000,85,1,1,1,1,1,1,753000,112000,423000,118000,1500,6820,HO6,0,0,0,0,10400,8300,4,1,0,0
CLM00584,POL00584,CUS00584,2023-03-29,2023-03-31,Wind,0,6970 SW 40th St,Miami-Dade,FL,33155,25.7421,-80.313298,46,1,Asphalt Shingle,Frame,3929,Secondary Residence,234000,166,1,1,1,1,1,1,174000,14000,78000,42000,7500,5790,HO6,1,75600,0,1,44200,39800,4,1,0,0
CLM00585,POL00585,CUS00585,2023-03-10,2023-04-25,Hail,0,30 SW 1st St,Miami-Dade,FL,33130,25.765842,-80.208492,22,22,Metal,Masonry Veneer,4148,Owner Occupied,609000,171,1,1,1,1,1,1,588000,81000,322000,159000,5000,3230,HO6,0,0,1,0,13100,25600,12,1,1,1
CLM00586,POL00586,CUS00586,2024-09-28,2024-10-07,Wind,0,3131 NE 1st Ave,Miami-Dade,FL,33137,25.807112,-80.193906,34,10,Tile,Reinforced Concrete,3900,Owner Occupied,442000,81,1,1,1,1,1,1,328000,29000,191000,85000,2500,4930,HO6,0,0,0,0,12500,25900,13,1,0,0
CLM00587,POL00587,CUS00587,2023-08-02,2023-08-04,Water,0,6970 SW 40th St,Miami-Dade,FL,33155,25.7421,-80.313298,24,24,Tile,Reinforced Concrete,1929,Owner Occupied,365000,130,1,1,1,1,1,1,290000,27000,199000,53000,2000,7370,HO3,1,46200,1,1,44100,37400,9,1,0,0
CLM00588,POL00588,CUS00588,2022-09-21,2022-10-06,Wind,0,2050 Jake St,Orange,FL,32814,28.560782,-81.32269,58,15,Concrete Tile,Frame,2888,Owner Occupied,1328000,134,1,1,1,1,1,1,1116000,144000,586000,329000,2000,7010,HO6,0,0,1,0,48600,28900,17,1,0,0
CLM00589,POL00589,CUS00589,2025-01-21,2025-01-21,Wind,0,5127 W Tyson Ave,Hillsborough,FL,33611,27.888982,-82.504054,34,10,Tile,Reinforced Concrete,4142,Owner Occupied,1166000,80,1,1,1,1,1,1,1104000,125000,593000,259000,5000,8460,HO3,2,102100,1,0,17800,47300,12,1,0,0
CLM00590,POL00590,CUS00590,2023-08-18,2023-08-20,Wind,0,1211 E Kennedy Blvd,Hillsborough,FL,33602,27.950366,-82.46105,41,11,Metal,Masonry Veneer,1197,Tenant Occupied,629000,10,1,1,1,1,1,1,582000,51000,383000,112000,5000,9170,HO5,2,136900,0,0,9900,25200,11,1,1,0
CLM00591,POL00591,CUS00591,2022-07-28,2022-07-29,Wind,0,520 E Church St,Orange,FL,32801,28.542388,-81.368972,25,6,Tile,Reinforced Concrete,2811,Secondary Residence,1308000,138,1,1,1,1,1,1,1204000,161000,716000,223000,1000,3490,HO5,2,132200,1,1,21700,21400,14,1,0,0
CLM00592,POL00592,CUS00592,2022-03-02,2022-03-11,Water,0,1011 E Cumberland Ave,Hillsborough,FL,33602,27.948032,-82.463042,63,28,Metal,Masonry Veneer,3203,Owner Occupied,1400000,176,1,1,1,1,1,1,1046000,123000,703000,188000,5000,4070,HO3,1,33900,0,0,21800,21500,6,1,0,0
CLM00593,POL00593,CUS00593,2025-11-04,2025-11-13,Water,0,733 Main Ln,Orange,FL,32801,28.546738,-81.375962,53,5,Metal,Masonry,3991,Owner Occupied,570000,39,1,0,1,1,1,1,540000,0,352000,105000,10000,3030,HO3,1,34300,2,0,10700,13200,16,1,0,0
CLM00594,POL00594,CUS00594,2025-11-01,2025-11-07,Wind,0,5432 W Tyson Ave,Hillsborough,FL,33611,27.888268,-82.506778,7,7,Concrete Tile,Frame,2591,Owner Occupied,223000,91,1,1,1,1,1,1,169000,14000,77000,41000,10000,5080,HO3,0,0,0,0,26200,24700,16,1,1,0
CLM00595,POL00595,CUS00595,2022-09-06,2022-09-11,Fire,0,30 SW 1st St,Miami-Dade,FL,33130,25.765842,-80.208492,18,18,Metal,Concrete Block,3407,Secondary Residence,463000,49,1,1,1,1,0,0,405000,60000,211000,84000,7500,6430,DP3,3,119800,0,0,75300,76200,11,1,0,0
CLM00596,POL00596,CUS00596,2023-09-18,2023-10-18,Hurricane,0,3015 N Rocky Point Dr E,Hillsborough,FL,33607,27.964764,-82.501766,50,8,Asphalt Shingle,Frame,1129,Owner Occupied,706000,172,1,0,1,1,1,1,700000,0,344000,170000,1000,2350,HO3,0,0,0,0,126400,114400,1,1,1,1
CLM00597,POL00597,CUS00597,2024-05-17,2024-05-17,Water,0,5432 W Tyson Ave,Hillsborough,FL,33611,27.888268,-82.506778,65,23,Asphalt Shingle,Concrete Block,3549,Owner Occupied,468000,125,1,1,1,1,1,1,369000,55000,203000,73000,1500,5090,HO3,3,247700,1,0,18600,19100,4,1,0,0
CLM00598,POL00598,CUS00598,2023-04-18,2023-04-19,Freeze,0,9567 Sunbelt St,Hillsborough,FL,33635,28.022792,-82.61563,47,32,Asphalt Shingle,Masonry Veneer,1180,Secondary Residence,943000,77,1,0,1,1,1,1,849000,0,525000,172000,10000,6510,HO6,1,73700,2,1,15800,14600,8,1,0,0
CLM00599,POL00599,CUS00599,2023-05-12,2023-05-20,Vandalism,0,6970 SW 40th St,Miami-Dade,FL,33155,25.7421,-80.313298,66,26,Metal,Reinforced Concrete,1970,Owner Occupied,879000,88,1,1,1,1,1,1,755000,82000,420000,126000,2000,9310,HO3,1,105000,1,0,51600,22300,7,1,0,1
CLM00600,POL00600,CUS00600,2022-09-09,2022-09-13,Water,0,2900 Biscayne Blvd,Miami-Dade,FL,33137,25.80518,-80.188488,35,14,Tile,Masonry Veneer,3915,Owner Occupied,422000,182,1,1,1,1,1,1,429000,44000,226000,127000,5000,4680,HO6,2,78300,0,1,52600,46700,6,1,0,0
CLM00601,POL00601,CUS00601,2025-03-21,2025-03-25,Freeze,0,9200 Randal Park Blvd,Orange,FL,32832,28.412212,-81.243592,11,11,Asphalt Shingle,Masonry,3976,Owner Occupied,985000,65,1,1,1,1,1,1,932000,115000,428000,148000,1500,1910,HO6,0,0,0,1,26900,26100,18,1,0,0
CLM00602,POL00602,CUS00602,2023-04-04,2023-04-09,Lightning,0,230 NE 4th St,Miami-Dade,FL,33132,25.781976,-80.192572,68,2,Asphalt Shingle,Masonry,1595,Owner Occupied,1316000,126,1,1,1,1,1,1,1193000,146000,770000,330000,5000,5540,HO3,1,8900,0,0,22400,18900,15,1,0,0
CLM00603,POL00603,CUS00603,2023-05-23,2023-05-25,Hurricane,0,3000 NE 2nd Ave,Miami-Dade,FL,33137,25.808936,-80.195094,6,6,Flat/TPO,Masonry Veneer,3419,Tenant Occupied,1261000,161,1,1,1,1,1,1,1077000,127000,615000,182000,5000,3360,HO3,1,83100,0,0,15300,13700,4,1,0,0
CLM00604,POL00604,CUS00604,2025-06-24,2025-07-24,Hurricane,0,10149 Arise Loop,Orange,FL,32837,28.397256,-81.42077,70,5,Asphalt Shingle,Masonry,3637,Owner Occupied,1200000,155,1,1,1,1,1,1,1149000,161000,543000,275000,2000,7250,HO3,0,0,0,0,97600,82000,2,1,1,1
CLM00605,POL00605,CUS00605,2022-11-05,2022-12-02,Vandalism,0,710 NE 1st Ave,Miami-Dade,FL,33132,25.783848,-80.189314,70,3,Asphalt Shingle,Concrete Block,1785,Owner Occupied,1085000,46,1,1,1,1,1,1,1055000,110000,654000,297000,10000,2570,HO6,0,0,0,0,32900,16400,13,1,1,0
CLM00606,POL00606,CUS00606,2023-08-19,2023-08-25,Water,0,30 SW 1st St,Miami-Dade,FL,33130,25.765842,-80.208492,15,4,Concrete Tile,Frame,2305,Owner Occupied,640000,54,1,1,1,1,1,1,536000,58000,293000,127000,7500,5000,HO3,2,65500,1,0,32200,31700,9,1,0,0
CLM00607,POL00607,CUS00607,2022-06-17,2022-06-22,Wind,0,4000 Headwaters Way,Orange,FL,32837,28.386144,-81.418598,62,13,Concrete Tile,Concrete Block,1763,Owner Occupied,976000,174,1,1,1,1,1,1,777000,96000,542000,126000,5000,5380,HO6,2,60100,3,0,79600,43500,4,1,0,0
CLM00608,POL00608,CUS00608,2025-09-16,2025-09-24,Wind,0,180 NE 29th St,Miami-Dade,FL,33137,25.808606,-80.19234,11,4,Concrete Tile,Masonry,3850,Secondary Residence,341000,171,1,1,1,1,1,1,294000,38000,135000,54000,2500,6250,HO3,2,112400,1,0,35800,35000,12,1,0,0
CLM00609,POL00609,CUS00609,2024-11-29,2024-12-01,Wind,0,2901 NE 1st Ave,Miami-Dade,FL,33137,25.802168,-80.187402,72,6,Tile,Reinforced Concrete,1626,Owner Occupied,421000,190,1,1,1,1,1,1,319000,47000,189000,79000,2500,2870,HO6,0,0,1,0,20300,18100,2,1,0,0
CLM00610,POL00610,CUS00610,2025-02-08,2025-02-12,Hail,0,6501 S Westshore Blvd,Hillsborough,FL,33616,27.869022,-82.523216,34,14,Metal,Reinforced Concrete,1842,Owner Occupied,1261000,144,1,1,1,1,1,1,943000,140000,608000,256000,2500,2240,HO3,1,7000,0,2,14500,30400,3,1,0,1
CLM00611,POL00611,CUS00611,2022-01-28,2022-02-03,Water,0,218 NW 8th St,Miami-Dade,FL,33136,25.785132,-80.210772,72,4,Flat/TPO,Reinforced Concrete,1623,Tenant Occupied,1364000,53,1,0,1,1,1,1,1302000,0,689000,311000,2000,4380,HO5,1,94800,1,0,38500,33800,18,1,0,0
CLM00612,POL00612,CUS00612,2024-10-23,2024-10-27,Hurricane,0,1011 E Cumberland Ave,Hillsborough,FL,33602,27.948032,-82.463042,72,25,Tile,Masonry,1973,Owner Occupied,1094000,113,1,1,1,1,1,1,1005000,144000,608000,204000,5000,2460,HO3,0,0,0,0,19500,19100,5,1,0,0
CLM00613,POL00613,CUS00613,2025-09-30,2025-10-02,Hail,0,7511 Solstice Cir,Orange,FL,32821,28.411672,-81.46685,74,18,Concrete Tile,Masonry,3470,Owner Occupied,527000,57,1,1,1,1,1,1,497000,68000,310000,95000,2500,8480,HO3,0,0,0,0,15400,15100,7,1,0,0
CLM00614,POL00614,CUS00614,2025-03-08,2025-03-16,Hail,0,901 W Chestnut St,Hillsborough,FL,33607,27.956886,-82.501454,75,24,Concrete Tile,Masonry Veneer,2569,Owner Occupied,352000,15,1,1,1,1,1,1,284000,36000,165000,52000,10000,6480,HO3,0,0,0,0,46300,42300,12,1,1,1
CLM00615,POL00615,CUS00615,2023-07-02,2023-07-10,Water,0,6301 S Westshore Blvd,Hillsborough,FL,33616,27.867894,-82.52435,38,5,Concrete Tile,Concrete Block,2795,Tenant Occupied,1042000,57,1,1,1,1,1,1,750000,109000,410000,147000,1000,4480,HO6,0,0,0,0,8700,7000,18,1,0,0
CLM00616,POL00616,CUS00616,2022-05-27,2022-05-29,Water,0,10149 Arise Loop,Orange,FL,32837,28.397256,-81.42077,48,22,Metal,Reinforced Concrete,2929,Owner Occupied,1195000,190,1,1,1,1,1,1,1028000,121000,591000,261000,2500,9270,HO6,1,20400,1,0,13700,13200,14,1,0,0
CLM00617,POL00617,CUS00617,2022-05-01,2022-05-02,Fire,0,645 NW 1st St,Miami-Dade,FL,33128,25.768528,-80.198928,68,15,Tile,Masonry Veneer,2660,Tenant Occupied,932000,85,1,1,1,1,1,0,860000,83000,408000,194000,2000,8880,DP3,1,63300,0,0,145200,127700,16,1,0,0
CLM00618,POL00618,CUS00618,2024-12-17,2024-12-25,Lightning,0,218 NW 8th St,Miami-Dade,FL,33136,25.785132,-80.210772,71,19,Tile,Masonry Veneer,2317,Owner Occupied,1111000,102,1,1,1,1,1,1,819000,77000,535000,127000,5000,9200,HO5,2,43400,1,1,8500,9500,11,1,0,0
CLM00619,POL00619,CUS00619,2022-06-23,2022-07-01,Wind,0,7575 Universal Blvd,Orange,FL,32819,28.451704,-81.47356,11,11,Flat/TPO,Reinforced Concrete,2419,Owner Occupied,1001000,161,1,1,1,1,1,1,729000,84000,351000,136000,2500,8690,HO6,0,0,1,0,24200,23300,7,1,0,0
CLM00620,POL00620,CUS00620,2025-12-07,2025-12-11,Water,0,55 NE 2nd St,Miami-Dade,FL,33132,25.784184,-80.187508,67,26,Flat/TPO,Concrete Block,1683,Owner Occupied,700000,187,1,1,1,1,1,1,579000,79000,288000,143000,5000,3470,HO3,0,0,0,0,28300,28200,13,1,0,0
CLM00621,POL00621,CUS00621,2022-06-18,2022-07-08,Vandalism,0,710 NE 1st Ave,Miami-Dade,FL,33132,25.783848,-80.189314,3,3,Flat/TPO,Concrete Block,3259,Owner Occupied,279000,33,1,1,1,1,1,1,262000,34000,165000,40000,1000,6660,HO3,0,0,0,0,6600,6000,16,1,0,1
CLM00622,POL00622,CUS00622,2025-11-13,2025-11-29,Hurricane,0,3000 NE 2nd Ave,Miami-Dade,FL,33137,25.808936,-80.195094,75,6,Flat/TPO,Reinforced Concrete,1468,Secondary Residence,1001000,80,1,1,1,1,1,1,750000,68000,415000,125000,5000,3440,HO6,1,9800,1,0,120200,57100,16,1,0,1
CLM00623,POL00623,CUS00623,2024-10-10,2024-10-11,Hail,1,6970 SW 40th St,Miami-Dade,FL,33155,25.7421,-80.313298,14,14,Tile,Frame,2483,Secondary Residence,1405000,171,1,1,1,1,1,1,1249000,133000,693000,356000,2500,8290,HO3,0,0,2,0,23100,22800,10,1,0,0
CLM00624,POL00624,CUS00624,2022-04-22,2022-05-21,Vandalism,0,7511 Solstice Cir,Orange,FL,32821,28.411672,-81.46685,64,13,Asphalt Shingle,Masonry,4068,Owner Occupied,273000,126,1,1,1,1,1,1,245000,32000,153000,47000,5000,7720,HO5,0,0,0,0,3800,3900,14,1,0,0
CLM00625,POL00625,CUS00625,2024-03-12,2024-03-21,Hurricane,0,4000 Headwaters Way,Orange,FL,32837,28.386144,-81.418598,44,18,Metal,Reinforced Concrete,2516,Owner Occupied,401000,125,1,1,1,1,1,1,340000,40000,174000,61000,10000,5880,HO5,0,0,0,0,80300,76500,16,1,0,0
CLM00626,POL00626,CUS00626,2024-01-13,2024-01-21,Fire,0,4301 Urbana Dr,Orange,FL,32837,28.394856,-81.424922,53,13,Asphalt Shingle,Frame,3724,Owner Occupied,224000,42,1,1,1,1,1,1,163000,20000,82000,38000,2000,8430,HO3,1,39800,1,0,79600,80600,4,1,0,0
CLM00627,POL00627,CUS00627,2024-05-18,2024-05-25,Wind,0,6904 Ralston Pl Dr,Hillsborough,FL,33614,28.00581,-82.507956,45,25,Flat/TPO,Masonry Veneer,1940,Owner Occupied,284000,144,1,1,1,1,1,1,220000,30000,121000,56000,1500,8270,HO3,1,50600,0,0,27000,22500,5,1,0,0
CLM00628,POL00628,CUS00628,2022-02-03,2022-02-06,Water,0,710 NE 1st Ave,Miami-Dade,FL,33132,25.783848,-80.189314,56,22,Metal,Reinforced Concrete,3018,Owner Occupied,560000,61,1,0,1,1,1,1,458000,0,245000,104000,10000,7540,HO5,0,0,0,0,29800,24500,2,1,0,0
CLM00629,POL00629,CUS00629,2023-04-03,2023-04-03,Water,0,645 NW 1st St,Miami-Dade,FL,33128,25.768528,-80.198928,10,10,Concrete Tile,Frame,1309,Owner Occupied,371000,46,1,1,1,1,1,1,362000,44000,183000,69000,10000,4700,HO3,1,49500,1,0,6400,6200,5,1,0,0
CLM00630,POL00630,CUS00630,2022-09-27,2022-10-02,Hurricane,1,510 N Rome Ave,Hillsborough,FL,33606,27.930384,-82.488052,9,9,Concrete Tile,Masonry,3000,Owner Occupied,366000,79,1,1,1,1,1,1,273000,38000,152000,41000,10000,3760,HO6,1,110800,2,0,25900,65700,10,1,0,0
CLM00631,POL00631,CUS00631,2025-03-22,2025-03-26,Wind,0,9200 Randal Park Blvd,Orange,FL,32832,28.412212,-81.243592,9,9,Concrete Tile,Concrete Block,2861,Owner Occupied,431000,7,1,1,1,1,1,1,423000,63000,226000,99000,5000,6450,HO6,1,35700,0,0,8600,8400,6,1,1,0
CLM00632,POL00632,CUS00632,2025-05-04,2025-05-20,Fire,0,6501 S Westshore Blvd,Hillsborough,FL,33616,27.869022,-82.523216,20,3,Metal,Reinforced Concrete,3870,Owner Occupied,573000,25,1,1,1,1,1,1,482000,70000,312000,96000,1000,6830,HO6,2,107800,1,1,50000,55500,17,1,0,0
CLM00633,POL00633,CUS00633,2024-10-08,2024-10-11,Hail,1,452 NE 31st St,Miami-Dade,FL,33137,25.805582,-80.194716,70,16,Metal,Frame,3114,Owner Occupied,809000,110,1,1,1,1,1,1,670000,66000,302000,153000,2000,7080,HO3,2,42400,1,0,32500,39800,1,1,0,0
CLM00634,POL00634,CUS00634,2022-09-28,2022-10-14,Hurricane,1,4301 Urbana Dr,Orange,FL,32837,28.394856,-81.424922,75,2,Tile,Frame,2689,Owner Occupied,1282000,187,1,1,1,1,1,1,971000,78000,448000,148000,1500,9350,HO6,1,14800,2,0,98500,101200,1,1,0,0
CLM00635,POL00635,CUS00635,2024-01-31,2024-02-04,Hail,0,510 N Rome Ave,Hillsborough,FL,33606,27.930384,-82.488052,6,6,Flat/TPO,Concrete Block,1907,Owner Occupied,1314000,132,1,1,1,1,1,1,1099000,128000,560000,225000,2500,7290,HO3,2,134000,2,2,25000,22400,9,1,0,0
CLM00636,POL00636,CUS00636,2023-11-30,2023-12-09,Hail,0,1115 E Twiggs St,Hillsborough,FL,33602,27.951524,-82.459604,37,25,Asphalt Shingle,Concrete Block,4316,Owner Occupied,1135000,161,1,1,1,1,1,1,992000,86000,513000,273000,1500,5390,HO5,2,126000,1,1,34700,28600,13,1,0,1
CLM00637,POL00637,CUS00637,2025-05-09,2025-05-16,Wind,0,109 W Fortune St,Hillsborough,FL,33602,27.947222,-82.458452,14,14,Flat/TPO,Reinforced Concrete,4477,Owner Occupied,437000,90,1,1,1,1,1,1,417000,41000,219000,111000,1500,2450,HO5,0,0,1,1,6800,12300,16,1,0,0
CLM00638,POL00638,CUS00638,2023-12-04,2023-12-07,Wind,0,300 W Tyler St,Hillsborough,FL,33602,27.948668,-82.456928,64,26,Metal,Concrete Block,1603,Owner Occupied,740000,34,1,0,1,1,1,1,590000,0,291000,161000,2000,8520,HO5,1,27100,0,0,43200,44900,2,1,0,0
CLM00639,POL00639,CUS00639,2023-02-20,2023-02-23,Wind,0,6301 S Westshore Blvd,Hillsborough,FL,33616,27.867894,-82.52435,49,8,Flat/TPO,Masonry Veneer,2479,Owner Occupied,392000,164,1,1,1,1,0,0,295000,39000,181000,54000,10000,7990,DP3,0,0,1,0,20700,37200,16,1,0,0
CLM00640,POL00640,CUS00640,2023-12-06,2023-12-08,Wind,0,230 NE 4th St,Miami-Dade,FL,33132,25.781976,-80.192572,38,29,Concrete Tile,Masonry Veneer,3301,Owner Occupied,601000,124,1,1,1,1,1,1,507000,60000,236000,79000,1500,3260,HO5,2,91800,0,0,45900,46400,6,1,1,1
CLM00641,POL00641,CUS00641,2025-01-31,2025-02-02,Hail,0,300 W Tyler St,Hillsborough,FL,33602,27.948668,-82.456928,70,11,Concrete Tile,Masonry,2312,Owner Occupied,328000,100,1,1,1,1,1,1,322000,47000,217000,77000,1500,1820,HO6,1,54700,0,0,29200,23600,10,1,0,0
CLM00642,POL00642,CUS00642,2023-08-05,2023-08-13,Theft,0,6600 NW 7th St,Miami-Dade,FL,33126,25.778214,-80.295246,24,7,Metal,Concrete Block,3024,Owner Occupied,787000,109,1,1,1,1,1,1,726000,107000,500000,209000,2000,3640,HO6,1,68400,1,2,7500,13700,10,1,0,0
CLM00643,POL00643,CUS00643,2024-05-23,2024-05-28,Hurricane,0,8733 Rooks Park Cir,Hillsborough,FL,33619,27.936594,-82.36584,21,21,Flat/TPO,Frame,3497,Owner Occupied,260000,54,1,1,1,1,0,0,193000,28000,111000,53000,1500,2050,DP3,0,0,1,0,105600,100800,5,1,0,0
CLM00644,POL00644,CUS00644,2022-12-17,2022-12-23,Water,0,921 N Central Ave,Hillsborough,FL,33602,27.95189,-82.4639,31,22,Concrete Tile,Frame,1359,Owner Occupied,482000,36,1,1,1,1,1,1,454000,63000,284000,120000,2000,5950,HO6,0,0,0,0,34500,30800,3,1,0,0
CLM00645,POL00645,CUS00645,2023-10-25,2023-10-25,Freeze,0,12112 Sugarloaf Key St,Hillsborough,FL,33626,28.058486,-82.624672,20,20,Asphalt Shingle,Frame,4316,Owner Occupied,734000,134,1,0,1,1,1,1,577000,0,378000,163000,1000,2160,HO3,2,76900,1,0,22200,17800,10,1,0,0
CLM00646,POL00646,CUS00646,2025-02-03,2025-02-08,Wind,0,700 SW 1st St,Miami-Dade,FL,33130,25.76502,-80.207664,57,4,Concrete Tile,Frame,2880,Owner Occupied,430000,174,1,1,1,1,1,1,434000,48000,252000,85000,1000,6080,HO3,2,121900,0,0,29800,25800,11,1,0,0
CLM00647,POL00647,CUS00647,2023-01-12,2023-01-20,Fire,0,5127 W Tyson Ave,Hillsborough,FL,33611,27.888982,-82.504054,57,22,Metal,Reinforced Concrete,2776,Owner Occupied,1293000,181,1,1,1,1,1,1,1089000,119000,530000,167000,5000,9120,HO3,2,57600,0,0,323200,176300,8,1,0,1
CLM00648,POL00648,CUS00648,2024-04-28,2024-05-06,Fire,0,9200 Randal Park Blvd,Orange,FL,32832,28.412212,-81.243592,45,1,Tile,Concrete Block,1448,Secondary Residence,1317000,87,1,1,1,1,1,1,1137000,126000,686000,313000,2500,9690,HO6,1,71500,2,0,43300,35300,8,1,0,0
CLM00649,POL00649,CUS00649,2025-04-30,2025-05-07,Fire,0,700 SW 1st St,Miami-Dade,FL,33130,25.76502,-80.207664,34,25,Asphalt Shingle,Frame,1550,Secondary Residence,1374000,99,1,1,1,1,1,1,1079000,121000,702000,220000,2000,5010,HO6,2,104200,1,1,151300,134400,6,1,0,0
CLM00650,POL00650,CUS00650,2025-06-28,2025-08-14,Fire,0,7511 Solstice Cir,Orange,FL,32821,28.411672,-81.46685,67,3,Flat/TPO,Frame,2077,Owner Occupied,1325000,62,1,1,1,1,0,1,1050000,94000,635000,164000,2000,4170,DP3,2,88100,2,0,146600,182800,12,1,0,0
CLM00651,POL00651,CUS00651,2022-04-25,2022-04-28,Hurricane,0,3015 N Rocky Point Dr E,Hillsborough,FL,33607,27.964764,-82.501766,61,18,Tile,Masonry,2357,Owner Occupied,1315000,176,1,1,1,1,1,1,1321000,154000,888000,274000,10000,7300,HO5,0,0,0,0,102200,96000,6,1,0,0
CLM00652,POL00652,CUS00652,2024-09-12,2024-09-15,Water,0,10149 Arise Loop,Orange,FL,32837,28.397256,-81.42077,61,30,Concrete Tile,Concrete Block,2736,Secondary Residence,1175000,22,1,1,1,1,1,1,924000,118000,465000,247000,10000,5180,HO3,1,88700,1,0,91400,40100,15,1,1,1
CLM00653,POL00653,CUS00653,2025-07-05,2025-07-05,Hail,0,452 NE 31st St,Miami-Dade,FL,33137,25.805582,-80.194716,74,12,Asphalt Shingle,Masonry Veneer,3377,Owner Occupied,659000,52,1,1,1,1,0,0,583000,68000,267000,98000,2500,8700,DP3,1,43400,2,0,17900,21200,6,1,0,0
CLM00654,POL00654,CUS00654,2025-09-22,2025-09-25,Water,0,6600 NW 7th St,Miami-Dade,FL,33126,25.778214,-80.295246,61,6,Asphalt Shingle,Reinforced Concrete,4354,Secondary Residence,991000,66,1,1,1,1,0,0,847000,83000,588000,165000,2500,3810,DP3,0,0,0,1,16300,31600,16,1,0,0
CLM00655,POL00655,CUS00655,2023-03-20,2023-03-23,Water,0,2900 Biscayne Blvd,Miami-Dade,FL,33137,25.80518,-80.188488,21,21,Tile,Concrete Block,2991,Owner Occupied,1074000,97,1,1,1,1,1,1,826000,112000,563000,165000,1000,7250,HO6,1,74500,0,0,53500,43600,17,1,1,0
CLM00656,POL00656,CUS00656,2022-05-08,2022-06-13,Wind,0,733 Main Ln,Orange,FL,32801,28.546738,-81.375962,30,14,Metal,Masonry Veneer,1127,Owner Occupied,913000,74,1,1,1,1,1,1,763000,97000,344000,226000,7500,8570,HO3,2,155300,1,1,54600,50400,13,1,0,0
CLM00657,POL00657,CUS00657,2024-03-23,2024-03-30,Freeze,0,700 SW 1st St,Miami-Dade,FL,33130,25.76502,-80.207664,42,4,Tile,Concrete Block,2254,Owner Occupied,648000,117,1,1,1,1,1,1,624000,82000,423000,114000,2500,7470,HO3,1,51400,0,0,5900,7100,14,1,0,0
CLM00658,POL00658,CUS00658,2024-10-08,2024-10-09,Hurricane,1,2900 Biscayne Blvd,Miami-Dade,FL,33137,25.80518,-80.188488,61,2,Metal,Masonry,1918,Owner Occupied,966000,157,1,1,1,1,1,1,761000,104000,435000,163000,1500,2680,HO3,0,0,0,0,34600,39400,12,1,0,0
CLM00659,POL00659,CUS00659,2024-10-31,2024-11-14,Fire,0,2828 NW 1st Ave,Miami-Dade,FL,33127,25.79715,-80.197564,20,15,Concrete Tile,Masonry Veneer,2219,Owner Occupied,352000,19,1,1,1,1,1,1,347000,40000,201000,63000,5000,2280,HO6,2,142600,1,0,110400,117300,1,1,0,0
CLM00660,POL00660,CUS00660,2025-01-09,2025-01-15,Wind,0,2650 Dade Ave,Orange,FL,32804,28.583628,-81.389606,39,1,Concrete Tile,Masonry,1489,Tenant Occupied,1138000,159,1,1,1,1,0,0,1042000,101000,652000,180000,7500,6050,DP3,1,39500,1,0,40000,37500,9,1,0,0
CLM00661,POL00661,CUS00661,2025-11-12,2025-11-13,Fire,0,3131 NE 1st Ave,Miami-Dade,FL,33137,25.807112,-80.193906,34,32,Asphalt Shingle,Masonry Veneer,1439,Owner Occupied,859000,161,1,1,1,1,1,1,862000,70000,595000,160000,7500,5820,HO6,2,102900,2,0,83800,97100,18,1,0,0
CLM00662,POL00662,CUS00662,2022-07-04,2022-07-10,Fire,0,230 NE 4th St,Miami-Dade,FL,33132,25.781976,-80.192572,50,5,Concrete Tile,Masonry,4030,Owner Occupied,1105000,141,1,1,1,1,1,1,1084000,135000,579000,271000,2500,6780,HO3,1,42700,1,0,95800,106600,10,1,0,0
CLM00663,POL00663,CUS00663,2024-09-22,2024-09-25,Lightning,0,510 N Rome Ave,Hillsborough,FL,33606,27.930384,-82.488052,56,23,Tile,Masonry,4493,Owner Occupied,1014000,46,1,1,1,1,1,1,735000,60000,446000,208000,2000,3770,DP3,0,0,0,0,13000,13100,14,1,0,0
CLM00664,POL00664,CUS00664,2024-10-08,2024-10-12,Hurricane,1,10149 Arise Loop,Orange,FL,32837,28.397256,-81.42077,14,14,Concrete Tile,Reinforced Concrete,2246,Owner Occupied,554000,28,1,1,1,1,0,0,405000,52000,203000,95000,5000,3760,DP3,0,0,0,0,49800,61000,3,1,0,0
CLM00665,POL00665,CUS00665,2025-05-17,2025-06-10,Hail,0,180 NE 29th St,Miami-Dade,FL,33137,25.808606,-80.19234,8,8,Metal,Frame,3200,Secondary Residence,632000,116,1,1,1,1,1,1,552000,75000,306000,135000,7500,9760,HO3,0,0,0,0,41200,33200,16,1,0,1
CLM00666,POL00666,CUS00666,2024-09-25,2024-10-04,Wind,1,510 N Rome Ave,Hillsborough,FL,33606,27.930384,-82.488052,28,28,Tile,Reinforced Concrete,4047,Owner Occupied,1225000,44,1,1,1,1,1,1,1131000,107000,677000,249000,2500,6060,HO3,2,135700,2,0,15600,14900,4,1,0,0
CLM00667,POL00667,CUS00667,2024-02-09,2024-03-26,Hurricane,0,10149 Arise Loop,Orange,FL,32837,28.397256,-81.42077,52,18,Asphalt Shingle,Concrete Block,3246,Owner Occupied,348000,80,1,1,1,1,0,1,336000,42000,170000,100000,10000,2520,DP3,1,26700,0,0,15500,14400,16,1,0,0
CLM00668,POL00668,CUS00668,2024-12-17,2025-01-12,Hail,0,3219 S Orange Ave,Orange,FL,32806,28.517866,-81.366976,9,8,Concrete Tile,Masonry Veneer,858,Owner Occupied,944000,188,1,1,1,1,1,1,857000,89000,551000,196000,10000,9430,HO3,0,0,1,0,11300,11700,4,1,0,1
CLM00669,POL00669,CUS00669,2024-11-18,2024-11-24,Lightning,0,300 W Tyler St,Hillsborough,FL,33602,27.948668,-82.456928,12,12,Flat/TPO,Masonry Veneer,2892,Owner Occupied,1087000,25,1,1,1,1,1,1,1021000,124000,497000,233000,10000,3300,HO3,2,49900,1,0,62000,36800,3,1,0,0
CLM00670,POL00670,CUS00670,2025-05-24,2025-05-25,Freeze,0,5127 W Tyson Ave,Hillsborough,FL,33611,27.888982,-82.504054,37,4,Tile,Masonry,3088,Tenant Occupied,459000,80,1,1,1,1,1,1,379000,42000,249000,62000,10000,6930,HO3,2,175400,1,1,26200,31900,13,1,0,0
CLM00671,POL00671,CUS00671,2023-03-27,2023-04-05,Wind,0,645 NW 1st St,Miami-Dade,FL,33128,25.768528,-80.198928,14,14,Asphalt Shingle,Reinforced Concrete,2081,Secondary Residence,263000,44,1,1,1,1,1,1,195000,20000,130000,36000,5000,9310,HO3,3,269900,0,2,42300,35700,17,1,0,0
CLM00672,POL00672,CUS00672,2024-10-09,2024-11-14,Hurricane,1,180 NE 29th St,Miami-Dade,FL,33137,25.808606,-80.19234,12,12,Metal,Masonry Veneer,3519,Owner Occupied,876000,141,1,1,1,1,1,1,775000,102000,387000,184000,1000,9720,HO3,1,74600,0,1,70700,65200,17,1,0,0
CLM00673,POL00673,CUS00673,2025-03-11,2025-03-16,Hurricane,0,921 N Central Ave,Hillsborough,FL,33602,27.95189,-82.4639,24,23,Flat/TPO,Frame,3253,Owner Occupied,1237000,88,1,1,1,1,1,1,1065000,159000,729000,217000,5000,8880,HO3,2,46200,2,1,111300,106700,12,1,0,0
CLM00674,POL00674,CUS00674,2022-03-23,2022-03-28,Water,0,9505 Axis Way,Orange,FL,32837,28.396944,-81.417614,48,8,Flat/TPO,Reinforced Concrete,3813,Secondary Residence,304000,23,1,1,1,1,1,1,251000,31000,172000,50000,7500,2370,HO6,0,0,0,0,40100,42000,5,1,0,0
CLM00675,POL00675,CUS00675,2022-03-15,2022-03-24,Wind,0,30 SW 1st St,Miami-Dade,FL,33130,25.765842,-80.208492,39,29,Tile,Frame,2271,Owner Occupied,1418000,43,1,1,1,1,1,1,1099000,148000,650000,253000,2000,8350,HO6,2,106700,1,0,68900,34500,6,1,0,0
CLM00676,POL00676,CUS00676,2022-11-09,2022-11-14,Vandalism,0,901 W Chestnut St,Hillsborough,FL,33607,27.956886,-82.501454,37,23,Asphalt Shingle,Masonry,4309,Secondary Residence,787000,168,1,1,1,1,1,1,807000,86000,490000,168000,2000,5510,HO6,1,29800,0,0,8400,7600,3,1,0,0
CLM00677,POL00677,CUS00677,2025-06-17,2025-07-10,Wind,0,355 N Rosalind Ave,Orange,FL,32801,28.545514,-81.378134,19,4,Metal,Frame,2068,Owner Occupied,266000,124,1,1,1,1,1,1,261000,22000,148000,46000,2000,4750,HO3,0,0,0,0,24100,46100,14,1,0,0
CLM00678,POL00678,CUS00678,2024-01-22,2024-03-02,Vandalism,0,510 N Rome Ave,Hillsborough,FL,33606,27.930384,-82.488052,44,8,Concrete Tile,Reinforced Concrete,844,Owner Occupied,818000,73,1,1,1,1,1,1,632000,73000,384000,183000,1500,9180,HO6,1,48500,1,0,7600,7700,3,1,0,0
CLM00679,POL00679,CUS00679,2023-03-01,2023-03-06,Fire,0,6600 NW 7th St,Miami-Dade,FL,33126,25.778214,-80.295246,30,30,Flat/TPO,Masonry Veneer,1973,Owner Occupied,584000,102,1,1,1,1,1,1,513000,43000,341000,97000,7500,4310,HO3,2,45000,0,0,354800,155800,3,1,1,0
CLM00680,POL00680,CUS00680,2023-08-27,2023-09-04,Vandalism,0,12112 Sugarloaf Key St,Hillsborough,FL,33626,28.058486,-82.624672,51,27,Metal,Masonry Veneer,4166,Secondary Residence,738000,98,1,0,1,1,1,1,591000,0,324000,115000,1000,5970,HO3,1,87900,2,1,9500,10900,13,1,0,0
CLM00681,POL00681,CUS00681,2024-04-07,2024-05-17,Lightning,0,2633 Azalea Garden Pl,Hillsborough,FL,33619,27.938868,-82.369974,26,2,Asphalt Shingle,Masonry,1836,Secondary Residence,823000,155,1,0,1,1,1,1,621000,0,346000,178000,2500,6300,HO3,1,14200,1,0,32000,29800,6,1,0,0
CLM00682,POL00682,CUS00682,2022-10-21,2022-10-22,Vandalism,0,4301 Urbana Dr,Orange,FL,32837,28.394856,-81.424922,48,29,Concrete Tile,Frame,2086,Owner Occupied,521000,132,1,0,1,1,1,1,383000,0,218000,59000,1500,4430,HO3,2,105400,1,1,8600,7000,3,1,0,0
CLM00683,POL00683,CUS00683,2024-07-02,2024-07-09,Wind,0,30 SW 1st St,Miami-Dade,FL,33130,25.765842,-80.208492,55,13,Tile,Masonry Veneer,2252,Tenant Occupied,1423000,48,1,1,1,1,1,1,1033000,85000,553000,304000,1500,9050,HO3,0,0,0,0,98000,47900,10,1,1,0
CLM00684,POL00684,CUS00684,2023-10-18,2023-10-24,Fire,0,30 SW 1st St,Miami-Dade,FL,33130,25.765842,-80.208492,50,2,Concrete Tile,Reinforced Concrete,2739,Secondary Residence,684000,16,1,1,1,1,1,1,548000,64000,253000,157000,2000,5200,HO3,0,0,0,0,51000,42200,14,1,0,0
CLM00685,POL00685,CUS00685,2022-05-26,2022-06-01,Theft,0,452 NE 31st St,Miami-Dade,FL,33137,25.805582,-80.194716,41,14,Tile,Concrete Block,3776,Owner Occupied,586000,69,1,1,1,1,1,1,571000,50000,273000,158000,1000,4060,HO6,1,67600,2,0,31700,28300,3,1,0,0
CLM00686,POL00686,CUS00686,2025-11-22,2025-11-23,Water,0,9200 Randal Park Blvd,Orange,FL,32832,28.412212,-81.243592,47,19,Asphalt Shingle,Masonry Veneer,3952,Owner Occupied,540000,159,1,1,1,1,1,1,452000,52000,281000,98000,5000,3480,HO3,0,0,1,2,11400,11800,10,1,0,0
CLM00687,POL00687,CUS00687,2022-03-18,2022-05-04,Water,0,2900 Biscayne Blvd,Miami-Dade,FL,33137,25.80518,-80.188488,58,12,Flat/TPO,Masonry Veneer,1441,Owner Occupied,1395000,122,1,0,1,1,1,1,1017000,0,525000,273000,1500,9580,HO6,2,82400,3,0,37300,45000,5,1,0,1
CLM00688,POL00688,CUS00688,2022-03-03,2022-03-18,Hurricane,0,700 SW 1st St,Miami-Dade,FL,33130,25.76502,-80.207664,37,3,Concrete Tile,Reinforced Concrete,3861,Owner Occupied,751000,113,1,1,1,1,1,1,686000,98000,386000,185000,7500,4480,HO3,1,83500,0,0,32000,27900,18,1,0,0
CLM00689,POL00689,CUS00689,2023-01-30,2023-03-12,Wind,0,921 N Central Ave,Hillsborough,FL,33602,27.95189,-82.4639,33,31,Metal,Frame,2257,Owner Occupied,253000,65,1,1,1,1,1,1,250000,36000,174000,50000,1000,7510,HO6,1,43900,0,1,47800,54300,18,1,0,0
CLM00690,POL00690,CUS00690,2022-08-28,2022-08-28,Vandalism,0,5009 Park Central Dr,Orange,FL,32839,28.48606,-81.403886,29,29,Metal,Masonry,4200,Tenant Occupied,352000,158,1,1,1,1,1,1,279000,28000,135000,53000,1000,2330,HO6,0,0,0,0,20700,22000,7,1,0,0
CLM00691,POL00691,CUS00691,2023-04-04,2023-04-10,Vandalism,0,2828 NW 1st Ave,Miami-Dade,FL,33127,25.79715,-80.197564,16,16,Metal,Frame,2275,Owner Occupied,1411000,75,1,1,1,1,1,1,1377000,186000,634000,305000,2500,4510,HO3,0,0,1,0,16600,15700,8,1,0,0
CLM00692,POL00692,CUS00692,2023-10-17,2023-10-21,Water,0,10149 Arise Loop,Orange,FL,32837,28.397256,-81.42077,9,9,Asphalt Shingle,Frame,1190,Owner Occupied,495000,158,1,1,1,1,1,1,447000,48000,310000,87000,1500,2300,HO3,1,29500,0,0,9900,10100,1,1,0,0
CLM00693,POL00693,CUS00693,2024-10-09,2024-10-15,Hail,1,520 E Church St,Orange,FL,32801,28.542388,-81.368972,18,3,Metal,Concrete Block,3237,Secondary Residence,762000,180,1,1,1,1,1,1,551000,66000,280000,92000,2500,7460,HO5,1,55600,1,0,23500,21300,9,1,1,1
CLM00694,POL00694,CUS00694,2025-05-30,2025-06-06,Theft,0,109 W Fortune St,Hillsborough,FL,33602,27.947222,-82.458452,70,18,Concrete Tile,Frame,2078,Owner Occupied,554000,46,1,1,1,1,1,1,457000,66000,291000,74000,1000,7680,HO6,0,0,0,0,16800,31500,1,1,0,0
CLM00695,POL00695,CUS00695,2023-04-09,2023-04-15,Water,0,180 NE 29th St,Miami-Dade,FL,33137,25.808606,-80.19234,27,12,Metal,Reinforced Concrete,4081,Tenant Occupied,330000,189,1,0,1,1,1,1,250000,0,171000,38000,10000,5510,HO3,0,0,0,0,50400,42900,5,1,0,0
CLM00696,POL00696,CUS00696,2025-06-26,2025-06-29,Wind,0,452 NE 31st St,Miami-Dade,FL,33137,25.805582,-80.194716,24,21,Tile,Masonry Veneer,4209,Owner Occupied,439000,82,1,1,1,1,1,1,326000,28000,224000,60000,10000,3120,HO3,0,0,0,0,38100,22500,2,1,0,0
CLM00697,POL00697,CUS00697,2023-09-10,2023-09-19,Wind,0,733 Main Ln,Orange,FL,32801,28.546738,-81.375962,55,10,Concrete Tile,Concrete Block,4190,Tenant Occupied,413000,102,1,1,1,1,1,1,385000,41000,188000,97000,7500,2630,HO3,2,80100,1,0,41100,42000,5,1,0,0
CLM00698,POL00698,CUS00698,2025-01-12,2025-01-31,Hurricane,0,520 E Church St,Orange,FL,32801,28.542388,-81.368972,26,10,Concrete Tile,Concrete Block,2134,Owner Occupied,835000,143,1,1,1,1,1,1,718000,105000,362000,196000,2500,8150,HO3,2,175000,0,0,29000,26100,14,1,0,0
CLM00699,POL00699,CUS00699,2025-10-14,2025-10-22,Wind,0,1115 E Twiggs St,Hillsborough,FL,33602,27.951524,-82.459604,73,30,Tile,Concrete Block,1932,Owner Occupied,1438000,85,1,1,1,1,1,1,1213000,176000,756000,254000,1000,7760,HO3,1,11500,1,0,8000,16500,8,1,0,0
CLM00700,POL00700,CUS00700,2024-10-08,2024-10-14,Hurricane,1,6970 SW 40th St,Miami-Dade,FL,33155,25.7421,-80.313298,43,25,Metal,Masonry,2610,Owner Occupied,735000,145,1,1,1,1,1,1,703000,99000,360000,142000,5000,3560,HO5,0,0,0,0,52800,50400,12,1,0,0
CLM00701,POL00701,CUS00701,2025-09-09,2025-09-14,Lightning,0,520 E Church St,Orange,FL,32801,28.542388,-81.368972,30,23,Tile,Concrete Block,843,Owner Occupied,428000,131,1,1,1,1,1,0,355000,40000,211000,96000,5000,3440,DP3,1,7800,1,0,15200,15100,7,1,0,0
CLM00702,POL00702,CUS00702,2023-04-26,2023-04-27,Water,0,101 W Beach Pl,Hillsborough,FL,33606,27.939852,-82.48549,42,18,Concrete Tile,Reinforced Concrete,1102,Owner Occupied,595000,138,1,0,1,1,1,1,578000,0,384000,153000,1500,7630,HO6,0,0,0,0,15900,15700,2,1,0,0
CLM00703,POL00703,CUS00703,2025-04-05,2025-04-11,Hail,0,452 NE 31st St,Miami-Dade,FL,33137,25.805582,-80.194716,62,2,Flat/TPO,Masonry,3799,Owner Occupied,913000,24,1,1,1,1,1,1,669000,87000,468000,112000,7500,3690,HO6,0,0,0,0,6800,7400,10,1,1,0
CLM00704,POL00704,CUS00704,2022-09-30,2022-10-09,Fire,0,30 SW 1st St,Miami-Dade,FL,33130,25.765842,-80.208492,40,6,Tile,Concrete Block,4025,Owner Occupied,665000,31,1,1,1,1,1,1,657000,91000,452000,196000,5000,8450,HO6,0,0,0,0,130900,155900,4,1,0,0
CLM00705,POL00705,CUS00705,2025-02-16,2025-02-17,Vandalism,0,1011 E Cumberland Ave,Hillsborough,FL,33602,27.948032,-82.463042,9,9,Tile,Reinforced Concrete,3092,Owner Occupied,937000,182,1,1,1,1,1,1,896000,126000,468000,144000,7500,4970,HO3,1,10700,1,1,19500,16000,12,1,0,0
CLM00706,POL00706,CUS00706,2022-04-26,2022-04-29,Water,0,4301 Urbana Dr,Orange,FL,32837,28.394856,-81.424922,48,23,Tile,Masonry,3220,Owner Occupied,723000,51,1,1,1,1,1,1,655000,79000,321000,152000,2500,4240,HO3,0,0,0,0,13200,12100,15,1,0,0
CLM00707,POL00707,CUS00707,2022-07-07,2022-07-13,Water,0,30 SW 1st St,Miami-Dade,FL,33130,25.765842,-80.208492,67,13,Metal,Frame,2200,Owner Occupied,769000,35,1,1,1,1,1,1,722000,91000,331000,208000,1000,8570,HO3,3,102100,2,2,31700,38200,11,1,1,1
CLM00708,POL00708,CUS00708,2025-04-25,2025-04-29,Hail,0,1211 E Kennedy Blvd,Hillsborough,FL,33602,27.950366,-82.46105,5,4,Metal,Masonry Veneer,3573,Tenant Occupied,1254000,98,1,1,1,1,1,1,932000,111000,620000,150000,2500,7890,HO3,0,0,1,0,30400,37300,7,1,0,0
CLM00709,POL00709,CUS00709,2022-01-28,2022-02-04,Water,0,5009 Park Central Dr,Orange,FL,32839,28.48606,-81.403886,33,8,Tile,Concrete Block,4311,Owner Occupied,1018000,120,1,1,1,1,1,1,919000,80000,432000,145000,7500,4790,HO5,0,0,0,1,31500,25200,13,1,0,0
CLM00710,POL00710,CUS00710,2022-05-11,2022-05-16,Hail,0,355 N Rosalind Ave,Orange,FL,32801,28.545514,-81.378134,33,7,Concrete Tile,Concrete Block,1701,Tenant Occupied,1053000,131,1,1,1,1,0,0,1009000,114000,507000,174000,1000,8140,DP3,3,198100,1,0,33500,31200,17,1,0,0
CLM00711,POL00711,CUS00711,2022-01-25,2022-01-30,Fire,0,9931 W Flagler St,Miami-Dade,FL,33174,25.75642,-80.352414,24,18,Metal,Concrete Block,3231,Owner Occupied,1212000,42,1,1,1,1,1,1,1162000,165000,763000,222000,5000,4010,HO3,1,78300,0,1,179900,161800,13,1,0,0
CLM00712,POL00712,CUS00712,2023-02-26,2023-03-02,Freeze,0,520 E Church St,Orange,FL,32801,28.542388,-81.368972,28,23,Flat/TPO,Reinforced Concrete,2109,Owner Occupied,1184000,145,1,1,1,1,1,1,980000,85000,480000,229000,10000,7800,HO3,4,71300,0,0,41100,34800,2,1,0,0
CLM00713,POL00713,CUS00713,2024-10-26,2024-11-03,Water,0,1211 E Kennedy Blvd,Hillsborough,FL,33602,27.950366,-82.46105,38,28,Concrete Tile,Concrete Block,1753,Owner Occupied,1026000,33,1,1,1,1,1,1,917000,126000,605000,250000,2000,8680,HO3,3,119300,2,0,35200,41100,15,1,1,1
CLM00714,POL00714,CUS00714,2025-09-28,2025-10-03,Lightning,0,9931 W Flagler St,Miami-Dade,FL,33174,25.75642,-80.352414,38,12,Tile,Frame,2702,Owner Occupied,479000,110,1,1,1,1,1,1,476000,49000,227000,106000,10000,8790,HO3,1,32400,0,0,16200,33900,14,1,0,0
CLM00715,POL00715,CUS00715,2025-03-19,2025-03-28,Water,0,2633 Azalea Garden Pl,Hillsborough,FL,33619,27.938868,-82.369974,31,28,Concrete Tile,Reinforced Concrete,4487,Tenant Occupied,242000,129,1,1,1,1,1,1,234000,31000,119000,46000,2500,3870,HO6,0,0,1,0,7400,8000,11,1,0,0
CLM00716,POL00716,CUS00716,2022-04-15,2022-04-15,Wind,0,101 Lake Ave,Orange,FL,32801,28.539466,-81.369524,37,25,Asphalt Shingle,Masonry,4359,Owner Occupied,899000,56,1,1,1,1,1,1,702000,67000,345000,134000,5000,7500,HO3,2,49200,2,0,22000,44400,3,1,0,0
CLM00717,POL00717,CUS00717,2024-05-07,2024-05-13,Wind,0,6904 Ralston Pl Dr,Hillsborough,FL,33614,28.00581,-82.507956,36,31,Metal,Reinforced Concrete,1775,Secondary Residence,1095000,114,1,1,1,1,1,1,1024000,144000,522000,243000,5000,5870,HO3,2,128700,2,0,26500,31700,11,1,0,0
CLM00718,POL00718,CUS00718,2023-03-17,2023-03-20,Water,0,5127 W Tyson Ave,Hillsborough,FL,33611,27.888982,-82.504054,66,28,Concrete Tile,Masonry,1750,Owner Occupied,843000,65,1,1,1,1,1,1,719000,103000,432000,190000,2500,3390,HO5,2,94800,0,0,40200,45300,18,1,0,0
CLM00719,POL00719,CUS00719,2025-09-22,2025-09-22,Vandalism,0,109 W Fortune St,Hillsborough,FL,33602,27.947222,-82.458452,71,3,Metal,Masonry Veneer,3133,Owner Occupied,1055000,25,1,1,1,1,1,1,957000,126000,454000,229000,2000,9760,HO5,1,54600,0,0,6000,5900,10,1,0,0
CLM00720,POL00720,CUS00720,2025-03-13,2025-03-20,Hurricane,0,180 NE 29th St,Miami-Dade,FL,33137,25.808606,-80.19234,14,14,Flat/TPO,Concrete Block,1466,Owner Occupied,1045000,160,1,1,1,1,1,1,953000,88000,611000,240000,7500,2340,HO3,2,145200,0,1,35700,37800,14,1,0,0
CLM00721,POL00721,CUS00721,2024-07-30,2024-08-06,Theft,0,230 NE 4th St,Miami-Dade,FL,33132,25.781976,-80.192572,67,26,Asphalt Shingle,Masonry,1155,Owner Occupied,697000,185,1,1,1,1,1,1,634000,55000,401000,150000,5000,2380,HO5,1,9200,1,1,21700,23600,15,1,0,0
CLM00722,POL00722,CUS00722,2023-06-01,2023-06-05,Hurricane,0,8733 Rooks Park Cir,Hillsborough,FL,33619,27.936594,-82.36584,34,16,Asphalt Shingle,Masonry Veneer,2385,Owner Occupied,620000,7,1,0,1,1,1,1,486000,0,323000,139000,1000,4940,HO3,2,173300,0,0,93800,53800,6,1,0,0
CLM00723,POL00723,CUS00723,2024-10-09,2024-10-14,Hail,1,30 SW 1st St,Miami-Dade,FL,33130,25.765842,-80.208492,42,1,Flat/TPO,Masonry,1047,Secondary Residence,1355000,74,1,1,1,1,1,1,1186000,132000,602000,337000,5000,5290,HO5,2,129700,1,0,37000,31000,7,1,0,0
CLM00724,POL00724,CUS00724,2025-05-16,2025-05-25,Water,0,733 Main Ln,Orange,FL,32801,28.546738,-81.375962,68,22,Flat/TPO,Masonry,1852,Owner Occupied,1443000,38,1,1,1,1,1,1,1182000,147000,682000,309000,1000,6060,HO3,2,38400,1,0,22700,21800,13,1,0,0
CLM00725,POL00725,CUS00725,2022-12-07,2022-12-13,Fire,0,510 N Rome Ave,Hillsborough,FL,33606,27.930384,-82.488052,21,11,Tile,Masonry Veneer,3187,Owner Occupied,539000,188,1,1,1,1,1,1,499000,42000,280000,139000,5000,6480,HO3,1,67100,0,0,103800,107000,8,1,0,0
CLM00726,POL00726,CUS00726,2023-07-05,2023-07-14,Wind,0,1115 E Twiggs St,Hillsborough,FL,33602,27.951524,-82.459604,29,29,Concrete Tile,Masonry Veneer,3089,Owner Occupied,653000,105,1,1,1,1,1,1,581000,71000,303000,169000,2500,7920,HO3,0,0,2,1,26800,21700,13,1,0,0
CLM00727,POL00727,CUS00727,2023-09-29,2023-10-02,Water,0,1115 E Twiggs St,Hillsborough,FL,33602,27.951524,-82.459604,39,2,Asphalt Shingle,Masonry,2412,Owner Occupied,522000,184,1,1,1,1,1,1,480000,67000,330000,128000,1000,6500,HO3,2,157800,3,1,13100,12600,12,1,0,1
CLM00728,POL00728,CUS00728,2022-11-29,2022-12-06,Vandalism,0,645 NW 1st St,Miami-Dade,FL,33128,25.768528,-80.198928,73,30,Tile,Reinforced Concrete,2411,Owner Occupied,1166000,185,1,1,1,1,1,1,850000,103000,488000,229000,5000,5830,HO5,0,0,0,0,15500,14300,14,1,0,0
CLM00729,POL00729,CUS00729,2023-08-09,2023-08-09,Fire,0,5127 W Tyson Ave,Hillsborough,FL,33611,27.888982,-82.504054,31,11,Flat/TPO,Masonry,3414,Owner Occupied,418000,51,1,1,1,1,1,1,424000,42000,230000,114000,2000,2050,HO3,1,70500,1,0,40200,39300,17,1,0,0
CLM00730,POL00730,CUS00730,2022-09-25,2022-10-03,Water,0,5009 Park Central Dr,Orange,FL,32839,28.48606,-81.403886,49,6,Metal,Masonry Veneer,2380,Secondary Residence,923000,159,1,1,1,1,1,1,707000,72000,468000,193000,10000,2340,HO3,0,0,0,0,33200,29200,3,1,1,0
CLM00731,POL00731,CUS00731,2024-08-24,2024-08-26,Water,0,3000 NE 2nd Ave,Miami-Dade,FL,33137,25.808936,-80.195094,40,14,Asphalt Shingle,Masonry Veneer,2199,Owner Occupied,1445000,148,1,1,1,1,1,1,1126000,122000,709000,248000,1500,2430,HO3,0,0,0,0,76600,35400,16,1,0,0
CLM00732,POL00732,CUS00732,2023-03-01,2023-03-05,Water,0,355 N Rosalind Ave,Orange,FL,32801,28.545514,-81.378134,23,6,Metal,Masonry,2340,Owner Occupied,720000,132,1,1,1,1,0,1,633000,86000,296000,135000,1000,4280,DP3,1,46200,1,0,78800,33600,6,1,0,0
CLM00733,POL00733,CUS00733,2024-10-21,2024-12-04,Hail,0,700 SW 1st St,Miami-Dade,FL,33130,25.76502,-80.207664,70,7,Flat/TPO,Reinforced Concrete,2064,Owner Occupied,1116000,152,1,1,1,1,1,1,910000,101000,555000,220000,1500,2330,HO3,2,31300,0,1,12600,14600,1,1,0,1
CLM00734,POL00734,CUS00734,2022-04-15,2022-05-02,Theft,0,2050 Jake St,Orange,FL,32814,28.560782,-81.32269,70,30,Concrete Tile,Masonry,1390,Owner Occupied,366000,190,1,1,1,1,1,1,330000,47000,196000,66000,2000,7770,HO6,1,86400,0,0,60700,28900,4,1,0,0
CLM00735,POL00735,CUS00735,2024-06-24,2024-06-27,Wind,0,2050 Jake St,Orange,FL,32814,28.560782,-81.32269,61,5,Tile,Masonry,2846,Tenant Occupied,1364000,16,1,1,1,1,1,1,1133000,128000,783000,248000,2000,8160,HO3,2,140600,1,0,33900,37500,3,1,0,0
CLM00736,POL00736,CUS00736,2023-06-07,2023-06-09,Theft,0,8733 Rooks Park Cir,Hillsborough,FL,33619,27.936594,-82.36584,5,5,Metal,Frame,2503,Owner Occupied,969000,36,1,1,1,1,1,1,974000,115000,618000,181000,5000,2900,HO3,0,0,0,0,5900,6400,4,1,1,0
CLM00737,POL00737,CUS00737,2024-06-30,2024-08-13,Water,0,9567 Sunbelt St,Hillsborough,FL,33635,28.022792,-82.61563,13,13,Concrete Tile,Frame,2109,Secondary Residence,1105000,110,1,1,1,1,1,1,1008000,115000,529000,238000,2000,7410,HO5,0,0,0,0,38400,35400,18,1,0,1
CLM00738,POL00738,CUS00738,2025-02-08,2025-02-17,Wind,0,2900 Biscayne Blvd,Miami-Dade,FL,33137,25.80518,-80.188488,30,17,Metal,Reinforced Concrete,2528,Tenant Occupied,881000,183,1,1,1,1,1,1,675000,77000,346000,113000,10000,8700,HO6,1,8700,1,0,58000,49600,17,1,0,0
CLM00739,POL00739,CUS00739,2022-03-14,2022-03-18,Water,0,101 Lake Ave,Orange,FL,32801,28.539466,-81.369524,52,22,Metal,Masonry Veneer,3513,Owner Occupied,1417000,18,1,1,1,1,1,1,1386000,124000,649000,393000,2500,8390,HO5,3,190200,3,1,38100,33300,16,1,0,0
CLM00740,POL00740,CUS00740,2022-04-25,2022-04-28,Hail,0,700 SW 1st St,Miami-Dade,FL,33130,25.76502,-80.207664,49,6,Asphalt Shingle,Concrete Block,2242,Owner Occupied,1420000,146,1,1,1,1,1,1,1092000,115000,686000,196000,1000,5470,HO3,1,52600,1,1,28400,35000,7,1,0,0
CLM00741,POL00741,CUS00741,2025-06-29,2025-07-08,Theft,0,355 N Rosalind Ave,Orange,FL,32801,28.545514,-81.378134,72,3,Flat/TPO,Masonry,4362,Owner Occupied,1261000,6,1,1,1,1,1,1,1103000,121000,746000,168000,2000,5900,HO5,1,51500,1,0,4600,12100,11,1,0,0
CLM00742,POL00742,CUS00742,2025-11-18,2025-11-21,Vandalism,0,8733 Rooks Park Cir,Hillsborough,FL,33619,27.936594,-82.36584,10,10,Asphalt Shingle,Masonry Veneer,2329,Owner Occupied,849000,82,1,1,1,1,1,1,777000,115000,490000,134000,2000,1990,HO3,2,151100,1,1,28600,29000,6,1,0,0
CLM00743,POL00743,CUS00743,2022-04-07,2022-04-14,Lightning,0,109 W Fortune St,Hillsborough,FL,33602,27.947222,-82.458452,68,6,Tile,Masonry,3457,Secondary Residence,1328000,115,1,1,1,1,1,1,1079000,159000,689000,269000,1000,4430,HO6,3,88100,1,0,19900,23800,16,1,0,0
CLM00744,POL00744,CUS00744,2022-02-23,2022-02-26,Water,0,9931 W Flagler St,Miami-Dade,FL,33174,25.75642,-80.352414,66,23,Flat/TPO,Concrete Block,2975,Tenant Occupied,514000,76,1,1,1,1,1,1,473000,68000,276000,75000,2000,8670,HO3,2,151600,1,0,46800,26400,11,1,0,0
CLM00745,POL00745,CUS00745,2024-07-27,2024-08-04,Fire,0,9567 Sunbelt St,Hillsborough,FL,33635,28.022792,-82.61563,57,30,Asphalt Shingle,Frame,1140,Owner Occupied,892000,24,1,1,1,1,1,1,875000,118000,511000,199000,7500,2360,HO3,1,112400,2,0,57500,58900,5,1,1,0
CLM00746,POL00746,CUS00746,2025-09-02,2025-09-05,Freeze,0,9200 Randal Park Blvd,Orange,FL,32832,28.412212,-81.243592,74,9,Concrete Tile,Masonry,1636,Owner Occupied,261000,32,1,1,1,1,1,1,245000,29000,121000,40000,7500,3770,HO3,2,91200,2,0,13800,16700,11,1,0,0
CLM00747,POL00747,CUS00747,2023-06-29,2023-06-30,Wind,0,101 Lake Ave,Orange,FL,32801,28.539466,-81.369524,10,10,Concrete Tile,Frame,2794,Tenant Occupied,897000,116,1,1,1,1,1,1,655000,83000,420000,114000,2500,9620,HO3,0,0,0,1,31900,29700,4,1,0,0
CLM00748,POL00748,CUS00748,2025-01-28,2025-02-05,Theft,0,520 E Church St,Orange,FL,32801,28.542388,-81.368972,67,15,Metal,Reinforced Concrete,1369,Owner Occupied,788000,188,1,1,1,1,1,1,675000,100000,420000,104000,7500,5010,HO3,0,0,0,0,22600,23600,7,1,0,0
CLM00749,POL00749,CUS00749,2025-03-16,2025-03-25,Theft,0,9505 Axis Way,Orange,FL,32837,28.396944,-81.417614,15,15,Flat/TPO,Masonry,1790,Owner Occupied,1294000,62,1,1,1,1,1,1,963000,117000,449000,227000,7500,2540,HO6,0,0,0,0,25900,31600,10,1,0,0
CLM00750,POL00750,CUS00750,2023-10-31,2023-10-31,Wind,0,2650 Dade Ave,Orange,FL,32804,28.583628,-81.389606,10,10,Metal,Frame,1130,Owner Occupied,274000,50,1,1,1,1,1,1,266000,32000,182000,62000,5000,1930,HO5,0,0,1,0,59500,56100,7,1,0,0
CLM00751,POL00751,CUS00751,2022-03-10,2022-03-11,Wind,0,7575 Universal Blvd,Orange,FL,32819,28.451704,-81.47356,3,3,Tile,Concrete Block,3461,Owner Occupied,604000,183,1,1,1,1,0,0,502000,70000,347000,145000,1000,8510,DP3,2,95300,1,1,90700,53000,4,1,1,1
CLM00752,POL00752,CUS00752,2023-05-07,2023-05-16,Water,0,9505 Axis Way,Orange,FL,32837,28.396944,-81.417614,73,2,Concrete Tile,Reinforced Concrete,1799,Owner Occupied,310000,93,1,1,1,1,1,1,300000,37000,167000,53000,2500,2680,HO3,2,110700,0,0,69400,31000,8,1,0,0
CLM00753,POL00753,CUS00753,2023-11-07,2023-11-13,Water,0,5127 W Tyson Ave,Hillsborough,FL,33611,27.888982,-82.504054,61,2,Asphalt Shingle,Concrete Block,3834,Owner Occupied,372000,151,1,1,1,1,1,1,374000,43000,257000,102000,1000,5560,HO6,2,90900,1,1,5900,13200,14,1,0,0
CLM00754,POL00754,CUS00754,2022-05-12,2022-05-17,Water,0,3219 S Orange Ave,Orange,FL,32806,28.517866,-81.366976,6,5,Flat/TPO,Masonry Veneer,3670,Owner Occupied,912000,126,1,1,1,1,1,1,829000,115000,463000,234000,10000,4300,HO3,0,0,0,0,10500,11000,15,1,0,0
CLM00755,POL00755,CUS00755,2025-08-13,2025-08-19,Water,0,7511 Solstice Cir,Orange,FL,32821,28.411672,-81.46685,61,25,Tile,Concrete Block,2839,Owner Occupied,1068000,146,1,0,1,1,1,1,1011000,0,549000,172000,1500,5790,HO3,1,29200,1,0,56000,45600,16,1,0,0
CLM00756,POL00756,CUS00756,2025-08-14,2025-08-23,Lightning,0,452 NE 31st St,Miami-Dade,FL,33137,25.805582,-80.194716,54,10,Tile,Frame,1530,Owner Occupied,711000,129,1,1,1,1,1,1,645000,94000,404000,105000,5000,4960,HO5,0,0,2,0,28200,49900,6,1,0,0
CLM00757,POL00757,CUS00757,2025-06-23,2025-06-29,Lightning,0,2050 Jake St,Orange,FL,32814,28.560782,-81.32269,45,16,Asphalt Shingle,Concrete Block,3921,Owner Occupied,1147000,136,1,1,1,1,1,1,1151000,139000,764000,251000,7500,8080,HO3,0,0,2,1,20200,42100,13,1,0,0
CLM00758,POL00758,CUS00758,2023-10-16,2023-10-18,Water,0,2900 Biscayne Blvd,Miami-Dade,FL,33137,25.80518,-80.188488,36,17,Flat/TPO,Masonry Veneer,4324,Owner Occupied,411000,102,1,1,1,1,1,1,320000,34000,161000,64000,1500,9440,HO3,1,4300,1,0,9500,11200,1,1,1,1
CLM00759,POL00759,CUS00759,2022-10-04,2022-11-22,Hurricane,0,295 NE Ivanhoe Blvd,Orange,FL,32804,28.579332,-81.39362,12,2,Flat/TPO,Concrete Block,1299,Owner Occupied,489000,107,1,1,1,1,1,1,489000,62000,282000,125000,10000,2290,HO5,1,34400,1,0,53300,24600,13,1,0,1
CLM00760,POL00760,CUS00760,2025-07-13,2025-08-08,Water,0,310 N Orange Ave,Orange,FL,32801,28.543216,-81.372806,60,17,Metal,Masonry Veneer,2554,Owner Occupied,491000,131,1,1,1,1,1,1,461000,61000,282000,109000,10000,5960,HO3,1,25000,0,1,11100,11800,9,1,0,0
CLM00761,POL00761,CUS00761,2024-09-30,2024-10-09,Wind,0,3131 NE 1st Ave,Miami-Dade,FL,33137,25.807112,-80.193906,51,23,Asphalt Shingle,Frame,4306,Owner Occupied,1164000,80,1,1,1,1,1,1,1191000,117000,697000,326000,2500,9370,HO3,2,202700,1,0,31100,35900,17,1,1,0
CLM00762,POL00762,CUS00762,2023-07-03,2023-07-09,Water,0,218 NW 8th St,Miami-Dade,FL,33136,25.785132,-80.210772,52,2,Flat/TPO,Masonry,4219,Owner Occupied,1422000,42,1,1,1,1,1,1,1151000,148000,736000,301000,2500,3000,HO3,1,80000,0,0,40700,43700,3,1,0,0
CLM00763,POL00763,CUS00763,2022-10-15,2022-11-17,Fire,0,2050 Jake St,Orange,FL,32814,28.560782,-81.32269,73,18,Metal,Frame,3463,Tenant Occupied,646000,178,1,1,1,1,1,1,493000,51000,253000,104000,1500,5240,HO3,2,89800,1,0,104800,45200,6,1,0,0
CLM00764,POL00764,CUS00764,2022-02-13,2022-03-10,Wind,0,1115 E Twiggs St,Hillsborough,FL,33602,27.951524,-82.459604,25,3,Metal,Frame,2722,Owner Occupied,1295000,185,1,1,1,1,1,1,1018000,132000,706000,229000,10000,4760,HO3,1,26100,1,0,53600,49500,9,1,0,0
CLM00765,POL00765,CUS00765,2025-11-12,2025-12-30,Hurricane,0,6904 Ralston Pl Dr,Hillsborough,FL,33614,28.00581,-82.507956,49,31,Tile,Masonry,3235,Owner Occupied,291000,166,1,1,1,1,1,1,231000,24000,108000,47000,7500,3120,HO3,0,0,0,0,68500,69100,4,1,0,0
CLM00766,POL00766,CUS00766,2022-10-29,2022-10-29,Water,0,5009 Park Central Dr,Orange,FL,32839,28.48606,-81.403886,72,19,Metal,Masonry,2738,Owner Occupied,305000,19,1,1,1,1,0,0,239000,19000,126000,70000,2000,9500,DP3,1,67200,0,0,24000,28000,3,1,0,0
CLM00767,POL00767,CUS00767,2025-04-07,2025-05-16,Wind,0,3000 NE 2nd Ave,Miami-Dade,FL,33137,25.808936,-80.195094,66,16,Concrete Tile,Masonry Veneer,4304,Owner Occupied,959000,90,1,1,1,1,1,1,945000,121000,610000,236000,7500,6490,HO3,1,43900,1,0,53000,46700,14,1,0,0
CLM00768,POL00768,CUS00768,2024-06-24,2024-08-06,Vandalism,0,2633 Azalea Garden Pl,Hillsborough,FL,33619,27.938868,-82.369974,42,3,Metal,Reinforced Concrete,4435,Owner Occupied,1079000,35,1,1,1,1,1,1,872000,71000,435000,232000,5000,2990,HO3,0,0,0,0,7600,6800,14,1,0,0
CLM00769,POL00769,CUS00769,2022-09-28,2022-10-23,Wind,1,733 Main Ln,Orange,FL,32801,28.546738,-81.375962,34,2,Asphalt Shingle,Masonry,3192,Owner Occupied,1297000,92,1,1,1,1,1,1,1212000,157000,708000,249000,7500,4190,HO6,3,180200,4,0,40700,34300,4,1,0,1
CLM00770,POL00770,CUS00770,2022-04-17,2022-04-20,Wind,0,1011 E Cumberland Ave,Hillsborough,FL,33602,27.948032,-82.463042,36,4,Concrete Tile,Reinforced Concrete,3426,Owner Occupied,1329000,133,1,1,1,1,1,1,1063000,159000,680000,276000,1000,5250,HO3,2,13400,1,0,53600,56700,12,1,0,0
CLM00771,POL00771,CUS00771,2023-07-19,2023-07-22,Freeze,0,10149 Arise Loop,Orange,FL,32837,28.397256,-81.42077,33,2,Metal,Masonry Veneer,3913,Owner Occupied,732000,126,1,1,1,1,1,1,694000,95000,314000,200000,7500,2340,HO6,2,161400,2,1,28600,25900,10,1,0,0
CLM00772,POL00772,CUS00772,2024-07-16,2024-07-21,Wind,0,452 NE 31st St,Miami-Dade,FL,33137,25.805582,-80.194716,4,4,Metal,Reinforced Concrete,4152,Owner Occupied,793000,86,1,1,1,1,1,1,692000,65000,320000,158000,5000,7170,HO5,1,120800,0,0,26100,51200,2,1,1,0
CLM00773,POL00773,CUS00773,2022-02-12,2022-02-14,Hail,0,109 W Fortune St,Hillsborough,FL,33602,27.947222,-82.458452,56,5,Asphalt Shingle,Reinforced Concrete,2178,Owner Occupied,748000,16,1,1,1,1,1,1,623000,59000,291000,155000,1000,7100,HO3,1,24700,0,0,12500,12500,12,1,0,0
CLM00774,POL00774,CUS00774,2024-03-23,2024-03-23,Wind,0,520 E Church St,Orange,FL,32801,28.542388,-81.368972,72,32,Concrete Tile,Frame,3018,Owner Occupied,1370000,130,1,1,1,1,1,1,1034000,127000,687000,156000,5000,6150,HO3,1,113700,1,0,55200,46600,9,1,0,0
CLM00775,POL00775,CUS00775,2024-01-07,2024-01-08,Wind,0,2050 Jake St,Orange,FL,32814,28.560782,-81.32269,38,22,Metal,Concrete Block,2317,Owner Occupied,1384000,99,1,1,1,1,1,1,1263000,119000,844000,229000,1000,3980,HO6,1,66600,0,0,19300,52800,12,1,0,0
CLM00776,POL00776,CUS00776,2025-07-05,2025-07-08,Vandalism,0,180 NE 29th St,Miami-Dade,FL,33137,25.808606,-80.19234,6,6,Concrete Tile,Reinforced Concrete,2082,Tenant Occupied,314000,90,1,1,1,1,1,1,313000,26000,146000,77000,5000,6440,HO3,3,188500,2,1,6300,16800,4,1,0,0
CLM00777,POL00777,CUS00777,2022-07-04,2022-07-05,Wind,0,355 N Rosalind Ave,Orange,FL,32801,28.545514,-81.378134,4,4,Metal,Reinforced Concrete,3669,Secondary Residence,1127000,79,1,1,1,1,1,1,1113000,163000,502000,190000,2500,9450,DP3,3,132700,1,0,25100,28600,14,1,0,0
CLM00778,POL00778,CUS00778,2023-03-29,2023-04-03,Freeze,0,3131 NE 1st Ave,Miami-Dade,FL,33137,25.807112,-80.193906,63,6,Flat/TPO,Masonry Veneer,4013,Owner Occupied,430000,20,1,1,1,1,1,1,312000,38000,154000,87000,1500,1870,HO5,1,36600,0,0,23800,22900,9,1,0,0
CLM00779,POL00779,CUS00779,2024-07-31,2024-09-08,Water,0,180 NE 29th St,Miami-Dade,FL,33137,25.808606,-80.19234,58,21,Concrete Tile,Concrete Block,2592,Owner Occupied,1204000,132,1,1,1,1,1,1,1113000,96000,642000,308000,2000,4650,HO5,0,0,1,0,35500,37000,12,1,0,0
CLM00780,POL00780,CUS00780,2023-08-05,2023-08-09,Freeze,0,295 NE Ivanhoe Blvd,Orange,FL,32804,28.579332,-81.39362,9,9,Asphalt Shingle,Reinforced Concrete,3774,Owner Occupied,567000,41,1,1,1,1,1,1,537000,65000,307000,121000,1000,7320,HO5,0,0,1,0,10300,12000,5,1,0,0
CLM00781,POL00781,CUS00781,2023-04-29,2023-05-25,Wind,0,1211 E Kennedy Blvd,Hillsborough,FL,33602,27.950366,-82.46105,40,21,Metal,Masonry,3248,Owner Occupied,1323000,107,1,1,1,1,1,1,1055000,94000,630000,200000,5000,6520,HO6,1,77400,1,0,69500,40700,16,1,0,0
CLM00782,POL00782,CUS00782,2023-10-19,2023-10-24,Water,0,9931 W Flagler St,Miami-Dade,FL,33174,25.75642,-80.352414,69,13,Metal,Masonry Veneer,3071,Owner Occupied,925000,65,1,1,1,1,1,1,884000,119000,434000,240000,1500,9350,HO3,1,9600,1,0,5400,5400,12,1,1,0
CLM00783,POL00783,CUS00783,2024-03-07,2024-03-27,Hurricane,0,520 E Church St,Orange,FL,32801,28.542388,-81.368972,59,6,Asphalt Shingle,Reinforced Concrete,1470,Owner Occupied,1318000,166,1,1,1,1,1,1,1316000,161000,874000,330000,10000,7080,HO6,0,0,0,0,106100,103700,5,1,0,0
CLM00784,POL00784,CUS00784,2024-05-03,2024-05-07,Wind,0,733 Main Ln,Orange,FL,32801,28.546738,-81.375962,70,31,Asphalt Shingle,Frame,3922,Secondary Residence,538000,155,1,1,1,1,1,1,463000,48000,263000,91000,10000,4550,HO3,2,73000,1,1,16500,18100,3,1,0,0
CLM00785,POL00785,CUS00785,2025-01-01,2025-01-10,Freeze,0,410 N Orange Ave,Orange,FL,32801,28.538032,-81.373544,53,26,Asphalt Shingle,Masonry,1022,Owner Occupied,1363000,148,1,1,1,1,1,1,1065000,157000,662000,286000,5000,2520,HO5,0,0,1,0,6300,5900,2,1,0,0
CLM00786,POL00786,CUS00786,2023-05-09,2023-05-12,Wind,0,733 Main Ln,Orange,FL,32801,28.546738,-81.375962,64,5,Metal,Masonry Veneer,902,Owner Occupied,1344000,188,1,1,1,1,1,1,1243000,172000,619000,332000,10000,5300,HO3,0,0,0,0,54900,49600,18,1,0,0
CLM00787,POL00787,CUS00787,2022-05-19,2022-05-27,Water,0,6600 NW 7th St,Miami-Dade,FL,33126,25.778214,-80.295246,41,7,Tile,Masonry Veneer,2833,Owner Occupied,470000,21,1,1,1,1,1,1,461000,56000,317000,120000,5000,8690,HO3,1,54600,0,0,9800,7900,7,1,0,0
CLM00788,POL00788,CUS00788,2023-06-23,2023-07-15,Hurricane,0,6904 Ralston Pl Dr,Hillsborough,FL,33614,28.00581,-82.507956,7,7,Metal,Reinforced Concrete,1399,Owner Occupied,1246000,158,1,1,1,1,1,1,924000,79000,573000,274000,5000,4600,HO3,1,104400,0,0,28400,16200,16,1,0,0
CLM00789,POL00789,CUS00789,2023-07-02,2023-07-03,Vandalism,0,1000 NW 7th St,Miami-Dade,FL,33136,25.78563,-80.201058,11,11,Tile,Masonry,4494,Owner Occupied,925000,153,1,1,1,1,1,1,730000,99000,372000,137000,10000,3870,HO6,1,90400,0,0,12900,15600,18,1,0,0
CLM00790,POL00790,CUS00790,2023-04-20,2023-04-24,Water,0,733 Main Ln,Orange,FL,32801,28.546738,-81.375962,57,27,Asphalt Shingle,Concrete Block,4497,Owner Occupied,761000,53,1,1,1,1,1,1,595000,59000,409000,169000,1500,4480,HO6,3,92500,0,1,5500,5600,9,1,0,1
CLM00791,POL00791,CUS00791,2025-11-22,2025-11-28,Water,0,295 NE Ivanhoe Blvd,Orange,FL,32804,28.579332,-81.39362,64,10,Metal,Masonry Veneer,3965,Owner Occupied,401000,133,1,1,1,1,1,1,333000,44000,152000,78000,1000,5460,HO3,0,0,1,0,42300,39600,9,1,0,0
CLM00792,POL00792,CUS00792,2023-02-16,2023-02-20,Hurricane,0,733 Main Ln,Orange,FL,32801,28.546738,-81.375962,41,26,Tile,Masonry Veneer,1918,Secondary Residence,617000,83,1,1,1,1,1,1,470000,65000,233000,139000,10000,6140,HO3,1,17500,0,0,70100,75500,6,1,0,0
CLM00793,POL00793,CUS00793,2024-01-02,2024-01-03,Wind,0,1011 E Cumberland Ave,Hillsborough,FL,33602,27.948032,-82.463042,23,21,Flat/TPO,Reinforced Concrete,3377,Owner Occupied,851000,135,1,1,1,1,1,1,762000,72000,479000,226000,1500,5790,HO3,2,113500,2,0,11500,12400,11,1,0,0
CLM00794,POL00794,CUS00794,2024-07-29,2024-07-30,Theft,0,3219 S Orange Ave,Orange,FL,32806,28.517866,-81.366976,69,19,Metal,Frame,1374,Owner Occupied,981000,79,1,1,1,1,1,1,941000,102000,487000,246000,7500,8340,HO6,1,29800,0,0,33300,30600,11,1,0,0
CLM00795,POL00795,CUS00795,2022-11-18,2022-11-24,Wind,0,110 Zora Pl,Orange,FL,32810,28.615406,-81.425066,43,20,Asphalt Shingle,Reinforced Concrete,2277,Owner Occupied,1145000,159,1,1,1,1,1,1,1098000,124000,519000,235000,10000,4130,HO3,0,0,0,0,59400,57200,1,1,0,0
CLM00796,POL00796,CUS00796,2025-09-23,2025-09-23,Wind,0,3000 NE 2nd Ave,Miami-Dade,FL,33137,25.808936,-80.195094,31,31,Flat/TPO,Masonry,2441,Owner Occupied,915000,103,1,1,1,1,1,1,836000,69000,551000,137000,2500,6580,HO5,0,0,0,0,60200,37200,7,1,0,0
CLM00797,POL00797,CUS00797,2022-02-11,2022-02-15,Water,0,109 W Fortune St,Hillsborough,FL,33602,27.947222,-82.458452,49,7,Tile,Concrete Block,1072,Owner Occupied,1137000,166,1,1,1,1,1,1,906000,129000,633000,174000,2000,6240,HO3,0,0,0,0,32600,35000,3,1,0,0
CLM00798,POL00798,CUS00798,2024-04-29,2024-04-30,Vandalism,0,101 Lake Ave,Orange,FL,32801,28.539466,-81.369524,70,9,Metal,Masonry,3706,Tenant Occupied,1441000,90,1,0,1,1,1,1,1227000,0,813000,225000,10000,4730,HO3,1,43800,0,0,40000,20300,5,1,0,0
CLM00799,POL00799,CUS00799,2025-07-11,2025-07-17,Fire,0,218 NW 8th St,Miami-Dade,FL,33136,25.785132,-80.210772,56,31,Tile,Masonry,1198,Owner Occupied,387000,74,1,1,1,1,1,1,292000,33000,152000,85000,2500,6900,HO3,0,0,0,0,31600,31800,15,1,1,0
CLM00800,POL00800,CUS00800,2024-12-31,2025-01-06,Freeze,0,452 NE 31st St,Miami-Dade,FL,33137,25.805582,-80.194716,44,19,Metal,Masonry Veneer,1539,Secondary Residence,413000,136,1,1,1,1,1,1,404000,60000,200000,120000,1000,6840,HO5,3,131400,1,1,21900,25000,6,1,0,0
CLM00801,POL00801,CUS00801,2024-12-09,2025-01-09,Water,0,710 NE 1st Ave,Miami-Dade,FL,33132,25.783848,-80.189314,72,15,Flat/TPO,Concrete Block,1183,Owner Occupied,386000,43,1,1,1,1,1,1,354000,32000,214000,100000,7500,5010,HO3,0,0,0,0,39600,36400,5,1,0,0
CLM00802,POL00802,CUS00802,2024-07-25,2024-07-25,Fire,0,1115 E Twiggs St,Hillsborough,FL,33602,27.951524,-82.459604,59,10,Metal,Masonry,1629,Tenant Occupied,828000,23,1,1,1,1,1,1,701000,68000,359000,163000,1500,2480,HO3,2,140100,0,1,182400,146200,15,1,0,0
CLM00803,POL00803,CUS00803,2025-07-02,2025-07-29,Fire,0,295 NE Ivanhoe Blvd,Orange,FL,32804,28.579332,-81.39362,31,25,Tile,Frame,1230,Secondary Residence,1057000,95,1,1,1,1,1,1,972000,81000,515000,201000,2500,7080,HO3,1,77800,0,1,201200,163500,3,1,0,0
CLM00804,POL00804,CUS00804,2023-12-24,2023-12-28,Fire,0,6501 S Westshore Blvd,Hillsborough,FL,33616,27.869022,-82.523216,41,4,Flat/TPO,Masonry Veneer,1691,Owner Occupied,422000,148,1,1,1,1,1,1,312000,33000,156000,50000,5000,6360,HO3,0,0,0,0,80000,66600,17,1,0,0
CLM00805,POL00805,CUS00805,2024-05-28,2024-06-06,Hail,0,1115 E Twiggs St,Hillsborough,FL,33602,27.951524,-82.459604,3,3,Tile,Frame,2249,Owner Occupied,394000,163,1,1,1,1,1,1,395000,33000,274000,88000,10000,3020,HO3,0,0,0,0,27300,33500,12,1,0,0
CLM00806,POL00806,CUS00806,2023-09-22,2023-10-01,Fire,0,1211 E Kennedy Blvd,Hillsborough,FL,33602,27.950366,-82.46105,54,5,Concrete Tile,Masonry Veneer,3129,Owner Occupied,1203000,115,1,1,1,1,1,1,997000,93000,450000,176000,2500,6770,HO6,1,50700,1,0,157600,170500,14,1,0,0
CLM00807,POL00807,CUS00807,2023-11-17,2023-11-22,Vandalism,0,6970 SW 40th St,Miami-Dade,FL,33155,25.7421,-80.313298,69,3,Flat/TPO,Masonry Veneer,1978,Owner Occupied,446000,114,1,1,1,1,1,1,323000,29000,202000,74000,7500,4280,HO6,0,0,0,0,15200,14100,10,1,0,0
CLM00808,POL00808,CUS00808,2023-06-24,2023-06-28,Wind,0,300 W Tyler St,Hillsborough,FL,33602,27.948668,-82.456928,18,18,Concrete Tile,Concrete Block,2481,Owner Occupied,944000,41,1,1,1,1,1,1,809000,72000,540000,215000,10000,8640,HO6,0,0,0,0,58000,50900,18,1,0,0
CLM00809,POL00809,CUS00809,2025-06-19,2025-06-26,Water,0,5432 W Tyson Ave,Hillsborough,FL,33611,27.888268,-82.506778,58,26,Concrete Tile,Masonry,4437,Owner Occupied,771000,157,1,1,1,1,1,1,793000,85000,543000,229000,2500,9260,HO6,2,82700,0,0,27700,27400,15,1,0,0
CLM00810,POL00810,CUS00810,2022-07-09,2022-07-10,Water,0,310 N Orange Ave,Orange,FL,32801,28.543216,-81.372806,67,15,Flat/TPO,Masonry,1905,Owner Occupied,341000,14,1,1,1,1,1,1,341000,34000,174000,78000,7500,9660,HO6,2,101200,1,0,19200,23100,13,1,0,0
CLM00811,POL00811,CUS00811,2024-01-05,2024-01-08,Water,0,101 Lake Ave,Orange,FL,32801,28.539466,-81.369524,32,13,Tile,Frame,3659,Owner Occupied,331000,130,1,1,1,1,1,1,314000,37000,142000,61000,10000,9550,HO3,3,213900,3,0,34200,27800,9,1,0,0
CLM00812,POL00812,CUS00812,2022-06-05,2022-06-07,Wind,0,9931 W Flagler St,Miami-Dade,FL,33174,25.75642,-80.352414,26,18,Concrete Tile,Masonry,1976,Owner Occupied,233000,138,1,1,1,1,1,1,185000,19000,101000,45000,1000,5980,HO6,1,43700,1,0,24700,23100,9,1,0,1
CLM00813,POL00813,CUS00813,2025-10-26,2025-12-13,Hurricane,0,101 W Beach Pl,Hillsborough,FL,33606,27.939852,-82.48549,26,19,Flat/TPO,Masonry,2426,Tenant Occupied,394000,179,1,1,1,1,1,1,387000,50000,185000,116000,2000,2480,HO3,0,0,0,0,18200,16600,5,1,0,0
CLM00814,POL00814,CUS00814,2024-02-16,2024-02-23,Fire,0,452 NE 31st St,Miami-Dade,FL,33137,25.805582,-80.194716,29,8,Asphalt Shingle,Reinforced Concrete,4032,Owner Occupied,1241000,81,1,1,1,1,1,1,1215000,146000,584000,227000,1500,7790,HO3,1,99500,1,0,61600,63200,7,1,1,0
CLM00815,POL00815,CUS00815,2022-04-21,2022-04-30,Water,0,355 N Rosalind Ave,Orange,FL,32801,28.545514,-81.378134,50,22,Metal,Concrete Block,2858,Owner Occupied,243000,99,1,1,1,1,1,1,187000,21000,114000,53000,10000,5880,HO3,1,33700,0,0,37900,34900,9,1,0,0
CLM00816,POL00816,CUS00816,2022-11-29,2022-11-29,Fire,0,7575 Universal Blvd,Orange,FL,32819,28.451704,-81.47356,52,26,Tile,Masonry Veneer,3300,Owner Occupied,1358000,151,1,1,1,1,1,1,1326000,177000,850000,262000,1000,2860,HO3,0,0,0,0,77400,75700,12,1,0,0
CLM00817,POL00817,CUS00817,2023-02-14,2023-02-22,Wind,0,3000 NE 2nd Ave,Miami-Dade,FL,33137,25.808936,-80.195094,27,12,Concrete Tile,Frame,1610,Owner Occupied,843000,87,1,1,1,1,1,1,651000,71000,349000,193000,7500,8150,HO6,0,0,0,0,16500,15100,9,1,0,0
CLM00818,POL00818,CUS00818,2022-10-21,2022-10-22,Vandalism,0,2751 NW 84th St,Miami-Dade,FL,33147,25.858766,-80.24016,10,10,Metal,Concrete Block,2000,Owner Occupied,1176000,11,1,1,1,1,1,1,864000,73000,580000,187000,10000,4800,HO3,1,20000,1,0,25800,23700,4,1,0,0
CLM00819,POL00819,CUS00819,2024-10-13,2024-10-17,Fire,0,700 SW 1st St,Miami-Dade,FL,33130,25.76502,-80.207664,43,21,Flat/TPO,Masonry Veneer,4155,Secondary Residence,741000,55,1,1,1,1,1,1,730000,94000,350000,218000,2500,6480,HO5,1,37200,1,0,128900,61200,15,1,0,0
CLM00820,POL00820,CUS00820,2025-05-28,2025-06-22,Water,0,355 N Rosalind Ave,Orange,FL,32801,28.545514,-81.378134,45,1,Metal,Concrete Block,3441,Owner Occupied,639000,175,1,1,1,1,1,1,597000,89000,320000,123000,5000,6210,HO3,1,4700,1,0,11500,32200,6,1,0,0
CLM00821,POL00821,CUS00821,2022-06-08,2022-06-13,Hail,0,3131 NE 1st Ave,Miami-Dade,FL,33137,25.807112,-80.193906,5,5,Tile,Reinforced Concrete,1944,Owner Occupied,787000,17,1,1,1,1,1,0,715000,99000,405000,173000,2500,4820,DP3,1,65100,1,0,22100,19700,14,1,0,0
CLM00822,POL00822,CUS00822,2023-01-26,2023-02-01,Wind,0,1000 NW 7th St,Miami-Dade,FL,33136,25.78563,-80.201058,37,27,Concrete Tile,Frame,4067,Owner Occupied,222000,89,1,1,1,1,1,1,202000,23000,122000,38000,5000,3540,HO3,1,46200,0,0,56700,52800,12,1,0,0
CLM00823,POL00823,CUS00823,2022-03-24,2022-05-07,Fire,0,452 NE 31st St,Miami-Dade,FL,33137,25.805582,-80.194716,72,10,Metal,Reinforced Concrete,2370,Owner Occupied,1077000,52,1,1,1,1,1,1,891000,90000,580000,141000,2000,5640,HO3,0,0,1,0,100300,114900,15,1,1,0
CLM00824,POL00824,CUS00824,2023-01-02,2023-01-06,Hail,0,3131 NE 1st Ave,Miami-Dade,FL,33137,25.807112,-80.193906,63,12,Metal,Concrete Block,3208,Owner Occupied,456000,61,1,1,1,1,1,1,345000,40000,197000,61000,1000,1950,HO5,0,0,0,0,22100,20500,4,1,0,0
CLM00825,POL00825,CUS00825,2025-07-19,2025-07-21,Wind,0,6600 NW 7th St,Miami-Dade,FL,33126,25.778214,-80.295246,67,3,Asphalt Shingle,Concrete Block,3653,Owner Occupied,421000,121,1,1,1,1,1,1,377000,39000,213000,105000,2500,4230,HO3,2,76700,0,0,21100,17600,14,1,0,0
CLM00826,POL00826,CUS00826,2024-09-25,2024-09-27,Hail,1,1011 E Cumberland Ave,Hillsborough,FL,33602,27.948032,-82.463042,52,7,Tile,Concrete Block,1765,Tenant Occupied,1243000,88,1,1,1,1,1,1,1259000,144000,739000,235000,5000,8130,HO5,1,88200,1,1,27400,25700,6,1,0,0
CLM00827,POL00827,CUS00827,2025-12-05,2025-12-10,Water,0,5127 W Tyson Ave,Hillsborough,FL,33611,27.888982,-82.504054,43,20,Asphalt Shingle,Concrete Block,3620,Tenant Occupied,406000,43,1,1,1,1,1,1,390000,52000,189000,86000,1500,7440,HO6,3,192400,0,0,31200,37800,6,1,0,0
CLM00828,POL00828,CUS00828,2023-12-07,2023-12-08,Water,0,180 NE 29th St,Miami-Dade,FL,33137,25.808606,-80.19234,35,23,Metal,Reinforced Concrete,1830,Owner Occupied,809000,48,1,1,1,1,1,1,606000,85000,394000,98000,7500,9220,HO6,1,24800,0,0,31000,25900,4,1,0,0
CLM00829,POL00829,CUS00829,2025-03-13,2025-03-15,Water,0,110 Zora Pl,Orange,FL,32810,28.615406,-81.425066,27,2,Flat/TPO,Masonry Veneer,1174,Owner Occupied,259000,107,1,1,1,1,1,0,211000,17000,101000,49000,2500,7200,DP3,2,47600,2,1,12000,21700,6,1,0,0
CLM00830,POL00830,CUS00830,2022-09-28,2022-10-04,Wind,1,101 W Beach Pl,Hillsborough,FL,33606,27.939852,-82.48549,17,17,Tile,Frame,2044,Owner Occupied,327000,103,1,1,1,1,1,1,300000,37000,192000,59000,10000,8850,HO3,0,0,0,0,27400,29600,8,1,0,0
CLM00831,POL00831,CUS00831,2023-08-11,2023-08-20,Freeze,0,1011 E Cumberland Ave,Hillsborough,FL,33602,27.948032,-82.463042,44,3,Tile,Frame,2303,Owner Occupied,628000,131,1,1,1,1,1,1,499000,55000,287000,122000,1500,6180,HO3,1,17500,0,0,40000,35700,8,1,1,0
CLM00832,POL00832,CUS00832,2023-02-02,2023-02-05,Water,0,4000 Headwaters Way,Orange,FL,32837,28.386144,-81.418598,44,9,Asphalt Shingle,Concrete Block,2634,Owner Occupied,369000,135,1,1,1,1,1,1,301000,33000,139000,67000,1500,6820,HO3,0,0,1,0,42500,45200,13,1,0,0
CLM00833,POL00833,CUS00833,2022-12-30,2023-01-06,Theft,0,7511 Solstice Cir,Orange,FL,32821,28.411672,-81.46685,27,27,Asphalt Shingle,Concrete Block,2812,Owner Occupied,626000,69,1,1,1,1,1,1,494000,43000,340000,113000,2500,9380,HO3,0,0,0,0,33700,31000,1,1,0,0
CLM00834,POL00834,CUS00834,2024-09-01,2024-09-10,Hail,0,5432 W Tyson Ave,Hillsborough,FL,33611,27.888268,-82.506778,71,27,Concrete Tile,Frame,1744,Owner Occupied,1209000,29,1,1,1,1,1,1,960000,126000,663000,155000,7500,5090,HO3,1,86200,0,1,26300,21500,12,1,0,0
CLM00835,POL00835,CUS00835,2023-08-19,2023-10-07,Lightning,0,6904 Ralston Pl Dr,Hillsborough,FL,33614,28.00581,-82.507956,71,24,Tile,Masonry Veneer,2533,Tenant Occupied,858000,166,1,1,1,1,1,1,851000,101000,464000,209000,2500,3380,HO3,1,114900,2,0,26400,26200,5,1,0,0
CLM00836,POL00836,CUS00836,2022-12-25,2022-12-29,Water,0,6970 SW 40th St,Miami-Dade,FL,33155,25.7421,-80.313298,63,11,Asphalt Shingle,Concrete Block,1568,Tenant Occupied,1086000,79,1,0,1,1,1,1,1076000,0,556000,175000,2500,6250,HO6,1,6300,0,0,26800,32100,12,1,0,0
CLM00837,POL00837,CUS00837,2022-07-27,2022-08-02,Hail,0,300 W Tyler St,Hillsborough,FL,33602,27.948668,-82.456928,13,13,Asphalt Shingle,Masonry Veneer,1684,Owner Occupied,1065000,118,1,1,1,1,0,0,1083000,150000,588000,262000,5000,7640,DP3,0,0,2,1,16500,19900,6,1,0,0
CLM00838,POL00838,CUS00838,2024-07-19,2024-08-24,Hail,0,520 E Church St,Orange,FL,32801,28.542388,-81.368972,32,25,Concrete Tile,Masonry Veneer,1578,Owner Occupied,694000,179,1,1,1,1,1,1,610000,59000,284000,178000,2000,2700,HO3,1,118300,1,0,33400,35000,11,1,0,0
CLM00839,POL00839,CUS00839,2023-02-17,2023-03-17,Fire,0,8733 Rooks Park Cir,Hillsborough,FL,33619,27.936594,-82.36584,62,3,Flat/TPO,Concrete Block,2123,Owner Occupied,1142000,127,1,1,1,1,1,1,1160000,154000,569000,214000,2500,3980,HO3,2,116000,2,1,69200,74600,13,1,0,0
CLM00840,POL00840,CUS00840,2022-09-27,2022-10-22,Hail,1,9567 Sunbelt St,Hillsborough,FL,33635,28.022792,-82.61563,59,7,Flat/TPO,Masonry Veneer,1678,Tenant Occupied,906000,119,1,1,1,1,1,1,860000,83000,419000,174000,1000,9620,HO3,1,60300,1,0,33900,34600,8,1,0,0
CLM00841,POL00841,CUS00841,2023-06-19,2023-06-27,Hail,0,2901 NE 1st Ave,Miami-Dade,FL,33137,25.802168,-80.187402,6,5,Tile,Masonry,3321,Owner Occupied,290000,127,1,1,1,1,1,1,212000,28000,103000,51000,7500,3830,HO6,2,88100,2,1,29800,26900,18,1,0,0
CLM00842,POL00842,CUS00842,2025-10-24,2025-10-27,Wind,0,6970 SW 40th St,Miami-Dade,FL,33155,25.7421,-80.313298,49,9,Metal,Masonry Veneer,3634,Owner Occupied,748000,115,1,1,1,1,1,1,637000,83000,371000,117000,7500,4000,HO6,1,92200,3,0,11400,21700,12,1,0,0
CLM00843,POL00843,CUS00843,2024-01-28,2024-02-04,Water,0,2751 NW 84th St,Miami-Dade,FL,33147,25.858766,-80.24016,49,29,Tile,Masonry Veneer,3532,Owner Occupied,1126000,164,1,1,1,1,0,0,1092000,152000,691000,199000,7500,5330,DP3,0,0,0,0,40700,44800,3,1,0,0
CLM00844,POL00844,CUS00844,2024-11-19,2024-11-27,Theft,0,733 Main Ln,Orange,FL,32801,28.546738,-81.375962,63,1,Asphalt Shingle,Frame,4319,Owner Occupied,730000,175,1,1,1,1,1,1,721000,59000,350000,196000,1000,8810,HO3,2,106600,2,2,29600,30600,4,1,0,0
CLM00845,POL00845,CUS00845,2024-10-09,2024-10-18,Hurricane,1,1011 E Cumberland Ave,Hillsborough,FL,33602,27.948032,-82.463042,14,2,Flat/TPO,Concrete Block,3099,Owner Occupied,722000,41,1,1,1,1,1,1,551000,82000,252000,124000,7500,5050,HO5,1,44000,0,0,101700,89300,2,1,0,0
CLM00846,POL00846,CUS00846,2024-10-09,2024-10-14,Hail,1,2901 NE 1st Ave,Miami-Dade,FL,33137,25.802168,-80.187402,38,21,Tile,Frame,3528,Owner Occupied,651000,102,1,1,1,1,1,1,472000,68000,268000,100000,7500,3860,HO6,0,0,0,0,47700,41500,6,1,0,1
CLM00847,POL00847,CUS00847,2025-09-23,2025-09-29,Lightning,0,295 NE Ivanhoe Blvd,Orange,FL,32804,28.579332,-81.39362,5,5,Asphalt Shingle,Masonry,2914,Owner Occupied,927000,174,1,1,1,1,1,1,786000,91000,417000,218000,2500,3400,HO3,0,0,0,0,13900,11200,6,1,0,0
CLM00848,POL00848,CUS00848,2022-10-09,2022-10-18,Vandalism,0,1000 NW 7th St,Miami-Dade,FL,33136,25.78563,-80.201058,57,31,Concrete Tile,Masonry,3461,Owner Occupied,308000,181,1,1,1,1,0,0,248000,37000,172000,45000,1000,5580,DP3,0,0,0,0,23800,19500,4,1,0,0
CLM00849,POL00849,CUS00849,2024-04-15,2024-04-16,Hail,0,6904 Ralston Pl Dr,Hillsborough,FL,33614,28.00581,-82.507956,55,23,Concrete Tile,Masonry Veneer,1079,Tenant Occupied,1062000,80,1,1,1,1,1,1,770000,112000,384000,154000,2000,8570,HO6,3,285400,1,0,23400,21600,12,1,0,0
CLM00850,POL00850,CUS00850,2024-10-03,2024-10-12,Wind,0,310 N Orange Ave,Orange,FL,32801,28.543216,-81.372806,5,5,Concrete Tile,Frame,1493,Owner Occupied,559000,111,1,1,1,1,1,1,472000,57000,244000,108000,1000,2270,HO6,0,0,0,0,24700,24000,3,1,0,0
CLM00851,POL00851,CUS00851,2023-02-06,2023-02-08,Hurricane,0,2901 NE 1st Ave,Miami-Dade,FL,33137,25.802168,-80.187402,31,14,Tile,Frame,1597,Owner Occupied,988000,9,1,1,1,1,1,0,843000,121000,535000,248000,5000,4130,DP3,0,0,0,0,112000,90400,5,1,0,0
CLM00852,POL00852,CUS00852,2024-01-26,2024-01-29,Theft,0,9567 Sunbelt St,Hillsborough,FL,33635,28.022792,-82.61563,5,5,Metal,Concrete Block,3986,Owner Occupied,1142000,142,1,1,1,1,0,0,1126000,119000,596000,336000,1500,4490,DP3,1,14500,2,0,18500,17800,14,1,1,0
CLM00853,POL00853,CUS00853,2022-11-01,2022-11-07,Water,0,310 N Orange Ave,Orange,FL,32801,28.543216,-81.372806,50,17,Asphalt Shingle,Masonry Veneer,1146,Owner Occupied,386000,136,1,1,1,1,1,1,304000,42000,200000,59000,1500,4830,HO3,0,0,0,0,50500,43700,6,1,0,0
CLM00854,POL00854,CUS00854,2024-10-11,2024-10-17,Wind,0,6970 SW 40th St,Miami-Dade,FL,33155,25.7421,-80.313298,38,5,Metal,Frame,3644,Owner Occupied,1013000,114,1,1,1,1,1,1,834000,88000,494000,250000,1500,6640,HO6,2,112900,0,0,26100,21000,1,1,0,0
CLM00855,POL00855,CUS00855,2023-12-03,2023-12-06,Vandalism,0,520 E Church St,Orange,FL,32801,28.542388,-81.368972,59,12,Concrete Tile,Masonry Veneer,4036,Owner Occupied,530000,106,1,1,1,1,1,1,494000,57000,310000,98000,10000,2750,HO3,2,61800,2,1,7600,8900,11,1,0,0
CLM00856,POL00856,CUS00856,2023-09-20,2023-09-29,Water,0,30 SW 1st St,Miami-Dade,FL,33130,25.765842,-80.208492,75,27,Asphalt Shingle,Reinforced Concrete,2805,Owner Occupied,361000,94,1,1,1,1,0,0,271000,25000,187000,61000,1000,2200,DP3,1,53600,2,0,45500,39500,5,1,0,0
CLM00857,POL00857,CUS00857,2023-03-24,2023-04-02,Water,0,101 Lake Ave,Orange,FL,32801,28.539466,-81.369524,3,3,Tile,Masonry Veneer,3331,Secondary Residence,953000,149,1,1,1,1,1,1,804000,101000,414000,156000,2500,6860,HO3,1,58300,0,1,25100,45900,9,1,0,0
CLM00858,POL00858,CUS00858,2023-06-05,2023-06-19,Hurricane,0,6301 S Westshore Blvd,Hillsborough,FL,33616,27.867894,-82.52435,36,10,Metal,Reinforced Concrete,3068,Owner Occupied,1424000,53,1,1,1,1,1,1,1466000,186000,861000,363000,10000,5050,HO3,2,145300,1,0,50700,45600,5,1,1,1
CLM00859,POL00859,CUS00859,2025-01-04,2025-01-24,Lightning,0,2633 Azalea Garden Pl,Hillsborough,FL,33619,27.938868,-82.369974,31,4,Flat/TPO,Concrete Block,1136,Secondary Residence,828000,59,1,1,1,1,1,1,712000,70000,379000,167000,2000,3230,HO3,0,0,0,0,30900,31000,15,1,0,0
CLM00860,POL00860,CUS00860,2024-12-28,2024-12-31,Hail,0,520 E Church St,Orange,FL,32801,28.542388,-81.368972,16,6,Flat/TPO,Concrete Block,1514,Secondary Residence,1028000,64,1,1,1,1,1,1,816000,105000,510000,237000,5000,9150,HO3,1,52900,1,0,12200,14800,12,1,0,0
CLM00861,POL00861,CUS00861,2025-01-30,2025-02-05,Vandalism,0,410 N Orange Ave,Orange,FL,32801,28.538032,-81.373544,64,3,Concrete Tile,Frame,2451,Owner Occupied,1249000,62,1,1,1,1,1,1,1113000,118000,692000,202000,5000,6240,HO3,3,217200,3,0,29700,26200,18,1,0,0
CLM00862,POL00862,CUS00862,2024-04-17,2024-05-10,Hurricane,0,733 Main Ln,Orange,FL,32801,28.546738,-81.375962,49,2,Asphalt Shingle,Frame,2476,Owner Occupied,524000,185,1,1,1,1,1,1,519000,47000,318000,114000,1000,3310,HO3,1,33500,0,1,80100,75000,8,1,0,0
CLM00863,POL00863,CUS00863,2022-03-08,2022-04-23,Water,0,7511 Solstice Cir,Orange,FL,32821,28.411672,-81.46685,16,16,Asphalt Shingle,Concrete Block,1962,Owner Occupied,952000,156,1,1,1,1,1,1,770000,76000,499000,214000,10000,9370,HO6,0,0,0,0,40100,45900,17,1,1,1
CLM00864,POL00864,CUS00864,2023-03-11,2023-03-12,Theft,0,6970 SW 40th St,Miami-Dade,FL,33155,25.7421,-80.313298,44,31,Flat/TPO,Frame,4113,Owner Occupied,974000,48,1,1,1,1,1,1,785000,66000,377000,203000,1500,4150,HO5,1,17200,0,0,26400,23700,9,1,0,0
CLM00865,POL00865,CUS00865,2024-10-07,2024-10-27,Lightning,0,510 N Rome Ave,Hillsborough,FL,33606,27.930384,-82.488052,13,13,Concrete Tile,Reinforced Concrete,1933,Owner Occupied,710000,152,1,1,1,1,1,1,529000,57000,243000,120000,10000,5410,HO5,0,0,1,0,11500,23900,8,1,0,0
CLM00866,POL00866,CUS00866,2025-11-08,2025-11-08,Wind,0,110 Zora Pl,Orange,FL,32810,28.615406,-81.425066,36,8,Tile,Frame,3553,Secondary Residence,1140000,188,1,1,1,1,1,1,929000,112000,553000,216000,10000,9590,HO3,0,0,0,1,55900,49400,1,1,0,0
CLM00867,POL00867,CUS00867,2023-08-30,2023-10-10,Wind,0,901 W Chestnut St,Hillsborough,FL,33607,27.956886,-82.501454,3,3,Flat/TPO,Frame,2855,Owner Occupied,443000,87,1,1,1,1,1,1,403000,35000,264000,111000,5000,8100,HO3,0,0,0,1,28300,34300,16,1,0,1
CLM00868,POL00868,CUS00868,2024-10-08,2024-10-13,Wind,1,3015 N Rocky Point Dr E,Hillsborough,FL,33607,27.964764,-82.501766,14,3,Tile,Reinforced Concrete,3728,Owner Occupied,1285000,41,1,1,1,1,1,1,927000,87000,485000,259000,1500,9000,HO6,3,187700,3,0,42500,40400,9,1,0,0
CLM00869,POL00869,CUS00869,2023-05-27,2023-06-04,Wind,0,6501 S Westshore Blvd,Hillsborough,FL,33616,27.869022,-82.523216,45,15,Metal,Concrete Block,2302,Owner Occupied,950000,94,1,1,1,1,1,1,932000,100000,481000,143000,7500,9360,HO6,2,124300,2,0,13900,13400,15,1,0,0
CLM00870,POL00870,CUS00870,2024-10-09,2024-10-17,Hurricane,1,520 E Church St,Orange,FL,32801,28.542388,-81.368972,55,27,Tile,Frame,1898,Owner Occupied,708000,34,1,1,1,1,1,1,542000,78000,360000,155000,2000,4510,HO6,1,60900,0,0,50200,54100,10,1,0,0
CLM00871,POL00871,CUS00871,2025-07-03,2025-07-12,Vandalism,0,230 NE 4th St,Miami-Dade,FL,33132,25.781976,-80.192572,58,30,Flat/TPO,Reinforced Concrete,2033,Owner Occupied,1198000,40,1,1,1,1,1,1,1217000,123000,563000,321000,1000,3970,HO3,1,7200,0,1,25200,20200,9,1,0,0
CLM00872,POL00872,CUS00872,2024-10-10,2024-10-19,Wind,1,295 NE Ivanhoe Blvd,Orange,FL,32804,28.579332,-81.39362,47,28,Asphalt Shingle,Masonry,3962,Owner Occupied,723000,38,1,1,1,1,1,1,669000,70000,404000,148000,5000,2120,HO3,1,46000,3,0,46300,38700,13,1,0,0
CLM00873,POL00873,CUS00873,2022-08-22,2022-08-31,Vandalism,0,12112 Sugarloaf Key St,Hillsborough,FL,33626,28.058486,-82.624672,42,19,Asphalt Shingle,Reinforced Concrete,4340,Owner Occupied,1181000,170,1,1,1,1,1,1,1065000,152000,503000,178000,10000,5220,HO6,3,62100,2,0,4900,5100,15,1,0,0
CLM00874,POL00874,CUS00874,2025-05-21,2025-05-21,Wind,0,4000 Headwaters Way,Orange,FL,32837,28.386144,-81.418598,8,8,Tile,Frame,2191,Owner Occupied,531000,12,1,1,1,1,1,1,486000,42000,235000,98000,1000,2860,HO5,2,55000,2,0,41600,46300,15,1,0,0
CLM00875,POL00875,CUS00875,2023-01-20,2023-01-28,Hail,0,2828 NW 1st Ave,Miami-Dade,FL,33127,25.79715,-80.197564,4,4,Tile,Masonry,2425,Owner Occupied,357000,64,1,1,1,1,1,1,317000,41000,189000,57000,10000,8870,HO3,1,115400,0,0,19900,20900,6,1,0,0
CLM00876,POL00876,CUS00876,2022-11-25,2022-12-04,Water,0,4000 Headwaters Way,Orange,FL,32837,28.386144,-81.418598,9,9,Flat/TPO,Masonry Veneer,2705,Owner Occupied,381000,55,1,1,1,1,1,1,323000,35000,181000,72000,2500,9290,HO3,1,81700,2,0,11300,26900,10,1,0,0
CLM00877,POL00877,CUS00877,2022-08-19,2022-08-28,Theft,0,30 SW 1st St,Miami-Dade,FL,33130,25.765842,-80.208492,14,14,Flat/TPO,Reinforced Concrete,2577,Owner Occupied,278000,138,1,1,1,1,1,1,266000,27000,129000,65000,5000,3090,HO3,0,0,1,1,8500,9800,5,1,0,0
CLM00878,POL00878,CUS00878,2022-04-25,2022-04-29,Fire,0,12112 Sugarloaf Key St,Hillsborough,FL,33626,28.058486,-82.624672,39,13,Metal,Masonry,2962,Secondary Residence,874000,50,1,0,1,1,1,1,642000,0,382000,152000,1500,9020,HO6,0,0,0,0,153700,145500,8,1,0,0
CLM00879,POL00879,CUS00879,2022-08-31,2022-10-18,Theft,0,3219 S Orange Ave,Orange,FL,32806,28.517866,-81.366976,13,13,Flat/TPO,Masonry Veneer,2427,Owner Occupied,686000,29,1,1,1,1,1,1,604000,62000,334000,161000,2000,2140,HO3,1,116000,1,0,11600,11700,14,1,0,0
CLM00880,POL00880,CUS00880,2023-12-25,2023-12-26,Theft,0,12112 Sugarloaf Key St,Hillsborough,FL,33626,28.058486,-82.624672,64,12,Tile,Concrete Block,2973,Secondary Residence,552000,8,1,1,1,1,1,1,401000,50000,273000,95000,1000,7670,HO6,0,0,0,0,19800,24700,15,1,0,0
CLM00881,POL00881,CUS00881,2024-04-25,2024-05-18,Lightning,0,520 E Church St,Orange,FL,32801,28.542388,-81.368972,42,6,Flat/TPO,Reinforced Concrete,2018,Owner Occupied,1302000,111,1,1,1,1,1,1,1247000,155000,796000,193000,10000,8420,HO3,1,15100,1,0,31500,36000,2,1,0,0
CLM00882,POL00882,CUS00882,2023-04-18,2023-04-26,Theft,0,510 N Rome Ave,Hillsborough,FL,33606,27.930384,-82.488052,50,10,Flat/TPO,Masonry Veneer,1763,Secondary Residence,441000,169,1,1,1,1,1,1,330000,30000,186000,86000,5000,2520,HO3,1,42900,1,0,30700,18000,12,1,1,0
CLM00883,POL00883,CUS00883,2022-09-08,2022-10-12,Water,0,2901 NE 1st Ave,Miami-Dade,FL,33137,25.802168,-80.187402,31,30,Flat/TPO,Reinforced Concrete,1749,Owner Occupied,570000,145,1,1,1,1,1,1,425000,60000,214000,93000,10000,7900,HO3,2,124200,0,1,38300,44700,8,1,0,0
CLM00884,POL00884,CUS00884,2022-10-04,2022-10-07,Fire,0,300 W Tyler St,Hillsborough,FL,33602,27.948668,-82.456928,62,15,Tile,Masonry,1545,Owner Occupied,1246000,139,1,1,1,1,1,1,1189000,128000,555000,323000,10000,5230,HO3,3,98600,1,0,105200,87900,17,1,0,0
CLM00885,POL00885,CUS00885,2025-05-05,2025-06-03,Water,0,2900 Biscayne Blvd,Miami-Dade,FL,33137,25.80518,-80.188488,16,11,Asphalt Shingle,Frame,3396,Owner Occupied,1123000,50,1,1,1,1,1,1,993000,109000,646000,236000,2000,2520,HO6,2,59600,1,0,47300,25900,10,1,0,1
CLM00886,POL00886,CUS00886,2024-06-04,2024-06-26,Hail,0,355 N Rosalind Ave,Orange,FL,32801,28.545514,-81.378134,38,6,Flat/TPO,Masonry,1407,Owner Occupied,261000,59,1,1,1,1,1,1,226000,27000,114000,48000,2000,7540,HO6,1,61600,0,0,85900,40600,17,1,0,1
CLM00887,POL00887,CUS00887,2023-03-09,2023-04-03,Water,0,5009 Park Central Dr,Orange,FL,32839,28.48606,-81.403886,24,24,Asphalt Shingle,Concrete Block,3717,Owner Occupied,747000,98,1,1,1,1,1,1,603000,81000,319000,123000,10000,3190,DP3,4,140300,2,0,53800,47600,7,1,0,0
CLM00888,POL00888,CUS00888,2025-10-11,2025-10-13,Water,0,2901 NE 1st Ave,Miami-Dade,FL,33137,25.802168,-80.187402,5,5,Tile,Reinforced Concrete,2918,Owner Occupied,787000,108,1,1,1,1,1,1,684000,55000,397000,104000,1500,2320,HO6,0,0,0,1,26600,22400,16,1,0,0
CLM00889,POL00889,CUS00889,2025-09-07,2025-09-14,Water,0,510 N Rome Ave,Hillsborough,FL,33606,27.930384,-82.488052,58,16,Asphalt Shingle,Masonry,3121,Owner Occupied,1158000,158,1,1,1,1,1,1,1078000,98000,548000,248000,5000,8850,HO6,0,0,2,1,5900,6200,17,1,0,0
CLM00890,POL00890,CUS00890,2025-09-20,2025-09-23,Water,0,700 SW 1st St,Miami-Dade,FL,33130,25.76502,-80.207664,61,13,Tile,Frame,3747,Owner Occupied,254000,147,1,1,1,1,1,1,238000,29000,157000,40000,5000,4290,HO3,1,41900,0,0,16300,17600,4,1,0,0
CLM00891,POL00891,CUS00891,2022-06-26,2022-06-29,Wind,0,300 W Tyler St,Hillsborough,FL,33602,27.948668,-82.456928,19,19,Tile,Reinforced Concrete,1787,Secondary Residence,951000,125,1,0,1,1,1,1,965000,0,639000,149000,2000,2450,HO3,0,0,0,0,12700,10600,14,1,0,0
CLM00892,POL00892,CUS00892,2025-03-24,2025-03-28,Wind,0,6501 S Westshore Blvd,Hillsborough,FL,33616,27.869022,-82.523216,25,14,Asphalt Shingle,Concrete Block,2460,Owner Occupied,525000,176,1,1,1,1,1,1,405000,58000,280000,87000,1000,8720,HO6,1,66600,1,0,67500,54200,13,1,0,0
CLM00893,POL00893,CUS00893,2025-09-09,2025-09-16,Vandalism,0,7575 Universal Blvd,Orange,FL,32819,28.451704,-81.47356,51,13,Tile,Reinforced Concrete,4118,Owner Occupied,765000,65,1,1,1,1,1,1,693000,83000,422000,199000,2000,4550,HO5,1,75300,0,0,19800,16500,17,1,0,0
CLM00894,POL00894,CUS00894,2024-10-14,2024-10-17,Wind,0,452 NE 31st St,Miami-Dade,FL,33137,25.805582,-80.194716,10,10,Metal,Reinforced Concrete,2893,Owner Occupied,617000,82,1,1,1,1,1,1,446000,57000,269000,70000,10000,1850,HO3,1,20400,1,0,44100,36600,1,1,0,0
CLM00895,POL00895,CUS00895,2022-03-15,2022-03-21,Hail,0,410 N Orange Ave,Orange,FL,32801,28.538032,-81.373544,74,21,Asphalt Shingle,Masonry,3921,Secondary Residence,1082000,173,1,1,1,1,1,1,807000,69000,457000,128000,7500,5870,HO3,0,0,1,0,25000,21400,11,1,0,0
CLM00896,POL00896,CUS00896,2022-12-29,2022-12-29,Lightning,0,110 Zora Pl,Orange,FL,32810,28.615406,-81.425066,72,22,Asphalt Shingle,Masonry,3871,Owner Occupied,1391000,64,1,1,1,1,1,1,1356000,134000,699000,318000,5000,6910,HO3,2,51800,1,0,18700,20500,11,1,0,0
CLM00897,POL00897,CUS00897,2024-06-13,2024-06-18,Wind,0,310 N Orange Ave,Orange,FL,32801,28.543216,-81.372806,26,14,Asphalt Shingle,Masonry Veneer,3325,Owner Occupied,1348000,121,1,1,1,1,1,1,1354000,148000,745000,346000,10000,7260,HO3,0,0,0,0,49600,55300,10,1,0,1
CLM00898,POL00898,CUS00898,2025-05-15,2025-05-18,Hurricane,0,452 NE 31st St,Miami-Dade,FL,33137,25.805582,-80.194716,32,22,Asphalt Shingle,Concrete Block,3249,Owner Occupied,353000,29,1,1,1,1,1,1,309000,32000,214000,70000,10000,5870,HO3,0,0,0,0,22700,25700,1,1,0,0
CLM00899,POL00899,CUS00899,2024-06-05,2024-06-08,Water,0,2901 NE 1st Ave,Miami-Dade,FL,33137,25.802168,-80.187402,10,10,Flat/TPO,Concrete Block,2279,Owner Occupied,849000,148,1,1,1,1,1,1,640000,77000,318000,126000,2500,9290,HO3,1,38500,1,0,24300,21700,5,1,0,0
CLM00900,POL00900,CUS00900,2023-05-08,2023-05-14,Theft,0,6301 S Westshore Blvd,Hillsborough,FL,33616,27.867894,-82.52435,57,10,Flat/TPO,Reinforced Concrete,1257,Tenant Occupied,575000,129,1,1,1,1,0,0,533000,64000,246000,118000,2000,6990,DP3,1,81200,0,0,8100,17000,10,1,0,0
CLM00901,POL00901,CUS00901,2024-10-09,2024-10-13,Hurricane,1,7511 Solstice Cir,Orange,FL,32821,28.411672,-81.46685,51,12,Metal,Masonry,1934,Secondary Residence,320000,14,1,1,1,1,0,0,295000,31000,205000,77000,10000,8580,DP3,0,0,0,0,54700,52400,10,1,0,0
CLM00902,POL00902,CUS00902,2023-11-19,2023-11-24,Hurricane,0,109 W Fortune St,Hillsborough,FL,33602,27.947222,-82.458452,11,11,Asphalt Shingle,Concrete Block,4147,Owner Occupied,976000,29,1,1,1,1,1,1,847000,94000,518000,131000,5000,2040,HO3,0,0,0,0,31600,32100,7,1,0,0
CLM00903,POL00903,CUS00903,2023-01-11,2023-01-14,Hurricane,0,2828 NW 1st Ave,Miami-Dade,FL,33127,25.79715,-80.197564,36,26,Tile,Frame,4237,Owner Occupied,395000,169,1,1,1,1,1,1,389000,45000,224000,63000,10000,9050,HO3,2,107900,1,0,74900,74400,6,1,0,0
CLM00904,POL00904,CUS00904,2025-07-16,2025-07-16,Water,0,180 NE 29th St,Miami-Dade,FL,33137,25.808606,-80.19234,38,21,Metal,Frame,1990,Owner Occupied,1251000,118,1,1,1,1,1,1,1077000,99000,491000,191000,2500,2430,HO5,0,0,0,0,6600,6500,17,1,0,0
CLM00905,POL00905,CUS00905,2022-09-07,2022-09-13,Fire,0,901 W Chestnut St,Hillsborough,FL,33607,27.956886,-82.501454,48,28,Tile,Frame,1877,Owner Occupied,426000,66,1,1,1,1,1,1,312000,26000,154000,80000,7500,9550,HO5,0,0,0,0,200600,167000,17,1,0,0
CLM00906,POL00906,CUS00906,2025-10-04,2025-11-04,Fire,0,452 NE 31st St,Miami-Dade,FL,33137,25.805582,-80.194716,7,7,Asphalt Shingle,Masonry,2414,Owner Occupied,371000,46,1,1,1,1,1,1,374000,37000,210000,105000,10000,9480,HO3,2,139700,1,0,9700,32600,4,1,0,0
CLM00907,POL00907,CUS00907,2025-01-25,2025-02-01,Lightning,0,410 N Orange Ave,Orange,FL,32801,28.538032,-81.373544,26,2,Metal,Masonry Veneer,3545,Secondary Residence,224000,56,1,1,1,1,1,1,193000,28000,126000,51000,2500,3110,HO3,2,109600,1,0,50800,50600,7,1,0,0
CLM00908,POL00908,CUS00908,2025-03-31,2025-04-07,Theft,0,218 NW 8th St,Miami-Dade,FL,33136,25.785132,-80.210772,45,30,Asphalt Shingle,Masonry Veneer,3176,Tenant Occupied,1346000,140,1,1,1,1,1,1,1063000,153000,485000,250000,2000,8180,HO3,1,16000,1,1,19500,20400,9,1,0,0
CLM00909,POL00909,CUS00909,2022-09-12,2022-10-21,Hail,0,6301 S Westshore Blvd,Hillsborough,FL,33616,27.867894,-82.52435,25,6,Flat/TPO,Masonry Veneer,2506,Owner Occupied,503000,58,1,1,1,1,1,1,477000,40000,252000,117000,2500,5220,HO3,2,71000,0,2,35000,39700,1,1,0,1
CLM00910,POL00910,CUS00910,2025-08-19,2025-08-19,Hail,0,6970 SW 40th St,Miami-Dade,FL,33155,25.7421,-80.313298,47,23,Flat/TPO,Concrete Block,3461,Owner Occupied,1357000,155,1,1,1,1,1,1,1046000,106000,590000,172000,7500,5060,HO3,1,57900,1,0,43900,46900,14,1,1,0
CLM00911,POL00911,CUS00911,2022-05-25,2022-05-28,Vandalism,0,101 Lake Ave,Orange,FL,32801,28.539466,-81.369524,71,26,Concrete Tile,Concrete Block,2615,Owner Occupied,470000,108,1,1,1,1,1,1,403000,56000,238000,101000,1000,9560,HO3,0,0,1,1,31600,27200,11,1,0,0
CLM00912,POL00912,CUS00912,2022-08-31,2022-09-23,Water,0,410 N Orange Ave,Orange,FL,32801,28.538032,-81.373544,9,9,Metal,Masonry Veneer,2494,Owner Occupied,723000,89,1,1,1,1,1,1,702000,70000,389000,107000,10000,8290,HO5,2,143000,2,0,24700,20900,9,1,0,1
CLM00913,POL00913,CUS00913,2022-12-27,2022-12-28,Vandalism,0,4000 Headwaters Way,Orange,FL,32837,28.386144,-81.418598,56,15,Asphalt Shingle,Masonry Veneer,2782,Owner Occupied,1183000,43,1,1,1,1,1,1,1115000,122000,684000,169000,10000,3640,HO3,1,77500,0,0,5200,4500,8,1,0,0
CLM00914,POL00914,CUS00914,2023-03-10,2023-03-11,Wind,0,733 Main Ln,Orange,FL,32801,28.546738,-81.375962,49,31,Metal,Masonry Veneer,2477,Owner Occupied,445000,158,1,1,1,1,1,1,441000,61000,253000,97000,2500,2810,HO3,2,97000,1,0,39000,35200,12,1,0,0
CLM00915,POL00915,CUS00915,2022-06-01,2022-06-09,Vandalism,0,645 NW 1st St,Miami-Dade,FL,33128,25.768528,-80.198928,71,8,Tile,Reinforced Concrete,2960,Owner Occupied,1013000,72,1,1,1,1,1,1,862000,89000,581000,257000,7500,3820,HO3,2,79800,1,0,27300,23400,15,1,0,0
CLM00916,POL00916,CUS00916,2024-09-11,2024-09-12,Hurricane,0,4000 Headwaters Way,Orange,FL,32837,28.386144,-81.418598,64,10,Concrete Tile,Masonry,2873,Owner Occupied,292000,177,1,1,1,1,1,1,211000,22000,110000,32000,5000,7000,HO3,0,0,0,0,112600,116500,7,1,0,0
CLM00917,POL00917,CUS00917,2023-05-17,2023-05-20,Hurricane,0,710 NE 1st Ave,Miami-Dade,FL,33132,25.783848,-80.189314,32,17,Tile,Reinforced Concrete,2899,Owner Occupied,401000,47,1,1,1,1,1,1,399000,41000,233000,106000,2000,9770,HO5,1,37200,1,1,33200,27300,9,1,0,0
CLM00918,POL00918,CUS00918,2022-02-13,2022-02-20,Vandalism,0,6301 S Westshore Blvd,Hillsborough,FL,33616,27.867894,-82.52435,26,26,Flat/TPO,Reinforced Concrete,1112,Secondary Residence,999000,66,1,1,1,1,1,1,791000,118000,453000,191000,10000,2290,HO5,2,205700,1,0,9600,23200,12,1,0,0
CLM00919,POL00919,CUS00919,2023-05-19,2023-05-26,Hurricane,0,2751 NW 84th St,Miami-Dade,FL,33147,25.858766,-80.24016,47,31,Tile,Masonry Veneer,3262,Owner Occupied,1183000,34,1,1,1,1,1,1,1072000,143000,645000,170000,1000,9220,HO6,3,87600,2,1,56300,70200,5,1,0,1
CLM00920,POL00920,CUS00920,2024-01-25,2024-01-26,Hail,0,1000 NW 7th St,Miami-Dade,FL,33136,25.78563,-80.201058,34,4,Tile,Reinforced Concrete,1339,Owner Occupied,1080000,161,1,1,1,1,1,1,999000,140000,551000,281000,2500,8760,HO3,2,62000,0,0,19800,18800,7,1,0,0
CLM00921,POL00921,CUS00921,2025-07-23,2025-07-23,Water,0,110 Zora Pl,Orange,FL,32810,28.615406,-81.425066,19,18,Concrete Tile,Masonry,2278,Owner Occupied,573000,87,1,1,1,1,1,1,558000,83000,280000,153000,1000,7900,HO5,1,107700,0,0,28200,34800,1,1,0,0
CLM00922,POL00922,CUS00922,2022-09-03,2022-09-10,Water,0,9200 Randal Park Blvd,Orange,FL,32832,28.412212,-81.243592,58,30,Flat/TPO,Frame,1436,Tenant Occupied,1220000,72,1,1,1,1,1,1,956000,85000,566000,144000,5000,8890,HO6,0,0,0,0,11000,12900,7,1,0,0
CLM00923,POL00923,CUS00923,2023-12-09,2023-12-09,Water,0,2633 Azalea Garden Pl,Hillsborough,FL,33619,27.938868,-82.369974,14,14,Tile,Reinforced Concrete,3253,Tenant Occupied,1108000,60,1,1,1,1,1,1,1021000,141000,654000,156000,1500,6130,HO3,1,66100,0,0,11700,9900,9,1,0,0
CLM00924,POL00924,CUS00924,2025-05-26,2025-05-30,Water,0,5009 Park Central Dr,Orange,FL,32839,28.48606,-81.403886,55,22,Concrete Tile,Frame,3430,Owner Occupied,1086000,103,1,1,1,1,1,1,836000,95000,502000,245000,7500,7060,HO6,2,132200,1,0,10000,12400,15,1,0,0
CLM00925,POL00925,CUS00925,2024-02-22,2024-02-29,Theft,0,3000 NE 2nd Ave,Miami-Dade,FL,33137,25.808936,-80.195094,59,27,Flat/TPO,Masonry Veneer,1552,Owner Occupied,1187000,70,1,1,1,1,1,1,1045000,143000,709000,166000,7500,7450,HO3,0,0,1,0,33900,30600,15,1,0,1
CLM00926,POL00926,CUS00926,2022-03-12,2022-03-13,Water,0,9505 Axis Way,Orange,FL,32837,28.396944,-81.417614,62,31,Tile,Concrete Block,1025,Owner Occupied,919000,172,1,1,1,1,1,1,665000,53000,450000,186000,2000,2090,HO3,0,0,0,1,20100,17200,7,1,0,0
CLM00927,POL00927,CUS00927,2023-12-20,2023-12-23,Hurricane,0,6600 NW 7th St,Miami-Dade,FL,33126,25.778214,-80.295246,38,4,Tile,Frame,2288,Owner Occupied,248000,85,1,0,1,1,1,1,223000,0,132000,36000,1000,7250,HO5,0,0,0,0,45100,43900,4,1,0,0
CLM00928,POL00928,CUS00928,2023-05-21,2023-05-22,Lightning,0,3131 NE 1st Ave,Miami-Dade,FL,33137,25.807112,-80.193906,13,3,Flat/TPO,Reinforced Concrete,3369,Owner Occupied,793000,15,1,1,1,1,1,1,812000,87000,528000,173000,2000,2010,HO6,1,20900,0,0,24900,27000,4,1,0,0
CLM00929,POL00929,CUS00929,2024-12-12,2024-12-14,Hurricane,0,1115 E Twiggs St,Hillsborough,FL,33602,27.951524,-82.459604,11,11,Flat/TPO,Masonry Veneer,1538,Owner Occupied,1072000,120,1,1,1,1,1,1,907000,126000,432000,260000,1000,5530,HO3,3,140900,0,0,52300,59000,7,1,0,0
CLM00930,POL00930,CUS00930,2024-10-09,2024-10-16,Hail,1,2751 NW 84th St,Miami-Dade,FL,33147,25.858766,-80.24016,6,4,Flat/TPO,Frame,941,Owner Occupied,531000,48,1,1,1,1,1,1,497000,47000,237000,135000,2000,2240,HO6,0,0,0,0,24100,25400,17,1,0,0
CLM00931,POL00931,CUS00931,2022-08-24,2022-09-19,Hurricane,0,6970 SW 40th St,Miami-Dade,FL,33155,25.7421,-80.313298,38,30,Asphalt Shingle,Frame,831,Owner Occupied,793000,154,1,1,1,1,1,1,789000,100000,480000,210000,7500,9240,HO5,0,0,1,1,84600,79200,6,1,0,1
CLM00932,POL00932,CUS00932,2025-08-28,2025-08-30,Wind,0,3131 NE 1st Ave,Miami-Dade,FL,33137,25.807112,-80.193906,45,18,Tile,Reinforced Concrete,1963,Owner Occupied,790000,19,1,1,1,1,1,1,774000,101000,420000,140000,5000,5390,HO3,1,90000,1,0,40400,35700,4,1,0,0
CLM00933,POL00933,CUS00933,2022-09-27,2022-09-28,Hail,1,921 N Central Ave,Hillsborough,FL,33602,27.95189,-82.4639,22,7,Concrete Tile,Reinforced Concrete,1828,Owner Occupied,1174000,73,1,0,1,1,1,1,981000,0,605000,277000,7500,4370,HO3,1,88900,1,0,27800,22800,18,1,0,0
CLM00934,POL00934,CUS00934,2023-07-14,2023-07-14,Wind,0,5432 W Tyson Ave,Hillsborough,FL,33611,27.888268,-82.506778,38,19,Metal,Reinforced Concrete,2678,Owner Occupied,1362000,41,1,1,1,1,1,1,1270000,173000,881000,204000,2500,3800,HO5,1,43800,0,0,7600,8100,2,1,0,1
CLM00935,POL00935,CUS00935,2023-01-25,2023-01-25,Wind,0,310 N Orange Ave,Orange,FL,32801,28.543216,-81.372806,37,14,Flat/TPO,Masonry,3533,Owner Occupied,788000,90,1,0,1,1,1,1,571000,0,290000,131000,1000,5740,HO5,1,111100,2,0,59200,48200,5,1,0,0
CLM00936,POL00936,CUS00936,2024-10-06,2024-10-09,Hail,0,700 SW 1st St,Miami-Dade,FL,33130,25.76502,-80.207664,65,16,Tile,Reinforced Concrete,1190,Owner Occupied,352000,30,1,1,1,1,1,1,302000,28000,154000,54000,10000,5120,HO3,1,64200,2,1,54100,46000,11,1,0,0
CLM00937,POL00937,CUS00937,2024-05-24,2024-06-01,Fire,0,310 N Orange Ave,Orange,FL,32801,28.543216,-81.372806,34,15,Flat/TPO,Concrete Block,4238,Owner Occupied,1212000,81,1,1,1,1,1,1,1038000,126000,640000,295000,10000,2190,HO3,4,206200,3,0,106900,108800,12,1,1,1
CLM00938,POL00938,CUS00938,2024-09-09,2024-09-18,Theft,0,3015 N Rocky Point Dr E,Hillsborough,FL,33607,27.964764,-82.501766,5,5,Concrete Tile,Frame,991,Secondary Residence,1056000,183,1,1,1,1,1,1,1057000,113000,676000,217000,1500,9710,HO3,2,178400,1,0,24200,21000,11,1,0,0
CLM00939,POL00939,CUS00939,2022-08-30,2022-09-07,Water,0,520 E Church St,Orange,FL,32801,28.542388,-81.368972,44,31,Concrete Tile,Masonry Veneer,1275,Owner Occupied,440000,25,1,1,1,1,1,1,413000,44000,219000,63000,2500,7950,HO6,0,0,2,0,16300,18800,17,1,0,0
CLM00940,POL00940,CUS00940,2024-05-08,2024-05-26,Water,0,12112 Sugarloaf Key St,Hillsborough,FL,33626,28.058486,-82.624672,15,10,Tile,Masonry,1028,Owner Occupied,1215000,114,1,1,1,1,1,1,1235000,128000,794000,345000,5000,4330,HO5,1,77100,1,0,43900,42600,11,1,0,0
CLM00941,POL00941,CUS00941,2022-11-03,2022-11-12,Lightning,0,1000 NW 7th St,Miami-Dade,FL,33136,25.78563,-80.201058,43,1,Asphalt Shingle,Masonry,1969,Owner Occupied,1019000,32,1,1,1,1,1,1,870000,120000,509000,186000,2000,5610,HO6,1,24200,2,0,18400,18900,8,1,0,0
CLM00942,POL00942,CUS00942,2022-07-17,2022-07-23,Hail,0,452 NE 31st St,Miami-Dade,FL,33137,25.805582,-80.194716,60,19,Tile,Masonry Veneer,2667,Owner Occupied,1380000,42,1,1,1,1,1,1,1243000,185000,623000,217000,1000,6140,HO3,1,9700,0,0,19000,23200,6,1,0,0
CLM00943,POL00943,CUS00943,2023-01-07,2023-01-16,Theft,0,355 N Rosalind Ave,Orange,FL,32801,28.545514,-81.378134,12,5,Metal,Frame,1214,Owner Occupied,1031000,64,1,1,1,1,1,1,751000,80000,381000,140000,7500,2980,HO6,0,0,0,0,26700,22100,8,1,0,0
CLM00944,POL00944,CUS00944,2023-06-11,2023-07-04,Water,0,9567 Sunbelt St,Hillsborough,FL,33635,28.022792,-82.61563,15,15,Tile,Masonry Veneer,1733,Owner Occupied,1180000,43,1,1,1,1,1,1,1002000,146000,552000,157000,10000,8910,HO3,3,193700,1,0,39500,34800,8,1,0,0
CLM00945,POL00945,CUS00945,2023-09-11,2023-09-11,Theft,0,9931 W Flagler St,Miami-Dade,FL,33174,25.75642,-80.352414,19,7,Asphalt Shingle,Concrete Block,1455,Owner Occupied,252000,116,1,1,1,1,1,1,236000,32000,135000,37000,1500,4030,HO5,2,16800,0,0,18500,18400,4,1,0,0
CLM00946,POL00946,CUS00946,2025-01-06,2025-01-10,Fire,0,2633 Azalea Garden Pl,Hillsborough,FL,33619,27.938868,-82.369974,3,3,Concrete Tile,Frame,4184,Owner Occupied,706000,131,1,1,1,1,1,1,631000,64000,406000,117000,1000,6690,HO6,2,98400,0,0,24800,29000,1,1,0,0
CLM00947,POL00947,CUS00947,2025-07-13,2025-07-22,Hail,0,6600 NW 7th St,Miami-Dade,FL,33126,25.778214,-80.295246,44,2,Metal,Masonry,898,Owner Occupied,1014000,18,1,1,1,1,1,1,822000,97000,483000,124000,2500,5020,HO5,0,0,0,0,8600,16000,17,1,0,0
CLM00948,POL00948,CUS00948,2023-08-26,2023-08-29,Freeze,0,645 NW 1st St,Miami-Dade,FL,33128,25.768528,-80.198928,75,23,Metal,Masonry,1238,Owner Occupied,329000,70,1,1,1,1,1,1,295000,35000,192000,83000,7500,3580,HO5,2,22600,0,0,24200,22000,17,1,0,0
CLM00949,POL00949,CUS00949,2023-09-21,2023-09-27,Theft,0,2650 Dade Ave,Orange,FL,32804,28.583628,-81.389606,61,12,Asphalt Shingle,Concrete Block,4019,Owner Occupied,1041000,68,1,1,1,1,1,1,790000,90000,478000,169000,7500,8440,HO3,1,44700,0,0,29900,25300,14,1,0,0
CLM00950,POL00950,CUS00950,2025-02-15,2025-02-23,Water,0,101 Lake Ave,Orange,FL,32801,28.539466,-81.369524,48,32,Asphalt Shingle,Masonry,4144,Owner Occupied,476000,45,1,1,1,1,1,1,404000,53000,267000,97000,7500,8040,HO3,2,42200,1,1,18800,18200,7,1,0,0
CLM00951,POL00951,CUS00951,2024-10-09,2024-10-09,Hurricane,1,30 SW 1st St,Miami-Dade,FL,33130,25.765842,-80.208492,33,24,Asphalt Shingle,Masonry Veneer,2788,Owner Occupied,624000,182,1,1,1,1,1,1,584000,68000,401000,136000,5000,2800,HO5,1,55200,1,0,23700,49700,17,1,0,0
CLM00952,POL00952,CUS00952,2023-08-16,2023-08-22,Hail,0,109 W Fortune St,Hillsborough,FL,33602,27.947222,-82.458452,48,8,Concrete Tile,Masonry Veneer,2007,Owner Occupied,916000,60,1,1,1,1,1,1,816000,87000,520000,127000,7500,9050,HO5,0,0,0,0,26000,30400,13,1,0,0
CLM00953,POL00953,CUS00953,2025-02-28,2025-03-05,Water,0,2901 NE 1st Ave,Miami-Dade,FL,33137,25.802168,-80.187402,5,5,Asphalt Shingle,Concrete Block,3843,Secondary Residence,643000,105,1,1,1,1,1,1,617000,82000,366000,159000,5000,4560,HO5,2,62600,1,0,32600,28100,17,1,0,0
CLM00954,POL00954,CUS00954,2025-03-29,2025-04-04,Water,0,101 Lake Ave,Orange,FL,32801,28.539466,-81.369524,51,16,Metal,Concrete Block,2944,Owner Occupied,1066000,9,1,1,1,1,1,1,891000,100000,427000,225000,2000,8960,HO3,3,107200,2,0,53300,44700,11,1,0,0
CLM00955,POL00955,CUS00955,2023-08-28,2023-09-01,Wind,0,5009 Park Central Dr,Orange,FL,32839,28.48606,-81.403886,35,2,Concrete Tile,Reinforced Concrete,1287,Owner Occupied,1019000,145,1,1,1,1,1,1,886000,105000,462000,212000,1500,9030,HO3,0,0,0,0,37000,35100,4,1,0,0
CLM00956,POL00956,CUS00956,2025-02-06,2025-03-11,Wind,0,109 W Fortune St,Hillsborough,FL,33602,27.947222,-82.458452,35,23,Asphalt Shingle,Reinforced Concrete,2599,Secondary Residence,471000,178,1,1,1,1,1,1,476000,40000,251000,132000,5000,8850,HO3,1,53800,0,1,50300,22000,9,1,0,1
CLM00957,POL00957,CUS00957,2022-06-02,2022-07-16,Hail,0,9567 Sunbelt St,Hillsborough,FL,33635,28.022792,-82.61563,74,21,Concrete Tile,Concrete Block,2609,Owner Occupied,1385000,20,1,1,1,1,1,1,1374000,155000,768000,391000,10000,2790,HO5,0,0,0,0,12500,11600,4,1,0,0
CLM00958,POL00958,CUS00958,2023-12-30,2023-12-31,Lightning,0,9200 Randal Park Blvd,Orange,FL,32832,28.412212,-81.243592,5,5,Flat/TPO,Masonry Veneer,2050,Secondary Residence,1121000,137,1,1,1,1,1,1,813000,101000,461000,234000,1000,7570,HO3,2,92100,1,1,11500,9400,1,1,0,0
CLM00959,POL00959,CUS00959,2022-10-24,2022-10-25,Hail,0,2900 Biscayne Blvd,Miami-Dade,FL,33137,25.80518,-80.188488,52,26,Concrete Tile,Masonry,3809,Owner Occupied,1010000,124,1,1,1,1,1,1,852000,84000,486000,215000,10000,8330,HO3,1,69900,2,1,52000,42300,8,1,0,0
CLM00960,POL00960,CUS00960,2022-10-15,2022-10-16,Theft,0,230 NE 4th St,Miami-Dade,FL,33132,25.781976,-80.192572,14,5,Asphalt Shingle,Masonry Veneer,1716,Owner Occupied,1053000,91,1,1,1,1,1,1,943000,96000,651000,175000,7500,8370,HO3,1,73500,0,0,35400,30400,10,1,0,0
CLM00961,POL00961,CUS00961,2023-05-26,2023-05-28,Lightning,0,310 N Orange Ave,Orange,FL,32801,28.543216,-81.372806,43,11,Flat/TPO,Frame,3649,Owner Occupied,627000,35,1,1,1,1,1,1,623000,72000,427000,158000,7500,4270,HO3,2,118700,1,1,27400,22700,18,1,1,0
CLM00962,POL00962,CUS00962,2022-09-05,2022-09-06,Water,0,6904 Ralston Pl Dr,Hillsborough,FL,33614,28.00581,-82.507956,43,19,Concrete Tile,Masonry,3587,Owner Occupied,1072000,168,1,1,1,1,1,1,818000,121000,500000,161000,1000,7380,HO3,2,185000,1,0,15500,12900,2,1,0,0
CLM00963,POL00963,CUS00963,2024-05-04,2024-05-11,Wind,0,9567 Sunbelt St,Hillsborough,FL,33635,28.022792,-82.61563,57,26,Metal,Frame,3164,Secondary Residence,1045000,187,1,1,1,1,1,1,931000,100000,585000,222000,10000,6170,HO3,2,88400,1,1,21600,19500,4,1,0,1
CLM00964,POL00964,CUS00964,2024-02-09,2024-02-17,Theft,0,218 NW 8th St,Miami-Dade,FL,33136,25.785132,-80.210772,14,14,Metal,Concrete Block,2053,Owner Occupied,522000,171,1,1,1,1,1,1,442000,61000,255000,84000,2000,6320,HO5,2,112300,0,0,15600,30000,5,1,0,0
CLM00965,POL00965,CUS00965,2023-01-12,2023-01-20,Wind,0,2900 Biscayne Blvd,Miami-Dade,FL,33137,25.80518,-80.188488,29,15,Tile,Frame,1259,Owner Occupied,565000,15,1,1,1,1,1,1,423000,61000,246000,74000,2500,5960,HO3,2,125900,1,0,24900,20900,18,1,0,0
CLM00966,POL00966,CUS00966,2024-07-31,2024-08-05,Theft,0,510 N Rome Ave,Hillsborough,FL,33606,27.930384,-82.488052,33,26,Flat/TPO,Masonry Veneer,2601,Owner Occupied,284000,68,1,1,1,1,1,1,239000,29000,156000,61000,2000,4420,HO6,0,0,0,0,14000,12700,17,1,0,0
CLM00967,POL00967,CUS00967,2024-01-20,2024-02-05,Hail,0,8733 Rooks Park Cir,Hillsborough,FL,33619,27.936594,-82.36584,63,4,Concrete Tile,Masonry,2289,Owner Occupied,1269000,148,1,1,1,1,1,1,1216000,174000,773000,227000,1000,2490,HO3,0,0,0,0,47600,39400,18,1,0,0
CLM00968,POL00968,CUS00968,2025-03-17,2025-03-23,Theft,0,3000 NE 2nd Ave,Miami-Dade,FL,33137,25.808936,-80.195094,14,14,Metal,Reinforced Concrete,2376,Owner Occupied,636000,62,1,1,1,1,1,1,624000,53000,295000,115000,7500,5370,HO5,0,0,1,0,13300,28000,9,1,0,0
CLM00969,POL00969,CUS00969,2025-07-10,2025-07-11,Theft,0,510 N Rome Ave,Hillsborough,FL,33606,27.930384,-82.488052,56,21,Metal,Frame,2610,Owner Occupied,1317000,81,1,1,1,1,1,1,1277000,155000,690000,261000,1500,6050,HO5,0,0,2,0,3300,3500,4,1,0,0
CLM00970,POL00970,CUS00970,2024-10-08,2024-10-26,Wind,1,2050 Jake St,Orange,FL,32814,28.560782,-81.32269,72,2,Concrete Tile,Frame,1091,Secondary Residence,851000,40,1,1,1,1,1,1,677000,62000,332000,179000,1000,4910,HO3,0,0,0,0,52500,51400,8,1,0,0
CLM00971,POL00971,CUS00971,2022-08-02,2022-08-04,Water,0,3015 N Rocky Point Dr E,Hillsborough,FL,33607,27.964764,-82.501766,13,8,Flat/TPO,Frame,4254,Owner Occupied,1439000,37,1,1,1,1,1,1,1127000,125000,731000,210000,5000,6070,HO3,3,159300,1,0,28000,32400,14,1,0,0
CLM00972,POL00972,CUS00972,2024-10-10,2024-10-13,Hurricane,1,410 N Orange Ave,Orange,FL,32801,28.538032,-81.373544,72,32,Concrete Tile,Reinforced Concrete,4270,Secondary Residence,1196000,188,1,0,1,1,1,1,1071000,0,503000,206000,1500,2090,HO3,1,18100,2,0,100600,82200,2,1,0,0
CLM00973,POL00973,CUS00973,2024-10-09,2024-10-14,Wind,1,12112 Sugarloaf Key St,Hillsborough,FL,33626,28.058486,-82.624672,40,2,Flat/TPO,Masonry,3183,Secondary Residence,903000,47,1,1,1,1,1,1,785000,93000,365000,153000,1500,7040,HO6,1,60800,1,0,43900,51100,7,1,0,0
CLM00974,POL00974,CUS00974,2024-01-22,2024-01-27,Hail,0,4301 Urbana Dr,Orange,FL,32837,28.394856,-81.424922,42,14,Flat/TPO,Masonry Veneer,1013,Owner Occupied,452000,178,1,1,1,1,1,1,439000,57000,209000,121000,5000,7760,HO3,1,11500,0,0,16200,18400,12,1,0,0
CLM00975,POL00975,CUS00975,2024-03-15,2024-03-16,Fire,0,921 N Central Ave,Hillsborough,FL,33602,27.95189,-82.4639,32,16,Concrete Tile,Concrete Block,4041,Owner Occupied,998000,106,1,1,1,1,1,1,840000,79000,528000,156000,10000,4990,HO3,3,188500,1,0,43400,126100,5,1,0,0
CLM00976,POL00976,CUS00976,2025-08-17,2025-08-25,Theft,0,300 W Tyler St,Hillsborough,FL,33602,27.948668,-82.456928,67,24,Flat/TPO,Masonry Veneer,2872,Owner Occupied,990000,124,1,1,1,1,1,1,902000,94000,621000,267000,2500,9160,HO5,0,0,1,0,26800,21600,1,1,0,0
CLM00977,POL00977,CUS00977,2023-09-16,2023-09-16,Lightning,0,2650 Dade Ave,Orange,FL,32804,28.583628,-81.389606,68,10,Metal,Reinforced Concrete,4133,Owner Occupied,557000,32,1,1,1,1,1,1,534000,80000,367000,152000,1000,3970,HO3,1,68400,0,0,44200,37500,13,1,0,0
CLM00978,POL00978,CUS00978,2024-09-23,2024-09-23,Wind,0,2633 Azalea Garden Pl,Hillsborough,FL,33619,27.938868,-82.369974,35,11,Concrete Tile,Masonry,2059,Secondary Residence,915000,81,1,1,1,1,1,1,716000,70000,381000,118000,1500,5510,HO6,1,110300,0,0,49700,47800,3,1,0,0
CLM00979,POL00979,CUS00979,2023-04-14,2023-04-22,Water,0,8733 Rooks Park Cir,Hillsborough,FL,33619,27.936594,-82.36584,18,18,Metal,Concrete Block,2162,Owner Occupied,546000,29,1,1,1,1,0,1,544000,81000,345000,109000,1000,5970,DP3,2,77900,1,1,27400,29000,7,1,0,0
CLM00980,POL00980,CUS00980,2024-12-08,2024-12-17,Wind,0,3000 NE 2nd Ave,Miami-Dade,FL,33137,25.808936,-80.195094,51,4,Flat/TPO,Masonry Veneer,1535,Owner Occupied,1227000,81,1,1,1,1,1,1,949000,99000,564000,263000,7500,3490,HO6,1,49000,1,1,47900,50200,8,1,0,0
CLM00981,POL00981,CUS00981,2022-07-27,2022-07-29,Wind,0,4301 Urbana Dr,Orange,FL,32837,28.394856,-81.424922,14,14,Flat/TPO,Concrete Block,2163,Owner Occupied,1340000,39,1,1,1,1,1,1,1080000,122000,642000,307000,1000,6050,HO6,3,106400,0,1,18500,15200,7,1,0,0
CLM00982,POL00982,CUS00982,2022-05-10,2022-05-18,Freeze,0,733 Main Ln,Orange,FL,32801,28.546738,-81.375962,39,28,Concrete Tile,Concrete Block,2008,Owner Occupied,709000,71,1,1,1,1,1,1,616000,88000,373000,152000,2000,9420,HO3,2,143900,2,0,25900,30800,18,1,0,0
CLM00983,POL00983,CUS00983,2024-01-13,2024-01-13,Fire,0,1115 E Twiggs St,Hillsborough,FL,33602,27.951524,-82.459604,75,25,Tile,Frame,1822,Owner Occupied,790000,22,1,1,1,1,1,1,584000,50000,370000,102000,1500,2020,HO6,2,107600,1,1,152200,174000,10,1,1,1
CLM00984,POL00984,CUS00984,2024-10-08,2024-10-12,Wind,1,110 Zora Pl,Orange,FL,32810,28.615406,-81.425066,27,21,Asphalt Shingle,Reinforced Concrete,1237,Tenant Occupied,1414000,161,1,1,1,1,1,1,1362000,109000,853000,361000,5000,5990,HO3,1,72600,0,0,32100,30400,17,1,0,0
CLM00985,POL00985,CUS00985,2024-08-16,2024-09-12,Hail,0,300 W Tyler St,Hillsborough,FL,33602,27.948668,-82.456928,55,19,Asphalt Shingle,Reinforced Concrete,2270,Secondary Residence,926000,36,1,1,1,1,1,1,780000,86000,376000,215000,2000,9480,HO5,4,127400,0,1,12300,11500,14,1,0,0
CLM00986,POL00986,CUS00986,2022-04-06,2022-04-07,Wind,0,5009 Park Central Dr,Orange,FL,32839,28.48606,-81.403886,30,24,Asphalt Shingle,Concrete Block,1099,Owner Occupied,1372000,34,1,1,1,1,1,1,1409000,190000,665000,214000,10000,3340,HO5,0,0,0,0,9500,30400,8,1,1,0
CLM00987,POL00987,CUS00987,2022-08-03,2022-08-03,Lightning,0,510 N Rome Ave,Hillsborough,FL,33606,27.930384,-82.488052,59,4,Flat/TPO,Masonry Veneer,3826,Owner Occupied,274000,139,1,1,1,1,1,1,200000,19000,100000,46000,2500,8450,HO3,0,0,0,0,10900,11900,9,1,0,0
CLM00988,POL00988,CUS00988,2025-12-10,2025-12-13,Vandalism,0,355 N Rosalind Ave,Orange,FL,32801,28.545514,-81.378134,45,6,Concrete Tile,Reinforced Concrete,2955,Owner Occupied,725000,111,1,1,1,1,1,1,628000,63000,415000,159000,1000,4870,HO3,1,29600,0,1,7800,7400,10,1,0,0
CLM00989,POL00989,CUS00989,2022-07-01,2022-07-05,Vandalism,0,12112 Sugarloaf Key St,Hillsborough,FL,33626,28.058486,-82.624672,32,6,Metal,Reinforced Concrete,2831,Owner Occupied,997000,78,1,1,1,1,1,1,927000,94000,552000,156000,2000,7880,HO3,0,0,0,0,18300,16500,11,1,0,0
CLM00990,POL00990,CUS00990,2024-10-08,2024-10-12,Hail,1,101 W Beach Pl,Hillsborough,FL,33606,27.939852,-82.48549,15,3,Metal,Frame,4496,Owner Occupied,261000,190,1,1,1,1,1,1,212000,24000,113000,55000,10000,3100,HO3,2,84600,3,0,36500,30800,1,1,0,0
CLM00991,POL00991,CUS00991,2023-07-15,2023-08-19,Wind,0,6301 S Westshore Blvd,Hillsborough,FL,33616,27.867894,-82.52435,54,1,Tile,Frame,3901,Owner Occupied,1155000,159,1,1,1,1,1,1,936000,110000,525000,153000,10000,5540,HO6,1,25600,1,0,18000,19900,3,1,0,1
CLM00992,POL00992,CUS00992,2025-10-29,2025-11-06,Water,0,101 W Beach Pl,Hillsborough,FL,33606,27.939852,-82.48549,52,15,Asphalt Shingle,Masonry,3942,Owner Occupied,1080000,132,1,1,1,1,1,1,963000,114000,597000,198000,2500,2330,HO3,0,0,1,0,42200,40100,4,1,0,0
CLM00993,POL00993,CUS00993,2024-12-19,2024-12-20,Lightning,0,2650 Dade Ave,Orange,FL,32804,28.583628,-81.389606,37,16,Asphalt Shingle,Reinforced Concrete,1096,Owner Occupied,349000,113,1,1,1,1,1,1,255000,33000,152000,50000,5000,6910,HO6,1,23700,0,0,49500,50000,1,1,0,0
CLM00994,POL00994,CUS00994,2025-06-20,2025-06-25,Water,0,5432 W Tyson Ave,Hillsborough,FL,33611,27.888268,-82.506778,9,9,Asphalt Shingle,Masonry,1932,Owner Occupied,1313000,13,1,1,1,1,1,1,1212000,125000,841000,246000,7500,6530,HO6,2,41700,2,1,50500,45600,12,1,0,0
CLM00995,POL00995,CUS00995,2023-07-03,2023-07-10,Hail,0,921 N Central Ave,Hillsborough,FL,33602,27.95189,-82.4639,55,3,Flat/TPO,Frame,2277,Owner Occupied,643000,55,1,1,1,1,1,1,505000,56000,289000,113000,10000,6620,HO5,2,73300,2,0,3700,9500,3,1,0,1
CLM00996,POL00996,CUS00996,2023-12-21,2023-12-24,Wind,0,180 NE 29th St,Miami-Dade,FL,33137,25.808606,-80.19234,18,6,Concrete Tile,Frame,1340,Owner Occupied,836000,7,1,1,1,1,0,0,653000,83000,368000,193000,1500,5740,DP3,1,80800,0,1,25500,27600,4,1,1,0
CLM00997,POL00997,CUS00997,2025-05-16,2025-06-27,Wind,0,7575 Universal Blvd,Orange,FL,32819,28.451704,-81.47356,52,5,Tile,Concrete Block,4022,Owner Occupied,482000,67,1,1,1,1,1,1,362000,36000,186000,95000,7500,6430,HO3,0,0,0,0,48600,25400,2,1,0,1
CLM00998,POL00998,CUS00998,2023-04-26,2023-05-04,Water,0,355 N Rosalind Ave,Orange,FL,32801,28.545514,-81.378134,5,5,Concrete Tile,Masonry,4421,Tenant Occupied,1217000,187,1,1,1,1,1,1,1062000,133000,484000,305000,1000,2540,HO6,4,213900,1,1,53600,44400,4,1,0,0
CLM00999,POL00999,CUS00999,2024-01-25,2024-02-02,Wind,0,300 W Tyler St,Hillsborough,FL,33602,27.948668,-82.456928,25,25,Concrete Tile,Frame,3974,Owner Occupied,1431000,6,1,1,1,1,1,1,1233000,143000,656000,203000,7500,6140,HO3,1,52400,0,0,22500,54200,14,1,0,0
CLM01000,POL01000,CUS01000,2024-06-12,2024-06-30,Water,0,101 W Beach Pl,Hillsborough,FL,33606,27.939852,-82.48549,16,16,Flat/TPO,Masonry,2099,Owner Occupied,1086000,24,1,1,1,1,1,1,916000,74000,533000,171000,2000,7920,HO6,0,0,0,0,17400,16900,15,1,0,0
