customer_id,historical_claim_id,historical_policy_id,loss_date,report_date,cause_of_loss,first_line_of_address,county,state,zip_code,latitude,longitude,initial_estimate,total_paid,claim_duration_days,third_party_count,attorney_involved,public_adjuster_involved,litigated,claim_outcome
CUS00001,HCLM00001_01,HPOL00001_01,2018-08-12,2018-08-13,Vandalism,2900 Biscayne Blvd,Miami-Dade,FL,33137,25.80518,-80.188488,62600,59400,59,8,0,0,0,Paid
CUS00002,HCLM00002_01,HPOL00002_01,2021-11-07,2021-11-08,Wind,2900 Biscayne Blvd,Miami-Dade,FL,33137,25.80518,-80.188488,64500,112500,362,3,1,0,1,Litigated and Settled
CUS00002,HCLM00002_02,HPOL00002_02,2020-03-18,2020-03-30,Wind,2900 Biscayne Blvd,Miami-Dade,FL,33137,25.80518,-80.188488,8200,14600,99,10,0,0,0,Partially Paid
CUS00002,HCLM00002_03,HPOL00002_03,2021-03-24,2021-03-28,Hurricane,2900 Biscayne Blvd,Miami-Dade,FL,33137,25.80518,-80.188488,65200,93100,102,13,0,0,0,Withdrawn
CUS00003,HCLM00003_01,HPOL00003_01,2021-10-02,2021-10-14,Theft,2900 Biscayne Blvd,Miami-Dade,FL,33137,25.80518,-80.188488,56500,89600,27,10,0,0,1,Litigated and Adjudicated
CUS00003,HCLM00003_02,HPOL00003_02,2021-11-19,2021-11-23,Water,2900 Biscayne Blvd,Miami-Dade,FL,33137,25.80518,-80.188488,43900,63700,230,3,0,0,0,Settled
CUS00003,HCLM00003_03,HPOL00003_03,2020-11-01,2020-11-08,Lightning,2900 Biscayne Blvd,Miami-Dade,FL,33137,25.80518,-80.188488,36800,48000,145,11,0,0,0,Settled
CUS00003,HCLM00003_04,HPOL00003_04,2020-09-01,2020-09-12,Lightning,2900 Biscayne Blvd,Miami-Dade,FL,33137,25.80518,-80.188488,4400,7600,124,9,0,0,0,Closed Without Payment
CUS00004,HCLM00004_01,HPOL00004_01,2021-06-02,2021-06-15,Vandalism,180 NE 29th St,Miami-Dade,FL,33137,25.808606,-80.19234,77200,58400,305,11,0,1,1,Litigated and Settled
CUS00004,HCLM00004_02,HPOL00004_02,2022-07-31,2022-08-03,Vandalism,180 NE 29th St,Miami-Dade,FL,33137,25.808606,-80.19234,55200,59200,62,7,0,0,0,Settled
CUS00005,HCLM00005_01,HPOL00005_01,2021-10-10,2021-10-13,Fire,2901 NE 1st Ave,Miami-Dade,FL,33137,25.802168,-80.187402,65900,91200,46,11,0,0,0,Partially Paid
CUS00005,HCLM00005_02,HPOL00005_02,2022-06-01,2022-06-04,Theft,2901 NE 1st Ave,Miami-Dade,FL,33137,25.802168,-80.187402,4100,4500,228,3,1,0,1,Litigated and Settled
CUS00005,HCLM00005_03,HPOL00005_03,2019-12-28,2020-01-09,Hurricane,2901 NE 1st Ave,Miami-Dade,FL,33137,25.802168,-80.187402,58500,73100,58,4,0,0,0,Paid
CUS00005,HCLM00005_04,HPOL00005_04,2021-06-01,2021-06-15,Theft,2050 Jake St,Orange,FL,32814,28.560782,-81.32269,8500,6600,141,8,0,0,0,Withdrawn
CUS00007,HCLM00007_01,HPOL00007_01,2024-10-05,2024-10-07,Lightning,180 NE 29th St,Miami-Dade,FL,33137,25.808606,-80.19234,17200,20700,230,3,0,0,0,Withdrawn
CUS00007,HCLM00007_02,HPOL00007_02,2021-04-30,2021-05-06,Water,452 NE 31st St,Miami-Dade,FL,33137,25.805582,-80.194716,72300,112400,141,9,0,1,0,Denied
CUS00007,HCLM00007_03,HPOL00007_03,2021-08-23,2021-09-05,Fire,4301 Urbana Dr,Orange,FL,32837,28.394856,-81.424922,10400,15700,18,4,0,0,0,Paid
CUS00008,HCLM00008_01,HPOL00008_01,2020-07-30,2020-08-03,Fire,452 NE 31st St,Miami-Dade,FL,33137,25.805582,-80.194716,75300,58100,148,12,0,0,0,Paid
CUS00008,HCLM00008_02,HPOL00008_02,2022-01-21,2022-02-03,Hurricane,452 NE 31st St,Miami-Dade,FL,33137,25.805582,-80.194716,72200,102200,114,8,0,0,0,Closed Without Payment
CUS00010,HCLM00010_01,HPOL00010_01,2020-07-09,2020-07-15,Fire,2900 Biscayne Blvd,Miami-Dade,FL,33137,25.80518,-80.188488,58000,40800,111,8,0,0,0,Paid
CUS00011,HCLM00011_01,HPOL00011_01,2021-09-21,2021-10-02,Water,101 W Beach Pl,Hillsborough,FL,33606,27.939852,-82.48549,48700,81400,230,8,0,0,0,Paid
CUS00012,HCLM00012_01,HPOL00012_01,2020-08-03,2020-08-04,Theft,110 Zora Pl,Orange,FL,32810,28.615406,-81.425066,60600,67200,123,6,0,0,0,Withdrawn
CUS00012,HCLM00012_02,HPOL00012_02,2020-10-01,2020-10-13,Fire,2828 NW 1st Ave,Miami-Dade,FL,33127,25.79715,-80.197564,32300,43300,133,12,1,1,0,Withdrawn
CUS00012,HCLM00012_03,HPOL00012_03,2018-08-15,2018-08-25,Theft,452 NE 31st St,Miami-Dade,FL,33137,25.805582,-80.194716,71000,91400,69,4,0,0,0,Settled
CUS00012,HCLM00012_04,HPOL00012_04,2019-12-31,2020-01-03,Fire,710 NE 1st Ave,Miami-Dade,FL,33132,25.783848,-80.189314,14100,20100,139,3,0,0,0,Closed Without Payment
CUS00013,HCLM00013_01,HPOL00013_01,2021-06-11,2021-06-16,Vandalism,110 Zora Pl,Orange,FL,32810,28.615406,-81.425066,7300,10700,38,12,0,0,0,Withdrawn
CUS00013,HCLM00013_02,HPOL00013_02,2019-08-27,2019-09-04,Vandalism,180 NE 29th St,Miami-Dade,FL,33137,25.808606,-80.19234,14200,13900,46,10,0,0,1,Litigated and Adjudicated
CUS00016,HCLM00016_01,HPOL00016_01,2025-06-28,2025-07-11,Hail,3000 NE 2nd Ave,Miami-Dade,FL,33137,25.808936,-80.195094,31600,51500,197,4,0,0,0,Partially Paid
CUS00016,HCLM00016_02,HPOL00016_02,2021-03-30,2021-03-31,Lightning,3000 NE 2nd Ave,Miami-Dade,FL,33137,25.808936,-80.195094,60000,57300,22,12,0,0,0,Paid
CUS00016,HCLM00016_03,HPOL00016_03,2025-01-08,2025-01-13,Hurricane,3000 NE 2nd Ave,Miami-Dade,FL,33137,25.808936,-80.195094,68800,74600,88,12,0,0,0,Denied
CUS00017,HCLM00017_01,HPOL00017_01,2021-12-06,2021-12-20,Theft,3000 NE 2nd Ave,Miami-Dade,FL,33137,25.808936,-80.195094,79800,76700,148,4,0,1,0,Partially Paid
CUS00018,HCLM00018_01,HPOL00018_01,2021-04-09,2021-04-19,Hail,8733 Rooks Park Cir,Hillsborough,FL,33619,27.936594,-82.36584,52300,94000,178,6,1,0,0,Denied
CUS00020,HCLM00020_01,HPOL00020_01,2018-02-01,2018-02-06,Water,180 NE 29th St,Miami-Dade,FL,33137,25.808606,-80.19234,34500,31600,60,12,1,0,0,Settled
CUS00022,HCLM00022_01,HPOL00022_01,2022-02-10,2022-02-14,Wind,2901 NE 1st Ave,Miami-Dade,FL,33137,25.802168,-80.187402,17900,18300,128,9,0,1,0,Withdrawn
CUS00022,HCLM00022_02,HPOL00022_02,2021-02-14,2021-02-15,Theft,2901 NE 1st Ave,Miami-Dade,FL,33137,25.802168,-80.187402,70200,114100,111,13,0,0,0,Withdrawn
CUS00023,HCLM00023_01,HPOL00023_01,2021-02-24,2021-03-09,Theft,452 NE 31st St,Miami-Dade,FL,33137,25.805582,-80.194716,32300,53000,66,11,0,0,0,Settled
CUS00023,HCLM00023_02,HPOL00023_02,2022-09-13,2022-09-25,Water,4301 Urbana Dr,Orange,FL,32837,28.394856,-81.424922,41100,43200,149,6,0,0,0,Withdrawn
CUS00024,HCLM00024_01,HPOL00024_01,2021-02-08,2021-02-14,Lightning,355 N Rosalind Ave,Orange,FL,32801,28.545514,-81.378134,78900,133900,45,3,0,0,0,Settled
CUS00024,HCLM00024_02,HPOL00024_02,2020-08-08,2020-08-21,Freeze,9200 Randal Park Blvd,Orange,FL,32832,28.412212,-81.243592,10500,16800,78,11,0,0,0,Closed Without Payment
CUS00025,HCLM00025_01,HPOL00025_01,2023-08-09,2023-08-13,Fire,180 NE 29th St,Miami-Dade,FL,33137,25.808606,-80.19234,47600,81800,65,4,0,1,0,Settled
CUS00026,HCLM00026_01,HPOL00026_01,2022-07-17,2022-07-23,Theft,2900 Biscayne Blvd,Miami-Dade,FL,33137,25.80518,-80.188488,56200,51600,223,12,1,1,0,Settled
CUS00027,HCLM00027_01,HPOL00027_01,2020-09-20,2020-09-22,Theft,180 NE 29th St,Miami-Dade,FL,33137,25.808606,-80.19234,17000,16000,138,5,0,1,0,Closed Without Payment
CUS00027,HCLM00027_02,HPOL00027_02,2019-10-21,2019-10-27,Wind,180 NE 29th St,Miami-Dade,FL,33137,25.808606,-80.19234,79800,129200,155,13,0,1,0,Partially Paid
CUS00027,HCLM00027_03,HPOL00027_03,2019-09-01,2019-09-01,Wind,180 NE 29th St,Miami-Dade,FL,33137,25.808606,-80.19234,76100,106600,30,7,0,0,0,Withdrawn
CUS00027,HCLM00027_04,HPOL00027_04,2020-07-07,2020-07-14,Wind,4301 Urbana Dr,Orange,FL,32837,28.394856,-81.424922,4400,5300,93,5,0,0,0,Partially Paid
CUS00028,HCLM00028_01,HPOL00028_01,2023-07-22,2023-07-28,Water,2901 NE 1st Ave,Miami-Dade,FL,33137,25.802168,-80.187402,29600,49900,187,13,0,0,0,Withdrawn
CUS00028,HCLM00028_02,HPOL00028_02,2020-04-04,2020-04-11,Lightning,2901 NE 1st Ave,Miami-Dade,FL,33137,25.802168,-80.187402,16500,18100,83,13,0,0,0,Paid
CUS00028,HCLM00028_03,HPOL00028_03,2020-06-03,2020-06-17,Vandalism,2901 NE 1st Ave,Miami-Dade,FL,33137,25.802168,-80.187402,25300,24200,71,13,0,1,0,Denied
CUS00029,HCLM00029_01,HPOL00029_01,2022-05-01,2022-05-03,Hurricane,2050 Jake St,Orange,FL,32814,28.560782,-81.32269,77700,123100,84,6,0,1,0,Withdrawn
CUS00029,HCLM00029_02,HPOL00029_02,2019-07-23,2019-07-30,Vandalism,180 NE 29th St,Miami-Dade,FL,33137,25.808606,-80.19234,47100,50000,228,3,0,0,0,Partially Paid
CUS00030,HCLM00030_01,HPOL00030_01,2023-04-07,2023-04-07,Hurricane,2633 Azalea Garden Pl,Hillsborough,FL,33619,27.938868,-82.369974,38200,29200,136,13,0,0,0,Paid
CUS00030,HCLM00030_02,HPOL00030_02,2021-07-29,2021-08-07,Vandalism,2900 Biscayne Blvd,Miami-Dade,FL,33137,25.80518,-80.188488,34300,41800,551,5,1,0,1,Litigated and Settled
CUS00032,HCLM00032_01,HPOL00032_01,2019-10-27,2019-11-06,Hurricane,5009 Park Central Dr,Orange,FL,32839,28.48606,-81.403886,27900,27200,144,12,1,0,0,Partially Paid
CUS00032,HCLM00032_02,HPOL00032_02,2021-12-31,2022-01-13,Vandalism,3000 NE 2nd Ave,Miami-Dade,FL,33137,25.808936,-80.195094,57600,67000,404,8,0,0,1,Litigated and Settled
CUS00032,HCLM00032_03,HPOL00032_03,2020-09-18,2020-10-01,Freeze,410 N Orange Ave,Orange,FL,32801,28.538032,-81.373544,44300,34000,109,5,1,0,0,Closed Without Payment
CUS00032,HCLM00032_04,HPOL00032_04,2019-08-16,2019-08-26,Fire,3000 NE 2nd Ave,Miami-Dade,FL,33137,25.808936,-80.195094,76600,67900,150,8,0,0,0,Partially Paid
CUS00032,HCLM00032_05,HPOL00032_05,2020-08-25,2020-08-30,Hail,3000 NE 2nd Ave,Miami-Dade,FL,33137,25.808936,-80.195094,35700,63900,50,3,0,0,0,Closed Without Payment
CUS00033,HCLM00033_01,HPOL00033_01,2021-08-13,2021-08-21,Hail,2900 Biscayne Blvd,Miami-Dade,FL,33137,25.80518,-80.188488,30300,25000,131,13,0,0,0,Closed Without Payment
CUS00033,HCLM00033_02,HPOL00033_02,2022-11-07,2022-11-20,Theft,520 E Church St,Orange,FL,32801,28.542388,-81.368972,68200,96600,145,12,0,0,0,Closed Without Payment
CUS00033,HCLM00033_03,HPOL00033_03,2019-01-12,2019-01-15,Theft,2900 Biscayne Blvd,Miami-Dade,FL,33137,25.80518,-80.188488,57600,90600,212,7,0,1,0,Settled
CUS00034,HCLM00034_01,HPOL00034_01,2023-01-04,2023-01-07,Hail,921 N Central Ave,Hillsborough,FL,33602,27.95189,-82.4639,68500,89700,125,4,0,0,1,Litigated and Adjudicated
CUS00034,HCLM00034_02,HPOL00034_02,2022-11-22,2022-12-02,Wind,3000 NE 2nd Ave,Miami-Dade,FL,33137,25.808936,-80.195094,46800,63100,19,4,0,1,0,Withdrawn
CUS00034,HCLM00034_03,HPOL00034_03,2022-04-09,2022-04-14,Wind,9505 Axis Way,Orange,FL,32837,28.396944,-81.417614,71600,58100,106,5,0,0,0,Closed Without Payment
CUS00034,HCLM00034_04,HPOL00034_04,2020-10-16,2020-10-30,Wind,3000 NE 2nd Ave,Miami-Dade,FL,33137,25.808936,-80.195094,40600,52800,119,9,1,0,0,Denied
CUS00035,HCLM00035_01,HPOL00035_01,2023-07-06,2023-07-16,Water,2900 Biscayne Blvd,Miami-Dade,FL,33137,25.80518,-80.188488,63300,109000,109,9,0,1,0,Paid
CUS00035,HCLM00035_02,HPOL00035_02,2024-07-27,2024-08-03,Water,2900 Biscayne Blvd,Miami-Dade,FL,33137,25.80518,-80.188488,63200,48800,152,7,0,1,0,Paid
CUS00035,HCLM00035_03,HPOL00035_03,2023-12-28,2024-01-06,Hurricane,295 NE Ivanhoe Blvd,Orange,FL,32804,28.579332,-81.39362,8300,11000,54,12,1,1,0,Denied
CUS00036,HCLM00036_01,HPOL00036_01,2020-05-14,2020-05-25,Hail,3000 NE 2nd Ave,Miami-Dade,FL,33137,25.808936,-80.195094,31100,39400,115,9,0,0,0,Settled
CUS00036,HCLM00036_02,HPOL00036_02,2022-02-20,2022-03-06,Vandalism,3000 NE 2nd Ave,Miami-Dade,FL,33137,25.808936,-80.195094,73600,80100,36,5,1,0,0,Withdrawn
CUS00037,HCLM00037_01,HPOL00037_01,2020-03-04,2020-03-14,Hurricane,3000 NE 2nd Ave,Miami-Dade,FL,33137,25.808936,-80.195094,70900,69100,80,3,0,1,0,Partially Paid
CUS00037,HCLM00037_02,HPOL00037_02,2019-07-22,2019-07-31,Theft,3000 NE 2nd Ave,Miami-Dade,FL,33137,25.808936,-80.195094,9800,17300,203,3,0,0,0,Withdrawn
CUS00037,HCLM00037_03,HPOL00037_03,2021-01-01,2021-01-03,Lightning,3000 NE 2nd Ave,Miami-Dade,FL,33137,25.808936,-80.195094,73200,63400,64,11,0,0,0,Denied
CUS00038,HCLM00038_01,HPOL00038_01,2021-12-24,2021-12-27,Hurricane,3000 NE 2nd Ave,Miami-Dade,FL,33137,25.808936,-80.195094,43100,58200,119,8,0,0,0,Settled
CUS00038,HCLM00038_02,HPOL00038_02,2019-01-11,2019-01-24,Wind,12112 Sugarloaf Key St,Hillsborough,FL,33626,28.058486,-82.624672,7100,9600,154,9,0,0,0,Withdrawn
CUS00038,HCLM00038_03,HPOL00038_03,2019-12-02,2019-12-14,Fire,7511 Solstice Cir,Orange,FL,32821,28.411672,-81.46685,31900,42400,144,7,1,1,0,Withdrawn
CUS00039,HCLM00039_01,HPOL00039_01,2020-03-15,2020-03-28,Vandalism,2900 Biscayne Blvd,Miami-Dade,FL,33137,25.80518,-80.188488,11500,16800,152,6,0,0,0,Withdrawn
CUS00040,HCLM00040_01,HPOL00040_01,2019-08-26,2019-08-28,Theft,180 NE 29th St,Miami-Dade,FL,33137,25.808606,-80.19234,64000,89500,69,11,0,1,0,Withdrawn
CUS00040,HCLM00040_02,HPOL00040_02,2019-08-30,2019-09-13,Water,452 NE 31st St,Miami-Dade,FL,33137,25.805582,-80.194716,20800,27300,209,13,1,0,0,Denied
CUS00040,HCLM00040_03,HPOL00040_03,2021-07-23,2021-07-28,Hail,1115 E Twiggs St,Hillsborough,FL,33602,27.951524,-82.459604,14500,17400,98,6,0,0,0,Closed Without Payment
CUS00040,HCLM00040_04,HPOL00040_04,2021-08-08,2021-08-14,Water,180 NE 29th St,Miami-Dade,FL,33137,25.808606,-80.19234,18500,18600,100,13,0,0,0,Denied
CUS00041,HCLM00041_01,HPOL00041_01,2020-04-19,2020-05-03,Freeze,452 NE 31st St,Miami-Dade,FL,33137,25.805582,-80.194716,19000,19500,102,8,0,0,0,Denied
CUS00042,HCLM00042_01,HPOL00042_01,2024-04-03,2024-04-03,Theft,3131 NE 1st Ave,Miami-Dade,FL,33137,25.807112,-80.193906,18800,25400,105,13,1,0,0,Paid
CUS00042,HCLM00042_02,HPOL00042_02,2021-07-26,2021-07-28,Wind,6501 S Westshore Blvd,Hillsborough,FL,33616,27.869022,-82.523216,69600,95100,40,13,0,0,0,Settled
CUS00044,HCLM00044_01,HPOL00044_01,2019-02-05,2019-02-17,Wind,3015 N Rocky Point Dr E,Hillsborough,FL,33607,27.964764,-82.501766,26600,24600,90,11,1,1,0,Settled
CUS00044,HCLM00044_02,HPOL00044_02,2020-05-16,2020-05-20,Water,180 NE 29th St,Miami-Dade,FL,33137,25.808606,-80.19234,33300,44900,34,7,0,0,0,Denied
CUS00044,HCLM00044_03,HPOL00044_03,2021-04-07,2021-04-11,Wind,410 N Orange Ave,Orange,FL,32801,28.538032,-81.373544,73100,59000,94,5,0,0,0,Settled
CUS00044,HCLM00044_04,HPOL00044_04,2021-08-06,2021-08-07,Freeze,180 NE 29th St,Miami-Dade,FL,33137,25.808606,-80.19234,43600,33900,210,4,0,1,0,Paid
CUS00045,HCLM00045_01,HPOL00045_01,2021-03-26,2021-04-01,Hail,180 NE 29th St,Miami-Dade,FL,33137,25.808606,-80.19234,11300,18800,116,12,0,0,0,Closed Without Payment
CUS00045,HCLM00045_02,HPOL00045_02,2023-11-30,2023-12-01,Fire,3015 N Rocky Point Dr E,Hillsborough,FL,33607,27.964764,-82.501766,20300,32600,353,5,0,0,1,Litigated and Settled
CUS00045,HCLM00045_03,HPOL00045_03,2019-07-23,2019-07-29,Theft,180 NE 29th St,Miami-Dade,FL,33137,25.808606,-80.19234,54200,95800,121,6,0,0,0,Denied
CUS00046,HCLM00046_01,HPOL00046_01,2022-04-30,2022-05-06,Freeze,3131 NE 1st Ave,Miami-Dade,FL,33137,25.807112,-80.193906,39900,30700,119,10,0,1,0,Paid
CUS00047,HCLM00047_01,HPOL00047_01,2020-01-07,2020-01-20,Wind,180 NE 29th St,Miami-Dade,FL,33137,25.808606,-80.19234,60400,105200,97,3,1,0,0,Denied
CUS00048,HCLM00048_01,HPOL00048_01,2022-10-30,2022-11-01,Freeze,295 NE Ivanhoe Blvd,Orange,FL,32804,28.579332,-81.39362,27400,33300,218,12,0,1,0,Denied
CUS00049,HCLM00049_01,HPOL00049_01,2018-02-22,2018-02-24,Theft,452 NE 31st St,Miami-Dade,FL,33137,25.805582,-80.194716,69000,110600,225,8,1,0,1,Litigated and Adjudicated
CUS00049,HCLM00049_02,HPOL00049_02,2021-02-22,2021-03-02,Theft,2633 Azalea Garden Pl,Hillsborough,FL,33619,27.938868,-82.369974,60400,107700,202,12,0,0,1,Litigated and Settled
CUS00049,HCLM00049_03,HPOL00049_03,2021-03-19,2021-03-23,Hurricane,452 NE 31st St,Miami-Dade,FL,33137,25.805582,-80.194716,45200,47800,166,11,0,0,1,Litigated and Adjudicated
CUS00050,HCLM00050_01,HPOL00050_01,2023-01-31,2023-02-12,Water,3131 NE 1st Ave,Miami-Dade,FL,33137,25.807112,-80.193906,66200,68200,432,11,0,0,1,Litigated and Adjudicated
CUS00051,HCLM00051_01,HPOL00051_01,2018-11-14,2018-11-27,Wind,2900 Biscayne Blvd,Miami-Dade,FL,33137,25.80518,-80.188488,70900,55400,385,12,1,0,1,Litigated and Settled
CUS00051,HCLM00051_02,HPOL00051_02,2020-07-24,2020-07-31,Lightning,2900 Biscayne Blvd,Miami-Dade,FL,33137,25.80518,-80.188488,7700,12700,75,8,0,1,0,Withdrawn
CUS00051,HCLM00051_03,HPOL00051_03,2020-10-29,2020-11-08,Hurricane,2900 Biscayne Blvd,Miami-Dade,FL,33137,25.80518,-80.188488,51700,53800,18,5,0,0,0,Partially Paid
CUS00052,HCLM00052_01,HPOL00052_01,2020-06-10,2020-06-12,Hurricane,2901 NE 1st Ave,Miami-Dade,FL,33137,25.802168,-80.187402,57900,89000,22,6,0,0,0,Settled
CUS00052,HCLM00052_02,HPOL00052_02,2019-03-08,2019-03-20,Lightning,452 NE 31st St,Miami-Dade,FL,33137,25.805582,-80.194716,10400,8200,49,11,0,0,0,Paid
CUS00053,HCLM00053_01,HPOL00053_01,2022-08-28,2022-08-30,Hurricane,733 Main Ln,Orange,FL,32801,28.546738,-81.375962,50800,60600,156,10,0,0,0,Denied
CUS00053,HCLM00053_02,HPOL00053_02,2021-05-15,2021-05-16,Vandalism,180 NE 29th St,Miami-Dade,FL,33137,25.808606,-80.19234,48900,74900,107,3,0,0,0,Paid
CUS00053,HCLM00053_03,HPOL00053_03,2022-10-17,2022-10-20,Hurricane,2828 NW 1st Ave,Miami-Dade,FL,33127,25.79715,-80.197564,36300,38800,123,10,0,1,0,Paid
CUS00054,HCLM00054_01,HPOL00054_01,2022-09-07,2022-09-14,Theft,452 NE 31st St,Miami-Dade,FL,33137,25.805582,-80.194716,65800,83000,67,13,1,0,0,Withdrawn
CUS00054,HCLM00054_02,HPOL00054_02,2021-08-16,2021-08-19,Lightning,101 W Beach Pl,Hillsborough,FL,33606,27.939852,-82.48549,63000,93600,102,5,0,0,0,Settled
CUS00054,HCLM00054_03,HPOL00054_03,2022-01-12,2022-01-17,Lightning,300 W Tyler St,Hillsborough,FL,33602,27.948668,-82.456928,10500,14500,194,4,0,1,1,Litigated and Settled
CUS00055,HCLM00055_01,HPOL00055_01,2022-02-05,2022-02-16,Water,3131 NE 1st Ave,Miami-Dade,FL,33137,25.807112,-80.193906,16300,13900,78,10,0,0,0,Paid
CUS00055,HCLM00055_02,HPOL00055_02,2021-09-22,2021-09-24,Wind,3131 NE 1st Ave,Miami-Dade,FL,33137,25.807112,-80.193906,65000,110900,102,7,0,0,0,Partially Paid
CUS00055,HCLM00055_03,HPOL00055_03,2022-08-05,2022-08-12,Vandalism,3131 NE 1st Ave,Miami-Dade,FL,33137,25.807112,-80.193906,66700,50500,67,13,0,0,0,Partially Paid
CUS00056,HCLM00056_01,HPOL00056_01,2022-11-22,2022-12-04,Vandalism,2900 Biscayne Blvd,Miami-Dade,FL,33137,25.80518,-80.188488,21300,30700,164,3,0,0,0,Withdrawn
CUS00057,HCLM00057_01,HPOL00057_01,2019-11-26,2019-12-10,Wind,3131 NE 1st Ave,Miami-Dade,FL,33137,25.807112,-80.193906,24000,20800,215,3,0,0,0,Partially Paid
CUS00058,HCLM00058_01,HPOL00058_01,2019-10-21,2019-11-01,Hail,3131 NE 1st Ave,Miami-Dade,FL,33137,25.807112,-80.193906,51000,60400,236,6,1,0,1,Litigated and Adjudicated
CUS00058,HCLM00058_02,HPOL00058_02,2019-02-14,2019-02-25,Hail,310 N Orange Ave,Orange,FL,32801,28.543216,-81.372806,54000,85000,172,12,0,0,0,Closed Without Payment
CUS00058,HCLM00058_03,HPOL00058_03,2019-10-15,2019-10-20,Vandalism,3131 NE 1st Ave,Miami-Dade,FL,33137,25.807112,-80.193906,26000,36000,34,7,0,0,0,Paid
CUS00060,HCLM00060_01,HPOL00060_01,2022-09-20,2022-10-04,Water,452 NE 31st St,Miami-Dade,FL,33137,25.805582,-80.194716,62500,51000,153,13,0,0,0,Settled
CUS00060,HCLM00060_02,HPOL00060_02,2023-08-09,2023-08-12,Wind,355 N Rosalind Ave,Orange,FL,32801,28.545514,-81.378134,3900,2900,110,7,0,0,0,Partially Paid
CUS00062,HCLM00062_01,HPOL00062_01,2021-09-27,2021-10-06,Lightning,510 N Rome Ave,Hillsborough,FL,33606,27.930384,-82.488052,53500,49000,190,12,0,0,0,Closed Without Payment
CUS00062,HCLM00062_02,HPOL00062_02,2021-10-17,2021-10-24,Wind,2900 Biscayne Blvd,Miami-Dade,FL,33137,25.80518,-80.188488,63300,85800,513,3,0,0,1,Litigated and Adjudicated
CUS00062,HCLM00062_03,HPOL00062_03,2025-07-30,2025-08-13,Wind,2900 Biscayne Blvd,Miami-Dade,FL,33137,25.80518,-80.188488,71400,114900,73,11,0,0,0,Settled
CUS00063,HCLM00063_01,HPOL00063_01,2020-06-01,2020-06-05,Fire,2650 Dade Ave,Orange,FL,32804,28.583628,-81.389606,79400,63100,96,3,0,0,0,Withdrawn
CUS00064,HCLM00064_01,HPOL00064_01,2023-04-06,2023-04-15,Wind,2900 Biscayne Blvd,Miami-Dade,FL,33137,25.80518,-80.188488,76900,84700,55,9,0,0,0,Closed Without Payment
CUS00064,HCLM00064_02,HPOL00064_02,2024-10-21,2024-10-26,Wind,295 NE Ivanhoe Blvd,Orange,FL,32804,28.579332,-81.39362,8300,8600,141,13,1,0,0,Settled
CUS00064,HCLM00064_03,HPOL00064_03,2024-06-06,2024-06-07,Wind,2900 Biscayne Blvd,Miami-Dade,FL,33137,25.80518,-80.188488,47900,75100,53,12,0,0,0,Denied
CUS00065,HCLM00065_01,HPOL00065_01,2024-03-14,2024-03-27,Fire,700 SW 1st St,Miami-Dade,FL,33130,25.76502,-80.207664,21300,32400,90,12,0,1,0,Withdrawn
CUS00065,HCLM00065_02,HPOL00065_02,2021-05-06,2021-05-18,Freeze,710 NE 1st Ave,Miami-Dade,FL,33132,25.783848,-80.189314,65200,78400,108,4,1,0,0,Denied
CUS00065,HCLM00065_03,HPOL00065_03,2024-06-09,2024-06-13,Wind,180 NE 29th St,Miami-Dade,FL,33137,25.808606,-80.19234,53300,78700,127,11,0,0,0,Partially Paid
CUS00065,HCLM00065_04,HPOL00065_04,2022-09-27,2022-10-05,Theft,5009 Park Central Dr,Orange,FL,32839,28.48606,-81.403886,41700,67700,403,13,0,0,1,Litigated and Adjudicated
CUS00065,HCLM00065_05,HPOL00065_05,2021-03-22,2021-03-26,Theft,452 NE 31st St,Miami-Dade,FL,33137,25.805582,-80.194716,55600,80300,102,11,0,0,0,Settled
CUS00066,HCLM00066_01,HPOL00066_01,2020-02-24,2020-03-09,Vandalism,3000 NE 2nd Ave,Miami-Dade,FL,33137,25.808936,-80.195094,62800,107400,161,3,0,0,0,Paid
CUS00066,HCLM00066_02,HPOL00066_02,2018-03-21,2018-04-01,Fire,3000 NE 2nd Ave,Miami-Dade,FL,33137,25.808936,-80.195094,19200,29600,215,10,0,0,0,Closed Without Payment
CUS00066,HCLM00066_03,HPOL00066_03,2021-09-15,2021-09-17,Water,101 Lake Ave,Orange,FL,32801,28.539466,-81.369524,62300,89700,95,7,0,0,0,Paid
CUS00066,HCLM00066_04,HPOL00066_04,2018-10-11,2018-10-25,Water,3000 NE 2nd Ave,Miami-Dade,FL,33137,25.808936,-80.195094,71200,127200,132,6,0,1,0,Partially Paid
CUS00070,HCLM00070_01,HPOL00070_01,2022-02-25,2022-03-02,Wind,921 N Central Ave,Hillsborough,FL,33602,27.95189,-82.4639,26700,46200,131,8,0,0,0,Closed Without Payment
CUS00070,HCLM00070_02,HPOL00070_02,2021-08-26,2021-09-09,Lightning,2901 NE 1st Ave,Miami-Dade,FL,33137,25.802168,-80.187402,51600,92100,24,5,0,0,0,Closed Without Payment
CUS00070,HCLM00070_03,HPOL00070_03,2023-07-26,2023-07-26,Water,733 Main Ln,Orange,FL,32801,28.546738,-81.375962,47600,79900,482,6,0,0,1,Litigated and Adjudicated
CUS00071,HCLM00071_01,HPOL00071_01,2021-08-22,2021-08-30,Water,901 W Chestnut St,Hillsborough,FL,33607,27.956886,-82.501454,79000,69600,197,8,0,0,0,Denied
CUS00071,HCLM00071_02,HPOL00071_02,2020-10-12,2020-10-24,Wind,1211 E Kennedy Blvd,Hillsborough,FL,33602,27.950366,-82.46105,70000,67800,37,9,0,0,0,Settled
CUS00071,HCLM00071_03,HPOL00071_03,2017-09-10,2017-09-20,Wind,3131 NE 1st Ave,Miami-Dade,FL,33137,25.807112,-80.193906,50200,38900,158,3,0,0,1,Litigated and Settled
CUS00072,HCLM00072_01,HPOL00072_01,2020-04-25,2020-05-03,Fire,180 NE 29th St,Miami-Dade,FL,33137,25.808606,-80.19234,54700,63500,23,5,0,0,0,Paid
CUS00072,HCLM00072_02,HPOL00072_02,2020-08-04,2020-08-04,Freeze,180 NE 29th St,Miami-Dade,FL,33137,25.808606,-80.19234,73000,131200,212,7,0,0,0,Paid
CUS00072,HCLM00072_03,HPOL00072_03,2019-07-05,2019-07-18,Lightning,180 NE 29th St,Miami-Dade,FL,33137,25.808606,-80.19234,14000,11300,226,5,0,1,0,Settled
CUS00074,HCLM00074_01,HPOL00074_01,2022-07-30,2022-08-08,Hurricane,180 NE 29th St,Miami-Dade,FL,33137,25.808606,-80.19234,62300,92000,63,12,0,0,0,Settled
CUS00074,HCLM00074_02,HPOL00074_02,2019-07-18,2019-07-18,Theft,180 NE 29th St,Miami-Dade,FL,33137,25.808606,-80.19234,29600,29800,58,11,0,0,0,Denied
CUS00074,HCLM00074_03,HPOL00074_03,2021-11-13,2021-11-13,Hail,180 NE 29th St,Miami-Dade,FL,33137,25.808606,-80.19234,62600,54400,107,5,0,0,0,Paid
CUS00075,HCLM00075_01,HPOL00075_01,2021-02-23,2021-03-06,Fire,3000 NE 2nd Ave,Miami-Dade,FL,33137,25.808936,-80.195094,71100,124400,114,3,0,0,0,Partially Paid
CUS00076,HCLM00076_01,HPOL00076_01,2021-08-21,2021-08-28,Vandalism,3000 NE 2nd Ave,Miami-Dade,FL,33137,25.808936,-80.195094,4800,8300,37,3,0,0,0,Denied
CUS00076,HCLM00076_02,HPOL00076_02,2021-02-02,2021-02-02,Lightning,2650 Dade Ave,Orange,FL,32804,28.583628,-81.389606,39400,41600,223,6,0,0,0,Closed Without Payment
CUS00076,HCLM00076_03,HPOL00076_03,2021-10-09,2021-10-23,Vandalism,2828 NW 1st Ave,Miami-Dade,FL,33127,25.79715,-80.197564,78700,86300,66,3,0,1,0,Closed Without Payment
CUS00077,HCLM00077_01,HPOL00077_01,2020-08-20,2020-08-26,Vandalism,2900 Biscayne Blvd,Miami-Dade,FL,33137,25.80518,-80.188488,38700,65400,92,6,0,0,0,Settled
CUS00078,HCLM00078_01,HPOL00078_01,2020-01-18,2020-01-30,Theft,2901 NE 1st Ave,Miami-Dade,FL,33137,25.802168,-80.187402,46100,82100,66,11,0,0,0,Paid
CUS00078,HCLM00078_02,HPOL00078_02,2022-09-15,2022-09-19,Hail,2901 NE 1st Ave,Miami-Dade,FL,33137,25.802168,-80.187402,14800,12900,61,4,0,0,0,Denied
CUS00078,HCLM00078_03,HPOL00078_03,2019-02-27,2019-02-28,Vandalism,2901 NE 1st Ave,Miami-Dade,FL,33137,25.802168,-80.187402,10300,10100,170,11,0,0,0,Closed Without Payment
CUS00078,HCLM00078_04,HPOL00078_04,2022-04-11,2022-04-25,Fire,101 Lake Ave,Orange,FL,32801,28.539466,-81.369524,31000,22900,81,9,0,0,0,Settled
CUS00079,HCLM00079_01,HPOL00079_01,2021-02-04,2021-02-18,Theft,2900 Biscayne Blvd,Miami-Dade,FL,33137,25.80518,-80.188488,76400,69100,122,9,0,0,0,Settled
CUS00079,HCLM00079_02,HPOL00079_02,2022-01-05,2022-01-05,Freeze,2900 Biscayne Blvd,Miami-Dade,FL,33137,25.80518,-80.188488,52100,86700,34,10,1,0,0,Settled
CUS00079,HCLM00079_03,HPOL00079_03,2023-01-21,2023-02-02,Fire,410 N Orange Ave,Orange,FL,32801,28.538032,-81.373544,34900,51900,133,6,0,1,0,Partially Paid
CUS00079,HCLM00079_04,HPOL00079_04,2024-02-19,2024-02-22,Hurricane,2900 Biscayne Blvd,Miami-Dade,FL,33137,25.80518,-80.188488,65300,114900,203,13,0,0,0,Partially Paid
CUS00080,HCLM00080_01,HPOL00080_01,2021-07-01,2021-07-10,Vandalism,3131 NE 1st Ave,Miami-Dade,FL,33137,25.807112,-80.193906,58700,78700,61,4,0,1,0,Denied
CUS00081,HCLM00081_01,HPOL00081_01,2021-11-23,2021-12-04,Hurricane,6970 SW 40th St,Miami-Dade,FL,33155,25.7421,-80.313298,32300,34800,149,7,0,0,1,Litigated and Adjudicated
CUS00081,HCLM00081_02,HPOL00081_02,2019-08-13,2019-08-20,Wind,6970 SW 40th St,Miami-Dade,FL,33155,25.7421,-80.313298,19200,25500,132,11,0,0,0,Partially Paid
CUS00082,HCLM00082_01,HPOL00082_01,2023-12-06,2023-12-18,Vandalism,30 SW 1st St,Miami-Dade,FL,33130,25.765842,-80.208492,63700,86100,175,9,0,0,0,Withdrawn
CUS00082,HCLM00082_02,HPOL00082_02,2022-05-04,2022-05-17,Fire,30 SW 1st St,Miami-Dade,FL,33130,25.765842,-80.208492,13300,15800,97,13,0,0,1,Litigated and Settled
CUS00085,HCLM00085_01,HPOL00085_01,2020-11-13,2020-11-13,Fire,2900 Biscayne Blvd,Miami-Dade,FL,33137,25.80518,-80.188488,74800,62300,52,4,1,0,0,Denied
CUS00086,HCLM00086_01,HPOL00086_01,2021-06-20,2021-06-21,Hail,55 NE 2nd St,Miami-Dade,FL,33132,25.784184,-80.187508,11200,9200,127,9,1,0,0,Denied
CUS00087,HCLM00087_01,HPOL00087_01,2022-12-04,2022-12-13,Theft,2050 Jake St,Orange,FL,32814,28.560782,-81.32269,41800,35900,217,13,0,0,0,Settled
CUS00087,HCLM00087_02,HPOL00087_02,2020-08-30,2020-08-30,Wind,2050 Jake St,Orange,FL,32814,28.560782,-81.32269,47600,85200,125,13,0,1,0,Settled
CUS00087,HCLM00087_03,HPOL00087_03,2024-04-29,2024-05-12,Hurricane,2050 Jake St,Orange,FL,32814,28.560782,-81.32269,16800,25300,48,12,0,0,0,Closed Without Payment
CUS00088,HCLM00088_01,HPOL00088_01,2020-08-25,2020-08-31,Lightning,5432 W Tyson Ave,Hillsborough,FL,33611,27.888268,-82.506778,60900,60800,64,13,1,0,0,Partially Paid
CUS00088,HCLM00088_02,HPOL00088_02,2022-10-27,2022-11-07,Freeze,310 N Orange Ave,Orange,FL,32801,28.543216,-81.372806,69200,95600,134,3,0,0,0,Settled
CUS00088,HCLM00088_03,HPOL00088_03,2023-04-04,2023-04-08,Freeze,2633 Azalea Garden Pl,Hillsborough,FL,33619,27.938868,-82.369974,52600,45400,226,13,0,0,1,Litigated and Settled
CUS00089,HCLM00089_01,HPOL00089_01,2018-05-10,2018-05-15,Lightning,12112 Sugarloaf Key St,Hillsborough,FL,33626,28.058486,-82.624672,57100,63000,120,11,0,0,0,Paid
CUS00092,HCLM00092_01,HPOL00092_01,2019-02-09,2019-02-17,Theft,10149 Arise Loop,Orange,FL,32837,28.397256,-81.42077,57600,93100,124,7,0,1,0,Settled
CUS00093,HCLM00093_01,HPOL00093_01,2022-02-06,2022-02-13,Theft,101 W Beach Pl,Hillsborough,FL,33606,27.939852,-82.48549,53800,45000,212,13,1,0,1,Litigated and Settled
CUS00093,HCLM00093_02,HPOL00093_02,2021-03-02,2021-03-11,Theft,101 W Beach Pl,Hillsborough,FL,33606,27.939852,-82.48549,79700,139000,412,5,0,1,1,Litigated and Adjudicated
CUS00093,HCLM00093_03,HPOL00093_03,2022-12-17,2022-12-20,Lightning,101 W Beach Pl,Hillsborough,FL,33606,27.939852,-82.48549,31200,27300,139,13,0,0,0,Denied
CUS00093,HCLM00093_04,HPOL00093_04,2020-07-09,2020-07-10,Theft,101 W Beach Pl,Hillsborough,FL,33606,27.939852,-82.48549,55800,67200,101,7,0,0,0,Settled
CUS00094,HCLM00094_01,HPOL00094_01,2023-11-22,2023-12-03,Lightning,6904 Ralston Pl Dr,Hillsborough,FL,33614,28.00581,-82.507956,5700,4700,104,9,0,0,0,Withdrawn
CUS00094,HCLM00094_02,HPOL00094_02,2024-02-17,2024-02-24,Wind,7511 Solstice Cir,Orange,FL,32821,28.411672,-81.46685,28500,49700,103,9,0,0,0,Paid
CUS00095,HCLM00095_01,HPOL00095_01,2021-08-25,2021-09-01,Freeze,310 N Orange Ave,Orange,FL,32801,28.543216,-81.372806,74400,128300,97,11,0,0,0,Withdrawn
CUS00096,HCLM00096_01,HPOL00096_01,2020-12-19,2020-12-19,Hail,645 NW 1st St,Miami-Dade,FL,33128,25.768528,-80.198928,18800,19700,42,7,0,0,0,Closed Without Payment
CUS00097,HCLM00097_01,HPOL00097_01,2021-12-29,2022-01-08,Hail,921 N Central Ave,Hillsborough,FL,33602,27.95189,-82.4639,53000,64100,23,9,0,0,0,Partially Paid
CUS00097,HCLM00097_02,HPOL00097_02,2022-06-02,2022-06-15,Lightning,452 NE 31st St,Miami-Dade,FL,33137,25.805582,-80.194716,12900,15500,86,10,1,0,0,Withdrawn
CUS00098,HCLM00098_01,HPOL00098_01,2020-08-12,2020-08-18,Hurricane,1211 E Kennedy Blvd,Hillsborough,FL,33602,27.950366,-82.46105,18700,31300,204,5,0,0,0,Settled
CUS00098,HCLM00098_02,HPOL00098_02,2021-04-06,2021-04-07,Water,1211 E Kennedy Blvd,Hillsborough,FL,33602,27.950366,-82.46105,3800,4200,197,9,0,0,0,Settled
CUS00099,HCLM00099_01,HPOL00099_01,2023-11-16,2023-11-30,Water,110 Zora Pl,Orange,FL,32810,28.615406,-81.425066,62300,83600,213,12,0,0,0,Settled
CUS00099,HCLM00099_02,HPOL00099_02,2021-10-12,2021-10-12,Water,110 Zora Pl,Orange,FL,32810,28.615406,-81.425066,23500,18500,120,9,0,0,0,Closed Without Payment
CUS00101,HCLM00101_01,HPOL00101_01,2021-03-30,2021-04-11,Fire,9567 Sunbelt St,Hillsborough,FL,33635,28.022792,-82.61563,22400,18200,146,7,0,0,0,Withdrawn
CUS00102,HCLM00102_01,HPOL00102_01,2021-11-17,2021-11-18,Theft,295 NE Ivanhoe Blvd,Orange,FL,32804,28.579332,-81.39362,70800,73200,164,6,0,0,0,Settled
CUS00104,HCLM00104_01,HPOL00104_01,2019-05-15,2019-05-27,Lightning,2050 Jake St,Orange,FL,32814,28.560782,-81.32269,29500,52500,206,10,0,0,0,Settled
CUS00104,HCLM00104_02,HPOL00104_02,2017-10-20,2017-10-31,Wind,2050 Jake St,Orange,FL,32814,28.560782,-81.32269,11500,14000,129,13,0,0,0,Partially Paid
CUS00104,HCLM00104_03,HPOL00104_03,2021-01-23,2021-02-05,Theft,2050 Jake St,Orange,FL,32814,28.560782,-81.32269,8200,8000,69,13,0,1,0,Partially Paid
CUS00105,HCLM00105_01,HPOL00105_01,2025-03-05,2025-03-06,Hail,2900 Biscayne Blvd,Miami-Dade,FL,33137,25.80518,-80.188488,32500,28600,93,6,1,0,0,Closed Without Payment
CUS00105,HCLM00105_02,HPOL00105_02,2022-03-07,2022-03-15,Hail,2900 Biscayne Blvd,Miami-Dade,FL,33137,25.80518,-80.188488,64900,90300,34,10,0,0,0,Partially Paid
CUS00105,HCLM00105_03,HPOL00105_03,2021-08-25,2021-08-25,Lightning,2900 Biscayne Blvd,Miami-Dade,FL,33137,25.80518,-80.188488,44200,48000,175,13,0,0,0,Denied
CUS00105,HCLM00105_04,HPOL00105_04,2021-09-18,2021-09-29,Lightning,2900 Biscayne Blvd,Miami-Dade,FL,33137,25.80518,-80.188488,41800,34200,157,13,0,0,0,Closed Without Payment
CUS00105,HCLM00105_05,HPOL00105_05,2023-07-04,2023-07-08,Water,2900 Biscayne Blvd,Miami-Dade,FL,33137,25.80518,-80.188488,38100,58700,109,7,0,0,0,Closed Without Payment
CUS00106,HCLM00106_01,HPOL00106_01,2019-02-19,2019-02-28,Hail,5432 W Tyson Ave,Hillsborough,FL,33611,27.888268,-82.506778,15700,13100,433,9,0,1,1,Litigated and Settled
CUS00107,HCLM00107_01,HPOL00107_01,2024-07-28,2024-08-08,Fire,710 NE 1st Ave,Miami-Dade,FL,33132,25.783848,-80.189314,75600,113700,43,6,0,0,0,Settled
CUS00107,HCLM00107_02,HPOL00107_02,2021-05-08,2021-05-17,Vandalism,710 NE 1st Ave,Miami-Dade,FL,33132,25.783848,-80.189314,77500,118600,199,13,0,0,0,Withdrawn
CUS00107,HCLM00107_03,HPOL00107_03,2021-03-01,2021-03-01,Theft,3219 S Orange Ave,Orange,FL,32806,28.517866,-81.366976,40500,54400,67,10,0,0,0,Partially Paid
CUS00108,HCLM00108_01,HPOL00108_01,2024-04-26,2024-04-28,Hail,4000 Headwaters Way,Orange,FL,32837,28.386144,-81.418598,50500,85900,45,12,0,0,0,Partially Paid
CUS00108,HCLM00108_02,HPOL00108_02,2024-09-11,2024-09-16,Hurricane,700 SW 1st St,Miami-Dade,FL,33130,25.76502,-80.207664,40800,57200,28,6,1,0,0,Partially Paid
CUS00111,HCLM00111_01,HPOL00111_01,2022-02-15,2022-02-19,Water,55 NE 2nd St,Miami-Dade,FL,33132,25.784184,-80.187508,12100,9800,208,10,0,0,0,Partially Paid
CUS00111,HCLM00111_02,HPOL00111_02,2023-10-27,2023-11-08,Hail,55 NE 2nd St,Miami-Dade,FL,33132,25.784184,-80.187508,69800,124000,136,8,0,0,0,Paid
CUS00111,HCLM00111_03,HPOL00111_03,2019-11-07,2019-11-11,Water,55 NE 2nd St,Miami-Dade,FL,33132,25.784184,-80.187508,18800,20000,28,4,0,0,0,Settled
CUS00112,HCLM00112_01,HPOL00112_01,2019-01-22,2019-02-03,Hail,6904 Ralston Pl Dr,Hillsborough,FL,33614,28.00581,-82.507956,11700,18300,39,7,0,0,0,Settled
CUS00112,HCLM00112_02,HPOL00112_02,2019-06-03,2019-06-09,Hurricane,6904 Ralston Pl Dr,Hillsborough,FL,33614,28.00581,-82.507956,52600,50200,99,6,0,0,0,Closed Without Payment
CUS00113,HCLM00113_01,HPOL00113_01,2020-12-10,2020-12-19,Vandalism,510 N Rome Ave,Hillsborough,FL,33606,27.930384,-82.488052,40200,39600,104,9,0,0,0,Withdrawn
CUS00113,HCLM00113_02,HPOL00113_02,2023-10-04,2023-10-10,Hail,510 N Rome Ave,Hillsborough,FL,33606,27.930384,-82.488052,30400,35800,50,6,0,0,0,Settled
CUS00115,HCLM00115_01,HPOL00115_01,2023-11-23,2023-12-02,Hurricane,55 NE 2nd St,Miami-Dade,FL,33132,25.784184,-80.187508,77200,83600,66,9,0,0,0,Closed Without Payment
CUS00115,HCLM00115_02,HPOL00115_02,2022-08-10,2022-08-12,Fire,55 NE 2nd St,Miami-Dade,FL,33132,25.784184,-80.187508,7600,8800,93,10,0,0,0,Settled
CUS00116,HCLM00116_01,HPOL00116_01,2020-10-19,2020-10-26,Hurricane,10149 Arise Loop,Orange,FL,32837,28.397256,-81.42077,73000,57900,78,11,0,1,0,Settled
CUS00116,HCLM00116_02,HPOL00116_02,2022-10-02,2022-10-16,Hail,10149 Arise Loop,Orange,FL,32837,28.397256,-81.42077,8700,13700,327,5,0,0,1,Litigated and Adjudicated
CUS00116,HCLM00116_03,HPOL00116_03,2020-03-12,2020-03-24,Fire,10149 Arise Loop,Orange,FL,32837,28.397256,-81.42077,12600,22000,216,11,0,0,0,Settled
CUS00116,HCLM00116_04,HPOL00116_04,2020-10-22,2020-11-05,Lightning,10149 Arise Loop,Orange,FL,32837,28.397256,-81.42077,5000,5600,63,4,0,0,0,Paid
CUS00118,HCLM00118_01,HPOL00118_01,2024-06-27,2024-06-27,Water,2900 Biscayne Blvd,Miami-Dade,FL,33137,25.80518,-80.188488,48200,49300,93,13,0,0,0,Partially Paid
CUS00118,HCLM00118_02,HPOL00118_02,2021-08-27,2021-09-06,Freeze,2900 Biscayne Blvd,Miami-Dade,FL,33137,25.80518,-80.188488,20900,20800,83,11,0,1,0,Paid
CUS00118,HCLM00118_03,HPOL00118_03,2020-04-08,2020-04-12,Hail,2900 Biscayne Blvd,Miami-Dade,FL,33137,25.80518,-80.188488,34100,31900,42,12,0,1,0,Settled
CUS00119,HCLM00119_01,HPOL00119_01,2022-01-02,2022-01-03,Hail,230 NE 4th St,Miami-Dade,FL,33132,25.781976,-80.192572,8300,14900,253,10,0,0,1,Litigated and Adjudicated
CUS00119,HCLM00119_02,HPOL00119_02,2021-10-24,2021-10-30,Water,180 NE 29th St,Miami-Dade,FL,33137,25.808606,-80.19234,66300,116900,252,3,0,0,1,Litigated and Settled
CUS00119,HCLM00119_03,HPOL00119_03,2023-11-02,2023-11-08,Vandalism,9931 W Flagler St,Miami-Dade,FL,33174,25.75642,-80.352414,52200,72200,55,6,0,1,0,Paid
CUS00119,HCLM00119_04,HPOL00119_04,2022-08-13,2022-08-19,Fire,230 NE 4th St,Miami-Dade,FL,33132,25.781976,-80.192572,61400,92700,178,8,1,0,0,Closed Without Payment
CUS00120,HCLM00120_01,HPOL00120_01,2022-08-16,2022-08-30,Wind,2900 Biscayne Blvd,Miami-Dade,FL,33137,25.80518,-80.188488,4900,8400,65,13,0,0,0,Withdrawn
CUS00121,HCLM00121_01,HPOL00121_01,2020-02-02,2020-02-09,Freeze,6600 NW 7th St,Miami-Dade,FL,33126,25.778214,-80.295246,64700,66200,31,12,0,0,0,Paid
CUS00122,HCLM00122_01,HPOL00122_01,2020-05-01,2020-05-09,Wind,110 Zora Pl,Orange,FL,32810,28.615406,-81.425066,28300,21200,163,6,0,0,0,Denied
CUS00123,HCLM00123_01,HPOL00123_01,2021-01-18,2021-01-22,Hurricane,9200 Randal Park Blvd,Orange,FL,32832,28.412212,-81.243592,8200,7500,98,11,0,0,0,Partially Paid
CUS00123,HCLM00123_02,HPOL00123_02,2019-04-28,2019-05-12,Vandalism,3131 NE 1st Ave,Miami-Dade,FL,33137,25.807112,-80.193906,5500,7500,26,5,0,0,1,Litigated and Settled
CUS00125,HCLM00125_01,HPOL00125_01,2021-12-19,2021-12-28,Theft,9200 Randal Park Blvd,Orange,FL,32832,28.412212,-81.243592,39600,45400,110,6,0,0,0,Partially Paid
CUS00126,HCLM00126_01,HPOL00126_01,2023-12-04,2023-12-09,Fire,55 NE 2nd St,Miami-Dade,FL,33132,25.784184,-80.187508,56500,51800,111,12,0,0,1,Litigated and Adjudicated
CUS00126,HCLM00126_02,HPOL00126_02,2024-01-19,2024-01-20,Water,55 NE 2nd St,Miami-Dade,FL,33132,25.784184,-80.187508,31900,39600,37,9,0,1,0,Withdrawn
CUS00126,HCLM00126_03,HPOL00126_03,2023-05-12,2023-05-19,Freeze,6970 SW 40th St,Miami-Dade,FL,33155,25.7421,-80.313298,19100,24900,210,13,0,0,0,Paid
CUS00126,HCLM00126_04,HPOL00126_04,2024-02-28,2024-03-10,Freeze,2650 Dade Ave,Orange,FL,32804,28.583628,-81.389606,14300,19400,166,13,0,0,0,Denied
CUS00126,HCLM00126_05,HPOL00126_05,2020-05-14,2020-05-22,Lightning,1115 E Twiggs St,Hillsborough,FL,33602,27.951524,-82.459604,50500,76900,70,12,1,0,0,Partially Paid
CUS00127,HCLM00127_01,HPOL00127_01,2020-06-12,2020-06-21,Wind,2900 Biscayne Blvd,Miami-Dade,FL,33137,25.80518,-80.188488,66100,98400,135,3,0,0,0,Settled
CUS00128,HCLM00128_01,HPOL00128_01,2023-11-04,2023-11-08,Fire,2900 Biscayne Blvd,Miami-Dade,FL,33137,25.80518,-80.188488,68700,100200,159,7,1,0,0,Settled
CUS00129,HCLM00129_01,HPOL00129_01,2022-09-09,2022-09-11,Fire,310 N Orange Ave,Orange,FL,32801,28.543216,-81.372806,51700,67300,149,4,0,0,0,Withdrawn
CUS00129,HCLM00129_02,HPOL00129_02,2021-03-18,2021-03-20,Fire,310 N Orange Ave,Orange,FL,32801,28.543216,-81.372806,38200,40900,156,10,0,0,0,Paid
CUS00131,HCLM00131_01,HPOL00131_01,2020-05-16,2020-05-18,Fire,6501 S Westshore Blvd,Hillsborough,FL,33616,27.869022,-82.523216,37900,40100,111,10,0,0,0,Settled
CUS00132,HCLM00132_01,HPOL00132_01,2018-12-24,2019-01-07,Hail,733 Main Ln,Orange,FL,32801,28.546738,-81.375962,28400,41700,117,13,0,0,0,Partially Paid
CUS00133,HCLM00133_01,HPOL00133_01,2020-12-05,2020-12-13,Water,6501 S Westshore Blvd,Hillsborough,FL,33616,27.869022,-82.523216,57000,86100,282,7,0,0,1,Litigated and Settled
CUS00133,HCLM00133_02,HPOL00133_02,2020-12-26,2021-01-04,Wind,6501 S Westshore Blvd,Hillsborough,FL,33616,27.869022,-82.523216,44700,71700,74,9,0,1,0,Withdrawn
CUS00133,HCLM00133_03,HPOL00133_03,2023-06-08,2023-06-19,Hurricane,6501 S Westshore Blvd,Hillsborough,FL,33616,27.869022,-82.523216,5500,7700,49,4,0,0,0,Closed Without Payment
CUS00134,HCLM00134_01,HPOL00134_01,2023-10-10,2023-10-23,Hail,6970 SW 40th St,Miami-Dade,FL,33155,25.7421,-80.313298,59600,95000,178,11,0,0,0,Withdrawn
CUS00134,HCLM00134_02,HPOL00134_02,2020-03-27,2020-04-04,Freeze,2633 Azalea Garden Pl,Hillsborough,FL,33619,27.938868,-82.369974,39700,54100,40,12,1,0,0,Partially Paid
CUS00134,HCLM00134_03,HPOL00134_03,2019-10-25,2019-11-06,Water,3219 S Orange Ave,Orange,FL,32806,28.517866,-81.366976,37500,38800,175,5,0,0,0,Settled
CUS00134,HCLM00134_04,HPOL00134_04,2022-07-09,2022-07-18,Vandalism,700 SW 1st St,Miami-Dade,FL,33130,25.76502,-80.207664,31700,37000,203,6,0,0,0,Paid
CUS00135,HCLM00135_01,HPOL00135_01,2021-07-03,2021-07-16,Theft,5009 Park Central Dr,Orange,FL,32839,28.48606,-81.403886,36500,33700,42,3,0,0,0,Settled
CUS00135,HCLM00135_02,HPOL00135_02,2024-02-14,2024-02-18,Fire,5009 Park Central Dr,Orange,FL,32839,28.48606,-81.403886,66400,62900,229,9,1,0,0,Closed Without Payment
CUS00135,HCLM00135_03,HPOL00135_03,2020-10-03,2020-10-04,Vandalism,5009 Park Central Dr,Orange,FL,32839,28.48606,-81.403886,22400,34000,20,10,0,0,0,Closed Without Payment
CUS00136,HCLM00136_01,HPOL00136_01,2020-09-10,2020-09-23,Theft,3131 NE 1st Ave,Miami-Dade,FL,33137,25.807112,-80.193906,54200,57700,210,11,0,0,0,Partially Paid
CUS00136,HCLM00136_02,HPOL00136_02,2021-09-03,2021-09-17,Theft,230 NE 4th St,Miami-Dade,FL,33132,25.781976,-80.192572,15500,21200,516,6,0,0,1,Litigated and Adjudicated
CUS00138,HCLM00138_01,HPOL00138_01,2023-09-09,2023-09-20,Hail,452 NE 31st St,Miami-Dade,FL,33137,25.805582,-80.194716,15500,15600,191,7,0,0,0,Closed Without Payment
CUS00139,HCLM00139_01,HPOL00139_01,2024-05-26,2024-06-09,Hail,4000 Headwaters Way,Orange,FL,32837,28.386144,-81.418598,44300,48300,146,3,1,0,0,Paid
CUS00139,HCLM00139_02,HPOL00139_02,2022-08-02,2022-08-07,Theft,3219 S Orange Ave,Orange,FL,32806,28.517866,-81.366976,27400,39900,39,3,0,0,0,Closed Without Payment
CUS00139,HCLM00139_03,HPOL00139_03,2022-09-22,2022-10-04,Hail,3219 S Orange Ave,Orange,FL,32806,28.517866,-81.366976,10500,11900,230,6,0,0,0,Settled
CUS00142,HCLM00142_01,HPOL00142_01,2018-08-28,2018-09-11,Lightning,310 N Orange Ave,Orange,FL,32801,28.543216,-81.372806,56000,78100,68,3,0,0,0,Settled
CUS00142,HCLM00142_02,HPOL00142_02,2021-09-29,2021-10-11,Hail,6501 S Westshore Blvd,Hillsborough,FL,33616,27.869022,-82.523216,60600,81700,50,8,0,1,0,Paid
CUS00142,HCLM00142_03,HPOL00142_03,2021-11-10,2021-11-19,Water,4301 Urbana Dr,Orange,FL,32837,28.394856,-81.424922,73700,110000,126,10,0,0,0,Partially Paid
CUS00142,HCLM00142_04,HPOL00142_04,2020-08-08,2020-08-21,Water,6501 S Westshore Blvd,Hillsborough,FL,33616,27.869022,-82.523216,58000,90300,99,12,0,0,0,Partially Paid
CUS00143,HCLM00143_01,HPOL00143_01,2021-06-14,2021-06-14,Wind,1115 E Twiggs St,Hillsborough,FL,33602,27.951524,-82.459604,4800,6600,199,5,0,0,0,Settled
CUS00143,HCLM00143_02,HPOL00143_02,2022-12-13,2022-12-19,Hail,1115 E Twiggs St,Hillsborough,FL,33602,27.951524,-82.459604,15100,17300,54,8,0,0,0,Paid
CUS00144,HCLM00144_01,HPOL00144_01,2018-12-29,2019-01-12,Vandalism,921 N Central Ave,Hillsborough,FL,33602,27.95189,-82.4639,49600,44900,47,3,0,0,0,Partially Paid
CUS00144,HCLM00144_02,HPOL00144_02,2018-10-06,2018-10-09,Theft,921 N Central Ave,Hillsborough,FL,33602,27.95189,-82.4639,29800,42400,74,5,0,0,0,Partially Paid
CUS00144,HCLM00144_03,HPOL00144_03,2017-05-21,2017-05-28,Hail,921 N Central Ave,Hillsborough,FL,33602,27.95189,-82.4639,10600,10600,97,8,1,0,0,Denied
CUS00146,HCLM00146_01,HPOL00146_01,2021-12-20,2021-12-25,Hurricane,6904 Ralston Pl Dr,Hillsborough,FL,33614,28.00581,-82.507956,10500,12800,133,7,0,0,0,Paid
CUS00146,HCLM00146_02,HPOL00146_02,2020-11-02,2020-11-10,Vandalism,3131 NE 1st Ave,Miami-Dade,FL,33137,25.807112,-80.193906,61700,103000,51,9,0,0,0,Withdrawn
CUS00146,HCLM00146_03,HPOL00146_03,2022-03-23,2022-03-31,Fire,3131 NE 1st Ave,Miami-Dade,FL,33137,25.807112,-80.193906,20500,28300,84,12,1,1,1,Litigated and Settled
CUS00147,HCLM00147_01,HPOL00147_01,2021-10-17,2021-10-21,Theft,700 SW 1st St,Miami-Dade,FL,33130,25.76502,-80.207664,79300,56300,77,11,1,0,0,Settled
CUS00147,HCLM00147_02,HPOL00147_02,2021-12-12,2021-12-18,Theft,700 SW 1st St,Miami-Dade,FL,33130,25.76502,-80.207664,67900,54100,314,6,0,0,1,Litigated and Settled
CUS00147,HCLM00147_03,HPOL00147_03,2022-04-14,2022-04-27,Wind,700 SW 1st St,Miami-Dade,FL,33130,25.76502,-80.207664,18600,13700,198,3,0,0,0,Denied
CUS00148,HCLM00148_01,HPOL00148_01,2019-09-03,2019-09-09,Freeze,310 N Orange Ave,Orange,FL,32801,28.543216,-81.372806,17200,29700,127,10,0,0,0,Partially Paid
CUS00148,HCLM00148_02,HPOL00148_02,2020-12-01,2020-12-05,Lightning,310 N Orange Ave,Orange,FL,32801,28.543216,-81.372806,4800,5700,186,3,0,0,0,Partially Paid
CUS00148,HCLM00148_03,HPOL00148_03,2021-10-02,2021-10-03,Hurricane,12112 Sugarloaf Key St,Hillsborough,FL,33626,28.058486,-82.624672,43700,39700,144,6,0,0,0,Paid
CUS00149,HCLM00149_01,HPOL00149_01,2017-08-05,2017-08-10,Hail,520 E Church St,Orange,FL,32801,28.542388,-81.368972,16200,27800,182,12,0,0,0,Partially Paid
CUS00150,HCLM00150_01,HPOL00150_01,2018-11-28,2018-11-30,Water,12112 Sugarloaf Key St,Hillsborough,FL,33626,28.058486,-82.624672,49800,72300,29,13,1,1,1,Litigated and Settled
CUS00150,HCLM00150_02,HPOL00150_02,2019-07-31,2019-08-11,Fire,12112 Sugarloaf Key St,Hillsborough,FL,33626,28.058486,-82.624672,48000,76400,195,5,0,0,0,Settled
CUS00151,HCLM00151_01,HPOL00151_01,2018-12-07,2018-12-11,Hail,7511 Solstice Cir,Orange,FL,32821,28.411672,-81.46685,61000,48100,161,3,0,0,0,Denied
CUS00151,HCLM00151_02,HPOL00151_02,2019-11-30,2019-12-08,Hail,5432 W Tyson Ave,Hillsborough,FL,33611,27.888268,-82.506778,39700,71400,109,4,0,0,0,Denied
CUS00151,HCLM00151_03,HPOL00151_03,2019-09-17,2019-09-24,Wind,7511 Solstice Cir,Orange,FL,32821,28.411672,-81.46685,58200,67700,230,6,0,1,0,Denied
CUS00152,HCLM00152_01,HPOL00152_01,2021-09-12,2021-09-18,Theft,6970 SW 40th St,Miami-Dade,FL,33155,25.7421,-80.313298,68400,80300,30,5,0,0,0,Denied
CUS00154,HCLM00154_01,HPOL00154_01,2022-08-08,2022-08-15,Wind,1000 NW 7th St,Miami-Dade,FL,33136,25.78563,-80.201058,37200,66400,128,10,0,0,0,Settled
CUS00154,HCLM00154_02,HPOL00154_02,2023-03-06,2023-03-19,Freeze,1000 NW 7th St,Miami-Dade,FL,33136,25.78563,-80.201058,14600,18200,226,13,1,0,0,Partially Paid
CUS00155,HCLM00155_01,HPOL00155_01,2022-09-12,2022-09-13,Fire,355 N Rosalind Ave,Orange,FL,32801,28.545514,-81.378134,14700,25800,222,3,0,1,0,Withdrawn
CUS00156,HCLM00156_01,HPOL00156_01,2019-05-16,2019-05-25,Vandalism,710 NE 1st Ave,Miami-Dade,FL,33132,25.783848,-80.189314,28400,32200,98,10,0,0,0,Settled
CUS00156,HCLM00156_02,HPOL00156_02,2019-03-19,2019-03-20,Fire,710 NE 1st Ave,Miami-Dade,FL,33132,25.783848,-80.189314,69900,51100,216,10,0,0,0,Partially Paid
CUS00157,HCLM00157_01,HPOL00157_01,2022-06-19,2022-07-01,Water,6501 S Westshore Blvd,Hillsborough,FL,33616,27.869022,-82.523216,79900,79900,224,4,0,1,0,Partially Paid
CUS00157,HCLM00157_02,HPOL00157_02,2024-07-07,2024-07-07,Fire,8733 Rooks Park Cir,Hillsborough,FL,33619,27.936594,-82.36584,72600,54400,193,7,1,0,0,Closed Without Payment
CUS00157,HCLM00157_03,HPOL00157_03,2021-03-03,2021-03-14,Water,8733 Rooks Park Cir,Hillsborough,FL,33619,27.936594,-82.36584,33600,33200,114,12,0,1,0,Paid
CUS00158,HCLM00158_01,HPOL00158_01,2023-02-01,2023-02-12,Hail,2900 Biscayne Blvd,Miami-Dade,FL,33137,25.80518,-80.188488,18500,28600,107,11,1,0,0,Paid
CUS00159,HCLM00159_01,HPOL00159_01,2019-03-09,2019-03-22,Wind,2901 NE 1st Ave,Miami-Dade,FL,33137,25.802168,-80.187402,43900,36600,160,13,0,0,0,Closed Without Payment
CUS00159,HCLM00159_02,HPOL00159_02,2017-04-19,2017-04-24,Hurricane,645 NW 1st St,Miami-Dade,FL,33128,25.768528,-80.198928,57900,62000,136,8,1,1,0,Paid
CUS00159,HCLM00159_03,HPOL00159_03,2021-04-10,2021-04-12,Wind,101 Lake Ave,Orange,FL,32801,28.539466,-81.369524,5400,8100,34,13,0,0,0,Paid
CUS00159,HCLM00159_04,HPOL00159_04,2021-10-05,2021-10-16,Hurricane,2901 NE 1st Ave,Miami-Dade,FL,33137,25.802168,-80.187402,24000,36300,25,4,0,0,0,Partially Paid
CUS00160,HCLM00160_01,HPOL00160_01,2023-09-04,2023-09-18,Wind,110 Zora Pl,Orange,FL,32810,28.615406,-81.425066,66600,101700,161,12,1,1,0,Partially Paid
CUS00161,HCLM00161_01,HPOL00161_01,2022-02-17,2022-02-17,Wind,2900 Biscayne Blvd,Miami-Dade,FL,33137,25.80518,-80.188488,63300,62600,108,9,0,1,0,Settled
CUS00164,HCLM00164_01,HPOL00164_01,2020-06-17,2020-06-18,Fire,410 N Orange Ave,Orange,FL,32801,28.538032,-81.373544,38100,38100,44,8,0,1,0,Denied
CUS00165,HCLM00165_01,HPOL00165_01,2020-09-17,2020-09-19,Hail,1011 E Cumberland Ave,Hillsborough,FL,33602,27.948032,-82.463042,39800,60200,125,11,0,0,0,Denied
CUS00165,HCLM00165_02,HPOL00165_02,2019-06-16,2019-06-18,Water,2050 Jake St,Orange,FL,32814,28.560782,-81.32269,45000,65100,58,13,0,0,0,Withdrawn
CUS00166,HCLM00166_01,HPOL00166_01,2023-10-15,2023-10-19,Hail,8733 Rooks Park Cir,Hillsborough,FL,33619,27.936594,-82.36584,71400,81400,72,7,0,0,0,Settled
CUS00167,HCLM00167_01,HPOL00167_01,2018-08-21,2018-08-22,Hail,110 Zora Pl,Orange,FL,32810,28.615406,-81.425066,5700,9500,552,9,1,0,1,Litigated and Adjudicated
CUS00167,HCLM00167_02,HPOL00167_02,2021-12-31,2022-01-07,Hurricane,110 Zora Pl,Orange,FL,32810,28.615406,-81.425066,17300,15700,29,12,0,0,0,Paid
CUS00168,HCLM00168_01,HPOL00168_01,2021-02-11,2021-02-20,Hail,30 SW 1st St,Miami-Dade,FL,33130,25.765842,-80.208492,61900,51600,205,9,0,1,0,Withdrawn
CUS00168,HCLM00168_02,HPOL00168_02,2021-03-06,2021-03-12,Water,4000 Headwaters Way,Orange,FL,32837,28.386144,-81.418598,22000,23600,119,5,0,0,0,Denied
CUS00168,HCLM00168_03,HPOL00168_03,2024-03-24,2024-04-01,Fire,3219 S Orange Ave,Orange,FL,32806,28.517866,-81.366976,9400,9600,37,6,0,1,1,Litigated and Settled
CUS00168,HCLM00168_04,HPOL00168_04,2020-02-29,2020-03-03,Hail,7575 Universal Blvd,Orange,FL,32819,28.451704,-81.47356,42800,37400,195,3,0,0,0,Withdrawn
CUS00169,HCLM00169_01,HPOL00169_01,2020-02-08,2020-02-10,Vandalism,3000 NE 2nd Ave,Miami-Dade,FL,33137,25.808936,-80.195094,8800,14500,105,11,0,1,0,Partially Paid
CUS00169,HCLM00169_02,HPOL00169_02,2024-07-30,2024-08-05,Wind,3000 NE 2nd Ave,Miami-Dade,FL,33137,25.808936,-80.195094,9100,13500,240,10,0,0,1,Litigated and Settled
CUS00169,HCLM00169_03,HPOL00169_03,2022-03-28,2022-04-11,Fire,6301 S Westshore Blvd,Hillsborough,FL,33616,27.867894,-82.52435,50700,66300,84,4,0,0,0,Paid
CUS00169,HCLM00169_04,HPOL00169_04,2021-06-28,2021-06-30,Wind,3000 NE 2nd Ave,Miami-Dade,FL,33137,25.808936,-80.195094,50800,61300,47,5,0,1,0,Denied
CUS00170,HCLM00170_01,HPOL00170_01,2018-05-27,2018-05-27,Water,30 SW 1st St,Miami-Dade,FL,33130,25.765842,-80.208492,45500,71800,94,5,0,0,0,Withdrawn
CUS00170,HCLM00170_02,HPOL00170_02,2022-08-07,2022-08-18,Water,3000 NE 2nd Ave,Miami-Dade,FL,33137,25.808936,-80.195094,74900,132500,41,6,0,0,0,Settled
CUS00170,HCLM00170_03,HPOL00170_03,2019-07-19,2019-07-27,Water,3000 NE 2nd Ave,Miami-Dade,FL,33137,25.808936,-80.195094,54500,69100,113,11,0,0,0,Paid
CUS00170,HCLM00170_04,HPOL00170_04,2019-06-15,2019-06-18,Fire,3219 S Orange Ave,Orange,FL,32806,28.517866,-81.366976,48800,74600,119,4,1,1,0,Partially Paid
CUS00170,HCLM00170_05,HPOL00170_05,2022-07-30,2022-08-12,Water,12112 Sugarloaf Key St,Hillsborough,FL,33626,28.058486,-82.624672,34900,48500,71,11,1,1,0,Settled
CUS00172,HCLM00172_01,HPOL00172_01,2021-12-28,2022-01-10,Lightning,2650 Dade Ave,Orange,FL,32804,28.583628,-81.389606,68100,118000,26,13,1,1,0,Withdrawn
CUS00172,HCLM00172_02,HPOL00172_02,2021-10-03,2021-10-11,Fire,2650 Dade Ave,Orange,FL,32804,28.583628,-81.389606,70600,70100,69,5,0,0,0,Paid
CUS00173,HCLM00173_01,HPOL00173_01,2023-07-03,2023-07-17,Hail,6501 S Westshore Blvd,Hillsborough,FL,33616,27.869022,-82.523216,13700,10700,124,12,0,0,0,Denied
CUS00173,HCLM00173_02,HPOL00173_02,2021-11-05,2021-11-05,Water,10149 Arise Loop,Orange,FL,32837,28.397256,-81.42077,36900,27200,116,8,0,0,0,Partially Paid
CUS00174,HCLM00174_01,HPOL00174_01,2021-07-13,2021-07-16,Theft,520 E Church St,Orange,FL,32801,28.542388,-81.368972,30600,41600,201,10,0,0,0,Closed Without Payment
CUS00174,HCLM00174_02,HPOL00174_02,2019-03-06,2019-03-06,Water,9931 W Flagler St,Miami-Dade,FL,33174,25.75642,-80.352414,48200,42000,247,11,0,0,1,Litigated and Adjudicated
CUS00174,HCLM00174_03,HPOL00174_03,2020-07-13,2020-07-24,Fire,733 Main Ln,Orange,FL,32801,28.546738,-81.375962,45400,72400,37,3,0,0,0,Settled
CUS00174,HCLM00174_04,HPOL00174_04,2021-04-29,2021-05-08,Wind,9931 W Flagler St,Miami-Dade,FL,33174,25.75642,-80.352414,42500,66000,164,7,0,0,0,Partially Paid
CUS00174,HCLM00174_05,HPOL00174_05,2021-05-02,2021-05-14,Water,9931 W Flagler St,Miami-Dade,FL,33174,25.75642,-80.352414,72600,61200,23,6,0,0,0,Closed Without Payment
CUS00176,HCLM00176_01,HPOL00176_01,2021-10-09,2021-10-11,Water,700 SW 1st St,Miami-Dade,FL,33130,25.76502,-80.207664,20000,31600,128,8,0,1,0,Partially Paid
CUS00176,HCLM00176_02,HPOL00176_02,2021-08-29,2021-08-30,Vandalism,700 SW 1st St,Miami-Dade,FL,33130,25.76502,-80.207664,38900,60900,80,11,0,0,0,Denied
CUS00176,HCLM00176_03,HPOL00176_03,2022-09-07,2022-09-16,Wind,700 SW 1st St,Miami-Dade,FL,33130,25.76502,-80.207664,56400,41200,36,6,0,1,0,Paid
CUS00176,HCLM00176_04,HPOL00176_04,2022-12-29,2023-01-01,Wind,510 N Rome Ave,Hillsborough,FL,33606,27.930384,-82.488052,38600,29700,559,6,0,0,1,Litigated and Settled
CUS00177,HCLM00177_01,HPOL00177_01,2020-09-24,2020-09-24,Lightning,30 SW 1st St,Miami-Dade,FL,33130,25.765842,-80.208492,30900,40000,98,3,0,0,0,Withdrawn
CUS00177,HCLM00177_02,HPOL00177_02,2022-07-09,2022-07-14,Freeze,30 SW 1st St,Miami-Dade,FL,33130,25.765842,-80.208492,56300,72200,518,8,0,0,1,Litigated and Adjudicated
CUS00177,HCLM00177_03,HPOL00177_03,2023-01-28,2023-02-01,Freeze,30 SW 1st St,Miami-Dade,FL,33130,25.765842,-80.208492,78800,63800,229,13,0,0,0,Denied
CUS00178,HCLM00178_01,HPOL00178_01,2025-03-28,2025-04-07,Lightning,218 NW 8th St,Miami-Dade,FL,33136,25.785132,-80.210772,17800,31200,105,3,0,0,0,Partially Paid
CUS00178,HCLM00178_02,HPOL00178_02,2025-02-16,2025-02-23,Hurricane,218 NW 8th St,Miami-Dade,FL,33136,25.785132,-80.210772,23700,17200,32,11,0,0,0,Paid
CUS00178,HCLM00178_03,HPOL00178_03,2023-10-27,2023-10-28,Water,218 NW 8th St,Miami-Dade,FL,33136,25.785132,-80.210772,23800,18700,40,9,0,0,1,Litigated and Settled
CUS00179,HCLM00179_01,HPOL00179_01,2020-06-21,2020-06-28,Hurricane,5009 Park Central Dr,Orange,FL,32839,28.48606,-81.403886,28700,50900,133,3,1,0,0,Settled
CUS00179,HCLM00179_02,HPOL00179_02,2023-10-20,2023-11-02,Wind,5009 Park Central Dr,Orange,FL,32839,28.48606,-81.403886,9300,8300,205,7,0,0,0,Paid
CUS00179,HCLM00179_03,HPOL00179_03,2020-03-24,2020-03-24,Hurricane,5009 Park Central Dr,Orange,FL,32839,28.48606,-81.403886,32900,43700,215,12,0,0,0,Denied
CUS00179,HCLM00179_04,HPOL00179_04,2023-08-25,2023-09-02,Theft,1211 E Kennedy Blvd,Hillsborough,FL,33602,27.950366,-82.46105,47600,72600,20,8,0,0,0,Withdrawn
CUS00179,HCLM00179_05,HPOL00179_05,2020-07-31,2020-08-06,Hurricane,6301 S Westshore Blvd,Hillsborough,FL,33616,27.867894,-82.52435,14800,11400,78,7,0,1,0,Denied
CUS00180,HCLM00180_01,HPOL00180_01,2023-05-10,2023-05-20,Vandalism,4301 Urbana Dr,Orange,FL,32837,28.394856,-81.424922,25100,29300,47,12,0,0,0,Denied
CUS00180,HCLM00180_02,HPOL00180_02,2023-04-01,2023-04-11,Hail,300 W Tyler St,Hillsborough,FL,33602,27.948668,-82.456928,18700,14100,71,9,0,0,0,Closed Without Payment
CUS00180,HCLM00180_03,HPOL00180_03,2023-07-06,2023-07-20,Hail,4301 Urbana Dr,Orange,FL,32837,28.394856,-81.424922,50900,57700,202,13,0,0,1,Litigated and Settled
CUS00180,HCLM00180_04,HPOL00180_04,2023-06-25,2023-07-01,Theft,4301 Urbana Dr,Orange,FL,32837,28.394856,-81.424922,69400,99600,41,10,0,1,0,Withdrawn
CUS00181,HCLM00181_01,HPOL00181_01,2020-03-05,2020-03-15,Lightning,5127 W Tyson Ave,Hillsborough,FL,33611,27.888982,-82.504054,66100,65900,111,12,0,0,0,Withdrawn
CUS00182,HCLM00182_01,HPOL00182_01,2024-06-30,2024-07-13,Fire,110 Zora Pl,Orange,FL,32810,28.615406,-81.425066,64600,65700,135,13,0,0,0,Paid
CUS00182,HCLM00182_02,HPOL00182_02,2020-08-04,2020-08-09,Theft,3015 N Rocky Point Dr E,Hillsborough,FL,33607,27.964764,-82.501766,62900,57500,31,3,0,1,0,Partially Paid
CUS00183,HCLM00183_01,HPOL00183_01,2022-09-19,2022-09-22,Wind,2900 Biscayne Blvd,Miami-Dade,FL,33137,25.80518,-80.188488,29000,33100,221,9,0,0,0,Denied
CUS00183,HCLM00183_02,HPOL00183_02,2024-07-01,2024-07-06,Wind,1011 E Cumberland Ave,Hillsborough,FL,33602,27.948032,-82.463042,78000,136400,142,10,0,0,0,Paid
CUS00184,HCLM00184_01,HPOL00184_01,2020-11-01,2020-11-07,Theft,6970 SW 40th St,Miami-Dade,FL,33155,25.7421,-80.313298,5100,4900,48,6,0,0,0,Settled
CUS00186,HCLM00186_01,HPOL00186_01,2023-04-02,2023-04-07,Theft,452 NE 31st St,Miami-Dade,FL,33137,25.805582,-80.194716,31100,31200,210,12,0,0,0,Partially Paid
CUS00186,HCLM00186_02,HPOL00186_02,2023-07-13,2023-07-16,Hurricane,355 N Rosalind Ave,Orange,FL,32801,28.545514,-81.378134,24800,22300,111,11,0,0,0,Denied
CUS00186,HCLM00186_03,HPOL00186_03,2020-11-20,2020-12-03,Hurricane,452 NE 31st St,Miami-Dade,FL,33137,25.805582,-80.194716,34000,37900,192,12,0,0,0,Closed Without Payment
CUS00186,HCLM00186_04,HPOL00186_04,2021-11-24,2021-11-30,Vandalism,3000 NE 2nd Ave,Miami-Dade,FL,33137,25.808936,-80.195094,38400,54900,132,13,0,0,0,Denied
CUS00187,HCLM00187_01,HPOL00187_01,2023-08-01,2023-08-08,Water,310 N Orange Ave,Orange,FL,32801,28.543216,-81.372806,63900,85400,181,5,0,0,0,Withdrawn
CUS00187,HCLM00187_02,HPOL00187_02,2025-01-30,2025-02-05,Lightning,700 SW 1st St,Miami-Dade,FL,33130,25.76502,-80.207664,22500,30600,178,7,0,1,0,Withdrawn
CUS00188,HCLM00188_01,HPOL00188_01,2021-08-09,2021-08-19,Lightning,355 N Rosalind Ave,Orange,FL,32801,28.545514,-81.378134,60500,104600,191,3,0,0,0,Withdrawn
CUS00188,HCLM00188_02,HPOL00188_02,2022-06-25,2022-06-29,Fire,520 E Church St,Orange,FL,32801,28.542388,-81.368972,3600,5500,118,4,0,0,0,Denied
CUS00189,HCLM00189_01,HPOL00189_01,2020-12-22,2021-01-02,Water,110 Zora Pl,Orange,FL,32810,28.615406,-81.425066,66200,101300,113,10,0,0,1,Litigated and Adjudicated
CUS00189,HCLM00189_02,HPOL00189_02,2023-02-18,2023-02-23,Lightning,700 SW 1st St,Miami-Dade,FL,33130,25.76502,-80.207664,39400,41100,25,8,0,0,0,Withdrawn
CUS00191,HCLM00191_01,HPOL00191_01,2021-09-27,2021-10-09,Wind,2633 Azalea Garden Pl,Hillsborough,FL,33619,27.938868,-82.369974,42800,67600,218,9,0,0,0,Closed Without Payment
CUS00191,HCLM00191_02,HPOL00191_02,2021-05-17,2021-05-18,Theft,2828 NW 1st Ave,Miami-Dade,FL,33127,25.79715,-80.197564,51400,55500,203,12,1,0,0,Withdrawn
CUS00191,HCLM00191_03,HPOL00191_03,2021-05-02,2021-05-12,Wind,180 NE 29th St,Miami-Dade,FL,33137,25.808606,-80.19234,33600,44600,196,10,0,0,0,Denied
CUS00192,HCLM00192_01,HPOL00192_01,2022-04-16,2022-04-29,Vandalism,2633 Azalea Garden Pl,Hillsborough,FL,33619,27.938868,-82.369974,35100,33100,124,4,0,0,0,Withdrawn
CUS00192,HCLM00192_02,HPOL00192_02,2018-05-14,2018-05-18,Hail,300 W Tyler St,Hillsborough,FL,33602,27.948668,-82.456928,18700,25400,180,9,0,0,0,Withdrawn
CUS00192,HCLM00192_03,HPOL00192_03,2022-04-03,2022-04-07,Lightning,2633 Azalea Garden Pl,Hillsborough,FL,33619,27.938868,-82.369974,5700,4500,166,10,1,0,0,Closed Without Payment
CUS00193,HCLM00193_01,HPOL00193_01,2019-08-08,2019-08-08,Hail,12112 Sugarloaf Key St,Hillsborough,FL,33626,28.058486,-82.624672,10800,18300,230,6,0,0,0,Paid
CUS00193,HCLM00193_02,HPOL00193_02,2019-01-08,2019-01-13,Hail,6600 NW 7th St,Miami-Dade,FL,33126,25.778214,-80.295246,59000,99200,60,11,0,0,0,Withdrawn
CUS00194,HCLM00194_01,HPOL00194_01,2019-01-06,2019-01-07,Water,1115 E Twiggs St,Hillsborough,FL,33602,27.951524,-82.459604,33900,27300,222,3,0,1,0,Paid
CUS00194,HCLM00194_02,HPOL00194_02,2020-09-28,2020-10-07,Vandalism,5127 W Tyson Ave,Hillsborough,FL,33611,27.888982,-82.504054,60600,61300,77,12,0,0,0,Withdrawn
CUS00194,HCLM00194_03,HPOL00194_03,2019-02-19,2019-03-04,Theft,5127 W Tyson Ave,Hillsborough,FL,33611,27.888982,-82.504054,54500,67300,80,12,0,0,0,Settled
CUS00194,HCLM00194_04,HPOL00194_04,2020-01-15,2020-01-24,Water,5127 W Tyson Ave,Hillsborough,FL,33611,27.888982,-82.504054,23400,29100,208,3,0,0,0,Denied
CUS00194,HCLM00194_05,HPOL00194_05,2020-04-23,2020-04-29,Water,5127 W Tyson Ave,Hillsborough,FL,33611,27.888982,-82.504054,60000,79500,103,4,0,0,0,Paid
CUS00195,HCLM00195_01,HPOL00195_01,2021-12-26,2022-01-07,Wind,2633 Azalea Garden Pl,Hillsborough,FL,33619,27.938868,-82.369974,78600,75400,65,7,1,0,0,Closed Without Payment
CUS00195,HCLM00195_02,HPOL00195_02,2022-12-18,2022-12-29,Hurricane,2633 Azalea Garden Pl,Hillsborough,FL,33619,27.938868,-82.369974,48100,33700,134,4,0,0,1,Litigated and Adjudicated
CUS00195,HCLM00195_03,HPOL00195_03,2021-03-19,2021-03-19,Hurricane,2633 Azalea Garden Pl,Hillsborough,FL,33619,27.938868,-82.369974,73800,100600,178,5,0,0,0,Closed Without Payment
CUS00195,HCLM00195_04,HPOL00195_04,2021-08-03,2021-08-17,Hurricane,2828 NW 1st Ave,Miami-Dade,FL,33127,25.79715,-80.197564,17000,30100,106,3,0,0,0,Closed Without Payment
CUS00195,HCLM00195_05,HPOL00195_05,2020-03-30,2020-04-02,Wind,2050 Jake St,Orange,FL,32814,28.560782,-81.32269,4500,6300,195,12,1,0,0,Withdrawn
CUS00196,HCLM00196_01,HPOL00196_01,2018-04-11,2018-04-11,Water,3131 NE 1st Ave,Miami-Dade,FL,33137,25.807112,-80.193906,15900,27400,24,8,0,0,0,Withdrawn
CUS00196,HCLM00196_02,HPOL00196_02,2021-04-17,2021-04-17,Lightning,2050 Jake St,Orange,FL,32814,28.560782,-81.32269,46800,70100,101,13,0,0,0,Settled
CUS00196,HCLM00196_03,HPOL00196_03,2018-05-23,2018-06-04,Freeze,2050 Jake St,Orange,FL,32814,28.560782,-81.32269,43900,70000,33,9,0,0,0,Paid
CUS00197,HCLM00197_01,HPOL00197_01,2020-11-08,2020-11-20,Fire,10149 Arise Loop,Orange,FL,32837,28.397256,-81.42077,58900,51000,167,3,0,0,0,Paid
CUS00198,HCLM00198_01,HPOL00198_01,2020-10-03,2020-10-09,Wind,180 NE 29th St,Miami-Dade,FL,33137,25.808606,-80.19234,63300,88800,59,7,0,0,0,Denied
CUS00199,HCLM00199_01,HPOL00199_01,2018-03-24,2018-04-03,Vandalism,7575 Universal Blvd,Orange,FL,32819,28.451704,-81.47356,65000,96300,62,3,1,0,0,Denied
CUS00199,HCLM00199_02,HPOL00199_02,2019-05-20,2019-05-25,Freeze,7575 Universal Blvd,Orange,FL,32819,28.451704,-81.47356,27000,43100,81,6,0,0,0,Closed Without Payment
CUS00200,HCLM00200_01,HPOL00200_01,2023-08-05,2023-08-11,Wind,1211 E Kennedy Blvd,Hillsborough,FL,33602,27.950366,-82.46105,15000,19000,119,9,0,0,0,Closed Without Payment
CUS00200,HCLM00200_02,HPOL00200_02,2023-04-29,2023-05-12,Wind,1211 E Kennedy Blvd,Hillsborough,FL,33602,27.950366,-82.46105,55600,87800,156,5,0,0,0,Settled
CUS00200,HCLM00200_03,HPOL00200_03,2023-07-13,2023-07-19,Water,1211 E Kennedy Blvd,Hillsborough,FL,33602,27.950366,-82.46105,4700,5100,36,7,0,0,0,Closed Without Payment
CUS00203,HCLM00203_01,HPOL00203_01,2020-08-31,2020-09-09,Freeze,9567 Sunbelt St,Hillsborough,FL,33635,28.022792,-82.61563,6800,10500,106,12,0,0,0,Settled
CUS00203,HCLM00203_02,HPOL00203_02,2021-07-18,2021-07-23,Hail,300 W Tyler St,Hillsborough,FL,33602,27.948668,-82.456928,45000,51500,108,13,0,0,0,Denied
CUS00204,HCLM00204_01,HPOL00204_01,2021-08-09,2021-08-18,Hail,1011 E Cumberland Ave,Hillsborough,FL,33602,27.948032,-82.463042,19900,21900,147,3,0,0,0,Withdrawn
CUS00205,HCLM00205_01,HPOL00205_01,2020-02-20,2020-02-23,Vandalism,921 N Central Ave,Hillsborough,FL,33602,27.95189,-82.4639,5100,3600,194,3,0,0,0,Settled
CUS00205,HCLM00205_02,HPOL00205_02,2019-02-20,2019-02-27,Fire,921 N Central Ave,Hillsborough,FL,33602,27.95189,-82.4639,50200,62800,138,13,0,0,0,Denied
CUS00205,HCLM00205_03,HPOL00205_03,2020-07-26,2020-08-08,Hurricane,3219 S Orange Ave,Orange,FL,32806,28.517866,-81.366976,23800,27900,48,10,0,0,0,Closed Without Payment
CUS00205,HCLM00205_04,HPOL00205_04,2021-02-24,2021-02-26,Theft,921 N Central Ave,Hillsborough,FL,33602,27.95189,-82.4639,60800,95100,30,3,1,0,0,Partially Paid
CUS00206,HCLM00206_01,HPOL00206_01,2022-09-03,2022-09-09,Theft,1011 E Cumberland Ave,Hillsborough,FL,33602,27.948032,-82.463042,15300,17300,100,3,0,1,0,Withdrawn
CUS00207,HCLM00207_01,HPOL00207_01,2020-12-29,2021-01-12,Wind,109 W Fortune St,Hillsborough,FL,33602,27.947222,-82.458452,52200,48900,150,3,0,0,0,Paid
CUS00208,HCLM00208_01,HPOL00208_01,2020-08-24,2020-09-06,Freeze,1115 E Twiggs St,Hillsborough,FL,33602,27.951524,-82.459604,46300,37600,148,10,0,1,0,Settled
CUS00208,HCLM00208_02,HPOL00208_02,2020-11-30,2020-12-05,Water,1115 E Twiggs St,Hillsborough,FL,33602,27.951524,-82.459604,72900,66900,151,7,0,0,0,Withdrawn
CUS00209,HCLM00209_01,HPOL00209_01,2018-05-30,2018-05-30,Hurricane,109 W Fortune St,Hillsborough,FL,33602,27.947222,-82.458452,10200,9100,224,6,0,0,0,Settled
CUS00209,HCLM00209_02,HPOL00209_02,2020-11-30,2020-12-05,Hurricane,109 W Fortune St,Hillsborough,FL,33602,27.947222,-82.458452,71200,90100,88,13,0,0,0,Settled
CUS00210,HCLM00210_01,HPOL00210_01,2022-01-26,2022-02-05,Freeze,355 N Rosalind Ave,Orange,FL,32801,28.545514,-81.378134,66500,52100,125,6,0,0,0,Partially Paid
CUS00210,HCLM00210_02,HPOL00210_02,2021-11-24,2021-12-04,Lightning,2650 Dade Ave,Orange,FL,32804,28.583628,-81.389606,24900,28600,74,10,0,1,0,Closed Without Payment
CUS00210,HCLM00210_03,HPOL00210_03,2022-08-22,2022-08-28,Fire,921 N Central Ave,Hillsborough,FL,33602,27.95189,-82.4639,45600,43000,57,4,0,0,0,Settled
CUS00211,HCLM00211_01,HPOL00211_01,2018-01-12,2018-01-17,Wind,3219 S Orange Ave,Orange,FL,32806,28.517866,-81.366976,54400,97700,142,8,0,0,0,Withdrawn
CUS00212,HCLM00212_01,HPOL00212_01,2021-01-23,2021-02-03,Fire,1211 E Kennedy Blvd,Hillsborough,FL,33602,27.950366,-82.46105,21500,32500,149,12,0,0,0,Denied
CUS00212,HCLM00212_02,HPOL00212_02,2021-05-18,2021-05-21,Water,1211 E Kennedy Blvd,Hillsborough,FL,33602,27.950366,-82.46105,76100,79000,152,11,0,0,0,Denied
CUS00212,HCLM00212_03,HPOL00212_03,2018-09-06,2018-09-17,Theft,6501 S Westshore Blvd,Hillsborough,FL,33616,27.869022,-82.523216,12600,21900,148,13,0,0,1,Litigated and Adjudicated
CUS00212,HCLM00212_04,HPOL00212_04,2019-07-27,2019-08-09,Theft,1211 E Kennedy Blvd,Hillsborough,FL,33602,27.950366,-82.46105,56400,59800,71,4,0,0,0,Denied
CUS00213,HCLM00213_01,HPOL00213_01,2020-08-17,2020-08-23,Hail,1011 E Cumberland Ave,Hillsborough,FL,33602,27.948032,-82.463042,47800,41900,186,6,0,0,0,Closed Without Payment
CUS00213,HCLM00213_02,HPOL00213_02,2020-04-15,2020-04-29,Hurricane,1011 E Cumberland Ave,Hillsborough,FL,33602,27.948032,-82.463042,33900,27300,90,12,0,0,0,Paid
CUS00213,HCLM00213_03,HPOL00213_03,2022-03-01,2022-03-01,Lightning,10149 Arise Loop,Orange,FL,32837,28.397256,-81.42077,64300,62400,117,4,0,0,0,Partially Paid
CUS00214,HCLM00214_01,HPOL00214_01,2020-11-12,2020-11-13,Lightning,101 Lake Ave,Orange,FL,32801,28.539466,-81.369524,41500,55400,64,4,0,1,0,Paid
CUS00214,HCLM00214_02,HPOL00214_02,2022-09-10,2022-09-17,Wind,5127 W Tyson Ave,Hillsborough,FL,33611,27.888982,-82.504054,13700,10700,107,3,0,1,0,Partially Paid
CUS00214,HCLM00214_03,HPOL00214_03,2019-04-24,2019-05-07,Lightning,1211 E Kennedy Blvd,Hillsborough,FL,33602,27.950366,-82.46105,28100,48100,119,9,0,0,0,Settled
CUS00214,HCLM00214_04,HPOL00214_04,2022-10-20,2022-10-21,Fire,1211 E Kennedy Blvd,Hillsborough,FL,33602,27.950366,-82.46105,58900,72600,207,11,0,0,0,Settled
CUS00215,HCLM00215_01,HPOL00215_01,2020-11-04,2020-11-09,Wind,921 N Central Ave,Hillsborough,FL,33602,27.95189,-82.4639,18800,25900,78,3,0,1,0,Denied
CUS00215,HCLM00215_02,HPOL00215_02,2023-09-16,2023-09-16,Water,921 N Central Ave,Hillsborough,FL,33602,27.95189,-82.4639,16900,21200,227,3,0,0,0,Paid
CUS00215,HCLM00215_03,HPOL00215_03,2023-04-26,2023-04-27,Fire,921 N Central Ave,Hillsborough,FL,33602,27.95189,-82.4639,17100,24000,188,12,0,0,0,Withdrawn
CUS00216,HCLM00216_01,HPOL00216_01,2018-12-04,2018-12-18,Hurricane,1011 E Cumberland Ave,Hillsborough,FL,33602,27.948032,-82.463042,11100,14400,131,7,1,0,0,Partially Paid
CUS00216,HCLM00216_02,HPOL00216_02,2019-05-31,2019-06-13,Theft,1011 E Cumberland Ave,Hillsborough,FL,33602,27.948032,-82.463042,18800,16100,46,4,0,0,0,Partially Paid
CUS00216,HCLM00216_03,HPOL00216_03,2020-02-18,2020-02-18,Wind,1011 E Cumberland Ave,Hillsborough,FL,33602,27.948032,-82.463042,17900,13300,108,13,0,0,0,Denied
CUS00216,HCLM00216_04,HPOL00216_04,2019-02-25,2019-02-27,Hail,1011 E Cumberland Ave,Hillsborough,FL,33602,27.948032,-82.463042,72900,73700,165,3,0,0,0,Paid
CUS00216,HCLM00216_05,HPOL00216_05,2022-01-22,2022-02-05,Fire,1011 E Cumberland Ave,Hillsborough,FL,33602,27.948032,-82.463042,28100,38300,122,4,0,0,0,Withdrawn
CUS00217,HCLM00217_01,HPOL00217_01,2024-10-24,2024-11-05,Wind,452 NE 31st St,Miami-Dade,FL,33137,25.805582,-80.194716,24200,34300,20,5,0,0,1,Litigated and Adjudicated
CUS00218,HCLM00218_01,HPOL00218_01,2024-02-20,2024-03-02,Water,921 N Central Ave,Hillsborough,FL,33602,27.95189,-82.4639,60300,99700,18,11,0,0,0,Closed Without Payment
CUS00218,HCLM00218_02,HPOL00218_02,2021-11-29,2021-12-01,Hail,921 N Central Ave,Hillsborough,FL,33602,27.95189,-82.4639,12300,11100,155,6,1,0,0,Withdrawn
CUS00219,HCLM00219_01,HPOL00219_01,2019-10-27,2019-11-04,Hail,2633 Azalea Garden Pl,Hillsborough,FL,33619,27.938868,-82.369974,32600,23900,37,8,0,0,0,Partially Paid
CUS00219,HCLM00219_02,HPOL00219_02,2021-08-02,2021-08-16,Hail,300 W Tyler St,Hillsborough,FL,33602,27.948668,-82.456928,36600,31300,40,7,0,1,0,Withdrawn
CUS00220,HCLM00220_01,HPOL00220_01,2024-06-03,2024-06-08,Vandalism,109 W Fortune St,Hillsborough,FL,33602,27.947222,-82.458452,5900,5300,226,9,0,0,1,Litigated and Settled
CUS00220,HCLM00220_02,HPOL00220_02,2020-01-30,2020-02-02,Hurricane,109 W Fortune St,Hillsborough,FL,33602,27.947222,-82.458452,44400,68300,488,6,1,0,1,Litigated and Settled
CUS00221,HCLM00221_01,HPOL00221_01,2022-10-23,2022-11-01,Wind,109 W Fortune St,Hillsborough,FL,33602,27.947222,-82.458452,41400,52100,88,4,0,0,0,Withdrawn
CUS00221,HCLM00221_02,HPOL00221_02,2022-12-01,2022-12-08,Theft,109 W Fortune St,Hillsborough,FL,33602,27.947222,-82.458452,12500,12400,107,3,0,0,0,Withdrawn
CUS00222,HCLM00222_01,HPOL00222_01,2019-12-05,2019-12-17,Hail,2751 NW 84th St,Miami-Dade,FL,33147,25.858766,-80.24016,64700,64900,84,4,0,0,0,Withdrawn
CUS00223,HCLM00223_01,HPOL00223_01,2022-03-30,2022-04-13,Water,921 N Central Ave,Hillsborough,FL,33602,27.95189,-82.4639,33200,40600,221,13,0,1,0,Denied
CUS00223,HCLM00223_02,HPOL00223_02,2022-12-29,2022-12-30,Water,710 NE 1st Ave,Miami-Dade,FL,33132,25.783848,-80.189314,10700,9000,35,7,0,0,0,Withdrawn
CUS00223,HCLM00223_03,HPOL00223_03,2024-04-11,2024-04-21,Water,710 NE 1st Ave,Miami-Dade,FL,33132,25.783848,-80.189314,25300,18800,204,12,0,0,0,Partially Paid
CUS00224,HCLM00224_01,HPOL00224_01,2019-10-03,2019-10-03,Fire,230 NE 4th St,Miami-Dade,FL,33132,25.781976,-80.192572,65600,102900,230,12,0,0,0,Partially Paid
CUS00224,HCLM00224_02,HPOL00224_02,2021-11-07,2021-11-09,Hurricane,218 NW 8th St,Miami-Dade,FL,33136,25.785132,-80.210772,16700,29700,26,7,0,0,0,Settled
CUS00224,HCLM00224_03,HPOL00224_03,2018-04-09,2018-04-18,Hail,109 W Fortune St,Hillsborough,FL,33602,27.947222,-82.458452,41500,61500,115,4,0,0,0,Closed Without Payment
CUS00224,HCLM00224_04,HPOL00224_04,2018-06-09,2018-06-19,Theft,109 W Fortune St,Hillsborough,FL,33602,27.947222,-82.458452,10500,14200,381,8,1,1,1,Litigated and Adjudicated
CUS00224,HCLM00224_05,HPOL00224_05,2020-03-04,2020-03-12,Wind,109 W Fortune St,Hillsborough,FL,33602,27.947222,-82.458452,43100,52000,127,12,0,0,0,Denied
CUS00225,HCLM00225_01,HPOL00225_01,2022-10-13,2022-10-18,Vandalism,1115 E Twiggs St,Hillsborough,FL,33602,27.951524,-82.459604,27100,21900,39,10,0,0,0,Withdrawn
CUS00225,HCLM00225_02,HPOL00225_02,2022-10-08,2022-10-20,Fire,710 NE 1st Ave,Miami-Dade,FL,33132,25.783848,-80.189314,37600,66500,21,13,0,0,0,Paid
CUS00226,HCLM00226_01,HPOL00226_01,2018-11-18,2018-11-19,Hurricane,921 N Central Ave,Hillsborough,FL,33602,27.95189,-82.4639,4100,6400,109,12,0,1,1,Litigated and Settled
CUS00226,HCLM00226_02,HPOL00226_02,2019-05-08,2019-05-19,Water,921 N Central Ave,Hillsborough,FL,33602,27.95189,-82.4639,65700,89800,220,11,1,0,0,Paid
CUS00226,HCLM00226_03,HPOL00226_03,2019-03-02,2019-03-13,Water,5009 Park Central Dr,Orange,FL,32839,28.48606,-81.403886,37000,39600,157,5,0,0,0,Closed Without Payment
CUS00226,HCLM00226_04,HPOL00226_04,2022-06-26,2022-07-04,Lightning,921 N Central Ave,Hillsborough,FL,33602,27.95189,-82.4639,9500,10600,180,7,0,0,0,Denied
CUS00227,HCLM00227_01,HPOL00227_01,2022-12-05,2022-12-11,Hail,300 W Tyler St,Hillsborough,FL,33602,27.948668,-82.456928,43000,65800,56,5,0,0,0,Paid
CUS00229,HCLM00229_01,HPOL00229_01,2023-10-10,2023-10-15,Fire,109 W Fortune St,Hillsborough,FL,33602,27.947222,-82.458452,45800,34900,152,4,0,1,0,Paid
CUS00230,HCLM00230_01,HPOL00230_01,2021-11-15,2021-11-18,Theft,300 W Tyler St,Hillsborough,FL,33602,27.948668,-82.456928,24300,18800,141,13,0,0,0,Paid
CUS00232,HCLM00232_01,HPOL00232_01,2022-04-29,2022-04-29,Hail,300 W Tyler St,Hillsborough,FL,33602,27.948668,-82.456928,11500,20700,83,3,0,0,0,Settled
CUS00232,HCLM00232_02,HPOL00232_02,2023-01-08,2023-01-18,Fire,300 W Tyler St,Hillsborough,FL,33602,27.948668,-82.456928,27600,42300,144,4,0,1,0,Paid
CUS00232,HCLM00232_03,HPOL00232_03,2018-10-30,2018-11-02,Wind,645 NW 1st St,Miami-Dade,FL,33128,25.768528,-80.198928,38500,68400,43,5,0,0,0,Partially Paid
CUS00233,HCLM00233_01,HPOL00233_01,2023-01-12,2023-01-26,Water,109 W Fortune St,Hillsborough,FL,33602,27.947222,-82.458452,7800,9900,154,11,0,1,0,Paid
CUS00233,HCLM00233_02,HPOL00233_02,2023-11-18,2023-12-01,Hail,109 W Fortune St,Hillsborough,FL,33602,27.947222,-82.458452,48700,40800,55,5,1,0,0,Withdrawn
CUS00234,HCLM00234_01,HPOL00234_01,2020-01-29,2020-02-03,Fire,109 W Fortune St,Hillsborough,FL,33602,27.947222,-82.458452,73900,59800,148,6,0,0,0,Denied
CUS00235,HCLM00235_01,HPOL00235_01,2022-02-04,2022-02-09,Wind,921 N Central Ave,Hillsborough,FL,33602,27.95189,-82.4639,53900,91400,170,9,0,0,0,Withdrawn
CUS00235,HCLM00235_02,HPOL00235_02,2022-07-13,2022-07-16,Wind,921 N Central Ave,Hillsborough,FL,33602,27.95189,-82.4639,59800,98600,83,7,0,0,0,Settled
CUS00235,HCLM00235_03,HPOL00235_03,2020-04-24,2020-04-26,Wind,921 N Central Ave,Hillsborough,FL,33602,27.95189,-82.4639,62100,97100,87,12,0,0,0,Settled
CUS00235,HCLM00235_04,HPOL00235_04,2020-05-11,2020-05-11,Water,921 N Central Ave,Hillsborough,FL,33602,27.95189,-82.4639,51000,46000,56,4,1,0,1,Litigated and Settled
CUS00236,HCLM00236_01,HPOL00236_01,2021-06-18,2021-06-22,Hurricane,109 W Fortune St,Hillsborough,FL,33602,27.947222,-82.458452,58300,95300,218,12,0,0,0,Partially Paid
CUS00236,HCLM00236_02,HPOL00236_02,2020-06-27,2020-07-06,Vandalism,7511 Solstice Cir,Orange,FL,32821,28.411672,-81.46685,67300,48800,138,7,1,0,1,Litigated and Adjudicated
CUS00236,HCLM00236_03,HPOL00236_03,2022-11-21,2022-11-28,Hurricane,109 W Fortune St,Hillsborough,FL,33602,27.947222,-82.458452,33600,24400,115,9,0,0,0,Settled
CUS00236,HCLM00236_04,HPOL00236_04,2019-09-25,2019-10-08,Hail,109 W Fortune St,Hillsborough,FL,33602,27.947222,-82.458452,56100,81800,215,5,0,1,0,Paid
CUS00237,HCLM00237_01,HPOL00237_01,2018-07-17,2018-07-30,Fire,1011 E Cumberland Ave,Hillsborough,FL,33602,27.948032,-82.463042,78000,106300,32,12,1,1,0,Partially Paid
CUS00237,HCLM00237_02,HPOL00237_02,2021-08-03,2021-08-07,Wind,520 E Church St,Orange,FL,32801,28.542388,-81.368972,57100,49300,218,13,1,0,0,Denied
CUS00237,HCLM00237_03,HPOL00237_03,2021-04-09,2021-04-10,Theft,1011 E Cumberland Ave,Hillsborough,FL,33602,27.948032,-82.463042,53500,52500,73,13,0,0,0,Settled
CUS00237,HCLM00237_04,HPOL00237_04,2019-10-25,2019-10-26,Water,1011 E Cumberland Ave,Hillsborough,FL,33602,27.948032,-82.463042,30700,53400,193,13,0,0,0,Denied
CUS00239,HCLM00239_01,HPOL00239_01,2019-08-02,2019-08-16,Hail,1211 E Kennedy Blvd,Hillsborough,FL,33602,27.950366,-82.46105,28000,49100,241,5,0,0,1,Litigated and Settled
CUS00239,HCLM00239_02,HPOL00239_02,2022-11-19,2022-11-23,Water,1211 E Kennedy Blvd,Hillsborough,FL,33602,27.950366,-82.46105,3600,6300,96,9,0,0,0,Closed Without Payment
CUS00239,HCLM00239_03,HPOL00239_03,2020-10-27,2020-11-07,Wind,700 SW 1st St,Miami-Dade,FL,33130,25.76502,-80.207664,19300,34000,160,12,0,0,0,Withdrawn
CUS00239,HCLM00239_04,HPOL00239_04,2018-05-30,2018-06-02,Fire,1211 E Kennedy Blvd,Hillsborough,FL,33602,27.950366,-82.46105,34500,58000,149,12,0,0,0,Settled
CUS00240,HCLM00240_01,HPOL00240_01,2022-08-10,2022-08-16,Hurricane,109 W Fortune St,Hillsborough,FL,33602,27.947222,-82.458452,43300,36000,117,10,0,0,0,Denied
CUS00240,HCLM00240_02,HPOL00240_02,2022-01-02,2022-01-06,Hurricane,645 NW 1st St,Miami-Dade,FL,33128,25.768528,-80.198928,56500,43200,158,10,0,0,0,Closed Without Payment
CUS00241,HCLM00241_01,HPOL00241_01,2018-05-16,2018-05-25,Hail,109 W Fortune St,Hillsborough,FL,33602,27.947222,-82.458452,50700,89900,120,7,0,0,0,Settled
CUS00242,HCLM00242_01,HPOL00242_01,2018-12-14,2018-12-14,Freeze,4000 Headwaters Way,Orange,FL,32837,28.386144,-81.418598,10400,11000,192,8,1,0,0,Denied
CUS00244,HCLM00244_01,HPOL00244_01,2017-03-01,2017-03-10,Theft,3131 NE 1st Ave,Miami-Dade,FL,33137,25.807112,-80.193906,63200,97000,99,3,0,0,1,Litigated and Settled
CUS00245,HCLM00245_01,HPOL00245_01,2025-01-15,2025-01-29,Lightning,109 W Fortune St,Hillsborough,FL,33602,27.947222,-82.458452,47700,81700,128,7,0,0,0,Settled
CUS00245,HCLM00245_02,HPOL00245_02,2024-12-14,2024-12-21,Hail,6301 S Westshore Blvd,Hillsborough,FL,33616,27.867894,-82.52435,73800,123200,213,7,1,0,0,Settled
CUS00245,HCLM00245_03,HPOL00245_03,2022-04-12,2022-04-19,Freeze,109 W Fortune St,Hillsborough,FL,33602,27.947222,-82.458452,45200,44800,222,9,0,0,0,Partially Paid
CUS00245,HCLM00245_04,HPOL00245_04,2022-06-29,2022-07-01,Wind,10149 Arise Loop,Orange,FL,32837,28.397256,-81.42077,76200,128800,33,5,0,0,0,Denied
CUS00246,HCLM00246_01,HPOL00246_01,2024-11-29,2024-12-13,Lightning,6600 NW 7th St,Miami-Dade,FL,33126,25.778214,-80.295246,75500,125500,31,8,0,0,0,Denied
CUS00248,HCLM00248_01,HPOL00248_01,2023-03-07,2023-03-08,Lightning,921 N Central Ave,Hillsborough,FL,33602,27.95189,-82.4639,59700,57700,78,11,0,0,0,Partially Paid
CUS00248,HCLM00248_02,HPOL00248_02,2020-05-06,2020-05-15,Water,921 N Central Ave,Hillsborough,FL,33602,27.95189,-82.4639,68900,92000,443,7,0,0,1,Litigated and Settled
CUS00249,HCLM00249_01,HPOL00249_01,2020-06-12,2020-06-18,Hurricane,300 W Tyler St,Hillsborough,FL,33602,27.948668,-82.456928,40900,72900,39,13,0,0,0,Closed Without Payment
CUS00249,HCLM00249_02,HPOL00249_02,2022-05-16,2022-05-27,Vandalism,300 W Tyler St,Hillsborough,FL,33602,27.948668,-82.456928,66600,52000,41,9,0,0,0,Closed Without Payment
CUS00249,HCLM00249_03,HPOL00249_03,2021-01-24,2021-01-27,Hail,1211 E Kennedy Blvd,Hillsborough,FL,33602,27.950366,-82.46105,25000,23400,71,11,0,0,0,Withdrawn
CUS00251,HCLM00251_01,HPOL00251_01,2018-06-14,2018-06-25,Water,645 NW 1st St,Miami-Dade,FL,33128,25.768528,-80.198928,54000,49100,181,10,0,0,1,Litigated and Adjudicated
CUS00252,HCLM00252_01,HPOL00252_01,2019-09-18,2019-09-26,Theft,921 N Central Ave,Hillsborough,FL,33602,27.95189,-82.4639,78800,104200,179,13,0,0,0,Withdrawn
CUS00255,HCLM00255_01,HPOL00255_01,2020-01-02,2020-01-07,Hail,921 N Central Ave,Hillsborough,FL,33602,27.95189,-82.4639,11400,13800,215,6,1,0,0,Paid
CUS00256,HCLM00256_01,HPOL00256_01,2021-02-08,2021-02-20,Fire,295 NE Ivanhoe Blvd,Orange,FL,32804,28.579332,-81.39362,66300,79300,111,8,1,0,0,Withdrawn
CUS00257,HCLM00257_01,HPOL00257_01,2021-04-16,2021-04-17,Hail,300 W Tyler St,Hillsborough,FL,33602,27.948668,-82.456928,15600,15200,41,8,0,0,0,Withdrawn
CUS00257,HCLM00257_02,HPOL00257_02,2020-08-18,2020-08-23,Theft,300 W Tyler St,Hillsborough,FL,33602,27.948668,-82.456928,57600,84700,73,5,0,0,0,Denied
CUS00258,HCLM00258_01,HPOL00258_01,2024-07-11,2024-07-18,Theft,1115 E Twiggs St,Hillsborough,FL,33602,27.951524,-82.459604,23700,23900,113,11,0,0,0,Settled
CUS00258,HCLM00258_02,HPOL00258_02,2021-11-16,2021-11-27,Water,1115 E Twiggs St,Hillsborough,FL,33602,27.951524,-82.459604,69900,77700,46,13,0,0,0,Denied
CUS00259,HCLM00259_01,HPOL00259_01,2021-04-26,2021-04-30,Fire,1211 E Kennedy Blvd,Hillsborough,FL,33602,27.950366,-82.46105,9300,16700,23,6,0,0,0,Settled
CUS00259,HCLM00259_02,HPOL00259_02,2024-09-17,2024-09-27,Wind,6904 Ralston Pl Dr,Hillsborough,FL,33614,28.00581,-82.507956,72500,114700,131,7,0,0,0,Closed Without Payment
CUS00260,HCLM00260_01,HPOL00260_01,2020-09-05,2020-09-06,Lightning,300 W Tyler St,Hillsborough,FL,33602,27.948668,-82.456928,70100,66400,215,11,1,0,0,Settled
CUS00260,HCLM00260_02,HPOL00260_02,2021-06-07,2021-06-14,Fire,300 W Tyler St,Hillsborough,FL,33602,27.948668,-82.456928,60000,72600,106,12,0,0,0,Withdrawn
CUS00260,HCLM00260_03,HPOL00260_03,2021-11-02,2021-11-08,Wind,300 W Tyler St,Hillsborough,FL,33602,27.948668,-82.456928,23800,42000,210,12,0,0,0,Denied
CUS00260,HCLM00260_04,HPOL00260_04,2022-07-18,2022-07-29,Lightning,109 W Fortune St,Hillsborough,FL,33602,27.947222,-82.458452,76600,58300,159,7,0,1,0,Denied
CUS00260,HCLM00260_05,HPOL00260_05,2023-05-19,2023-05-24,Wind,12112 Sugarloaf Key St,Hillsborough,FL,33626,28.058486,-82.624672,5000,8700,96,4,0,0,0,Settled
CUS00262,HCLM00262_01,HPOL00262_01,2021-05-12,2021-05-20,Hail,295 NE Ivanhoe Blvd,Orange,FL,32804,28.579332,-81.39362,72800,128200,203,4,0,1,0,Settled
CUS00262,HCLM00262_02,HPOL00262_02,2023-04-18,2023-04-26,Hail,295 NE Ivanhoe Blvd,Orange,FL,32804,28.579332,-81.39362,75100,132800,99,8,0,1,0,Settled
CUS00262,HCLM00262_03,HPOL00262_03,2021-09-06,2021-09-16,Lightning,3219 S Orange Ave,Orange,FL,32806,28.517866,-81.366976,75100,82500,92,13,1,0,0,Withdrawn
CUS00263,HCLM00263_01,HPOL00263_01,2019-11-03,2019-11-03,Hail,1011 E Cumberland Ave,Hillsborough,FL,33602,27.948032,-82.463042,35500,42500,487,13,0,0,1,Litigated and Settled
CUS00264,HCLM00264_01,HPOL00264_01,2021-04-22,2021-04-27,Hail,109 W Fortune St,Hillsborough,FL,33602,27.947222,-82.458452,26500,21900,107,12,1,0,0,Partially Paid
CUS00264,HCLM00264_02,HPOL00264_02,2024-08-04,2024-08-06,Water,4301 Urbana Dr,Orange,FL,32837,28.394856,-81.424922,78100,110800,94,13,0,0,0,Paid
CUS00265,HCLM00265_01,HPOL00265_01,2022-11-04,2022-11-09,Vandalism,1211 E Kennedy Blvd,Hillsborough,FL,33602,27.950366,-82.46105,37100,40800,96,5,0,1,0,Denied
CUS00267,HCLM00267_01,HPOL00267_01,2021-08-05,2021-08-18,Lightning,921 N Central Ave,Hillsborough,FL,33602,27.95189,-82.4639,37700,62900,101,6,0,0,0,Settled
CUS00267,HCLM00267_02,HPOL00267_02,2021-10-16,2021-10-18,Vandalism,921 N Central Ave,Hillsborough,FL,33602,27.95189,-82.4639,55000,52600,66,3,0,0,0,Closed Without Payment
CUS00268,HCLM00268_01,HPOL00268_01,2020-10-24,2020-11-04,Theft,6501 S Westshore Blvd,Hillsborough,FL,33616,27.869022,-82.523216,48200,41900,106,11,1,0,0,Withdrawn
CUS00269,HCLM00269_01,HPOL00269_01,2019-09-18,2019-09-30,Theft,109 W Fortune St,Hillsborough,FL,33602,27.947222,-82.458452,18600,25200,97,10,1,0,0,Denied
CUS00269,HCLM00269_02,HPOL00269_02,2018-04-26,2018-05-07,Theft,109 W Fortune St,Hillsborough,FL,33602,27.947222,-82.458452,71200,58200,55,12,1,1,0,Closed Without Payment
CUS00269,HCLM00269_03,HPOL00269_03,2022-01-05,2022-01-18,Hurricane,109 W Fortune St,Hillsborough,FL,33602,27.947222,-82.458452,44000,54100,201,9,0,0,0,Partially Paid
CUS00270,HCLM00270_01,HPOL00270_01,2017-09-19,2017-09-27,Water,1211 E Kennedy Blvd,Hillsborough,FL,33602,27.950366,-82.46105,23200,40800,62,6,0,0,0,Settled
CUS00270,HCLM00270_02,HPOL00270_02,2020-08-03,2020-08-13,Theft,1211 E Kennedy Blvd,Hillsborough,FL,33602,27.950366,-82.46105,46800,38800,194,4,0,1,0,Withdrawn
CUS00270,HCLM00270_03,HPOL00270_03,2020-01-26,2020-02-03,Hurricane,1211 E Kennedy Blvd,Hillsborough,FL,33602,27.950366,-82.46105,23400,17200,210,11,0,0,0,Closed Without Payment
CUS00270,HCLM00270_04,HPOL00270_04,2019-10-20,2019-10-30,Wind,1211 E Kennedy Blvd,Hillsborough,FL,33602,27.950366,-82.46105,69100,82900,229,3,0,0,0,Withdrawn
CUS00270,HCLM00270_05,HPOL00270_05,2020-06-08,2020-06-09,Hurricane,4301 Urbana Dr,Orange,FL,32837,28.394856,-81.424922,66500,69400,201,4,1,0,0,Settled
CUS00272,HCLM00272_01,HPOL00272_01,2021-10-05,2021-10-16,Theft,1115 E Twiggs St,Hillsborough,FL,33602,27.951524,-82.459604,14600,10300,126,8,0,0,0,Denied
CUS00272,HCLM00272_02,HPOL00272_02,2022-05-03,2022-05-12,Hurricane,1115 E Twiggs St,Hillsborough,FL,33602,27.951524,-82.459604,52700,74100,158,9,1,0,0,Denied
CUS00273,HCLM00273_01,HPOL00273_01,2020-11-01,2020-11-10,Vandalism,109 W Fortune St,Hillsborough,FL,33602,27.947222,-82.458452,44300,77800,70,13,0,0,0,Settled
CUS00275,HCLM00275_01,HPOL00275_01,2019-07-11,2019-07-20,Fire,300 W Tyler St,Hillsborough,FL,33602,27.948668,-82.456928,62800,59000,152,10,0,0,0,Partially Paid
CUS00276,HCLM00276_01,HPOL00276_01,2021-09-25,2021-09-30,Vandalism,7575 Universal Blvd,Orange,FL,32819,28.451704,-81.47356,19800,21300,31,10,0,0,0,Closed Without Payment
CUS00276,HCLM00276_02,HPOL00276_02,2021-02-01,2021-02-07,Wind,109 W Fortune St,Hillsborough,FL,33602,27.947222,-82.458452,55700,73500,109,13,0,0,0,Withdrawn
CUS00276,HCLM00276_03,HPOL00276_03,2024-05-16,2024-05-19,Hail,109 W Fortune St,Hillsborough,FL,33602,27.947222,-82.458452,33000,36000,47,6,0,0,0,Paid
CUS00276,HCLM00276_04,HPOL00276_04,2022-01-03,2022-01-09,Hail,109 W Fortune St,Hillsborough,FL,33602,27.947222,-82.458452,41200,30300,193,4,1,0,0,Withdrawn
CUS00277,HCLM00277_01,HPOL00277_01,2023-02-21,2023-02-26,Theft,300 W Tyler St,Hillsborough,FL,33602,27.948668,-82.456928,55500,45300,35,3,0,1,0,Denied
CUS00277,HCLM00277_02,HPOL00277_02,2020-06-23,2020-07-05,Fire,300 W Tyler St,Hillsborough,FL,33602,27.948668,-82.456928,4800,8100,41,7,0,0,0,Closed Without Payment
CUS00277,HCLM00277_03,HPOL00277_03,2022-12-17,2022-12-24,Theft,300 W Tyler St,Hillsborough,FL,33602,27.948668,-82.456928,61500,56700,98,12,0,0,0,Paid
CUS00278,HCLM00278_01,HPOL00278_01,2021-05-27,2021-06-04,Wind,921 N Central Ave,Hillsborough,FL,33602,27.95189,-82.4639,19400,20400,142,10,0,0,0,Withdrawn
CUS00279,HCLM00279_01,HPOL00279_01,2020-05-31,2020-06-03,Lightning,645 NW 1st St,Miami-Dade,FL,33128,25.768528,-80.198928,14400,17400,119,11,0,1,0,Settled
CUS00279,HCLM00279_02,HPOL00279_02,2020-06-25,2020-07-06,Vandalism,1211 E Kennedy Blvd,Hillsborough,FL,33602,27.950366,-82.46105,43500,70500,185,12,0,0,0,Closed Without Payment
CUS00279,HCLM00279_03,HPOL00279_03,2022-08-22,2022-08-29,Water,109 W Fortune St,Hillsborough,FL,33602,27.947222,-82.458452,14900,12800,331,7,1,0,1,Litigated and Adjudicated
CUS00279,HCLM00279_04,HPOL00279_04,2023-09-14,2023-09-25,Theft,1211 E Kennedy Blvd,Hillsborough,FL,33602,27.950366,-82.46105,39000,29600,203,13,0,0,0,Denied
CUS00280,HCLM00280_01,HPOL00280_01,2021-08-17,2021-08-23,Wind,2633 Azalea Garden Pl,Hillsborough,FL,33619,27.938868,-82.369974,41300,34500,191,5,0,0,1,Litigated and Settled
CUS00280,HCLM00280_02,HPOL00280_02,2018-01-31,2018-02-04,Water,1115 E Twiggs St,Hillsborough,FL,33602,27.951524,-82.459604,65600,114900,166,9,0,0,0,Withdrawn
CUS00281,HCLM00281_01,HPOL00281_01,2021-05-05,2021-05-06,Fire,2828 NW 1st Ave,Miami-Dade,FL,33127,25.79715,-80.197564,17800,24800,346,11,0,1,1,Litigated and Settled
CUS00281,HCLM00281_02,HPOL00281_02,2024-01-19,2024-01-24,Hail,645 NW 1st St,Miami-Dade,FL,33128,25.768528,-80.198928,50200,68400,53,10,0,0,0,Denied
CUS00282,HCLM00282_01,HPOL00282_01,2021-04-03,2021-04-12,Theft,110 Zora Pl,Orange,FL,32810,28.615406,-81.425066,79800,141900,176,9,0,0,0,Denied
CUS00282,HCLM00282_02,HPOL00282_02,2019-11-26,2019-11-29,Hurricane,8733 Rooks Park Cir,Hillsborough,FL,33619,27.936594,-82.36584,48900,60600,200,10,0,0,0,Paid
CUS00283,HCLM00283_01,HPOL00283_01,2019-12-06,2019-12-15,Water,3131 NE 1st Ave,Miami-Dade,FL,33137,25.807112,-80.193906,20300,33900,190,10,0,0,0,Settled
CUS00284,HCLM00284_01,HPOL00284_01,2020-09-15,2020-09-24,Water,4301 Urbana Dr,Orange,FL,32837,28.394856,-81.424922,14900,18100,197,11,0,0,0,Withdrawn
CUS00284,HCLM00284_02,HPOL00284_02,2021-01-23,2021-02-02,Vandalism,1000 NW 7th St,Miami-Dade,FL,33136,25.78563,-80.201058,34800,60400,32,9,0,0,0,Withdrawn
CUS00284,HCLM00284_03,HPOL00284_03,2021-01-21,2021-01-22,Water,4301 Urbana Dr,Orange,FL,32837,28.394856,-81.424922,21700,29400,226,3,0,0,0,Closed Without Payment
CUS00284,HCLM00284_04,HPOL00284_04,2023-01-20,2023-01-25,Freeze,10149 Arise Loop,Orange,FL,32837,28.397256,-81.42077,47300,40900,174,7,0,0,0,Paid
CUS00285,HCLM00285_01,HPOL00285_01,2021-05-25,2021-06-06,Wind,733 Main Ln,Orange,FL,32801,28.546738,-81.375962,4900,6700,177,12,0,0,0,Withdrawn
CUS00285,HCLM00285_02,HPOL00285_02,2023-10-22,2023-11-04,Lightning,300 W Tyler St,Hillsborough,FL,33602,27.948668,-82.456928,53600,94700,32,4,0,0,0,Paid
CUS00285,HCLM00285_03,HPOL00285_03,2022-04-09,2022-04-09,Fire,300 W Tyler St,Hillsborough,FL,33602,27.948668,-82.456928,60200,91800,487,8,0,0,1,Litigated and Adjudicated
CUS00286,HCLM00286_01,HPOL00286_01,2020-05-20,2020-05-24,Water,109 W Fortune St,Hillsborough,FL,33602,27.947222,-82.458452,19500,20500,220,5,0,0,0,Paid
CUS00286,HCLM00286_02,HPOL00286_02,2023-09-13,2023-09-20,Hurricane,9931 W Flagler St,Miami-Dade,FL,33174,25.75642,-80.352414,68400,64500,181,12,0,0,0,Withdrawn
CUS00286,HCLM00286_03,HPOL00286_03,2020-11-03,2020-11-15,Water,109 W Fortune St,Hillsborough,FL,33602,27.947222,-82.458452,74100,103700,455,10,1,1,1,Litigated and Settled
CUS00287,HCLM00287_01,HPOL00287_01,2019-07-01,2019-07-06,Hail,110 Zora Pl,Orange,FL,32810,28.615406,-81.425066,48400,61000,168,9,0,0,0,Closed Without Payment
CUS00288,HCLM00288_01,HPOL00288_01,2020-07-15,2020-07-27,Hail,1000 NW 7th St,Miami-Dade,FL,33136,25.78563,-80.201058,48800,75800,157,12,1,0,1,Litigated and Settled
CUS00288,HCLM00288_02,HPOL00288_02,2020-07-16,2020-07-19,Hail,1000 NW 7th St,Miami-Dade,FL,33136,25.78563,-80.201058,29400,47100,122,3,1,0,0,Settled
CUS00288,HCLM00288_03,HPOL00288_03,2022-01-07,2022-01-10,Water,1000 NW 7th St,Miami-Dade,FL,33136,25.78563,-80.201058,22000,35500,76,11,0,1,0,Denied
CUS00288,HCLM00288_04,HPOL00288_04,2022-07-04,2022-07-12,Theft,230 NE 4th St,Miami-Dade,FL,33132,25.781976,-80.192572,9400,13000,28,4,0,0,0,Paid
CUS00290,HCLM00290_01,HPOL00290_01,2020-05-13,2020-05-23,Hurricane,3000 NE 2nd Ave,Miami-Dade,FL,33137,25.808936,-80.195094,23100,39600,75,5,0,1,0,Closed Without Payment
CUS00290,HCLM00290_02,HPOL00290_02,2020-07-12,2020-07-13,Hail,1011 E Cumberland Ave,Hillsborough,FL,33602,27.948032,-82.463042,27000,34200,83,12,0,0,0,Partially Paid
CUS00291,HCLM00291_01,HPOL00291_01,2020-10-21,2020-11-01,Wind,2633 Azalea Garden Pl,Hillsborough,FL,33619,27.938868,-82.369974,38400,40000,177,3,0,1,0,Paid
CUS00294,HCLM00294_01,HPOL00294_01,2023-08-25,2023-08-30,Vandalism,9931 W Flagler St,Miami-Dade,FL,33174,25.75642,-80.352414,75400,69400,69,10,0,1,0,Withdrawn
CUS00295,HCLM00295_01,HPOL00295_01,2022-12-22,2022-12-23,Theft,2828 NW 1st Ave,Miami-Dade,FL,33127,25.79715,-80.197564,39800,28200,189,4,0,0,0,Closed Without Payment
CUS00295,HCLM00295_02,HPOL00295_02,2020-06-26,2020-06-30,Lightning,645 NW 1st St,Miami-Dade,FL,33128,25.768528,-80.198928,12200,21100,32,5,0,0,0,Withdrawn
CUS00295,HCLM00295_03,HPOL00295_03,2020-12-09,2020-12-20,Freeze,2828 NW 1st Ave,Miami-Dade,FL,33127,25.79715,-80.197564,17100,28800,37,9,0,0,0,Denied
CUS00296,HCLM00296_01,HPOL00296_01,2020-03-24,2020-04-05,Theft,2901 NE 1st Ave,Miami-Dade,FL,33137,25.802168,-80.187402,70200,71000,186,5,0,0,0,Closed Without Payment
CUS00296,HCLM00296_02,HPOL00296_02,2021-10-06,2021-10-13,Wind,2633 Azalea Garden Pl,Hillsborough,FL,33619,27.938868,-82.369974,66000,116100,42,10,0,0,0,Settled
CUS00296,HCLM00296_03,HPOL00296_03,2022-01-06,2022-01-20,Theft,2633 Azalea Garden Pl,Hillsborough,FL,33619,27.938868,-82.369974,70000,106400,83,10,0,1,0,Closed Without Payment
CUS00297,HCLM00297_01,HPOL00297_01,2022-10-16,2022-10-27,Fire,5432 W Tyson Ave,Hillsborough,FL,33611,27.888268,-82.506778,58000,69800,168,7,0,1,0,Closed Without Payment
CUS00297,HCLM00297_02,HPOL00297_02,2023-08-08,2023-08-14,Lightning,5432 W Tyson Ave,Hillsborough,FL,33611,27.888268,-82.506778,47700,59900,149,6,0,0,0,Closed Without Payment
CUS00297,HCLM00297_03,HPOL00297_03,2021-04-08,2021-04-22,Fire,5432 W Tyson Ave,Hillsborough,FL,33611,27.888268,-82.506778,44900,60600,87,13,0,0,0,Closed Without Payment
CUS00298,HCLM00298_01,HPOL00298_01,2022-12-27,2023-01-09,Lightning,101 Lake Ave,Orange,FL,32801,28.539466,-81.369524,79200,113000,169,9,0,1,0,Partially Paid
CUS00300,HCLM00300_01,HPOL00300_01,2021-07-18,2021-07-21,Hail,2650 Dade Ave,Orange,FL,32804,28.583628,-81.389606,28800,36800,189,11,0,0,0,Paid
CUS00301,HCLM00301_01,HPOL00301_01,2021-05-01,2021-05-01,Hail,9200 Randal Park Blvd,Orange,FL,32832,28.412212,-81.243592,57200,48300,27,10,0,0,0,Settled
CUS00301,HCLM00301_02,HPOL00301_02,2021-12-03,2021-12-13,Fire,9200 Randal Park Blvd,Orange,FL,32832,28.412212,-81.243592,64000,82000,113,13,0,0,0,Closed Without Payment
CUS00302,HCLM00302_01,HPOL00302_01,2023-02-12,2023-02-17,Fire,55 NE 2nd St,Miami-Dade,FL,33132,25.784184,-80.187508,10400,13400,156,3,0,1,0,Paid
CUS00302,HCLM00302_02,HPOL00302_02,2020-06-26,2020-07-01,Lightning,2900 Biscayne Blvd,Miami-Dade,FL,33137,25.80518,-80.188488,61800,95900,57,6,0,0,0,Denied
CUS00302,HCLM00302_03,HPOL00302_03,2023-07-07,2023-07-19,Water,733 Main Ln,Orange,FL,32801,28.546738,-81.375962,51900,75000,191,5,0,0,0,Paid
CUS00302,HCLM00302_04,HPOL00302_04,2019-08-13,2019-08-26,Hail,2900 Biscayne Blvd,Miami-Dade,FL,33137,25.80518,-80.188488,18900,25300,31,4,0,0,0,Withdrawn
CUS00302,HCLM00302_05,HPOL00302_05,2019-12-04,2019-12-13,Fire,2900 Biscayne Blvd,Miami-Dade,FL,33137,25.80518,-80.188488,21700,16100,101,9,0,0,0,Withdrawn
CUS00303,HCLM00303_01,HPOL00303_01,2017-08-30,2017-09-09,Vandalism,180 NE 29th St,Miami-Dade,FL,33137,25.808606,-80.19234,56200,72200,78,6,0,0,0,Paid
CUS00303,HCLM00303_02,HPOL00303_02,2021-06-18,2021-06-18,Theft,5127 W Tyson Ave,Hillsborough,FL,33611,27.888982,-82.504054,67300,98000,55,11,0,0,0,Partially Paid
CUS00304,HCLM00304_01,HPOL00304_01,2022-03-28,2022-03-30,Lightning,3000 NE 2nd Ave,Miami-Dade,FL,33137,25.808936,-80.195094,54100,61400,56,12,0,0,0,Settled
CUS00304,HCLM00304_02,HPOL00304_02,2022-04-06,2022-04-20,Hail,3000 NE 2nd Ave,Miami-Dade,FL,33137,25.808936,-80.195094,75800,115400,102,11,1,0,0,Denied
CUS00304,HCLM00304_03,HPOL00304_03,2022-11-15,2022-11-16,Freeze,3000 NE 2nd Ave,Miami-Dade,FL,33137,25.808936,-80.195094,77000,72700,153,11,0,1,0,Paid
CUS00305,HCLM00305_01,HPOL00305_01,2020-12-13,2020-12-15,Fire,9200 Randal Park Blvd,Orange,FL,32832,28.412212,-81.243592,17900,24700,306,7,1,0,1,Litigated and Adjudicated
CUS00305,HCLM00305_02,HPOL00305_02,2018-11-13,2018-11-15,Fire,4301 Urbana Dr,Orange,FL,32837,28.394856,-81.424922,69700,103600,133,3,0,0,1,Litigated and Settled
CUS00306,HCLM00306_01,HPOL00306_01,2019-05-26,2019-06-04,Vandalism,1211 E Kennedy Blvd,Hillsborough,FL,33602,27.950366,-82.46105,54800,81400,114,9,0,0,0,Settled
CUS00307,HCLM00307_01,HPOL00307_01,2023-07-01,2023-07-05,Theft,1115 E Twiggs St,Hillsborough,FL,33602,27.951524,-82.459604,37600,46800,140,6,0,1,0,Settled
CUS00307,HCLM00307_02,HPOL00307_02,2020-08-09,2020-08-22,Freeze,3131 NE 1st Ave,Miami-Dade,FL,33137,25.807112,-80.193906,29700,38600,18,11,0,1,0,Paid
CUS00309,HCLM00309_01,HPOL00309_01,2024-12-15,2024-12-17,Wind,2633 Azalea Garden Pl,Hillsborough,FL,33619,27.938868,-82.369974,43700,48200,140,5,0,0,0,Denied
CUS00309,HCLM00309_02,HPOL00309_02,2021-11-04,2021-11-04,Theft,5432 W Tyson Ave,Hillsborough,FL,33611,27.888268,-82.506778,65500,112000,102,12,0,0,0,Denied
CUS00309,HCLM00309_03,HPOL00309_03,2020-12-05,2020-12-14,Wind,6600 NW 7th St,Miami-Dade,FL,33126,25.778214,-80.295246,35500,48000,33,7,0,1,0,Denied
CUS00310,HCLM00310_01,HPOL00310_01,2022-05-24,2022-06-06,Vandalism,3015 N Rocky Point Dr E,Hillsborough,FL,33607,27.964764,-82.501766,31100,48800,224,9,0,0,0,Settled
CUS00310,HCLM00310_02,HPOL00310_02,2018-02-11,2018-02-16,Water,3015 N Rocky Point Dr E,Hillsborough,FL,33607,27.964764,-82.501766,52200,72400,77,4,0,0,0,Withdrawn
CUS00310,HCLM00310_03,HPOL00310_03,2020-10-27,2020-10-27,Vandalism,3015 N Rocky Point Dr E,Hillsborough,FL,33607,27.964764,-82.501766,50200,54900,217,9,1,0,0,Paid
CUS00311,HCLM00311_01,HPOL00311_01,2020-01-24,2020-02-07,Theft,355 N Rosalind Ave,Orange,FL,32801,28.545514,-81.378134,17200,21100,98,13,0,0,0,Closed Without Payment
CUS00312,HCLM00312_01,HPOL00312_01,2021-10-16,2021-10-22,Freeze,101 Lake Ave,Orange,FL,32801,28.539466,-81.369524,64100,54200,83,12,0,0,0,Denied
CUS00313,HCLM00313_01,HPOL00313_01,2021-08-05,2021-08-09,Vandalism,6600 NW 7th St,Miami-Dade,FL,33126,25.778214,-80.295246,20900,33600,112,9,0,0,0,Withdrawn
CUS00313,HCLM00313_02,HPOL00313_02,2020-06-30,2020-07-11,Water,101 W Beach Pl,Hillsborough,FL,33606,27.939852,-82.48549,12100,18900,67,10,1,0,1,Litigated and Adjudicated
CUS00313,HCLM00313_03,HPOL00313_03,2021-08-23,2021-09-06,Hail,6600 NW 7th St,Miami-Dade,FL,33126,25.778214,-80.295246,13200,14100,68,11,0,0,0,Closed Without Payment
CUS00313,HCLM00313_04,HPOL00313_04,2021-07-05,2021-07-05,Wind,6600 NW 7th St,Miami-Dade,FL,33126,25.778214,-80.295246,17700,15200,52,5,0,0,0,Denied
CUS00314,HCLM00314_01,HPOL00314_01,2024-03-19,2024-03-20,Vandalism,710 NE 1st Ave,Miami-Dade,FL,33132,25.783848,-80.189314,13900,10000,59,10,0,1,0,Withdrawn
CUS00314,HCLM00314_02,HPOL00314_02,2020-12-05,2020-12-06,Theft,710 NE 1st Ave,Miami-Dade,FL,33132,25.783848,-80.189314,30200,23100,73,12,0,0,0,Closed Without Payment
CUS00314,HCLM00314_03,HPOL00314_03,2020-03-31,2020-04-06,Vandalism,710 NE 1st Ave,Miami-Dade,FL,33132,25.783848,-80.189314,58900,100000,82,11,0,0,0,Paid
CUS00314,HCLM00314_04,HPOL00314_04,2020-06-04,2020-06-04,Hail,520 E Church St,Orange,FL,32801,28.542388,-81.368972,10600,15500,184,7,0,0,0,Denied
CUS00315,HCLM00315_01,HPOL00315_01,2021-01-28,2021-01-28,Hail,1211 E Kennedy Blvd,Hillsborough,FL,33602,27.950366,-82.46105,74200,69400,133,6,0,0,1,Litigated and Settled
CUS00315,HCLM00315_02,HPOL00315_02,2022-01-04,2022-01-18,Hail,12112 Sugarloaf Key St,Hillsborough,FL,33626,28.058486,-82.624672,55700,73900,189,6,0,0,0,Closed Without Payment
CUS00316,HCLM00316_01,HPOL00316_01,2021-12-18,2021-12-25,Wind,2828 NW 1st Ave,Miami-Dade,FL,33127,25.79715,-80.197564,75800,97700,61,10,0,0,0,Closed Without Payment
CUS00317,HCLM00317_01,HPOL00317_01,2024-05-24,2024-06-04,Hurricane,3015 N Rocky Point Dr E,Hillsborough,FL,33607,27.964764,-82.501766,77100,74200,271,12,0,0,1,Litigated and Adjudicated
CUS00317,HCLM00317_02,HPOL00317_02,2021-04-16,2021-04-22,Lightning,9931 W Flagler St,Miami-Dade,FL,33174,25.75642,-80.352414,67400,79100,33,7,1,0,0,Withdrawn
CUS00318,HCLM00318_01,HPOL00318_01,2024-01-27,2024-02-09,Hail,180 NE 29th St,Miami-Dade,FL,33137,25.808606,-80.19234,73600,112600,128,5,0,0,0,Partially Paid
CUS00318,HCLM00318_02,HPOL00318_02,2021-05-10,2021-05-19,Hurricane,30 SW 1st St,Miami-Dade,FL,33130,25.765842,-80.208492,77800,125000,172,9,0,0,0,Closed Without Payment
CUS00318,HCLM00318_03,HPOL00318_03,2021-08-07,2021-08-11,Water,180 NE 29th St,Miami-Dade,FL,33137,25.808606,-80.19234,72500,57500,123,12,0,1,0,Withdrawn
CUS00319,HCLM00319_01,HPOL00319_01,2021-08-27,2021-09-07,Water,355 N Rosalind Ave,Orange,FL,32801,28.545514,-81.378134,50500,90100,18,7,0,0,0,Paid
CUS00320,HCLM00320_01,HPOL00320_01,2020-12-05,2020-12-14,Vandalism,5432 W Tyson Ave,Hillsborough,FL,33611,27.888268,-82.506778,41200,45400,129,8,0,1,0,Closed Without Payment
CUS00320,HCLM00320_02,HPOL00320_02,2021-06-04,2021-06-07,Water,5432 W Tyson Ave,Hillsborough,FL,33611,27.888268,-82.506778,29600,42800,177,7,0,0,0,Denied
CUS00320,HCLM00320_03,HPOL00320_03,2020-03-08,2020-03-09,Vandalism,6600 NW 7th St,Miami-Dade,FL,33126,25.778214,-80.295246,75800,110100,428,13,0,1,1,Litigated and Settled
CUS00321,HCLM00321_01,HPOL00321_01,2023-11-06,2023-11-20,Water,310 N Orange Ave,Orange,FL,32801,28.543216,-81.372806,69700,104600,137,6,0,1,0,Settled
CUS00322,HCLM00322_01,HPOL00322_01,2023-01-28,2023-01-28,Lightning,733 Main Ln,Orange,FL,32801,28.546738,-81.375962,38800,64100,154,6,1,0,0,Denied
CUS00322,HCLM00322_02,HPOL00322_02,2022-08-16,2022-08-27,Hurricane,733 Main Ln,Orange,FL,32801,28.546738,-81.375962,61800,89000,52,6,0,0,0,Settled
CUS00323,HCLM00323_01,HPOL00323_01,2019-10-29,2019-10-29,Lightning,7511 Solstice Cir,Orange,FL,32821,28.411672,-81.46685,49700,36300,251,13,1,0,1,Litigated and Adjudicated
CUS00323,HCLM00323_02,HPOL00323_02,2020-02-09,2020-02-18,Water,4000 Headwaters Way,Orange,FL,32837,28.386144,-81.418598,13700,19600,109,4,0,1,0,Closed Without Payment
CUS00323,HCLM00323_03,HPOL00323_03,2019-11-09,2019-11-11,Vandalism,7511 Solstice Cir,Orange,FL,32821,28.411672,-81.46685,74100,56900,183,7,0,0,0,Paid
CUS00323,HCLM00323_04,HPOL00323_04,2022-03-08,2022-03-16,Theft,7511 Solstice Cir,Orange,FL,32821,28.411672,-81.46685,62300,91600,209,10,0,0,0,Withdrawn
CUS00323,HCLM00323_05,HPOL00323_05,2022-04-15,2022-04-23,Water,7511 Solstice Cir,Orange,FL,32821,28.411672,-81.46685,42400,32800,25,5,0,1,0,Denied
CUS00324,HCLM00324_01,HPOL00324_01,2020-12-23,2020-12-30,Freeze,6501 S Westshore Blvd,Hillsborough,FL,33616,27.869022,-82.523216,68500,48100,527,8,0,1,1,Litigated and Settled
CUS00324,HCLM00324_02,HPOL00324_02,2019-05-02,2019-05-08,Freeze,410 N Orange Ave,Orange,FL,32801,28.538032,-81.373544,58400,80800,218,3,1,0,0,Paid
CUS00324,HCLM00324_03,HPOL00324_03,2020-02-08,2020-02-12,Lightning,7575 Universal Blvd,Orange,FL,32819,28.451704,-81.47356,79600,109000,136,4,0,1,0,Partially Paid
CUS00324,HCLM00324_04,HPOL00324_04,2020-04-25,2020-04-28,Water,410 N Orange Ave,Orange,FL,32801,28.538032,-81.373544,11900,19300,59,10,0,0,0,Denied
CUS00325,HCLM00325_01,HPOL00325_01,2021-06-04,2021-06-08,Freeze,3219 S Orange Ave,Orange,FL,32806,28.517866,-81.366976,65000,87600,81,3,0,1,0,Closed Without Payment
CUS00325,HCLM00325_02,HPOL00325_02,2021-11-18,2021-11-30,Hail,3219 S Orange Ave,Orange,FL,32806,28.517866,-81.366976,41700,47900,88,13,0,0,0,Withdrawn
CUS00325,HCLM00325_03,HPOL00325_03,2022-05-28,2022-06-03,Fire,6600 NW 7th St,Miami-Dade,FL,33126,25.778214,-80.295246,13000,11200,30,10,0,0,0,Paid
CUS00325,HCLM00325_04,HPOL00325_04,2021-06-30,2021-07-13,Vandalism,3219 S Orange Ave,Orange,FL,32806,28.517866,-81.366976,60900,58700,23,11,0,1,0,Paid
CUS00326,HCLM00326_01,HPOL00326_01,2020-07-15,2020-07-16,Vandalism,710 NE 1st Ave,Miami-Dade,FL,33132,25.783848,-80.189314,21000,25700,523,8,1,0,1,Litigated and Adjudicated
CUS00327,HCLM00327_01,HPOL00327_01,2020-11-24,2020-11-30,Hurricane,3219 S Orange Ave,Orange,FL,32806,28.517866,-81.366976,28100,39300,426,7,0,0,1,Litigated and Settled
CUS00329,HCLM00329_01,HPOL00329_01,2024-06-09,2024-06-09,Wind,230 NE 4th St,Miami-Dade,FL,33132,25.781976,-80.192572,44400,54600,32,12,0,0,0,Settled
CUS00329,HCLM00329_02,HPOL00329_02,2023-06-14,2023-06-18,Lightning,55 NE 2nd St,Miami-Dade,FL,33132,25.784184,-80.187508,28000,35900,157,4,0,1,0,Settled
CUS00330,HCLM00330_01,HPOL00330_01,2019-03-23,2019-03-23,Freeze,5009 Park Central Dr,Orange,FL,32839,28.48606,-81.403886,28100,45100,218,12,0,0,0,Settled
CUS00330,HCLM00330_02,HPOL00330_02,2020-07-29,2020-08-06,Theft,5009 Park Central Dr,Orange,FL,32839,28.48606,-81.403886,43200,64500,210,6,0,0,0,Partially Paid
CUS00330,HCLM00330_03,HPOL00330_03,2018-11-10,2018-11-17,Freeze,410 N Orange Ave,Orange,FL,32801,28.538032,-81.373544,6300,5300,154,7,0,1,0,Settled
CUS00330,HCLM00330_04,HPOL00330_04,2018-06-22,2018-07-02,Freeze,6600 NW 7th St,Miami-Dade,FL,33126,25.778214,-80.295246,73700,96800,158,11,1,0,1,Litigated and Settled
CUS00332,HCLM00332_01,HPOL00332_01,2019-04-25,2019-05-09,Wind,355 N Rosalind Ave,Orange,FL,32801,28.545514,-81.378134,69300,103300,111,4,0,0,0,Paid
CUS00332,HCLM00332_02,HPOL00332_02,2019-12-04,2019-12-17,Wind,1011 E Cumberland Ave,Hillsborough,FL,33602,27.948032,-82.463042,41800,64800,185,7,0,0,0,Withdrawn
CUS00333,HCLM00333_01,HPOL00333_01,2020-06-02,2020-06-13,Fire,3000 NE 2nd Ave,Miami-Dade,FL,33137,25.808936,-80.195094,6100,7000,29,10,1,1,0,Partially Paid
CUS00334,HCLM00334_01,HPOL00334_01,2022-10-19,2022-10-23,Vandalism,295 NE Ivanhoe Blvd,Orange,FL,32804,28.579332,-81.39362,21900,29400,110,6,1,1,0,Denied
CUS00334,HCLM00334_02,HPOL00334_02,2019-08-26,2019-09-01,Hurricane,1211 E Kennedy Blvd,Hillsborough,FL,33602,27.950366,-82.46105,40600,54700,538,8,0,0,1,Litigated and Settled
CUS00335,HCLM00335_01,HPOL00335_01,2018-09-01,2018-09-02,Water,3015 N Rocky Point Dr E,Hillsborough,FL,33607,27.964764,-82.501766,26000,32000,89,4,0,0,0,Paid
CUS00336,HCLM00336_01,HPOL00336_01,2021-08-29,2021-09-04,Hurricane,901 W Chestnut St,Hillsborough,FL,33607,27.956886,-82.501454,52500,49100,45,9,1,0,0,Paid
CUS00337,HCLM00337_01,HPOL00337_01,2022-04-14,2022-04-24,Theft,901 W Chestnut St,Hillsborough,FL,33607,27.956886,-82.501454,42000,50300,33,7,0,0,0,Denied
CUS00337,HCLM00337_02,HPOL00337_02,2024-07-14,2024-07-27,Hail,901 W Chestnut St,Hillsborough,FL,33607,27.956886,-82.501454,18400,25800,165,12,0,1,0,Partially Paid
CUS00337,HCLM00337_03,HPOL00337_03,2019-10-04,2019-10-10,Water,901 W Chestnut St,Hillsborough,FL,33607,27.956886,-82.501454,34600,51700,122,9,0,0,0,Closed Without Payment
CUS00338,HCLM00338_01,HPOL00338_01,2020-04-22,2020-04-22,Water,710 NE 1st Ave,Miami-Dade,FL,33132,25.783848,-80.189314,79600,111000,222,7,1,1,0,Partially Paid
CUS00338,HCLM00338_02,HPOL00338_02,2023-11-13,2023-11-20,Fire,710 NE 1st Ave,Miami-Dade,FL,33132,25.783848,-80.189314,26800,33100,173,13,0,0,0,Paid
CUS00338,HCLM00338_03,HPOL00338_03,2023-03-24,2023-03-24,Wind,710 NE 1st Ave,Miami-Dade,FL,33132,25.783848,-80.189314,60700,57900,198,8,0,1,0,Paid
CUS00339,HCLM00339_01,HPOL00339_01,2024-03-19,2024-03-27,Lightning,109 W Fortune St,Hillsborough,FL,33602,27.947222,-82.458452,35600,29000,55,4,0,1,0,Paid
CUS00340,HCLM00340_01,HPOL00340_01,2023-05-10,2023-05-24,Fire,921 N Central Ave,Hillsborough,FL,33602,27.95189,-82.4639,23500,30600,105,8,0,0,0,Denied
CUS00340,HCLM00340_02,HPOL00340_02,2020-04-02,2020-04-08,Vandalism,921 N Central Ave,Hillsborough,FL,33602,27.95189,-82.4639,61400,98800,146,5,0,1,0,Paid
CUS00341,HCLM00341_01,HPOL00341_01,2023-09-14,2023-09-17,Theft,9200 Randal Park Blvd,Orange,FL,32832,28.412212,-81.243592,17700,30100,230,3,0,0,1,Litigated and Settled
CUS00341,HCLM00341_02,HPOL00341_02,2021-02-13,2021-02-23,Water,9200 Randal Park Blvd,Orange,FL,32832,28.412212,-81.243592,21300,19100,93,13,0,0,0,Denied
CUS00341,HCLM00341_03,HPOL00341_03,2020-12-07,2020-12-13,Hail,6301 S Westshore Blvd,Hillsborough,FL,33616,27.867894,-82.52435,8100,12000,58,3,0,0,0,Settled
CUS00341,HCLM00341_04,HPOL00341_04,2022-01-18,2022-01-25,Lightning,9200 Randal Park Blvd,Orange,FL,32832,28.412212,-81.243592,24300,31700,134,13,0,0,1,Litigated and Settled
CUS00341,HCLM00341_05,HPOL00341_05,2024-01-06,2024-01-06,Hail,9200 Randal Park Blvd,Orange,FL,32832,28.412212,-81.243592,67200,112100,199,3,0,0,1,Litigated and Adjudicated
CUS00342,HCLM00342_01,HPOL00342_01,2021-10-14,2021-10-17,Fire,1211 E Kennedy Blvd,Hillsborough,FL,33602,27.950366,-82.46105,33400,48400,56,12,1,1,0,Partially Paid
CUS00342,HCLM00342_02,HPOL00342_02,2021-08-18,2021-08-26,Water,921 N Central Ave,Hillsborough,FL,33602,27.95189,-82.4639,65600,115900,310,5,1,1,1,Litigated and Settled
CUS00343,HCLM00343_01,HPOL00343_01,2021-04-01,2021-04-11,Theft,1011 E Cumberland Ave,Hillsborough,FL,33602,27.948032,-82.463042,69400,107800,80,11,0,0,0,Withdrawn
CUS00344,HCLM00344_01,HPOL00344_01,2019-08-23,2019-08-27,Hail,3219 S Orange Ave,Orange,FL,32806,28.517866,-81.366976,55200,80600,101,8,0,0,0,Partially Paid
CUS00345,HCLM00345_01,HPOL00345_01,2023-12-24,2023-12-25,Fire,310 N Orange Ave,Orange,FL,32801,28.543216,-81.372806,67000,100600,69,10,0,0,0,Denied
CUS00345,HCLM00345_02,HPOL00345_02,2022-03-19,2022-03-23,Vandalism,10149 Arise Loop,Orange,FL,32837,28.397256,-81.42077,47700,64800,20,6,0,0,0,Closed Without Payment
CUS00346,HCLM00346_01,HPOL00346_01,2020-05-30,2020-06-04,Hurricane,12112 Sugarloaf Key St,Hillsborough,FL,33626,28.058486,-82.624672,7500,13300,176,3,1,0,0,Partially Paid
CUS00346,HCLM00346_02,HPOL00346_02,2022-06-29,2022-07-03,Vandalism,2751 NW 84th St,Miami-Dade,FL,33147,25.858766,-80.24016,34700,42000,203,8,0,0,0,Settled
CUS00346,HCLM00346_03,HPOL00346_03,2018-09-14,2018-09-25,Wind,2751 NW 84th St,Miami-Dade,FL,33147,25.858766,-80.24016,18600,26600,156,12,0,0,0,Settled
CUS00347,HCLM00347_01,HPOL00347_01,2022-05-21,2022-05-25,Wind,9567 Sunbelt St,Hillsborough,FL,33635,28.022792,-82.61563,32800,31400,116,5,0,1,0,Denied
CUS00347,HCLM00347_02,HPOL00347_02,2021-10-27,2021-11-07,Wind,3219 S Orange Ave,Orange,FL,32806,28.517866,-81.366976,27900,26400,36,7,0,0,0,Partially Paid
CUS00347,HCLM00347_03,HPOL00347_03,2021-09-21,2021-09-26,Lightning,3219 S Orange Ave,Orange,FL,32806,28.517866,-81.366976,72200,111200,87,12,0,0,0,Closed Without Payment
CUS00348,HCLM00348_01,HPOL00348_01,2021-10-04,2021-10-08,Freeze,6970 SW 40th St,Miami-Dade,FL,33155,25.7421,-80.313298,74900,96300,190,11,0,1,0,Closed Without Payment
CUS00348,HCLM00348_02,HPOL00348_02,2022-03-28,2022-04-03,Lightning,300 W Tyler St,Hillsborough,FL,33602,27.948668,-82.456928,61100,96100,170,5,0,1,0,Withdrawn
CUS00348,HCLM00348_03,HPOL00348_03,2020-04-13,2020-04-13,Freeze,6970 SW 40th St,Miami-Dade,FL,33155,25.7421,-80.313298,68600,110600,175,5,0,0,0,Partially Paid
CUS00350,HCLM00350_01,HPOL00350_01,2021-03-07,2021-03-11,Freeze,4000 Headwaters Way,Orange,FL,32837,28.386144,-81.418598,44500,78900,91,5,0,1,0,Partially Paid
CUS00350,HCLM00350_02,HPOL00350_02,2021-09-04,2021-09-15,Wind,4000 Headwaters Way,Orange,FL,32837,28.386144,-81.418598,46400,48300,186,12,0,0,0,Closed Without Payment
CUS00350,HCLM00350_03,HPOL00350_03,2021-02-05,2021-02-14,Wind,901 W Chestnut St,Hillsborough,FL,33607,27.956886,-82.501454,37800,43900,193,9,0,0,0,Partially Paid
CUS00352,HCLM00352_01,HPOL00352_01,2023-02-07,2023-02-17,Hail,10149 Arise Loop,Orange,FL,32837,28.397256,-81.42077,52900,39500,28,4,0,0,0,Withdrawn
CUS00352,HCLM00352_02,HPOL00352_02,2019-04-19,2019-04-26,Wind,1000 NW 7th St,Miami-Dade,FL,33136,25.78563,-80.201058,40800,64200,75,7,1,0,0,Closed Without Payment
CUS00352,HCLM00352_03,HPOL00352_03,2022-01-31,2022-02-11,Water,4301 Urbana Dr,Orange,FL,32837,28.394856,-81.424922,66100,107400,57,5,0,0,0,Closed Without Payment
CUS00352,HCLM00352_04,HPOL00352_04,2023-10-08,2023-10-08,Hail,1000 NW 7th St,Miami-Dade,FL,33136,25.78563,-80.201058,15500,25400,109,12,0,1,0,Withdrawn
CUS00353,HCLM00353_01,HPOL00353_01,2020-05-01,2020-05-10,Vandalism,7511 Solstice Cir,Orange,FL,32821,28.411672,-81.46685,78600,77200,147,9,0,0,0,Closed Without Payment
CUS00353,HCLM00353_02,HPOL00353_02,2021-08-08,2021-08-08,Hurricane,1000 NW 7th St,Miami-Dade,FL,33136,25.78563,-80.201058,61300,67700,120,12,0,0,0,Partially Paid
CUS00353,HCLM00353_03,HPOL00353_03,2019-11-22,2019-11-23,Hurricane,7511 Solstice Cir,Orange,FL,32821,28.411672,-81.46685,25000,27700,109,4,1,0,0,Settled
CUS00353,HCLM00353_04,HPOL00353_04,2019-11-19,2019-11-21,Theft,7511 Solstice Cir,Orange,FL,32821,28.411672,-81.46685,55500,94600,124,13,1,1,0,Paid
CUS00354,HCLM00354_01,HPOL00354_01,2024-02-09,2024-02-20,Freeze,4301 Urbana Dr,Orange,FL,32837,28.394856,-81.424922,38100,49900,60,7,0,0,0,Settled
CUS00355,HCLM00355_01,HPOL00355_01,2019-10-23,2019-11-01,Hurricane,2828 NW 1st Ave,Miami-Dade,FL,33127,25.79715,-80.197564,65700,71200,113,7,1,0,0,Denied
CUS00356,HCLM00356_01,HPOL00356_01,2021-09-28,2021-09-30,Vandalism,355 N Rosalind Ave,Orange,FL,32801,28.545514,-81.378134,78000,106400,106,3,1,0,0,Closed Without Payment
CUS00356,HCLM00356_02,HPOL00356_02,2019-11-16,2019-11-23,Wind,355 N Rosalind Ave,Orange,FL,32801,28.545514,-81.378134,18300,18900,46,12,0,1,0,Denied
CUS00357,HCLM00357_01,HPOL00357_01,2022-08-07,2022-08-08,Freeze,6501 S Westshore Blvd,Hillsborough,FL,33616,27.869022,-82.523216,63100,99800,29,5,0,0,0,Partially Paid
CUS00358,HCLM00358_01,HPOL00358_01,2021-05-15,2021-05-23,Theft,1000 NW 7th St,Miami-Dade,FL,33136,25.78563,-80.201058,12700,17300,130,10,0,0,1,Litigated and Adjudicated
CUS00358,HCLM00358_02,HPOL00358_02,2020-10-04,2020-10-14,Hail,1000 NW 7th St,Miami-Dade,FL,33136,25.78563,-80.201058,5200,8100,108,7,0,1,0,Withdrawn
CUS00358,HCLM00358_03,HPOL00358_03,2024-09-13,2024-09-14,Theft,901 W Chestnut St,Hillsborough,FL,33607,27.956886,-82.501454,12300,10200,148,3,0,1,0,Settled
CUS00359,HCLM00359_01,HPOL00359_01,2020-09-05,2020-09-15,Vandalism,8733 Rooks Park Cir,Hillsborough,FL,33619,27.936594,-82.36584,50700,88800,428,10,0,0,1,Litigated and Adjudicated
CUS00360,HCLM00360_01,HPOL00360_01,2022-04-05,2022-04-10,Hurricane,109 W Fortune St,Hillsborough,FL,33602,27.947222,-82.458452,40800,71800,157,11,1,0,0,Denied
CUS00360,HCLM00360_02,HPOL00360_02,2022-01-14,2022-01-22,Theft,510 N Rome Ave,Hillsborough,FL,33606,27.930384,-82.488052,48200,36800,140,12,0,1,0,Denied
CUS00361,HCLM00361_01,HPOL00361_01,2019-08-15,2019-08-26,Wind,2901 NE 1st Ave,Miami-Dade,FL,33137,25.802168,-80.187402,41500,38500,106,6,0,0,0,Closed Without Payment
CUS00361,HCLM00361_02,HPOL00361_02,2021-10-28,2021-11-08,Theft,2901 NE 1st Ave,Miami-Dade,FL,33137,25.802168,-80.187402,24900,21600,156,5,0,0,0,Paid
CUS00362,HCLM00362_01,HPOL00362_01,2022-10-09,2022-10-16,Wind,5127 W Tyson Ave,Hillsborough,FL,33611,27.888982,-82.504054,37000,26700,39,6,0,0,0,Settled
CUS00362,HCLM00362_02,HPOL00362_02,2020-07-19,2020-07-19,Fire,101 Lake Ave,Orange,FL,32801,28.539466,-81.369524,61500,84800,223,5,0,0,0,Paid
CUS00362,HCLM00362_03,HPOL00362_03,2020-09-30,2020-10-12,Vandalism,5127 W Tyson Ave,Hillsborough,FL,33611,27.888982,-82.504054,4400,5800,133,3,0,1,0,Paid
CUS00363,HCLM00363_01,HPOL00363_01,2021-06-12,2021-06-20,Theft,8733 Rooks Park Cir,Hillsborough,FL,33619,27.936594,-82.36584,54100,93800,31,11,0,1,0,Settled
CUS00363,HCLM00363_02,HPOL00363_02,2023-02-04,2023-02-07,Water,1211 E Kennedy Blvd,Hillsborough,FL,33602,27.950366,-82.46105,50400,58500,213,9,1,0,0,Partially Paid
CUS00363,HCLM00363_03,HPOL00363_03,2024-11-24,2024-11-24,Vandalism,2050 Jake St,Orange,FL,32814,28.560782,-81.32269,51700,92800,204,4,0,0,0,Partially Paid
CUS00363,HCLM00363_04,HPOL00363_04,2023-07-25,2023-08-02,Vandalism,310 N Orange Ave,Orange,FL,32801,28.543216,-81.372806,21300,35000,70,6,0,1,1,Litigated and Adjudicated
CUS00365,HCLM00365_01,HPOL00365_01,2020-09-29,2020-10-12,Wind,4000 Headwaters Way,Orange,FL,32837,28.386144,-81.418598,23500,20100,91,10,0,0,0,Withdrawn
CUS00366,HCLM00366_01,HPOL00366_01,2022-06-10,2022-06-20,Hurricane,410 N Orange Ave,Orange,FL,32801,28.538032,-81.373544,18600,15600,225,4,0,0,0,Closed Without Payment
CUS00366,HCLM00366_02,HPOL00366_02,2021-03-24,2021-03-29,Water,410 N Orange Ave,Orange,FL,32801,28.538032,-81.373544,71600,75100,156,10,0,0,0,Paid
CUS00367,HCLM00367_01,HPOL00367_01,2021-09-21,2021-09-29,Vandalism,310 N Orange Ave,Orange,FL,32801,28.543216,-81.372806,51300,60900,27,10,0,0,0,Paid
CUS00369,HCLM00369_01,HPOL00369_01,2023-12-17,2023-12-31,Lightning,6501 S Westshore Blvd,Hillsborough,FL,33616,27.869022,-82.523216,68500,90200,81,5,0,0,0,Denied
CUS00369,HCLM00369_02,HPOL00369_02,2021-06-15,2021-06-24,Wind,6501 S Westshore Blvd,Hillsborough,FL,33616,27.869022,-82.523216,14800,11900,208,5,0,0,0,Settled
CUS00369,HCLM00369_03,HPOL00369_03,2023-12-14,2023-12-23,Freeze,6501 S Westshore Blvd,Hillsborough,FL,33616,27.869022,-82.523216,4100,6200,156,11,0,0,0,Closed Without Payment
CUS00371,HCLM00371_01,HPOL00371_01,2018-02-08,2018-02-18,Freeze,9567 Sunbelt St,Hillsborough,FL,33635,28.022792,-82.61563,75500,83000,135,11,0,0,0,Paid
CUS00371,HCLM00371_02,HPOL00371_02,2020-04-12,2020-04-26,Freeze,9931 W Flagler St,Miami-Dade,FL,33174,25.75642,-80.352414,7100,12600,171,13,0,0,0,Paid
CUS00371,HCLM00371_03,HPOL00371_03,2019-06-09,2019-06-09,Hail,410 N Orange Ave,Orange,FL,32801,28.538032,-81.373544,40200,62500,218,11,0,0,0,Withdrawn
CUS00372,HCLM00372_01,HPOL00372_01,2024-11-03,2024-11-06,Hail,7511 Solstice Cir,Orange,FL,32821,28.411672,-81.46685,42100,30800,152,3,0,0,0,Paid
CUS00372,HCLM00372_02,HPOL00372_02,2024-07-13,2024-07-23,Hail,2900 Biscayne Blvd,Miami-Dade,FL,33137,25.80518,-80.188488,43800,74000,155,10,0,0,0,Partially Paid
CUS00373,HCLM00373_01,HPOL00373_01,2020-12-20,2020-12-26,Wind,1115 E Twiggs St,Hillsborough,FL,33602,27.951524,-82.459604,47700,56800,21,8,1,0,0,Denied
CUS00374,HCLM00374_01,HPOL00374_01,2022-12-30,2023-01-10,Theft,6501 S Westshore Blvd,Hillsborough,FL,33616,27.869022,-82.523216,54900,71500,49,7,0,0,0,Withdrawn
CUS00375,HCLM00375_01,HPOL00375_01,2022-05-27,2022-06-09,Wind,3000 NE 2nd Ave,Miami-Dade,FL,33137,25.808936,-80.195094,15800,17200,178,4,0,0,0,Closed Without Payment
CUS00375,HCLM00375_02,HPOL00375_02,2021-05-26,2021-05-31,Freeze,3000 NE 2nd Ave,Miami-Dade,FL,33137,25.808936,-80.195094,66200,78200,27,7,0,0,0,Closed Without Payment
CUS00376,HCLM00376_01,HPOL00376_01,2024-05-28,2024-06-03,Water,8733 Rooks Park Cir,Hillsborough,FL,33619,27.936594,-82.36584,41300,65100,182,11,1,1,0,Closed Without Payment
CUS00376,HCLM00376_02,HPOL00376_02,2023-07-19,2023-07-22,Theft,6970 SW 40th St,Miami-Dade,FL,33155,25.7421,-80.313298,24100,20300,128,9,0,1,0,Withdrawn
CUS00377,HCLM00377_01,HPOL00377_01,2023-05-21,2023-05-24,Vandalism,355 N Rosalind Ave,Orange,FL,32801,28.545514,-81.378134,20100,23700,153,5,0,0,0,Closed Without Payment
CUS00377,HCLM00377_02,HPOL00377_02,2023-08-18,2023-08-18,Water,355 N Rosalind Ave,Orange,FL,32801,28.545514,-81.378134,68100,121500,93,4,0,1,0,Paid
CUS00379,HCLM00379_01,HPOL00379_01,2020-03-12,2020-03-14,Hurricane,7511 Solstice Cir,Orange,FL,32821,28.411672,-81.46685,34500,50300,256,12,0,1,1,Litigated and Adjudicated
CUS00379,HCLM00379_02,HPOL00379_02,2021-06-24,2021-07-05,Hurricane,6301 S Westshore Blvd,Hillsborough,FL,33616,27.867894,-82.52435,50100,69700,168,13,1,0,0,Settled
CUS00380,HCLM00380_01,HPOL00380_01,2020-12-13,2020-12-19,Hurricane,7511 Solstice Cir,Orange,FL,32821,28.411672,-81.46685,7100,5800,102,12,1,1,0,Withdrawn
CUS00380,HCLM00380_02,HPOL00380_02,2021-11-01,2021-11-07,Water,1211 E Kennedy Blvd,Hillsborough,FL,33602,27.950366,-82.46105,68400,122300,199,10,0,0,0,Closed Without Payment
CUS00380,HCLM00380_03,HPOL00380_03,2020-03-08,2020-03-10,Wind,7511 Solstice Cir,Orange,FL,32821,28.411672,-81.46685,33800,50600,194,10,0,0,0,Partially Paid
CUS00380,HCLM00380_04,HPOL00380_04,2019-09-14,2019-09-25,Vandalism,2751 NW 84th St,Miami-Dade,FL,33147,25.858766,-80.24016,54000,63600,135,6,0,1,0,Settled
CUS00380,HCLM00380_05,HPOL00380_05,2021-07-31,2021-07-31,Fire,7511 Solstice Cir,Orange,FL,32821,28.411672,-81.46685,48000,59300,142,13,0,0,0,Settled
CUS00381,HCLM00381_01,HPOL00381_01,2020-07-13,2020-07-15,Wind,2050 Jake St,Orange,FL,32814,28.560782,-81.32269,31000,54900,86,7,0,0,0,Closed Without Payment
CUS00381,HCLM00381_02,HPOL00381_02,2021-11-01,2021-11-10,Hail,30 SW 1st St,Miami-Dade,FL,33130,25.765842,-80.208492,51200,90900,139,12,1,0,0,Closed Without Payment
CUS00382,HCLM00382_01,HPOL00382_01,2021-04-23,2021-05-03,Wind,9931 W Flagler St,Miami-Dade,FL,33174,25.75642,-80.352414,41300,45100,89,7,0,0,0,Partially Paid
CUS00382,HCLM00382_02,HPOL00382_02,2020-09-10,2020-09-15,Hail,9931 W Flagler St,Miami-Dade,FL,33174,25.75642,-80.352414,46200,40700,117,10,1,0,0,Closed Without Payment
CUS00383,HCLM00383_01,HPOL00383_01,2020-01-27,2020-02-08,Hail,645 NW 1st St,Miami-Dade,FL,33128,25.768528,-80.198928,32300,34600,224,12,1,0,1,Litigated and Settled
CUS00383,HCLM00383_02,HPOL00383_02,2018-04-26,2018-04-28,Hurricane,645 NW 1st St,Miami-Dade,FL,33128,25.768528,-80.198928,28600,37600,187,4,1,0,0,Denied
CUS00384,HCLM00384_01,HPOL00384_01,2020-09-13,2020-09-22,Hurricane,2751 NW 84th St,Miami-Dade,FL,33147,25.858766,-80.24016,30600,32400,27,4,0,0,0,Paid
CUS00384,HCLM00384_02,HPOL00384_02,2022-11-20,2022-11-29,Fire,2751 NW 84th St,Miami-Dade,FL,33147,25.858766,-80.24016,18400,21100,27,12,0,0,0,Settled
CUS00385,HCLM00385_01,HPOL00385_01,2022-09-26,2022-09-27,Water,921 N Central Ave,Hillsborough,FL,33602,27.95189,-82.4639,41200,58000,176,12,0,1,0,Paid
CUS00386,HCLM00386_01,HPOL00386_01,2021-08-24,2021-08-30,Fire,5432 W Tyson Ave,Hillsborough,FL,33611,27.888268,-82.506778,43400,51600,23,11,0,1,0,Partially Paid
CUS00387,HCLM00387_01,HPOL00387_01,2022-05-28,2022-06-07,Water,7511 Solstice Cir,Orange,FL,32821,28.411672,-81.46685,52500,69600,104,10,0,1,0,Settled
CUS00387,HCLM00387_02,HPOL00387_02,2023-01-11,2023-01-23,Hurricane,901 W Chestnut St,Hillsborough,FL,33607,27.956886,-82.501454,43100,70600,205,3,0,0,1,Litigated and Settled
CUS00387,HCLM00387_03,HPOL00387_03,2020-12-16,2020-12-27,Fire,4000 Headwaters Way,Orange,FL,32837,28.386144,-81.418598,5200,8400,106,12,0,0,0,Partially Paid
CUS00388,HCLM00388_01,HPOL00388_01,2024-02-25,2024-03-04,Hurricane,2050 Jake St,Orange,FL,32814,28.560782,-81.32269,4200,5500,444,4,0,0,1,Litigated and Adjudicated
CUS00389,HCLM00389_01,HPOL00389_01,2022-03-29,2022-04-08,Wind,3219 S Orange Ave,Orange,FL,32806,28.517866,-81.366976,50200,44100,119,8,1,0,1,Litigated and Adjudicated
CUS00389,HCLM00389_02,HPOL00389_02,2021-08-12,2021-08-25,Hurricane,3219 S Orange Ave,Orange,FL,32806,28.517866,-81.366976,17600,22900,129,10,0,1,1,Litigated and Adjudicated
CUS00389,HCLM00389_03,HPOL00389_03,2022-05-24,2022-06-03,Wind,3219 S Orange Ave,Orange,FL,32806,28.517866,-81.366976,13200,22500,34,5,0,0,0,Closed Without Payment
CUS00390,HCLM00390_01,HPOL00390_01,2019-09-30,2019-09-30,Hail,710 NE 1st Ave,Miami-Dade,FL,33132,25.783848,-80.189314,62900,99400,111,5,0,1,0,Settled
CUS00390,HCLM00390_02,HPOL00390_02,2021-12-24,2021-12-31,Wind,710 NE 1st Ave,Miami-Dade,FL,33132,25.783848,-80.189314,46300,37100,222,3,0,0,0,Denied
CUS00390,HCLM00390_03,HPOL00390_03,2021-04-13,2021-04-15,Wind,710 NE 1st Ave,Miami-Dade,FL,33132,25.783848,-80.189314,17300,28600,142,13,0,0,0,Settled
CUS00390,HCLM00390_04,HPOL00390_04,2021-11-26,2021-12-06,Fire,710 NE 1st Ave,Miami-Dade,FL,33132,25.783848,-80.189314,58400,46400,87,10,0,0,0,Closed Without Payment
CUS00391,HCLM00391_01,HPOL00391_01,2021-12-25,2021-12-28,Hail,2650 Dade Ave,Orange,FL,32804,28.583628,-81.389606,43200,47200,156,3,0,0,0,Partially Paid
CUS00391,HCLM00391_02,HPOL00391_02,2019-05-09,2019-05-16,Lightning,2650 Dade Ave,Orange,FL,32804,28.583628,-81.389606,65900,117900,205,4,1,0,0,Closed Without Payment
CUS00391,HCLM00391_03,HPOL00391_03,2019-07-01,2019-07-15,Wind,2650 Dade Ave,Orange,FL,32804,28.583628,-81.389606,54000,40500,125,3,0,0,0,Settled
CUS00392,HCLM00392_01,HPOL00392_01,2023-01-02,2023-01-08,Fire,645 NW 1st St,Miami-Dade,FL,33128,25.768528,-80.198928,10600,10100,25,9,0,0,0,Settled
CUS00393,HCLM00393_01,HPOL00393_01,2022-06-01,2022-06-08,Hurricane,55 NE 2nd St,Miami-Dade,FL,33132,25.784184,-80.187508,10300,8300,174,13,0,1,0,Partially Paid
CUS00393,HCLM00393_02,HPOL00393_02,2020-11-20,2020-11-27,Wind,452 NE 31st St,Miami-Dade,FL,33137,25.805582,-80.194716,30400,36300,174,12,0,0,0,Partially Paid
CUS00394,HCLM00394_01,HPOL00394_01,2022-12-08,2022-12-15,Hail,300 W Tyler St,Hillsborough,FL,33602,27.948668,-82.456928,29500,36200,118,6,0,0,0,Settled
CUS00394,HCLM00394_02,HPOL00394_02,2021-03-26,2021-04-03,Water,300 W Tyler St,Hillsborough,FL,33602,27.948668,-82.456928,5000,6300,100,13,0,0,0,Partially Paid
CUS00394,HCLM00394_03,HPOL00394_03,2021-03-05,2021-03-12,Hurricane,300 W Tyler St,Hillsborough,FL,33602,27.948668,-82.456928,63000,74800,81,6,1,0,1,Litigated and Adjudicated
CUS00395,HCLM00395_01,HPOL00395_01,2021-06-18,2021-06-20,Lightning,300 W Tyler St,Hillsborough,FL,33602,27.948668,-82.456928,56100,52000,166,10,0,0,0,Settled
CUS00395,HCLM00395_02,HPOL00395_02,2019-09-05,2019-09-17,Water,310 N Orange Ave,Orange,FL,32801,28.543216,-81.372806,78400,137600,88,7,0,0,0,Settled
CUS00396,HCLM00396_01,HPOL00396_01,2019-10-30,2019-11-12,Wind,452 NE 31st St,Miami-Dade,FL,33137,25.805582,-80.194716,16400,21600,148,13,0,0,1,Litigated and Settled
CUS00396,HCLM00396_02,HPOL00396_02,2017-07-21,2017-07-22,Theft,101 Lake Ave,Orange,FL,32801,28.539466,-81.369524,13100,19600,179,7,0,0,0,Denied
CUS00396,HCLM00396_03,HPOL00396_03,2019-06-29,2019-07-07,Fire,452 NE 31st St,Miami-Dade,FL,33137,25.805582,-80.194716,7800,8300,193,4,0,0,0,Withdrawn
CUS00396,HCLM00396_04,HPOL00396_04,2019-10-26,2019-10-30,Vandalism,2050 Jake St,Orange,FL,32814,28.560782,-81.32269,47300,51000,109,7,0,0,0,Closed Without Payment
CUS00398,HCLM00398_01,HPOL00398_01,2023-03-28,2023-04-10,Hail,2828 NW 1st Ave,Miami-Dade,FL,33127,25.79715,-80.197564,8600,15000,122,11,1,0,0,Partially Paid
CUS00398,HCLM00398_02,HPOL00398_02,2021-05-27,2021-05-27,Fire,2828 NW 1st Ave,Miami-Dade,FL,33127,25.79715,-80.197564,69000,68400,96,5,0,0,0,Paid
CUS00399,HCLM00399_01,HPOL00399_01,2021-06-20,2021-06-20,Theft,2650 Dade Ave,Orange,FL,32804,28.583628,-81.389606,49900,59800,217,5,0,1,0,Withdrawn
CUS00399,HCLM00399_02,HPOL00399_02,2022-05-21,2022-05-26,Lightning,2650 Dade Ave,Orange,FL,32804,28.583628,-81.389606,8600,7900,33,5,0,1,0,Partially Paid
CUS00401,HCLM00401_01,HPOL00401_01,2018-05-17,2018-05-26,Lightning,520 E Church St,Orange,FL,32801,28.542388,-81.368972,45100,75100,95,10,1,0,0,Partially Paid
CUS00401,HCLM00401_02,HPOL00401_02,2020-09-13,2020-09-20,Water,520 E Church St,Orange,FL,32801,28.542388,-81.368972,33700,31100,168,6,0,0,0,Partially Paid
CUS00402,HCLM00402_01,HPOL00402_01,2022-06-10,2022-06-13,Fire,520 E Church St,Orange,FL,32801,28.542388,-81.368972,47200,54300,179,5,0,0,0,Denied
CUS00402,HCLM00402_02,HPOL00402_02,2020-05-07,2020-05-08,Freeze,520 E Church St,Orange,FL,32801,28.542388,-81.368972,66400,102600,45,12,0,0,0,Paid
CUS00402,HCLM00402_03,HPOL00402_03,2021-02-22,2021-02-23,Fire,520 E Church St,Orange,FL,32801,28.542388,-81.368972,36200,39700,133,7,1,0,0,Settled
CUS00402,HCLM00402_04,HPOL00402_04,2019-11-23,2019-12-07,Theft,7511 Solstice Cir,Orange,FL,32821,28.411672,-81.46685,24700,29300,70,10,0,1,0,Paid
CUS00402,HCLM00402_05,HPOL00402_05,2020-03-29,2020-04-08,Theft,520 E Church St,Orange,FL,32801,28.542388,-81.368972,74900,63100,101,9,0,0,0,Withdrawn
CUS00403,HCLM00403_01,HPOL00403_01,2019-02-19,2019-02-25,Freeze,520 E Church St,Orange,FL,32801,28.542388,-81.368972,16200,12700,111,5,0,0,0,Withdrawn
CUS00404,HCLM00404_01,HPOL00404_01,2023-04-06,2023-04-07,Wind,3219 S Orange Ave,Orange,FL,32806,28.517866,-81.366976,43600,43000,408,9,1,0,1,Litigated and Adjudicated
CUS00404,HCLM00404_02,HPOL00404_02,2019-10-14,2019-10-14,Freeze,520 E Church St,Orange,FL,32801,28.542388,-81.368972,37700,59200,127,13,0,0,0,Settled
CUS00406,HCLM00406_01,HPOL00406_01,2020-03-09,2020-03-21,Water,310 N Orange Ave,Orange,FL,32801,28.543216,-81.372806,38000,47800,111,12,0,0,0,Partially Paid
CUS00407,HCLM00407_01,HPOL00407_01,2022-01-06,2022-01-20,Water,101 Lake Ave,Orange,FL,32801,28.539466,-81.369524,54700,54700,223,12,1,0,1,Litigated and Adjudicated
CUS00408,HCLM00408_01,HPOL00408_01,2022-06-23,2022-06-26,Fire,1115 E Twiggs St,Hillsborough,FL,33602,27.951524,-82.459604,33600,41600,117,6,0,0,0,Partially Paid
CUS00409,HCLM00409_01,HPOL00409_01,2021-08-30,2021-08-30,Hurricane,310 N Orange Ave,Orange,FL,32801,28.543216,-81.372806,24400,43700,208,13,0,0,0,Denied
CUS00409,HCLM00409_02,HPOL00409_02,2023-03-02,2023-03-04,Fire,310 N Orange Ave,Orange,FL,32801,28.543216,-81.372806,37600,65700,132,10,0,0,0,Settled
CUS00409,HCLM00409_03,HPOL00409_03,2021-10-31,2021-11-05,Water,510 N Rome Ave,Hillsborough,FL,33606,27.930384,-82.488052,9100,11500,219,4,0,1,0,Withdrawn
CUS00410,HCLM00410_01,HPOL00410_01,2021-05-31,2021-06-14,Wind,110 Zora Pl,Orange,FL,32810,28.615406,-81.425066,16900,27600,168,7,0,0,0,Closed Without Payment
CUS00411,HCLM00411_01,HPOL00411_01,2021-10-04,2021-10-08,Fire,355 N Rosalind Ave,Orange,FL,32801,28.545514,-81.378134,9600,8200,150,11,1,1,0,Partially Paid
CUS00411,HCLM00411_02,HPOL00411_02,2021-12-24,2021-12-29,Freeze,355 N Rosalind Ave,Orange,FL,32801,28.545514,-81.378134,79500,121400,174,8,1,0,0,Denied
CUS00412,HCLM00412_01,HPOL00412_01,2021-07-11,2021-07-12,Wind,101 Lake Ave,Orange,FL,32801,28.539466,-81.369524,65300,53800,72,11,0,0,0,Closed Without Payment
CUS00413,HCLM00413_01,HPOL00413_01,2020-12-19,2020-12-31,Freeze,310 N Orange Ave,Orange,FL,32801,28.543216,-81.372806,70100,113700,112,12,1,0,1,Litigated and Adjudicated
CUS00414,HCLM00414_01,HPOL00414_01,2021-12-06,2021-12-06,Hail,295 NE Ivanhoe Blvd,Orange,FL,32804,28.579332,-81.39362,19600,23800,168,10,1,0,0,Closed Without Payment
CUS00414,HCLM00414_02,HPOL00414_02,2022-04-23,2022-04-27,Lightning,410 N Orange Ave,Orange,FL,32801,28.538032,-81.373544,16700,18000,40,10,0,0,0,Closed Without Payment
CUS00414,HCLM00414_03,HPOL00414_03,2019-08-19,2019-08-27,Hail,410 N Orange Ave,Orange,FL,32801,28.538032,-81.373544,64200,72300,50,13,0,1,0,Denied
CUS00415,HCLM00415_01,HPOL00415_01,2023-11-27,2023-12-08,Hurricane,295 NE Ivanhoe Blvd,Orange,FL,32804,28.579332,-81.39362,32100,31300,205,8,0,0,0,Denied
CUS00415,HCLM00415_02,HPOL00415_02,2021-03-03,2021-03-05,Hurricane,520 E Church St,Orange,FL,32801,28.542388,-81.368972,39300,54100,147,4,0,0,0,Withdrawn
CUS00416,HCLM00416_01,HPOL00416_01,2023-12-23,2023-12-26,Water,101 Lake Ave,Orange,FL,32801,28.539466,-81.369524,56900,70500,158,13,0,0,0,Closed Without Payment
CUS00416,HCLM00416_02,HPOL00416_02,2019-09-19,2019-09-20,Water,101 Lake Ave,Orange,FL,32801,28.539466,-81.369524,30300,47500,408,11,0,1,1,Litigated and Adjudicated
CUS00417,HCLM00417_01,HPOL00417_01,2017-09-03,2017-09-04,Hurricane,355 N Rosalind Ave,Orange,FL,32801,28.545514,-81.378134,40300,31200,57,4,0,0,0,Closed Without Payment
CUS00418,HCLM00418_01,HPOL00418_01,2022-03-01,2022-03-09,Water,520 E Church St,Orange,FL,32801,28.542388,-81.368972,24000,19100,62,3,0,1,0,Paid
CUS00418,HCLM00418_02,HPOL00418_02,2021-08-09,2021-08-13,Water,520 E Church St,Orange,FL,32801,28.542388,-81.368972,71200,115900,220,8,0,0,0,Closed Without Payment
CUS00419,HCLM00419_01,HPOL00419_01,2020-02-22,2020-03-04,Vandalism,901 W Chestnut St,Hillsborough,FL,33607,27.956886,-82.501454,76300,83600,266,4,0,0,1,Litigated and Settled
CUS00420,HCLM00420_01,HPOL00420_01,2022-06-21,2022-06-30,Theft,355 N Rosalind Ave,Orange,FL,32801,28.545514,-81.378134,41700,74800,444,8,1,1,1,Litigated and Adjudicated
CUS00420,HCLM00420_02,HPOL00420_02,2023-05-14,2023-05-21,Lightning,355 N Rosalind Ave,Orange,FL,32801,28.545514,-81.378134,31200,25800,220,8,0,0,0,Closed Without Payment
CUS00424,HCLM00424_01,HPOL00424_01,2023-02-08,2023-02-20,Water,733 Main Ln,Orange,FL,32801,28.546738,-81.375962,29500,41300,148,6,0,1,0,Paid
CUS00424,HCLM00424_02,HPOL00424_02,2024-04-04,2024-04-09,Hail,733 Main Ln,Orange,FL,32801,28.546738,-81.375962,63400,58800,190,12,0,1,0,Denied
CUS00424,HCLM00424_03,HPOL00424_03,2020-11-15,2020-11-29,Water,410 N Orange Ave,Orange,FL,32801,28.538032,-81.373544,52900,60100,182,13,0,1,0,Partially Paid
CUS00424,HCLM00424_04,HPOL00424_04,2019-11-17,2019-11-20,Hail,1000 NW 7th St,Miami-Dade,FL,33136,25.78563,-80.201058,56700,51600,34,11,0,0,0,Partially Paid
CUS00425,HCLM00425_01,HPOL00425_01,2020-09-20,2020-10-03,Wind,101 Lake Ave,Orange,FL,32801,28.539466,-81.369524,60200,64100,395,13,1,1,1,Litigated and Settled
CUS00425,HCLM00425_02,HPOL00425_02,2023-05-25,2023-05-29,Wind,101 Lake Ave,Orange,FL,32801,28.539466,-81.369524,61500,85000,25,5,0,0,0,Denied
CUS00426,HCLM00426_01,HPOL00426_01,2022-12-30,2023-01-09,Wind,101 Lake Ave,Orange,FL,32801,28.539466,-81.369524,52400,89400,187,6,1,0,1,Litigated and Adjudicated
CUS00426,HCLM00426_02,HPOL00426_02,2021-10-23,2021-10-31,Lightning,101 Lake Ave,Orange,FL,32801,28.539466,-81.369524,21700,34500,330,3,1,0,1,Litigated and Adjudicated
CUS00426,HCLM00426_03,HPOL00426_03,2022-02-02,2022-02-13,Hurricane,218 NW 8th St,Miami-Dade,FL,33136,25.785132,-80.210772,6700,9100,168,7,0,1,0,Paid
CUS00426,HCLM00426_04,HPOL00426_04,2022-07-31,2022-08-09,Wind,101 Lake Ave,Orange,FL,32801,28.539466,-81.369524,52900,45700,217,9,0,0,0,Withdrawn
CUS00427,HCLM00427_01,HPOL00427_01,2017-04-12,2017-04-24,Hurricane,355 N Rosalind Ave,Orange,FL,32801,28.545514,-81.378134,74500,118900,498,13,0,0,1,Litigated and Adjudicated
CUS00427,HCLM00427_02,HPOL00427_02,2018-09-19,2018-09-29,Hurricane,355 N Rosalind Ave,Orange,FL,32801,28.545514,-81.378134,23800,18200,158,12,0,0,0,Partially Paid
CUS00427,HCLM00427_03,HPOL00427_03,2019-07-22,2019-07-25,Fire,355 N Rosalind Ave,Orange,FL,32801,28.545514,-81.378134,68200,69300,138,11,0,0,0,Paid
CUS00427,HCLM00427_04,HPOL00427_04,2021-09-22,2021-09-29,Lightning,355 N Rosalind Ave,Orange,FL,32801,28.545514,-81.378134,60400,105700,117,8,0,1,0,Closed Without Payment
CUS00427,HCLM00427_05,HPOL00427_05,2020-12-20,2021-01-03,Fire,355 N Rosalind Ave,Orange,FL,32801,28.545514,-81.378134,49200,57900,194,9,1,0,0,Settled
CUS00428,HCLM00428_01,HPOL00428_01,2021-02-04,2021-02-09,Hail,733 Main Ln,Orange,FL,32801,28.546738,-81.375962,70000,82300,127,9,0,0,0,Partially Paid
CUS00428,HCLM00428_02,HPOL00428_02,2022-01-23,2022-01-29,Hurricane,2751 NW 84th St,Miami-Dade,FL,33147,25.858766,-80.24016,60800,59700,90,9,0,0,0,Withdrawn
CUS00428,HCLM00428_03,HPOL00428_03,2024-05-23,2024-05-27,Fire,2650 Dade Ave,Orange,FL,32804,28.583628,-81.389606,19000,24100,77,12,0,0,0,Paid
CUS00428,HCLM00428_04,HPOL00428_04,2022-11-03,2022-11-16,Hurricane,12112 Sugarloaf Key St,Hillsborough,FL,33626,28.058486,-82.624672,34600,39100,193,7,0,1,0,Partially Paid
CUS00429,HCLM00429_01,HPOL00429_01,2018-12-24,2019-01-03,Hail,9505 Axis Way,Orange,FL,32837,28.396944,-81.417614,37000,36600,213,12,0,0,0,Partially Paid
CUS00429,HCLM00429_02,HPOL00429_02,2022-05-08,2022-05-21,Fire,733 Main Ln,Orange,FL,32801,28.546738,-81.375962,44800,48700,153,13,0,0,0,Denied
CUS00429,HCLM00429_03,HPOL00429_03,2018-01-30,2018-02-06,Hurricane,733 Main Ln,Orange,FL,32801,28.546738,-81.375962,22300,37500,51,9,0,0,0,Settled
CUS00430,HCLM00430_01,HPOL00430_01,2019-12-14,2019-12-17,Wind,355 N Rosalind Ave,Orange,FL,32801,28.545514,-81.378134,69600,51500,22,13,0,0,0,Denied
CUS00430,HCLM00430_02,HPOL00430_02,2021-11-15,2021-11-24,Wind,355 N Rosalind Ave,Orange,FL,32801,28.545514,-81.378134,44100,68300,135,5,1,0,1,Litigated and Settled
CUS00431,HCLM00431_01,HPOL00431_01,2020-02-22,2020-03-02,Wind,101 W Beach Pl,Hillsborough,FL,33606,27.939852,-82.48549,38500,65500,420,9,1,1,1,Litigated and Settled
CUS00432,HCLM00432_01,HPOL00432_01,2019-05-11,2019-05-20,Water,355 N Rosalind Ave,Orange,FL,32801,28.545514,-81.378134,62800,71400,154,5,1,0,0,Settled
CUS00433,HCLM00433_01,HPOL00433_01,2021-10-06,2021-10-08,Freeze,700 SW 1st St,Miami-Dade,FL,33130,25.76502,-80.207664,48600,72900,130,9,0,0,0,Denied
CUS00433,HCLM00433_02,HPOL00433_02,2022-06-21,2022-06-24,Freeze,733 Main Ln,Orange,FL,32801,28.546738,-81.375962,24000,28800,96,11,0,1,0,Paid
CUS00433,HCLM00433_03,HPOL00433_03,2022-08-10,2022-08-10,Fire,2828 NW 1st Ave,Miami-Dade,FL,33127,25.79715,-80.197564,53900,73800,51,10,0,0,0,Withdrawn
CUS00433,HCLM00433_04,HPOL00433_04,2021-11-18,2021-11-21,Vandalism,733 Main Ln,Orange,FL,32801,28.546738,-81.375962,77900,110200,224,12,1,1,0,Paid
CUS00434,HCLM00434_01,HPOL00434_01,2017-10-16,2017-10-16,Hurricane,733 Main Ln,Orange,FL,32801,28.546738,-81.375962,26300,43500,139,8,0,0,0,Settled
CUS00434,HCLM00434_02,HPOL00434_02,2020-06-13,2020-06-26,Vandalism,733 Main Ln,Orange,FL,32801,28.546738,-81.375962,15100,15200,131,10,0,0,0,Withdrawn
CUS00437,HCLM00437_01,HPOL00437_01,2024-03-17,2024-03-29,Vandalism,520 E Church St,Orange,FL,32801,28.542388,-81.368972,72000,129500,162,6,0,0,0,Paid
CUS00437,HCLM00437_02,HPOL00437_02,2020-11-16,2020-11-24,Hail,520 E Church St,Orange,FL,32801,28.542388,-81.368972,57900,82500,115,7,1,1,0,Partially Paid
CUS00438,HCLM00438_01,HPOL00438_01,2022-01-11,2022-01-23,Lightning,101 Lake Ave,Orange,FL,32801,28.539466,-81.369524,4900,4900,118,8,0,0,0,Withdrawn
CUS00439,HCLM00439_01,HPOL00439_01,2021-02-25,2021-03-04,Lightning,101 Lake Ave,Orange,FL,32801,28.539466,-81.369524,10700,19200,180,13,1,0,0,Withdrawn
CUS00439,HCLM00439_02,HPOL00439_02,2022-04-02,2022-04-15,Theft,6301 S Westshore Blvd,Hillsborough,FL,33616,27.867894,-82.52435,58500,72900,57,8,0,0,0,Denied
CUS00439,HCLM00439_03,HPOL00439_03,2024-01-15,2024-01-15,Freeze,101 Lake Ave,Orange,FL,32801,28.539466,-81.369524,27700,31300,91,7,0,0,0,Settled
CUS00439,HCLM00439_04,HPOL00439_04,2021-10-03,2021-10-06,Vandalism,101 Lake Ave,Orange,FL,32801,28.539466,-81.369524,77100,107800,173,11,0,1,0,Settled
CUS00439,HCLM00439_05,HPOL00439_05,2022-04-15,2022-04-15,Wind,101 Lake Ave,Orange,FL,32801,28.539466,-81.369524,10700,17800,79,8,0,1,0,Settled
CUS00440,HCLM00440_01,HPOL00440_01,2022-05-02,2022-05-03,Hail,733 Main Ln,Orange,FL,32801,28.546738,-81.375962,34900,39300,95,9,0,0,0,Withdrawn
CUS00441,HCLM00441_01,HPOL00441_01,2017-11-12,2017-11-22,Freeze,2900 Biscayne Blvd,Miami-Dade,FL,33137,25.80518,-80.188488,29100,20600,58,12,0,1,0,Withdrawn
CUS00441,HCLM00441_02,HPOL00441_02,2020-09-01,2020-09-13,Freeze,520 E Church St,Orange,FL,32801,28.542388,-81.368972,67600,79100,165,11,0,0,0,Closed Without Payment
CUS00441,HCLM00441_03,HPOL00441_03,2019-04-12,2019-04-21,Hurricane,520 E Church St,Orange,FL,32801,28.542388,-81.368972,11700,14300,49,7,1,1,1,Litigated and Adjudicated
CUS00441,HCLM00441_04,HPOL00441_04,2019-09-23,2019-10-01,Hail,6501 S Westshore Blvd,Hillsborough,FL,33616,27.869022,-82.523216,29900,53100,551,7,0,1,1,Litigated and Adjudicated
CUS00441,HCLM00441_05,HPOL00441_05,2020-08-30,2020-08-31,Hail,520 E Church St,Orange,FL,32801,28.542388,-81.368972,51600,88200,34,5,0,0,0,Denied
CUS00442,HCLM00442_01,HPOL00442_01,2023-12-25,2024-01-03,Water,101 Lake Ave,Orange,FL,32801,28.539466,-81.369524,39400,33600,71,4,0,0,0,Paid
CUS00443,HCLM00443_01,HPOL00443_01,2022-06-20,2022-06-30,Theft,355 N Rosalind Ave,Orange,FL,32801,28.545514,-81.378134,6400,5000,200,6,0,0,0,Withdrawn
CUS00444,HCLM00444_01,HPOL00444_01,2019-01-01,2019-01-06,Hurricane,733 Main Ln,Orange,FL,32801,28.546738,-81.375962,30100,26400,227,6,0,0,0,Withdrawn
CUS00444,HCLM00444_02,HPOL00444_02,2021-03-20,2021-03-26,Wind,733 Main Ln,Orange,FL,32801,28.546738,-81.375962,30600,37200,283,13,0,0,1,Litigated and Adjudicated
CUS00444,HCLM00444_03,HPOL00444_03,2021-02-15,2021-02-22,Vandalism,733 Main Ln,Orange,FL,32801,28.546738,-81.375962,48700,61200,150,7,0,0,0,Closed Without Payment
CUS00444,HCLM00444_04,HPOL00444_04,2022-07-04,2022-07-04,Hurricane,733 Main Ln,Orange,FL,32801,28.546738,-81.375962,48200,79900,48,7,0,0,0,Withdrawn
CUS00445,HCLM00445_01,HPOL00445_01,2021-10-01,2021-10-09,Wind,355 N Rosalind Ave,Orange,FL,32801,28.545514,-81.378134,67000,58000,26,7,1,1,1,Litigated and Adjudicated
CUS00445,HCLM00445_02,HPOL00445_02,2020-02-22,2020-02-25,Freeze,8733 Rooks Park Cir,Hillsborough,FL,33619,27.936594,-82.36584,53400,81900,60,4,0,0,0,Withdrawn
CUS00447,HCLM00447_01,HPOL00447_01,2019-09-23,2019-10-03,Wind,733 Main Ln,Orange,FL,32801,28.546738,-81.375962,73500,75400,92,9,1,0,0,Partially Paid
CUS00447,HCLM00447_02,HPOL00447_02,2018-06-16,2018-06-22,Vandalism,218 NW 8th St,Miami-Dade,FL,33136,25.785132,-80.210772,77900,60000,30,10,1,0,0,Settled
CUS00447,HCLM00447_03,HPOL00447_03,2019-05-10,2019-05-18,Hurricane,733 Main Ln,Orange,FL,32801,28.546738,-81.375962,47800,78600,95,6,0,1,0,Denied
CUS00449,HCLM00449_01,HPOL00449_01,2020-08-23,2020-09-03,Fire,520 E Church St,Orange,FL,32801,28.542388,-81.368972,46500,46000,136,13,0,1,0,Settled
CUS00449,HCLM00449_02,HPOL00449_02,2021-08-23,2021-08-23,Water,2901 NE 1st Ave,Miami-Dade,FL,33137,25.802168,-80.187402,52700,55400,323,3,1,0,1,Litigated and Settled
CUS00450,HCLM00450_01,HPOL00450_01,2020-12-05,2020-12-19,Lightning,520 E Church St,Orange,FL,32801,28.542388,-81.368972,34500,40500,58,12,0,1,0,Denied
CUS00451,HCLM00451_01,HPOL00451_01,2024-10-26,2024-10-27,Hurricane,355 N Rosalind Ave,Orange,FL,32801,28.545514,-81.378134,22800,29100,184,9,0,0,0,Closed Without Payment
CUS00451,HCLM00451_02,HPOL00451_02,2020-09-26,2020-10-06,Hurricane,355 N Rosalind Ave,Orange,FL,32801,28.545514,-81.378134,12200,19500,21,12,0,1,0,Denied
CUS00451,HCLM00451_03,HPOL00451_03,2023-10-15,2023-10-27,Hail,355 N Rosalind Ave,Orange,FL,32801,28.545514,-81.378134,13700,16300,165,7,0,0,0,Partially Paid
CUS00451,HCLM00451_04,HPOL00451_04,2020-10-17,2020-10-18,Wind,355 N Rosalind Ave,Orange,FL,32801,28.545514,-81.378134,40100,60000,505,13,1,0,1,Litigated and Settled
CUS00452,HCLM00452_01,HPOL00452_01,2020-07-26,2020-08-01,Freeze,733 Main Ln,Orange,FL,32801,28.546738,-81.375962,57400,44400,136,5,0,0,0,Denied
CUS00453,HCLM00453_01,HPOL00453_01,2023-11-08,2023-11-12,Theft,101 Lake Ave,Orange,FL,32801,28.539466,-81.369524,38000,65700,74,10,0,0,0,Partially Paid
CUS00454,HCLM00454_01,HPOL00454_01,2018-12-08,2018-12-17,Lightning,30 SW 1st St,Miami-Dade,FL,33130,25.765842,-80.208492,47100,76700,87,10,0,0,0,Withdrawn
CUS00455,HCLM00455_01,HPOL00455_01,2021-07-30,2021-08-06,Theft,901 W Chestnut St,Hillsborough,FL,33607,27.956886,-82.501454,30000,35600,184,5,0,0,0,Closed Without Payment
CUS00455,HCLM00455_02,HPOL00455_02,2024-08-19,2024-08-29,Lightning,2828 NW 1st Ave,Miami-Dade,FL,33127,25.79715,-80.197564,64000,106900,119,13,0,1,0,Settled
CUS00455,HCLM00455_03,HPOL00455_03,2022-03-26,2022-04-05,Water,733 Main Ln,Orange,FL,32801,28.546738,-81.375962,23200,26400,117,3,0,0,0,Withdrawn
CUS00457,HCLM00457_01,HPOL00457_01,2022-11-03,2022-11-15,Wind,410 N Orange Ave,Orange,FL,32801,28.538032,-81.373544,41800,65400,73,11,0,0,0,Settled
CUS00458,HCLM00458_01,HPOL00458_01,2019-11-05,2019-11-11,Hurricane,733 Main Ln,Orange,FL,32801,28.546738,-81.375962,38200,44600,81,5,0,1,0,Settled
CUS00458,HCLM00458_02,HPOL00458_02,2023-09-05,2023-09-15,Hurricane,6600 NW 7th St,Miami-Dade,FL,33126,25.778214,-80.295246,29700,24100,44,4,0,1,0,Partially Paid
CUS00459,HCLM00459_01,HPOL00459_01,2021-10-05,2021-10-19,Lightning,410 N Orange Ave,Orange,FL,32801,28.538032,-81.373544,56900,67300,81,7,0,0,1,Litigated and Settled
CUS00459,HCLM00459_02,HPOL00459_02,2019-01-01,2019-01-14,Lightning,410 N Orange Ave,Orange,FL,32801,28.538032,-81.373544,51900,73900,138,3,0,0,0,Partially Paid
CUS00460,HCLM00460_01,HPOL00460_01,2020-03-29,2020-04-05,Wind,520 E Church St,Orange,FL,32801,28.542388,-81.368972,17400,14300,141,7,0,0,0,Settled
CUS00461,HCLM00461_01,HPOL00461_01,2019-07-22,2019-08-03,Vandalism,733 Main Ln,Orange,FL,32801,28.546738,-81.375962,9800,10400,123,9,0,1,0,Closed Without Payment
CUS00461,HCLM00461_02,HPOL00461_02,2023-03-14,2023-03-24,Theft,733 Main Ln,Orange,FL,32801,28.546738,-81.375962,5100,5500,218,5,1,0,0,Paid
CUS00462,HCLM00462_01,HPOL00462_01,2023-04-22,2023-04-28,Water,355 N Rosalind Ave,Orange,FL,32801,28.545514,-81.378134,35900,54900,102,11,0,0,0,Denied
CUS00463,HCLM00463_01,HPOL00463_01,2021-08-16,2021-08-24,Hail,310 N Orange Ave,Orange,FL,32801,28.543216,-81.372806,62800,72700,140,13,1,0,0,Paid
CUS00463,HCLM00463_02,HPOL00463_02,2022-02-03,2022-02-17,Water,310 N Orange Ave,Orange,FL,32801,28.543216,-81.372806,4600,7100,211,11,0,0,0,Settled
CUS00463,HCLM00463_03,HPOL00463_03,2020-09-14,2020-09-15,Lightning,310 N Orange Ave,Orange,FL,32801,28.543216,-81.372806,57200,76300,41,3,0,0,0,Paid
CUS00464,HCLM00464_01,HPOL00464_01,2024-01-18,2024-01-20,Water,901 W Chestnut St,Hillsborough,FL,33607,27.956886,-82.501454,5600,5200,176,13,0,0,0,Closed Without Payment
CUS00464,HCLM00464_02,HPOL00464_02,2022-04-08,2022-04-21,Theft,410 N Orange Ave,Orange,FL,32801,28.538032,-81.373544,30200,23500,382,10,0,1,1,Litigated and Settled
CUS00466,HCLM00466_01,HPOL00466_01,2022-09-09,2022-09-22,Vandalism,101 Lake Ave,Orange,FL,32801,28.539466,-81.369524,50900,37800,57,7,0,0,0,Paid
CUS00466,HCLM00466_02,HPOL00466_02,2025-06-04,2025-06-14,Water,6301 S Westshore Blvd,Hillsborough,FL,33616,27.867894,-82.52435,61900,66600,75,6,1,0,0,Partially Paid
CUS00466,HCLM00466_03,HPOL00466_03,2023-05-26,2023-06-02,Wind,5432 W Tyson Ave,Hillsborough,FL,33611,27.888268,-82.506778,46500,62700,30,10,0,1,0,Settled
CUS00467,HCLM00467_01,HPOL00467_01,2021-07-14,2021-07-19,Freeze,520 E Church St,Orange,FL,32801,28.542388,-81.368972,17600,13900,205,7,0,0,0,Closed Without Payment
CUS00468,HCLM00468_01,HPOL00468_01,2021-11-16,2021-11-30,Wind,520 E Church St,Orange,FL,32801,28.542388,-81.368972,67300,114000,208,9,0,1,0,Partially Paid
CUS00469,HCLM00469_01,HPOL00469_01,2020-02-03,2020-02-10,Theft,733 Main Ln,Orange,FL,32801,28.546738,-81.375962,14200,22500,384,3,0,0,1,Litigated and Settled
CUS00469,HCLM00469_02,HPOL00469_02,2022-01-25,2022-02-05,Freeze,733 Main Ln,Orange,FL,32801,28.546738,-81.375962,4400,4200,63,8,0,0,0,Closed Without Payment
CUS00469,HCLM00469_03,HPOL00469_03,2021-06-14,2021-06-23,Freeze,8733 Rooks Park Cir,Hillsborough,FL,33619,27.936594,-82.36584,61100,80900,46,8,0,0,0,Partially Paid
CUS00469,HCLM00469_04,HPOL00469_04,2022-07-07,2022-07-18,Lightning,710 NE 1st Ave,Miami-Dade,FL,33132,25.783848,-80.189314,30400,34400,36,9,0,0,0,Partially Paid
CUS00473,HCLM00473_01,HPOL00473_01,2021-08-21,2021-08-26,Hurricane,6600 NW 7th St,Miami-Dade,FL,33126,25.778214,-80.295246,42500,32700,380,4,1,0,1,Litigated and Settled
CUS00474,HCLM00474_01,HPOL00474_01,2020-08-24,2020-08-28,Fire,520 E Church St,Orange,FL,32801,28.542388,-81.368972,13900,13100,202,13,0,0,0,Partially Paid
CUS00474,HCLM00474_02,HPOL00474_02,2022-07-15,2022-07-23,Wind,101 Lake Ave,Orange,FL,32801,28.539466,-81.369524,38600,35700,38,6,0,0,0,Withdrawn
CUS00475,HCLM00475_01,HPOL00475_01,2020-11-01,2020-11-04,Theft,520 E Church St,Orange,FL,32801,28.542388,-81.368972,20700,33400,127,12,1,0,1,Litigated and Adjudicated
CUS00476,HCLM00476_01,HPOL00476_01,2018-10-14,2018-10-17,Fire,310 N Orange Ave,Orange,FL,32801,28.543216,-81.372806,45400,39900,137,10,0,0,0,Paid
CUS00476,HCLM00476_02,HPOL00476_02,2020-12-29,2021-01-07,Fire,310 N Orange Ave,Orange,FL,32801,28.543216,-81.372806,52700,92400,28,4,0,0,0,Denied
CUS00476,HCLM00476_03,HPOL00476_03,2020-12-31,2021-01-08,Hail,310 N Orange Ave,Orange,FL,32801,28.543216,-81.372806,31000,30200,55,4,0,0,0,Closed Without Payment
CUS00476,HCLM00476_04,HPOL00476_04,2019-12-22,2020-01-05,Theft,2633 Azalea Garden Pl,Hillsborough,FL,33619,27.938868,-82.369974,37900,46000,45,4,0,0,0,Denied
CUS00477,HCLM00477_01,HPOL00477_01,2020-06-13,2020-06-20,Hail,410 N Orange Ave,Orange,FL,32801,28.538032,-81.373544,26700,41800,101,4,0,0,0,Closed Without Payment
CUS00477,HCLM00477_02,HPOL00477_02,2024-11-18,2024-11-26,Hurricane,410 N Orange Ave,Orange,FL,32801,28.538032,-81.373544,51500,58400,215,12,0,1,0,Settled
CUS00477,HCLM00477_03,HPOL00477_03,2023-08-24,2023-08-25,Fire,410 N Orange Ave,Orange,FL,32801,28.538032,-81.373544,50700,46500,188,8,0,1,0,Closed Without Payment
CUS00480,HCLM00480_01,HPOL00480_01,2022-01-22,2022-02-05,Hurricane,30 SW 1st St,Miami-Dade,FL,33130,25.765842,-80.208492,37300,65700,172,10,0,0,0,Settled
CUS00480,HCLM00480_02,HPOL00480_02,2022-05-21,2022-06-01,Hurricane,101 Lake Ave,Orange,FL,32801,28.539466,-81.369524,23100,37600,132,11,0,0,0,Settled
CUS00480,HCLM00480_03,HPOL00480_03,2023-01-23,2023-02-02,Hurricane,101 Lake Ave,Orange,FL,32801,28.539466,-81.369524,78100,121400,71,6,0,1,0,Paid
CUS00480,HCLM00480_04,HPOL00480_04,2023-08-27,2023-09-01,Water,101 Lake Ave,Orange,FL,32801,28.539466,-81.369524,19100,34000,92,11,0,0,0,Paid
CUS00481,HCLM00481_01,HPOL00481_01,2018-03-19,2018-03-25,Theft,901 W Chestnut St,Hillsborough,FL,33607,27.956886,-82.501454,13500,14600,186,9,0,1,0,Settled
CUS00481,HCLM00481_02,HPOL00481_02,2019-09-02,2019-09-09,Wind,1000 NW 7th St,Miami-Dade,FL,33136,25.78563,-80.201058,77400,119800,39,7,0,0,0,Paid
CUS00481,HCLM00481_03,HPOL00481_03,2020-06-25,2020-07-03,Hail,1000 NW 7th St,Miami-Dade,FL,33136,25.78563,-80.201058,12600,21400,43,4,0,1,0,Withdrawn
CUS00482,HCLM00482_01,HPOL00482_01,2018-03-11,2018-03-25,Hurricane,12112 Sugarloaf Key St,Hillsborough,FL,33626,28.058486,-82.624672,71700,72000,332,12,0,0,1,Litigated and Adjudicated
CUS00483,HCLM00483_01,HPOL00483_01,2020-08-06,2020-08-19,Fire,101 Lake Ave,Orange,FL,32801,28.539466,-81.369524,37400,58600,87,9,0,0,0,Withdrawn
CUS00484,HCLM00484_01,HPOL00484_01,2020-12-04,2020-12-09,Hurricane,520 E Church St,Orange,FL,32801,28.542388,-81.368972,10100,13500,193,3,1,0,0,Paid
CUS00484,HCLM00484_02,HPOL00484_02,2022-10-24,2022-11-01,Water,520 E Church St,Orange,FL,32801,28.542388,-81.368972,42300,69600,128,12,0,0,0,Closed Without Payment
CUS00484,HCLM00484_03,HPOL00484_03,2021-04-25,2021-04-26,Hail,520 E Church St,Orange,FL,32801,28.542388,-81.368972,30000,29000,116,11,0,0,0,Denied
CUS00485,HCLM00485_01,HPOL00485_01,2019-04-08,2019-04-14,Hail,5432 W Tyson Ave,Hillsborough,FL,33611,27.888268,-82.506778,50100,35100,166,4,0,1,0,Paid
CUS00485,HCLM00485_02,HPOL00485_02,2021-10-09,2021-10-18,Lightning,12112 Sugarloaf Key St,Hillsborough,FL,33626,28.058486,-82.624672,7000,6400,189,12,0,1,0,Closed Without Payment
CUS00486,HCLM00486_01,HPOL00486_01,2020-11-27,2020-11-27,Hail,9200 Randal Park Blvd,Orange,FL,32832,28.412212,-81.243592,49100,52500,105,13,0,1,0,Settled
CUS00486,HCLM00486_02,HPOL00486_02,2021-06-21,2021-06-30,Vandalism,6600 NW 7th St,Miami-Dade,FL,33126,25.778214,-80.295246,41900,43700,32,10,0,0,0,Closed Without Payment
CUS00487,HCLM00487_01,HPOL00487_01,2023-03-15,2023-03-24,Water,6600 NW 7th St,Miami-Dade,FL,33126,25.778214,-80.295246,56800,47200,88,7,1,0,0,Denied
CUS00487,HCLM00487_02,HPOL00487_02,2020-06-16,2020-06-26,Wind,6600 NW 7th St,Miami-Dade,FL,33126,25.778214,-80.295246,41000,43700,427,3,0,0,1,Litigated and Settled
CUS00487,HCLM00487_03,HPOL00487_03,2019-10-16,2019-10-26,Lightning,6600 NW 7th St,Miami-Dade,FL,33126,25.778214,-80.295246,75200,54700,172,13,0,0,0,Paid
CUS00487,HCLM00487_04,HPOL00487_04,2021-09-12,2021-09-16,Hurricane,6600 NW 7th St,Miami-Dade,FL,33126,25.778214,-80.295246,24000,33000,106,12,0,0,0,Withdrawn
CUS00488,HCLM00488_01,HPOL00488_01,2019-11-24,2019-11-29,Fire,295 NE Ivanhoe Blvd,Orange,FL,32804,28.579332,-81.39362,20700,23300,200,13,0,0,0,Withdrawn
CUS00489,HCLM00489_01,HPOL00489_01,2020-10-19,2020-10-27,Vandalism,230 NE 4th St,Miami-Dade,FL,33132,25.781976,-80.192572,50900,69600,514,9,1,0,1,Litigated and Adjudicated
CUS00490,HCLM00490_01,HPOL00490_01,2022-02-04,2022-02-15,Water,3131 NE 1st Ave,Miami-Dade,FL,33137,25.807112,-80.193906,33200,29300,127,3,0,1,0,Settled
CUS00490,HCLM00490_02,HPOL00490_02,2021-12-10,2021-12-24,Hail,5432 W Tyson Ave,Hillsborough,FL,33611,27.888268,-82.506778,77100,108100,70,11,0,0,0,Paid
CUS00490,HCLM00490_03,HPOL00490_03,2022-12-30,2023-01-03,Theft,3131 NE 1st Ave,Miami-Dade,FL,33137,25.807112,-80.193906,38000,34300,212,3,0,0,0,Closed Without Payment
CUS00490,HCLM00490_04,HPOL00490_04,2021-03-26,2021-04-06,Hail,6301 S Westshore Blvd,Hillsborough,FL,33616,27.867894,-82.52435,74300,58500,86,9,1,0,0,Denied
CUS00491,HCLM00491_01,HPOL00491_01,2023-03-15,2023-03-21,Hurricane,218 NW 8th St,Miami-Dade,FL,33136,25.785132,-80.210772,57100,41800,215,11,0,0,0,Closed Without Payment
CUS00492,HCLM00492_01,HPOL00492_01,2021-04-14,2021-04-15,Lightning,520 E Church St,Orange,FL,32801,28.542388,-81.368972,74800,107700,68,4,0,0,0,Settled
CUS00493,HCLM00493_01,HPOL00493_01,2024-06-05,2024-06-07,Fire,410 N Orange Ave,Orange,FL,32801,28.538032,-81.373544,72600,56600,47,10,0,1,0,Partially Paid
CUS00493,HCLM00493_02,HPOL00493_02,2023-11-21,2023-12-03,Fire,410 N Orange Ave,Orange,FL,32801,28.538032,-81.373544,17800,21700,65,10,1,1,0,Partially Paid
CUS00493,HCLM00493_03,HPOL00493_03,2024-02-02,2024-02-13,Freeze,410 N Orange Ave,Orange,FL,32801,28.538032,-81.373544,36600,31700,117,13,0,0,0,Partially Paid
CUS00494,HCLM00494_01,HPOL00494_01,2025-05-17,2025-05-25,Water,2650 Dade Ave,Orange,FL,32804,28.583628,-81.389606,71100,80200,222,11,0,0,0,Settled
CUS00494,HCLM00494_02,HPOL00494_02,2024-01-11,2024-01-15,Hurricane,510 N Rome Ave,Hillsborough,FL,33606,27.930384,-82.488052,65000,87300,221,5,0,0,0,Closed Without Payment
CUS00494,HCLM00494_03,HPOL00494_03,2024-04-11,2024-04-22,Fire,510 N Rome Ave,Hillsborough,FL,33606,27.930384,-82.488052,33000,46100,136,12,1,0,0,Partially Paid
CUS00495,HCLM00495_01,HPOL00495_01,2022-10-30,2022-10-31,Hail,180 NE 29th St,Miami-Dade,FL,33137,25.808606,-80.19234,14800,16400,135,4,0,0,0,Paid
CUS00495,HCLM00495_02,HPOL00495_02,2022-06-01,2022-06-15,Water,180 NE 29th St,Miami-Dade,FL,33137,25.808606,-80.19234,26100,45800,29,10,0,1,0,Partially Paid
CUS00495,HCLM00495_03,HPOL00495_03,2021-03-14,2021-03-27,Hail,180 NE 29th St,Miami-Dade,FL,33137,25.808606,-80.19234,19100,28800,143,8,0,0,0,Withdrawn
CUS00496,HCLM00496_01,HPOL00496_01,2025-01-22,2025-02-03,Vandalism,295 NE Ivanhoe Blvd,Orange,FL,32804,28.579332,-81.39362,6300,4400,209,9,0,1,0,Denied
CUS00496,HCLM00496_02,HPOL00496_02,2024-07-27,2024-08-06,Water,5009 Park Central Dr,Orange,FL,32839,28.48606,-81.403886,55400,64600,202,3,1,0,0,Settled
CUS00497,HCLM00497_01,HPOL00497_01,2020-04-29,2020-05-03,Vandalism,9200 Randal Park Blvd,Orange,FL,32832,28.412212,-81.243592,69900,102000,147,10,0,0,0,Denied
CUS00499,HCLM00499_01,HPOL00499_01,2019-01-19,2019-01-27,Theft,1011 E Cumberland Ave,Hillsborough,FL,33602,27.948032,-82.463042,6700,5300,439,11,0,0,1,Litigated and Adjudicated
CUS00500,HCLM00500_01,HPOL00500_01,2020-02-23,2020-03-03,Hurricane,2828 NW 1st Ave,Miami-Dade,FL,33127,25.79715,-80.197564,41400,48700,323,7,0,1,1,Litigated and Settled
CUS00500,HCLM00500_02,HPOL00500_02,2021-12-08,2021-12-20,Wind,6501 S Westshore Blvd,Hillsborough,FL,33616,27.869022,-82.523216,30300,42600,182,9,1,0,1,Litigated and Settled
CUS00501,HCLM00501_01,HPOL00501_01,2020-04-15,2020-04-21,Freeze,5127 W Tyson Ave,Hillsborough,FL,33611,27.888982,-82.504054,33300,31100,201,11,0,0,0,Settled
CUS00501,HCLM00501_02,HPOL00501_02,2021-10-12,2021-10-22,Hurricane,2751 NW 84th St,Miami-Dade,FL,33147,25.858766,-80.24016,10600,7800,81,8,1,0,0,Paid
CUS00501,HCLM00501_03,HPOL00501_03,2019-06-23,2019-06-26,Lightning,5127 W Tyson Ave,Hillsborough,FL,33611,27.888982,-82.504054,49700,86100,30,11,0,1,1,Litigated and Adjudicated
CUS00503,HCLM00503_01,HPOL00503_01,2025-02-10,2025-02-24,Lightning,10149 Arise Loop,Orange,FL,32837,28.397256,-81.42077,53700,83300,112,5,0,0,0,Closed Without Payment
CUS00504,HCLM00504_01,HPOL00504_01,2018-05-26,2018-06-09,Wind,520 E Church St,Orange,FL,32801,28.542388,-81.368972,50500,39000,210,6,0,0,0,Paid
CUS00504,HCLM00504_02,HPOL00504_02,2017-11-17,2017-11-28,Theft,3131 NE 1st Ave,Miami-Dade,FL,33137,25.807112,-80.193906,4000,3300,84,8,1,0,1,Litigated and Settled
CUS00505,HCLM00505_01,HPOL00505_01,2023-02-24,2023-03-08,Lightning,4000 Headwaters Way,Orange,FL,32837,28.386144,-81.418598,16800,27100,36,5,0,0,0,Partially Paid
CUS00506,HCLM00506_01,HPOL00506_01,2025-03-06,2025-03-19,Freeze,2050 Jake St,Orange,FL,32814,28.560782,-81.32269,20700,28400,29,12,0,0,0,Closed Without Payment
CUS00506,HCLM00506_02,HPOL00506_02,2021-04-22,2021-05-01,Vandalism,2050 Jake St,Orange,FL,32814,28.560782,-81.32269,57700,69100,172,4,1,0,0,Partially Paid
CUS00507,HCLM00507_01,HPOL00507_01,2023-01-05,2023-01-14,Freeze,3131 NE 1st Ave,Miami-Dade,FL,33137,25.807112,-80.193906,72300,125200,156,4,0,0,0,Settled
CUS00507,HCLM00507_02,HPOL00507_02,2024-09-24,2024-10-03,Fire,3131 NE 1st Ave,Miami-Dade,FL,33137,25.807112,-80.193906,67700,57700,76,8,0,0,0,Denied
CUS00508,HCLM00508_01,HPOL00508_01,2022-03-23,2022-03-26,Vandalism,6970 SW 40th St,Miami-Dade,FL,33155,25.7421,-80.313298,52300,41700,119,12,0,1,0,Partially Paid
CUS00508,HCLM00508_02,HPOL00508_02,2022-05-02,2022-05-03,Freeze,6501 S Westshore Blvd,Hillsborough,FL,33616,27.869022,-82.523216,47400,70800,43,9,0,0,0,Settled
CUS00510,HCLM00510_01,HPOL00510_01,2021-04-19,2021-04-25,Wind,6600 NW 7th St,Miami-Dade,FL,33126,25.778214,-80.295246,58700,81200,229,5,0,0,0,Withdrawn
CUS00510,HCLM00510_02,HPOL00510_02,2023-11-01,2023-11-15,Water,6600 NW 7th St,Miami-Dade,FL,33126,25.778214,-80.295246,36100,60300,142,11,0,0,0,Closed Without Payment
CUS00510,HCLM00510_03,HPOL00510_03,2023-08-03,2023-08-03,Fire,6600 NW 7th St,Miami-Dade,FL,33126,25.778214,-80.295246,26400,29300,415,10,0,0,1,Litigated and Settled
CUS00511,HCLM00511_01,HPOL00511_01,2022-01-16,2022-01-24,Freeze,901 W Chestnut St,Hillsborough,FL,33607,27.956886,-82.501454,36400,26000,166,13,0,0,0,Withdrawn
CUS00511,HCLM00511_02,HPOL00511_02,2022-03-15,2022-03-29,Theft,3219 S Orange Ave,Orange,FL,32806,28.517866,-81.366976,34400,32500,92,5,0,0,0,Closed Without Payment
CUS00512,HCLM00512_01,HPOL00512_01,2020-11-20,2020-11-28,Water,4301 Urbana Dr,Orange,FL,32837,28.394856,-81.424922,39100,39900,116,13,0,1,0,Settled
CUS00512,HCLM00512_02,HPOL00512_02,2021-05-25,2021-06-08,Vandalism,3131 NE 1st Ave,Miami-Dade,FL,33137,25.807112,-80.193906,44600,37600,101,5,0,0,0,Closed Without Payment
CUS00513,HCLM00513_01,HPOL00513_01,2022-08-08,2022-08-09,Water,7511 Solstice Cir,Orange,FL,32821,28.411672,-81.46685,51000,60800,410,10,0,0,1,Litigated and Adjudicated
CUS00513,HCLM00513_02,HPOL00513_02,2023-05-18,2023-05-29,Freeze,520 E Church St,Orange,FL,32801,28.542388,-81.368972,8800,14000,163,13,0,0,0,Denied
CUS00514,HCLM00514_01,HPOL00514_01,2022-03-31,2022-04-12,Theft,2828 NW 1st Ave,Miami-Dade,FL,33127,25.79715,-80.197564,20300,16100,59,3,1,1,0,Closed Without Payment
CUS00514,HCLM00514_02,HPOL00514_02,2019-12-15,2019-12-29,Hurricane,1011 E Cumberland Ave,Hillsborough,FL,33602,27.948032,-82.463042,23200,31400,165,13,0,1,0,Withdrawn
CUS00514,HCLM00514_03,HPOL00514_03,2022-02-04,2022-02-04,Freeze,2828 NW 1st Ave,Miami-Dade,FL,33127,25.79715,-80.197564,43500,55000,199,9,1,1,1,Litigated and Adjudicated
CUS00515,HCLM00515_01,HPOL00515_01,2021-08-16,2021-08-17,Vandalism,6501 S Westshore Blvd,Hillsborough,FL,33616,27.869022,-82.523216,4000,5700,212,9,0,0,0,Settled
CUS00515,HCLM00515_02,HPOL00515_02,2020-06-03,2020-06-17,Wind,6501 S Westshore Blvd,Hillsborough,FL,33616,27.869022,-82.523216,28900,23900,126,10,0,0,0,Closed Without Payment
CUS00516,HCLM00516_01,HPOL00516_01,2020-06-20,2020-06-26,Freeze,1115 E Twiggs St,Hillsborough,FL,33602,27.951524,-82.459604,5900,7900,114,8,0,0,0,Partially Paid
CUS00517,HCLM00517_01,HPOL00517_01,2020-11-07,2020-11-16,Theft,4000 Headwaters Way,Orange,FL,32837,28.386144,-81.418598,20600,35600,102,8,1,0,0,Closed Without Payment
CUS00518,HCLM00518_01,HPOL00518_01,2021-10-19,2021-10-25,Wind,180 NE 29th St,Miami-Dade,FL,33137,25.808606,-80.19234,17700,22100,178,7,0,1,0,Withdrawn
CUS00519,HCLM00519_01,HPOL00519_01,2024-11-26,2024-12-04,Wind,901 W Chestnut St,Hillsborough,FL,33607,27.956886,-82.501454,57300,59900,195,9,0,0,0,Partially Paid
CUS00519,HCLM00519_02,HPOL00519_02,2022-05-03,2022-05-17,Water,901 W Chestnut St,Hillsborough,FL,33607,27.956886,-82.501454,23600,37800,28,5,0,0,1,Litigated and Adjudicated
CUS00520,HCLM00520_01,HPOL00520_01,2022-04-30,2022-05-01,Water,710 NE 1st Ave,Miami-Dade,FL,33132,25.783848,-80.189314,30000,42100,30,7,0,0,0,Settled
CUS00520,HCLM00520_02,HPOL00520_02,2019-01-26,2019-01-27,Water,710 NE 1st Ave,Miami-Dade,FL,33132,25.783848,-80.189314,47300,70300,22,5,0,0,0,Denied
CUS00521,HCLM00521_01,HPOL00521_01,2023-03-14,2023-03-14,Freeze,3219 S Orange Ave,Orange,FL,32806,28.517866,-81.366976,74800,81500,292,8,1,0,1,Litigated and Adjudicated
CUS00521,HCLM00521_02,HPOL00521_02,2021-10-29,2021-11-08,Fire,6501 S Westshore Blvd,Hillsborough,FL,33616,27.869022,-82.523216,61100,56800,67,5,0,0,0,Partially Paid
CUS00521,HCLM00521_03,HPOL00521_03,2021-11-05,2021-11-09,Hurricane,6501 S Westshore Blvd,Hillsborough,FL,33616,27.869022,-82.523216,77900,113600,79,11,0,1,0,Denied
CUS00521,HCLM00521_04,HPOL00521_04,2021-08-22,2021-08-31,Hurricane,6501 S Westshore Blvd,Hillsborough,FL,33616,27.869022,-82.523216,58300,73900,120,13,0,0,0,Closed Without Payment
CUS00522,HCLM00522_01,HPOL00522_01,2024-07-21,2024-07-29,Hurricane,2751 NW 84th St,Miami-Dade,FL,33147,25.858766,-80.24016,74400,83800,69,6,1,0,0,Closed Without Payment
CUS00522,HCLM00522_02,HPOL00522_02,2022-02-22,2022-02-28,Hurricane,9567 Sunbelt St,Hillsborough,FL,33635,28.022792,-82.61563,58400,65900,206,8,0,0,0,Closed Without Payment
CUS00522,HCLM00522_03,HPOL00522_03,2022-02-20,2022-02-22,Hurricane,2751 NW 84th St,Miami-Dade,FL,33147,25.858766,-80.24016,24300,38800,45,12,0,1,0,Withdrawn
CUS00523,HCLM00523_01,HPOL00523_01,2020-06-16,2020-06-16,Theft,230 NE 4th St,Miami-Dade,FL,33132,25.781976,-80.192572,29500,43600,111,9,0,0,0,Settled
CUS00523,HCLM00523_02,HPOL00523_02,2024-01-16,2024-01-29,Fire,410 N Orange Ave,Orange,FL,32801,28.538032,-81.373544,60100,104200,145,12,0,1,0,Partially Paid
CUS00523,HCLM00523_03,HPOL00523_03,2021-06-16,2021-06-29,Hail,230 NE 4th St,Miami-Dade,FL,33132,25.781976,-80.192572,52300,88600,155,3,0,1,0,Paid
CUS00524,HCLM00524_01,HPOL00524_01,2022-02-25,2022-02-25,Fire,218 NW 8th St,Miami-Dade,FL,33136,25.785132,-80.210772,64900,80600,47,9,0,0,0,Withdrawn
CUS00524,HCLM00524_02,HPOL00524_02,2024-05-15,2024-05-24,Hurricane,218 NW 8th St,Miami-Dade,FL,33136,25.785132,-80.210772,37000,57500,196,4,0,0,0,Denied
CUS00525,HCLM00525_01,HPOL00525_01,2024-12-18,2024-12-20,Hail,410 N Orange Ave,Orange,FL,32801,28.538032,-81.373544,13600,19700,506,7,1,0,1,Litigated and Adjudicated
CUS00525,HCLM00525_02,HPOL00525_02,2020-04-10,2020-04-22,Hail,410 N Orange Ave,Orange,FL,32801,28.538032,-81.373544,71000,109000,84,8,0,0,0,Denied
CUS00527,HCLM00527_01,HPOL00527_01,2019-05-01,2019-05-14,Wind,9931 W Flagler St,Miami-Dade,FL,33174,25.75642,-80.352414,39000,58100,170,6,0,1,0,Paid
CUS00528,HCLM00528_01,HPOL00528_01,2021-06-20,2021-07-04,Hurricane,230 NE 4th St,Miami-Dade,FL,33132,25.781976,-80.192572,10400,18200,168,7,0,1,0,Withdrawn
CUS00528,HCLM00528_02,HPOL00528_02,2017-07-08,2017-07-19,Wind,230 NE 4th St,Miami-Dade,FL,33132,25.781976,-80.192572,72100,103500,203,8,0,0,0,Partially Paid
CUS00528,HCLM00528_03,HPOL00528_03,2018-11-07,2018-11-14,Hurricane,230 NE 4th St,Miami-Dade,FL,33132,25.781976,-80.192572,68300,103300,223,4,1,0,1,Litigated and Adjudicated
CUS00529,HCLM00529_01,HPOL00529_01,2018-11-19,2018-11-21,Water,9200 Randal Park Blvd,Orange,FL,32832,28.412212,-81.243592,30600,39100,35,6,0,0,0,Settled
CUS00529,HCLM00529_02,HPOL00529_02,2018-05-27,2018-06-09,Theft,9200 Randal Park Blvd,Orange,FL,32832,28.412212,-81.243592,19300,27400,40,11,0,0,0,Denied
CUS00530,HCLM00530_01,HPOL00530_01,2020-02-08,2020-02-10,Freeze,7511 Solstice Cir,Orange,FL,32821,28.411672,-81.46685,21700,21100,128,13,1,1,1,Litigated and Adjudicated
CUS00530,HCLM00530_02,HPOL00530_02,2021-01-06,2021-01-14,Hail,6904 Ralston Pl Dr,Hillsborough,FL,33614,28.00581,-82.507956,41400,56200,23,9,1,1,0,Paid
CUS00530,HCLM00530_03,HPOL00530_03,2023-08-31,2023-09-08,Vandalism,7511 Solstice Cir,Orange,FL,32821,28.411672,-81.46685,78800,64000,143,7,0,0,0,Closed Without Payment
CUS00530,HCLM00530_04,HPOL00530_04,2023-03-12,2023-03-17,Theft,7511 Solstice Cir,Orange,FL,32821,28.411672,-81.46685,42100,55500,210,4,0,0,0,Settled
CUS00530,HCLM00530_05,HPOL00530_05,2020-12-01,2020-12-03,Fire,7511 Solstice Cir,Orange,FL,32821,28.411672,-81.46685,40000,32200,181,4,0,0,0,Paid
CUS00533,HCLM00533_01,HPOL00533_01,2025-03-04,2025-03-12,Vandalism,7511 Solstice Cir,Orange,FL,32821,28.411672,-81.46685,67100,89300,68,10,0,0,0,Paid
CUS00534,HCLM00534_01,HPOL00534_01,2022-06-05,2022-06-19,Lightning,180 NE 29th St,Miami-Dade,FL,33137,25.808606,-80.19234,20600,21200,104,10,0,1,0,Settled
CUS00535,HCLM00535_01,HPOL00535_01,2024-03-12,2024-03-15,Freeze,2828 NW 1st Ave,Miami-Dade,FL,33127,25.79715,-80.197564,73500,114500,145,13,0,0,0,Settled
CUS00535,HCLM00535_02,HPOL00535_02,2021-12-10,2021-12-24,Theft,109 W Fortune St,Hillsborough,FL,33602,27.947222,-82.458452,27100,43100,221,6,0,0,1,Litigated and Settled
CUS00535,HCLM00535_03,HPOL00535_03,2024-01-08,2024-01-20,Freeze,410 N Orange Ave,Orange,FL,32801,28.538032,-81.373544,14700,24900,229,7,0,0,0,Denied
CUS00538,HCLM00538_01,HPOL00538_01,2023-11-02,2023-11-13,Wind,2650 Dade Ave,Orange,FL,32804,28.583628,-81.389606,34400,54500,217,6,0,0,0,Paid
CUS00538,HCLM00538_02,HPOL00538_02,2024-08-22,2024-08-23,Theft,5127 W Tyson Ave,Hillsborough,FL,33611,27.888982,-82.504054,5500,8700,132,12,0,0,0,Closed Without Payment
CUS00538,HCLM00538_03,HPOL00538_03,2023-03-26,2023-03-30,Fire,5127 W Tyson Ave,Hillsborough,FL,33611,27.888982,-82.504054,72300,128800,194,5,0,0,0,Partially Paid
CUS00538,HCLM00538_04,HPOL00538_04,2022-01-12,2022-01-21,Hail,5127 W Tyson Ave,Hillsborough,FL,33611,27.888982,-82.504054,38400,43700,285,13,0,0,1,Litigated and Settled
CUS00539,HCLM00539_01,HPOL00539_01,2021-07-11,2021-07-11,Hurricane,3219 S Orange Ave,Orange,FL,32806,28.517866,-81.366976,17100,13100,119,6,0,0,0,Denied
CUS00539,HCLM00539_02,HPOL00539_02,2021-02-24,2021-02-26,Hurricane,355 N Rosalind Ave,Orange,FL,32801,28.545514,-81.378134,45000,61700,40,12,1,0,0,Settled
CUS00540,HCLM00540_01,HPOL00540_01,2024-05-04,2024-05-11,Vandalism,2650 Dade Ave,Orange,FL,32804,28.583628,-81.389606,52200,83400,71,12,0,0,0,Paid
CUS00540,HCLM00540_02,HPOL00540_02,2021-03-26,2021-04-04,Fire,12112 Sugarloaf Key St,Hillsborough,FL,33626,28.058486,-82.624672,76400,117900,35,3,0,0,0,Settled
CUS00541,HCLM00541_01,HPOL00541_01,2021-06-07,2021-06-10,Wind,3219 S Orange Ave,Orange,FL,32806,28.517866,-81.366976,43800,33400,197,10,0,0,0,Paid
CUS00541,HCLM00541_02,HPOL00541_02,2024-05-18,2024-05-27,Wind,4000 Headwaters Way,Orange,FL,32837,28.386144,-81.418598,69000,113700,60,3,0,0,0,Partially Paid
CUS00542,HCLM00542_01,HPOL00542_01,2017-10-19,2017-10-25,Freeze,2751 NW 84th St,Miami-Dade,FL,33147,25.858766,-80.24016,42500,39500,138,7,0,1,0,Partially Paid
CUS00542,HCLM00542_02,HPOL00542_02,2019-06-02,2019-06-04,Water,6970 SW 40th St,Miami-Dade,FL,33155,25.7421,-80.313298,78600,61800,86,7,0,0,0,Closed Without Payment
CUS00542,HCLM00542_03,HPOL00542_03,2019-06-25,2019-07-07,Vandalism,295 NE Ivanhoe Blvd,Orange,FL,32804,28.579332,-81.39362,4400,3600,214,12,0,0,0,Closed Without Payment
CUS00542,HCLM00542_04,HPOL00542_04,2018-07-06,2018-07-12,Water,2751 NW 84th St,Miami-Dade,FL,33147,25.858766,-80.24016,34100,34100,208,12,0,0,0,Withdrawn
CUS00543,HCLM00543_01,HPOL00543_01,2019-12-08,2019-12-20,Hail,218 NW 8th St,Miami-Dade,FL,33136,25.785132,-80.210772,71800,65900,42,9,0,1,0,Paid
CUS00543,HCLM00543_02,HPOL00543_02,2023-01-23,2023-02-05,Theft,218 NW 8th St,Miami-Dade,FL,33136,25.785132,-80.210772,76400,81100,70,6,0,0,0,Paid
CUS00544,HCLM00544_01,HPOL00544_01,2021-01-25,2021-02-08,Lightning,6904 Ralston Pl Dr,Hillsborough,FL,33614,28.00581,-82.507956,70500,85900,67,12,0,1,0,Denied
CUS00544,HCLM00544_02,HPOL00544_02,2021-12-16,2021-12-29,Fire,6904 Ralston Pl Dr,Hillsborough,FL,33614,28.00581,-82.507956,52400,50500,264,11,1,0,1,Litigated and Adjudicated
CUS00544,HCLM00544_03,HPOL00544_03,2021-08-09,2021-08-09,Hail,6904 Ralston Pl Dr,Hillsborough,FL,33614,28.00581,-82.507956,7700,8600,100,9,1,1,1,Litigated and Settled
CUS00544,HCLM00544_04,HPOL00544_04,2024-10-10,2024-10-17,Vandalism,6904 Ralston Pl Dr,Hillsborough,FL,33614,28.00581,-82.507956,26700,21100,209,9,1,0,0,Closed Without Payment
CUS00546,HCLM00546_01,HPOL00546_01,2018-12-06,2018-12-09,Freeze,733 Main Ln,Orange,FL,32801,28.546738,-81.375962,31900,57000,178,6,1,1,0,Withdrawn
CUS00546,HCLM00546_02,HPOL00546_02,2021-11-26,2021-11-26,Vandalism,733 Main Ln,Orange,FL,32801,28.546738,-81.375962,27400,41300,112,9,0,0,0,Partially Paid
CUS00547,HCLM00547_01,HPOL00547_01,2021-04-04,2021-04-04,Freeze,645 NW 1st St,Miami-Dade,FL,33128,25.768528,-80.198928,16300,23500,60,7,0,0,0,Paid
CUS00547,HCLM00547_02,HPOL00547_02,2021-06-09,2021-06-18,Freeze,2650 Dade Ave,Orange,FL,32804,28.583628,-81.389606,76400,90600,201,5,0,0,0,Settled
CUS00547,HCLM00547_03,HPOL00547_03,2023-06-02,2023-06-13,Fire,645 NW 1st St,Miami-Dade,FL,33128,25.768528,-80.198928,27900,20600,145,3,0,1,0,Denied
CUS00549,HCLM00549_01,HPOL00549_01,2023-04-29,2023-05-01,Theft,101 Lake Ave,Orange,FL,32801,28.539466,-81.369524,15500,17600,126,6,0,1,0,Withdrawn
CUS00549,HCLM00549_02,HPOL00549_02,2021-12-11,2021-12-15,Theft,101 Lake Ave,Orange,FL,32801,28.539466,-81.369524,53900,53100,195,10,1,1,0,Partially Paid
CUS00549,HCLM00549_03,HPOL00549_03,2021-07-21,2021-07-31,Wind,101 Lake Ave,Orange,FL,32801,28.539466,-81.369524,37400,44700,122,5,0,0,0,Paid
CUS00550,HCLM00550_01,HPOL00550_01,2018-05-08,2018-05-10,Hurricane,355 N Rosalind Ave,Orange,FL,32801,28.545514,-81.378134,31500,48500,189,10,0,0,0,Denied
CUS00550,HCLM00550_02,HPOL00550_02,2021-10-21,2021-10-21,Wind,355 N Rosalind Ave,Orange,FL,32801,28.545514,-81.378134,65400,105600,165,4,0,0,0,Withdrawn
CUS00551,HCLM00551_01,HPOL00551_01,2020-01-03,2020-01-10,Water,6970 SW 40th St,Miami-Dade,FL,33155,25.7421,-80.313298,13400,16200,170,3,0,0,0,Withdrawn
CUS00551,HCLM00551_02,HPOL00551_02,2022-10-17,2022-10-21,Wind,6970 SW 40th St,Miami-Dade,FL,33155,25.7421,-80.313298,54100,91200,153,10,0,0,0,Denied
CUS00551,HCLM00551_03,HPOL00551_03,2022-02-06,2022-02-13,Wind,6970 SW 40th St,Miami-Dade,FL,33155,25.7421,-80.313298,76200,129900,160,5,0,0,1,Litigated and Settled
CUS00552,HCLM00552_01,HPOL00552_01,2020-08-05,2020-08-18,Fire,1011 E Cumberland Ave,Hillsborough,FL,33602,27.948032,-82.463042,14700,16000,136,10,0,1,0,Withdrawn
CUS00552,HCLM00552_02,HPOL00552_02,2020-06-14,2020-06-26,Vandalism,12112 Sugarloaf Key St,Hillsborough,FL,33626,28.058486,-82.624672,18900,30600,35,11,0,0,0,Partially Paid
CUS00553,HCLM00553_01,HPOL00553_01,2023-01-11,2023-01-15,Theft,55 NE 2nd St,Miami-Dade,FL,33132,25.784184,-80.187508,40500,42500,193,13,0,0,0,Closed Without Payment
CUS00553,HCLM00553_02,HPOL00553_02,2020-10-19,2020-10-28,Fire,55 NE 2nd St,Miami-Dade,FL,33132,25.784184,-80.187508,51300,57600,228,12,0,0,0,Partially Paid
CUS00553,HCLM00553_03,HPOL00553_03,2019-11-06,2019-11-17,Theft,55 NE 2nd St,Miami-Dade,FL,33132,25.784184,-80.187508,67900,102100,148,10,0,0,0,Denied
CUS00553,HCLM00553_04,HPOL00553_04,2020-04-28,2020-04-28,Freeze,1000 NW 7th St,Miami-Dade,FL,33136,25.78563,-80.201058,20900,33600,180,9,0,0,0,Denied
CUS00555,HCLM00555_01,HPOL00555_01,2023-12-22,2024-01-01,Fire,4000 Headwaters Way,Orange,FL,32837,28.386144,-81.418598,57900,90900,128,12,0,0,0,Withdrawn
CUS00555,HCLM00555_02,HPOL00555_02,2020-02-28,2020-03-02,Theft,4000 Headwaters Way,Orange,FL,32837,28.386144,-81.418598,44700,80200,131,10,0,0,0,Paid
CUS00555,HCLM00555_03,HPOL00555_03,2023-01-29,2023-01-30,Theft,4000 Headwaters Way,Orange,FL,32837,28.386144,-81.418598,62100,68000,59,3,0,0,0,Denied
CUS00556,HCLM00556_01,HPOL00556_01,2021-07-16,2021-07-24,Wind,710 NE 1st Ave,Miami-Dade,FL,33132,25.783848,-80.189314,16700,26200,199,3,0,1,0,Closed Without Payment
CUS00556,HCLM00556_02,HPOL00556_02,2020-06-12,2020-06-20,Wind,9567 Sunbelt St,Hillsborough,FL,33635,28.022792,-82.61563,52100,63100,147,8,0,0,0,Denied
CUS00556,HCLM00556_03,HPOL00556_03,2021-01-10,2021-01-14,Hail,9200 Randal Park Blvd,Orange,FL,32832,28.412212,-81.243592,71900,77500,62,11,1,0,1,Litigated and Adjudicated
CUS00557,HCLM00557_01,HPOL00557_01,2024-11-20,2024-12-03,Hail,710 NE 1st Ave,Miami-Dade,FL,33132,25.783848,-80.189314,59700,46900,92,4,0,1,0,Partially Paid
CUS00557,HCLM00557_02,HPOL00557_02,2024-03-08,2024-03-12,Vandalism,3131 NE 1st Ave,Miami-Dade,FL,33137,25.807112,-80.193906,36200,37000,137,3,0,0,0,Paid
CUS00557,HCLM00557_03,HPOL00557_03,2022-04-01,2022-04-04,Water,12112 Sugarloaf Key St,Hillsborough,FL,33626,28.058486,-82.624672,63600,112000,170,7,0,0,0,Withdrawn
CUS00558,HCLM00558_01,HPOL00558_01,2021-07-06,2021-07-09,Theft,300 W Tyler St,Hillsborough,FL,33602,27.948668,-82.456928,15000,26300,31,3,1,0,0,Withdrawn
CUS00558,HCLM00558_02,HPOL00558_02,2021-12-11,2021-12-20,Freeze,2828 NW 1st Ave,Miami-Dade,FL,33127,25.79715,-80.197564,24400,29600,122,5,0,0,0,Partially Paid
CUS00558,HCLM00558_03,HPOL00558_03,2022-07-28,2022-08-07,Theft,300 W Tyler St,Hillsborough,FL,33602,27.948668,-82.456928,17200,21900,142,5,0,0,0,Settled
CUS00558,HCLM00558_04,HPOL00558_04,2021-12-13,2021-12-26,Lightning,6970 SW 40th St,Miami-Dade,FL,33155,25.7421,-80.313298,54500,93600,42,7,0,0,0,Settled
CUS00558,HCLM00558_05,HPOL00558_05,2019-10-10,2019-10-11,Water,300 W Tyler St,Hillsborough,FL,33602,27.948668,-82.456928,69100,72200,101,11,0,0,0,Closed Without Payment
CUS00559,HCLM00559_01,HPOL00559_01,2021-01-05,2021-01-10,Wind,901 W Chestnut St,Hillsborough,FL,33607,27.956886,-82.501454,50400,61400,216,7,1,1,0,Paid
CUS00559,HCLM00559_02,HPOL00559_02,2024-04-28,2024-05-05,Wind,6970 SW 40th St,Miami-Dade,FL,33155,25.7421,-80.313298,77700,108900,228,10,0,1,0,Partially Paid
CUS00559,HCLM00559_03,HPOL00559_03,2023-03-29,2023-03-31,Fire,6970 SW 40th St,Miami-Dade,FL,33155,25.7421,-80.313298,17200,14900,107,5,1,1,0,Withdrawn
CUS00559,HCLM00559_04,HPOL00559_04,2020-03-01,2020-03-13,Water,6970 SW 40th St,Miami-Dade,FL,33155,25.7421,-80.313298,77500,96400,110,5,1,0,0,Partially Paid
CUS00560,HCLM00560_01,HPOL00560_01,2020-06-16,2020-06-17,Hurricane,355 N Rosalind Ave,Orange,FL,32801,28.545514,-81.378134,74900,78500,32,10,0,0,0,Partially Paid
CUS00560,HCLM00560_02,HPOL00560_02,2023-08-11,2023-08-11,Water,355 N Rosalind Ave,Orange,FL,32801,28.545514,-81.378134,17900,22300,129,7,0,0,0,Withdrawn
CUS00562,HCLM00562_01,HPOL00562_01,2021-07-31,2021-08-08,Vandalism,733 Main Ln,Orange,FL,32801,28.546738,-81.375962,8900,7200,160,8,1,1,0,Partially Paid
CUS00562,HCLM00562_02,HPOL00562_02,2021-11-29,2021-12-11,Hail,9505 Axis Way,Orange,FL,32837,28.396944,-81.417614,30100,45500,63,3,0,1,0,Denied
CUS00562,HCLM00562_03,HPOL00562_03,2021-02-09,2021-02-13,Freeze,1011 E Cumberland Ave,Hillsborough,FL,33602,27.948032,-82.463042,63400,98300,143,7,0,0,0,Paid
CUS00564,HCLM00564_01,HPOL00564_01,2023-11-11,2023-11-20,Theft,6600 NW 7th St,Miami-Dade,FL,33126,25.778214,-80.295246,12100,15000,70,12,0,0,0,Settled
CUS00564,HCLM00564_02,HPOL00564_02,2024-02-09,2024-02-11,Lightning,9200 Randal Park Blvd,Orange,FL,32832,28.412212,-81.243592,51600,53400,152,12,0,1,0,Paid
CUS00565,HCLM00565_01,HPOL00565_01,2022-10-19,2022-10-31,Freeze,6970 SW 40th St,Miami-Dade,FL,33155,25.7421,-80.313298,32200,33900,210,10,1,0,0,Withdrawn
CUS00566,HCLM00566_01,HPOL00566_01,2020-07-07,2020-07-13,Water,295 NE Ivanhoe Blvd,Orange,FL,32804,28.579332,-81.39362,66100,61900,369,5,1,1,1,Litigated and Settled
CUS00568,HCLM00568_01,HPOL00568_01,2024-04-07,2024-04-10,Fire,6501 S Westshore Blvd,Hillsborough,FL,33616,27.869022,-82.523216,65300,65800,36,11,0,0,0,Settled
CUS00568,HCLM00568_02,HPOL00568_02,2023-09-28,2023-10-12,Wind,30 SW 1st St,Miami-Dade,FL,33130,25.765842,-80.208492,54900,76500,43,3,0,0,0,Partially Paid
CUS00569,HCLM00569_01,HPOL00569_01,2019-01-27,2019-01-27,Water,2900 Biscayne Blvd,Miami-Dade,FL,33137,25.80518,-80.188488,59800,84200,203,4,0,1,0,Withdrawn
CUS00569,HCLM00569_02,HPOL00569_02,2020-04-10,2020-04-23,Hail,2650 Dade Ave,Orange,FL,32804,28.583628,-81.389606,36200,27100,140,12,0,0,0,Withdrawn
CUS00569,HCLM00569_03,HPOL00569_03,2021-06-05,2021-06-12,Vandalism,2650 Dade Ave,Orange,FL,32804,28.583628,-81.389606,79000,128500,184,9,1,0,0,Denied
CUS00569,HCLM00569_04,HPOL00569_04,2019-04-26,2019-05-05,Freeze,2650 Dade Ave,Orange,FL,32804,28.583628,-81.389606,66100,109400,108,13,1,0,1,Litigated and Adjudicated
CUS00569,HCLM00569_05,HPOL00569_05,2021-10-05,2021-10-14,Hail,2650 Dade Ave,Orange,FL,32804,28.583628,-81.389606,71300,62200,66,7,0,0,0,Paid
CUS00570,HCLM00570_01,HPOL00570_01,2018-08-30,2018-09-04,Freeze,733 Main Ln,Orange,FL,32801,28.546738,-81.375962,74000,61100,60,12,0,0,0,Denied
CUS00571,HCLM00571_01,HPOL00571_01,2018-07-15,2018-07-18,Water,6970 SW 40th St,Miami-Dade,FL,33155,25.7421,-80.313298,78900,81600,29,10,0,0,0,Closed Without Payment
CUS00571,HCLM00571_02,HPOL00571_02,2019-09-06,2019-09-17,Water,30 SW 1st St,Miami-Dade,FL,33130,25.765842,-80.208492,18400,16200,183,13,0,0,0,Settled
CUS00573,HCLM00573_01,HPOL00573_01,2021-12-22,2021-12-26,Lightning,6501 S Westshore Blvd,Hillsborough,FL,33616,27.869022,-82.523216,4400,7700,410,11,0,1,1,Litigated and Adjudicated
CUS00573,HCLM00573_02,HPOL00573_02,2022-01-17,2022-01-23,Hail,2050 Jake St,Orange,FL,32814,28.560782,-81.32269,71400,116300,139,4,0,1,0,Partially Paid
CUS00574,HCLM00574_01,HPOL00574_01,2018-12-07,2018-12-14,Wind,355 N Rosalind Ave,Orange,FL,32801,28.545514,-81.378134,24800,39500,133,3,0,0,0,Partially Paid
CUS00574,HCLM00574_02,HPOL00574_02,2018-03-25,2018-04-05,Theft,218 NW 8th St,Miami-Dade,FL,33136,25.785132,-80.210772,17700,17400,51,7,0,0,0,Paid
CUS00575,HCLM00575_01,HPOL00575_01,2018-12-06,2018-12-10,Water,2050 Jake St,Orange,FL,32814,28.560782,-81.32269,24700,42400,209,11,0,0,1,Litigated and Settled
CUS00576,HCLM00576_01,HPOL00576_01,2022-07-05,2022-07-09,Water,9200 Randal Park Blvd,Orange,FL,32832,28.412212,-81.243592,14900,11800,30,13,0,0,0,Denied
CUS00576,HCLM00576_02,HPOL00576_02,2020-05-24,2020-05-30,Hail,300 W Tyler St,Hillsborough,FL,33602,27.948668,-82.456928,45900,73800,297,5,0,0,1,Litigated and Settled
CUS00576,HCLM00576_03,HPOL00576_03,2021-11-11,2021-11-23,Fire,921 N Central Ave,Hillsborough,FL,33602,27.95189,-82.4639,77900,68700,26,8,1,1,0,Paid
CUS00576,HCLM00576_04,HPOL00576_04,2021-06-10,2021-06-13,Fire,2901 NE 1st Ave,Miami-Dade,FL,33137,25.802168,-80.187402,16900,28000,260,10,1,0,1,Litigated and Adjudicated
CUS00577,HCLM00577_01,HPOL00577_01,2021-10-02,2021-10-07,Theft,6970 SW 40th St,Miami-Dade,FL,33155,25.7421,-80.313298,48200,78600,96,7,0,0,0,Paid
CUS00578,HCLM00578_01,HPOL00578_01,2022-01-18,2022-01-22,Theft,2633 Azalea Garden Pl,Hillsborough,FL,33619,27.938868,-82.369974,30100,46900,43,11,0,0,0,Paid
CUS00579,HCLM00579_01,HPOL00579_01,2022-01-05,2022-01-05,Water,109 W Fortune St,Hillsborough,FL,33602,27.947222,-82.458452,75200,59700,172,11,0,0,0,Paid
CUS00579,HCLM00579_02,HPOL00579_02,2025-03-07,2025-03-14,Lightning,230 NE 4th St,Miami-Dade,FL,33132,25.781976,-80.192572,9800,17300,122,3,0,1,0,Settled
CUS00579,HCLM00579_03,HPOL00579_03,2023-12-31,2024-01-08,Wind,109 W Fortune St,Hillsborough,FL,33602,27.947222,-82.458452,69300,67500,486,5,0,1,1,Litigated and Adjudicated
CUS00579,HCLM00579_04,HPOL00579_04,2023-02-24,2023-02-28,Theft,109 W Fortune St,Hillsborough,FL,33602,27.947222,-82.458452,72900,53000,147,13,0,0,0,Closed Without Payment
CUS00580,HCLM00580_01,HPOL00580_01,2022-03-06,2022-03-11,Hail,3000 NE 2nd Ave,Miami-Dade,FL,33137,25.808936,-80.195094,21000,31500,34,11,0,0,0,Denied
CUS00581,HCLM00581_01,HPOL00581_01,2017-10-19,2017-10-26,Vandalism,6970 SW 40th St,Miami-Dade,FL,33155,25.7421,-80.313298,69600,52300,139,13,0,0,0,Closed Without Payment
CUS00582,HCLM00582_01,HPOL00582_01,2020-11-30,2020-12-14,Vandalism,355 N Rosalind Ave,Orange,FL,32801,28.545514,-81.378134,68600,83700,61,5,0,0,0,Settled
CUS00582,HCLM00582_02,HPOL00582_02,2020-06-01,2020-06-08,Vandalism,355 N Rosalind Ave,Orange,FL,32801,28.545514,-81.378134,57100,82500,46,11,0,1,0,Settled
CUS00582,HCLM00582_03,HPOL00582_03,2021-06-17,2021-06-27,Theft,355 N Rosalind Ave,Orange,FL,32801,28.545514,-81.378134,22200,37800,203,3,0,0,0,Settled
CUS00582,HCLM00582_04,HPOL00582_04,2022-01-04,2022-01-16,Lightning,355 N Rosalind Ave,Orange,FL,32801,28.545514,-81.378134,15000,19400,48,3,0,0,0,Settled
CUS00583,HCLM00583_01,HPOL00583_01,2019-06-15,2019-06-15,Freeze,230 NE 4th St,Miami-Dade,FL,33132,25.781976,-80.192572,69300,78800,222,8,0,0,0,Closed Without Payment
CUS00583,HCLM00583_02,HPOL00583_02,2020-03-12,2020-03-21,Fire,230 NE 4th St,Miami-Dade,FL,33132,25.781976,-80.192572,59000,94600,106,3,0,0,0,Settled
CUS00584,HCLM00584_01,HPOL00584_01,2021-03-17,2021-03-29,Fire,6970 SW 40th St,Miami-Dade,FL,33155,25.7421,-80.313298,72500,75600,366,12,1,0,1,Litigated and Adjudicated
CUS00585,HCLM00585_01,HPOL00585_01,2020-02-23,2020-02-27,Theft,30 SW 1st St,Miami-Dade,FL,33130,25.765842,-80.208492,52900,73600,116,10,0,0,0,Closed Without Payment
CUS00585,HCLM00585_02,HPOL00585_02,2019-08-26,2019-09-08,Hail,30 SW 1st St,Miami-Dade,FL,33130,25.765842,-80.208492,47100,79800,57,6,1,1,0,Denied
CUS00585,HCLM00585_03,HPOL00585_03,2018-08-17,2018-08-28,Fire,30 SW 1st St,Miami-Dade,FL,33130,25.765842,-80.208492,15900,16500,37,12,0,0,0,Withdrawn
CUS00587,HCLM00587_01,HPOL00587_01,2022-10-07,2022-10-12,Water,520 E Church St,Orange,FL,32801,28.542388,-81.368972,30400,46200,368,10,0,0,1,Litigated and Adjudicated
CUS00588,HCLM00588_01,HPOL00588_01,2019-06-29,2019-07-11,Wind,110 Zora Pl,Orange,FL,32810,28.615406,-81.425066,65000,54800,159,12,1,0,0,Denied
CUS00589,HCLM00589_01,HPOL00589_01,2024-01-07,2024-01-18,Wind,110 Zora Pl,Orange,FL,32810,28.615406,-81.425066,78200,84900,66,6,0,0,0,Partially Paid
CUS00589,HCLM00589_02,HPOL00589_02,2024-03-21,2024-04-01,Freeze,5127 W Tyson Ave,Hillsborough,FL,33611,27.888982,-82.504054,11500,17200,110,11,0,0,0,Withdrawn
CUS00589,HCLM00589_03,HPOL00589_03,2020-08-17,2020-08-24,Hurricane,110 Zora Pl,Orange,FL,32810,28.615406,-81.425066,51800,46300,50,13,0,1,0,Settled
CUS00590,HCLM00590_01,HPOL00590_01,2022-05-25,2022-05-27,Hurricane,1211 E Kennedy Blvd,Hillsborough,FL,33602,27.950366,-82.46105,76300,62400,68,4,1,0,0,Withdrawn
CUS00590,HCLM00590_02,HPOL00590_02,2022-05-17,2022-05-27,Theft,2828 NW 1st Ave,Miami-Dade,FL,33127,25.79715,-80.197564,70300,74500,109,9,0,0,0,Denied
CUS00590,HCLM00590_03,HPOL00590_03,2020-06-26,2020-07-07,Freeze,1211 E Kennedy Blvd,Hillsborough,FL,33602,27.950366,-82.46105,39800,67100,226,9,0,0,0,Settled
CUS00591,HCLM00591_01,HPOL00591_01,2019-06-16,2019-06-26,Hurricane,520 E Church St,Orange,FL,32801,28.542388,-81.368972,37200,50300,58,9,0,1,0,Withdrawn
CUS00591,HCLM00591_02,HPOL00591_02,2022-01-13,2022-01-13,Water,4000 Headwaters Way,Orange,FL,32837,28.386144,-81.418598,40000,37700,266,4,0,0,1,Litigated and Settled
CUS00591,HCLM00591_03,HPOL00591_03,2020-01-19,2020-01-31,Wind,733 Main Ln,Orange,FL,32801,28.546738,-81.375962,57900,94500,190,6,0,0,0,Paid
CUS00592,HCLM00592_01,HPOL00592_01,2018-12-26,2019-01-09,Freeze,1011 E Cumberland Ave,Hillsborough,FL,33602,27.948032,-82.463042,14300,23700,107,4,0,0,0,Denied
CUS00592,HCLM00592_02,HPOL00592_02,2021-01-27,2021-02-09,Hail,1011 E Cumberland Ave,Hillsborough,FL,33602,27.948032,-82.463042,19500,33900,145,8,0,0,0,Paid
CUS00593,HCLM00593_01,HPOL00593_01,2024-08-31,2024-08-31,Water,295 NE Ivanhoe Blvd,Orange,FL,32804,28.579332,-81.39362,28100,34300,226,9,1,0,0,Withdrawn
CUS00593,HCLM00593_02,HPOL00593_02,2021-11-09,2021-11-12,Water,733 Main Ln,Orange,FL,32801,28.546738,-81.375962,33900,49100,92,8,1,1,0,Closed Without Payment
CUS00593,HCLM00593_03,HPOL00593_03,2022-01-28,2022-01-28,Wind,410 N Orange Ave,Orange,FL,32801,28.538032,-81.373544,61100,62600,155,3,0,1,0,Partially Paid
CUS00595,HCLM00595_01,HPOL00595_01,2021-11-10,2021-11-18,Wind,30 SW 1st St,Miami-Dade,FL,33130,25.765842,-80.208492,20300,22600,155,11,0,0,0,Withdrawn
CUS00595,HCLM00595_02,HPOL00595_02,2021-04-03,2021-04-07,Freeze,30 SW 1st St,Miami-Dade,FL,33130,25.765842,-80.208492,72400,52200,124,8,0,0,0,Partially Paid
CUS00595,HCLM00595_03,HPOL00595_03,2020-03-02,2020-03-16,Lightning,30 SW 1st St,Miami-Dade,FL,33130,25.765842,-80.208492,29500,45000,217,10,0,1,0,Withdrawn
CUS00596,HCLM00596_01,HPOL00596_01,2018-10-16,2018-10-17,Theft,733 Main Ln,Orange,FL,32801,28.546738,-81.375962,7000,7200,99,4,0,0,0,Closed Without Payment
CUS00597,HCLM00597_01,HPOL00597_01,2023-06-27,2023-06-29,Theft,5432 W Tyson Ave,Hillsborough,FL,33611,27.888268,-82.506778,55400,87000,56,7,0,0,0,Denied
CUS00597,HCLM00597_02,HPOL00597_02,2024-01-05,2024-01-09,Water,2050 Jake St,Orange,FL,32814,28.560782,-81.32269,42400,75800,126,13,0,0,0,Settled
CUS00597,HCLM00597_03,HPOL00597_03,2022-06-24,2022-07-06,Fire,5432 W Tyson Ave,Hillsborough,FL,33611,27.888268,-82.506778,55000,84900,134,12,0,0,0,Denied
CUS00597,HCLM00597_04,HPOL00597_04,2021-02-09,2021-02-23,Lightning,5432 W Tyson Ave,Hillsborough,FL,33611,27.888268,-82.506778,10400,18500,148,8,0,1,0,Withdrawn
CUS00598,HCLM00598_01,HPOL00598_01,2019-04-14,2019-04-28,Freeze,30 SW 1st St,Miami-Dade,FL,33130,25.765842,-80.208492,29300,26000,213,3,0,0,0,Partially Paid
CUS00598,HCLM00598_02,HPOL00598_02,2020-09-14,2020-09-17,Freeze,9567 Sunbelt St,Hillsborough,FL,33635,28.022792,-82.61563,54100,73700,109,4,0,0,0,Closed Without Payment
CUS00598,HCLM00598_03,HPOL00598_03,2018-06-24,2018-07-06,Hurricane,3000 NE 2nd Ave,Miami-Dade,FL,33137,25.808936,-80.195094,48800,46800,413,12,0,1,1,Litigated and Settled
CUS00598,HCLM00598_04,HPOL00598_04,2018-09-20,2018-10-04,Water,2751 NW 84th St,Miami-Dade,FL,33147,25.858766,-80.24016,7400,6000,192,13,0,0,0,Settled
CUS00599,HCLM00599_01,HPOL00599_01,2022-01-11,2022-01-16,Lightning,6970 SW 40th St,Miami-Dade,FL,33155,25.7421,-80.313298,62300,105000,56,4,1,0,0,Settled
CUS00599,HCLM00599_02,HPOL00599_02,2020-03-16,2020-03-19,Vandalism,6970 SW 40th St,Miami-Dade,FL,33155,25.7421,-80.313298,45300,34700,186,3,0,1,0,Partially Paid
CUS00600,HCLM00600_01,HPOL00600_01,2020-07-14,2020-07-25,Lightning,2900 Biscayne Blvd,Miami-Dade,FL,33137,25.80518,-80.188488,17300,30000,56,8,0,0,1,Litigated and Adjudicated
CUS00600,HCLM00600_02,HPOL00600_02,2019-12-16,2019-12-22,Vandalism,2900 Biscayne Blvd,Miami-Dade,FL,33137,25.80518,-80.188488,40000,48300,127,7,1,0,0,Partially Paid
CUS00600,HCLM00600_03,HPOL00600_03,2018-10-04,2018-10-12,Freeze,2900 Biscayne Blvd,Miami-Dade,FL,33137,25.80518,-80.188488,52600,92800,171,12,0,1,0,Partially Paid
CUS00600,HCLM00600_04,HPOL00600_04,2017-11-04,2017-11-06,Lightning,180 NE 29th St,Miami-Dade,FL,33137,25.808606,-80.19234,11300,17200,217,6,1,0,0,Paid
CUS00601,HCLM00601_01,HPOL00601_01,2020-08-05,2020-08-15,Theft,9200 Randal Park Blvd,Orange,FL,32832,28.412212,-81.243592,47000,56100,425,6,0,0,1,Litigated and Adjudicated
CUS00602,HCLM00602_01,HPOL00602_01,2021-10-05,2021-10-15,Freeze,230 NE 4th St,Miami-Dade,FL,33132,25.781976,-80.192572,7900,8900,220,8,0,1,0,Closed Without Payment
CUS00603,HCLM00603_01,HPOL00603_01,2019-09-20,2019-09-28,Freeze,3000 NE 2nd Ave,Miami-Dade,FL,33137,25.808936,-80.195094,29000,48400,214,13,0,0,0,Partially Paid
CUS00603,HCLM00603_02,HPOL00603_02,2021-04-01,2021-04-06,Freeze,3000 NE 2nd Ave,Miami-Dade,FL,33137,25.808936,-80.195094,49000,83100,177,10,0,0,0,Paid
CUS00603,HCLM00603_03,HPOL00603_03,2019-05-13,2019-05-23,Vandalism,230 NE 4th St,Miami-Dade,FL,33132,25.781976,-80.192572,39600,51500,121,5,1,0,0,Withdrawn
CUS00603,HCLM00603_04,HPOL00603_04,2019-02-13,2019-02-13,Wind,3000 NE 2nd Ave,Miami-Dade,FL,33137,25.808936,-80.195094,22000,21400,228,6,0,1,0,Closed Without Payment
CUS00606,HCLM00606_01,HPOL00606_01,2019-07-12,2019-07-16,Hail,12112 Sugarloaf Key St,Hillsborough,FL,33626,28.058486,-82.624672,59100,99800,59,8,0,1,0,Paid
CUS00606,HCLM00606_02,HPOL00606_02,2021-03-24,2021-03-26,Water,30 SW 1st St,Miami-Dade,FL,33130,25.765842,-80.208492,35900,45700,52,6,0,0,0,Paid
CUS00606,HCLM00606_03,HPOL00606_03,2020-01-28,2020-02-09,Lightning,30 SW 1st St,Miami-Dade,FL,33130,25.765842,-80.208492,35500,41800,68,7,0,0,0,Paid
CUS00606,HCLM00606_04,HPOL00606_04,2021-03-12,2021-03-23,Freeze,921 N Central Ave,Hillsborough,FL,33602,27.95189,-82.4639,17700,19800,222,8,0,0,0,Settled
CUS00607,HCLM00607_01,HPOL00607_01,2018-04-07,2018-04-12,Wind,901 W Chestnut St,Hillsborough,FL,33607,27.956886,-82.501454,33100,32800,138,5,0,1,0,Withdrawn
CUS00607,HCLM00607_02,HPOL00607_02,2020-03-16,2020-03-21,Theft,4000 Headwaters Way,Orange,FL,32837,28.386144,-81.418598,40900,43600,148,11,0,1,0,Paid
CUS00607,HCLM00607_03,HPOL00607_03,2018-12-18,2018-12-29,Wind,101 Lake Ave,Orange,FL,32801,28.539466,-81.369524,49400,86400,138,6,0,0,0,Closed Without Payment
CUS00607,HCLM00607_04,HPOL00607_04,2019-10-28,2019-11-10,Wind,4000 Headwaters Way,Orange,FL,32837,28.386144,-81.418598,17500,16500,127,7,0,0,0,Settled
CUS00608,HCLM00608_01,HPOL00608_01,2022-07-21,2022-07-25,Water,180 NE 29th St,Miami-Dade,FL,33137,25.808606,-80.19234,69200,86900,40,13,0,0,0,Closed Without Payment
CUS00608,HCLM00608_02,HPOL00608_02,2024-08-23,2024-09-05,Wind,2050 Jake St,Orange,FL,32814,28.560782,-81.32269,72300,81000,167,4,0,0,0,Withdrawn
CUS00608,HCLM00608_03,HPOL00608_03,2024-07-07,2024-07-10,Vandalism,180 NE 29th St,Miami-Dade,FL,33137,25.808606,-80.19234,18400,31400,109,4,0,0,0,Denied
CUS00609,HCLM00609_01,HPOL00609_01,2021-04-16,2021-04-23,Hurricane,520 E Church St,Orange,FL,32801,28.542388,-81.368972,79900,122900,157,12,0,1,0,Denied
CUS00609,HCLM00609_02,HPOL00609_02,2021-06-06,2021-06-17,Wind,300 W Tyler St,Hillsborough,FL,33602,27.948668,-82.456928,48200,52000,186,11,0,0,0,Closed Without Payment
CUS00610,HCLM00610_01,HPOL00610_01,2021-11-03,2021-11-12,Lightning,6501 S Westshore Blvd,Hillsborough,FL,33616,27.869022,-82.523216,28700,28300,183,9,0,0,1,Litigated and Adjudicated
CUS00610,HCLM00610_02,HPOL00610_02,2022-03-01,2022-03-06,Hurricane,6501 S Westshore Blvd,Hillsborough,FL,33616,27.869022,-82.523216,5600,7000,225,3,1,1,1,Litigated and Settled
CUS00611,HCLM00611_01,HPOL00611_01,2019-05-02,2019-05-08,Water,218 NW 8th St,Miami-Dade,FL,33136,25.785132,-80.210772,73000,94800,178,7,0,0,0,Settled
CUS00612,HCLM00612_01,HPOL00612_01,2020-01-28,2020-02-03,Freeze,7511 Solstice Cir,Orange,FL,32821,28.411672,-81.46685,42100,55700,96,8,0,0,0,Paid
CUS00613,HCLM00613_01,HPOL00613_01,2022-07-15,2022-07-25,Hurricane,7511 Solstice Cir,Orange,FL,32821,28.411672,-81.46685,9000,12400,73,10,0,0,0,Closed Without Payment
CUS00613,HCLM00613_02,HPOL00613_02,2021-03-16,2021-03-21,Wind,7511 Solstice Cir,Orange,FL,32821,28.411672,-81.46685,29300,25400,134,3,0,1,0,Denied
CUS00613,HCLM00613_03,HPOL00613_03,2021-05-15,2021-05-23,Water,7511 Solstice Cir,Orange,FL,32821,28.411672,-81.46685,71600,106100,50,3,0,0,0,Withdrawn
CUS00613,HCLM00613_04,HPOL00613_04,2021-11-18,2021-11-22,Vandalism,7511 Solstice Cir,Orange,FL,32821,28.411672,-81.46685,73400,64400,111,4,1,0,0,Partially Paid
CUS00616,HCLM00616_01,HPOL00616_01,2020-04-29,2020-05-03,Water,410 N Orange Ave,Orange,FL,32801,28.538032,-81.373544,11800,20400,64,13,0,0,0,Settled
CUS00616,HCLM00616_02,HPOL00616_02,2017-07-22,2017-08-02,Wind,452 NE 31st St,Miami-Dade,FL,33137,25.805582,-80.194716,25800,38900,123,3,1,1,0,Withdrawn
CUS00617,HCLM00617_01,HPOL00617_01,2020-04-05,2020-04-11,Freeze,645 NW 1st St,Miami-Dade,FL,33128,25.768528,-80.198928,50800,63300,85,4,1,0,0,Withdrawn
CUS00618,HCLM00618_01,HPOL00618_01,2021-04-16,2021-04-26,Lightning,2828 NW 1st Ave,Miami-Dade,FL,33127,25.79715,-80.197564,47000,66400,213,11,1,0,0,Paid
CUS00618,HCLM00618_02,HPOL00618_02,2022-11-16,2022-11-17,Hail,218 NW 8th St,Miami-Dade,FL,33136,25.785132,-80.210772,25800,28300,80,12,0,0,0,Partially Paid
CUS00618,HCLM00618_03,HPOL00618_03,2024-06-17,2024-06-17,Freeze,218 NW 8th St,Miami-Dade,FL,33136,25.785132,-80.210772,9500,15100,458,11,0,0,1,Litigated and Adjudicated
CUS00619,HCLM00619_01,HPOL00619_01,2018-09-01,2018-09-14,Vandalism,7575 Universal Blvd,Orange,FL,32819,28.451704,-81.47356,20900,22500,100,6,0,1,0,Withdrawn
CUS00619,HCLM00619_02,HPOL00619_02,2018-03-09,2018-03-20,Wind,2901 NE 1st Ave,Miami-Dade,FL,33137,25.802168,-80.187402,44200,64600,186,5,0,0,0,Paid
CUS00622,HCLM00622_01,HPOL00622_01,2023-06-09,2023-06-14,Fire,8733 Rooks Park Cir,Hillsborough,FL,33619,27.936594,-82.36584,14000,9800,134,6,0,0,0,Closed Without Payment
CUS00622,HCLM00622_02,HPOL00622_02,2020-12-22,2021-01-02,Wind,3000 NE 2nd Ave,Miami-Dade,FL,33137,25.808936,-80.195094,65200,51800,25,4,0,0,0,Settled
CUS00622,HCLM00622_03,HPOL00622_03,2022-10-13,2022-10-24,Hurricane,3000 NE 2nd Ave,Miami-Dade,FL,33137,25.808936,-80.195094,52100,88200,76,6,0,1,0,Withdrawn
CUS00623,HCLM00623_01,HPOL00623_01,2021-05-07,2021-05-11,Lightning,6970 SW 40th St,Miami-Dade,FL,33155,25.7421,-80.313298,70700,103600,44,6,0,0,0,Withdrawn
CUS00623,HCLM00623_02,HPOL00623_02,2020-04-25,2020-04-27,Hurricane,6970 SW 40th St,Miami-Dade,FL,33155,25.7421,-80.313298,21100,31300,158,12,0,0,0,Closed Without Payment
CUS00623,HCLM00623_03,HPOL00623_03,2020-05-24,2020-06-01,Hail,5009 Park Central Dr,Orange,FL,32839,28.48606,-81.403886,6400,6000,105,8,0,0,0,Partially Paid
CUS00623,HCLM00623_04,HPOL00623_04,2020-10-24,2020-10-29,Hail,6970 SW 40th St,Miami-Dade,FL,33155,25.7421,-80.313298,60100,88000,175,9,0,0,0,Denied
CUS00625,HCLM00625_01,HPOL00625_01,2021-03-08,2021-03-20,Wind,4000 Headwaters Way,Orange,FL,32837,28.386144,-81.418598,37200,28000,97,13,0,0,0,Withdrawn
CUS00625,HCLM00625_02,HPOL00625_02,2020-10-05,2020-10-10,Fire,700 SW 1st St,Miami-Dade,FL,33130,25.76502,-80.207664,42600,73700,123,9,0,0,0,Withdrawn
CUS00626,HCLM00626_01,HPOL00626_01,2020-12-31,2021-01-11,Fire,4301 Urbana Dr,Orange,FL,32837,28.394856,-81.424922,43900,53500,163,8,0,0,0,Partially Paid
CUS00626,HCLM00626_02,HPOL00626_02,2023-06-11,2023-06-16,Lightning,4301 Urbana Dr,Orange,FL,32837,28.394856,-81.424922,26600,39800,126,6,0,0,0,Settled
CUS00626,HCLM00626_03,HPOL00626_03,2020-04-02,2020-04-08,Hail,3000 NE 2nd Ave,Miami-Dade,FL,33137,25.808936,-80.195094,9900,10000,170,9,1,0,0,Closed Without Payment
CUS00627,HCLM00627_01,HPOL00627_01,2022-02-15,2022-02-26,Freeze,6904 Ralston Pl Dr,Hillsborough,FL,33614,28.00581,-82.507956,43100,50600,59,13,0,0,0,Withdrawn
CUS00628,HCLM00628_01,HPOL00628_01,2017-04-21,2017-05-02,Fire,710 NE 1st Ave,Miami-Dade,FL,33132,25.783848,-80.189314,55700,81300,191,4,1,0,0,Paid
CUS00629,HCLM00629_01,HPOL00629_01,2022-01-13,2022-01-14,Water,645 NW 1st St,Miami-Dade,FL,33128,25.768528,-80.198928,65400,49500,195,10,0,0,0,Partially Paid
CUS00629,HCLM00629_02,HPOL00629_02,2019-10-28,2019-11-10,Lightning,645 NW 1st St,Miami-Dade,FL,33128,25.768528,-80.198928,44200,72400,75,13,1,0,0,Denied
CUS00629,HCLM00629_03,HPOL00629_03,2018-10-07,2018-10-16,Hail,12112 Sugarloaf Key St,Hillsborough,FL,33626,28.058486,-82.624672,62400,88300,173,7,0,0,0,Denied
CUS00630,HCLM00630_01,HPOL00630_01,2018-08-23,2018-09-01,Freeze,452 NE 31st St,Miami-Dade,FL,33137,25.805582,-80.194716,69800,119500,101,12,0,0,0,Partially Paid
CUS00630,HCLM00630_02,HPOL00630_02,2022-07-25,2022-07-28,Hurricane,510 N Rome Ave,Hillsborough,FL,33606,27.930384,-82.488052,70300,110800,198,8,0,0,0,Denied
CUS00630,HCLM00630_03,HPOL00630_03,2018-04-10,2018-04-19,Hurricane,101 Lake Ave,Orange,FL,32801,28.539466,-81.369524,15800,17300,39,12,0,1,0,Settled
CUS00630,HCLM00630_04,HPOL00630_04,2019-04-15,2019-04-26,Theft,510 N Rome Ave,Hillsborough,FL,33606,27.930384,-82.488052,55400,80400,172,12,0,1,0,Withdrawn
CUS00631,HCLM00631_01,HPOL00631_01,2023-07-27,2023-08-06,Lightning,9200 Randal Park Blvd,Orange,FL,32832,28.412212,-81.243592,45500,35700,135,7,0,1,0,Settled
CUS00632,HCLM00632_01,HPOL00632_01,2023-11-18,2023-11-21,Fire,6501 S Westshore Blvd,Hillsborough,FL,33616,27.869022,-82.523216,42900,70800,56,3,1,1,0,Paid
CUS00632,HCLM00632_02,HPOL00632_02,2023-09-30,2023-10-06,Lightning,6501 S Westshore Blvd,Hillsborough,FL,33616,27.869022,-82.523216,38600,37000,428,7,1,0,1,Litigated and Settled
CUS00632,HCLM00632_03,HPOL00632_03,2020-10-22,2020-10-27,Wind,6501 S Westshore Blvd,Hillsborough,FL,33616,27.869022,-82.523216,52500,40400,52,5,0,0,0,Settled
CUS00633,HCLM00633_01,HPOL00633_01,2022-09-17,2022-09-30,Lightning,452 NE 31st St,Miami-Dade,FL,33137,25.805582,-80.194716,16000,23700,163,5,0,1,0,Settled
CUS00633,HCLM00633_02,HPOL00633_02,2021-11-30,2021-12-04,Hail,452 NE 31st St,Miami-Dade,FL,33137,25.805582,-80.194716,18800,18700,112,5,0,0,0,Paid
CUS00634,HCLM00634_01,HPOL00634_01,2018-02-28,2018-03-11,Hurricane,4301 Urbana Dr,Orange,FL,32837,28.394856,-81.424922,12800,22500,204,6,0,0,0,Withdrawn
CUS00634,HCLM00634_02,HPOL00634_02,2021-01-30,2021-02-12,Freeze,180 NE 29th St,Miami-Dade,FL,33137,25.808606,-80.19234,13900,14800,137,10,0,0,0,Paid
CUS00634,HCLM00634_03,HPOL00634_03,2018-03-08,2018-03-10,Hurricane,4301 Urbana Dr,Orange,FL,32837,28.394856,-81.424922,77800,60500,162,11,1,1,0,Settled
CUS00635,HCLM00635_01,HPOL00635_01,2021-07-28,2021-08-03,Water,510 N Rome Ave,Hillsborough,FL,33606,27.930384,-82.488052,37800,47600,52,3,0,0,0,Closed Without Payment
CUS00635,HCLM00635_02,HPOL00635_02,2019-09-18,2019-09-26,Hail,700 SW 1st St,Miami-Dade,FL,33130,25.76502,-80.207664,33900,28600,323,8,1,0,1,Litigated and Settled
CUS00635,HCLM00635_03,HPOL00635_03,2023-09-13,2023-09-27,Hail,510 N Rome Ave,Hillsborough,FL,33606,27.930384,-82.488052,65800,86400,100,8,0,0,0,Paid
CUS00635,HCLM00635_04,HPOL00635_04,2020-11-13,2020-11-15,Water,218 NW 8th St,Miami-Dade,FL,33136,25.785132,-80.210772,8100,12500,440,8,1,0,1,Litigated and Adjudicated
CUS00636,HCLM00636_01,HPOL00636_01,2021-01-24,2021-02-02,Hail,1115 E Twiggs St,Hillsborough,FL,33602,27.951524,-82.459604,65700,63100,28,5,0,0,0,Paid
CUS00636,HCLM00636_02,HPOL00636_02,2020-04-08,2020-04-19,Freeze,55 NE 2nd St,Miami-Dade,FL,33132,25.784184,-80.187508,23000,37900,28,11,0,0,0,Closed Without Payment
CUS00636,HCLM00636_03,HPOL00636_03,2022-04-02,2022-04-12,Wind,700 SW 1st St,Miami-Dade,FL,33130,25.76502,-80.207664,44800,62900,560,6,0,1,1,Litigated and Settled
CUS00637,HCLM00637_01,HPOL00637_01,2021-10-27,2021-11-04,Wind,109 W Fortune St,Hillsborough,FL,33602,27.947222,-82.458452,51200,58200,472,12,1,0,1,Litigated and Settled
CUS00638,HCLM00638_01,HPOL00638_01,2021-10-27,2021-10-29,Hurricane,300 W Tyler St,Hillsborough,FL,33602,27.948668,-82.456928,26000,27100,21,8,0,0,0,Denied
CUS00639,HCLM00639_01,HPOL00639_01,2019-02-27,2019-03-06,Wind,6301 S Westshore Blvd,Hillsborough,FL,33616,27.867894,-82.52435,32800,27300,230,7,0,0,0,Settled
CUS00640,HCLM00640_01,HPOL00640_01,2021-10-11,2021-10-13,Fire,230 NE 4th St,Miami-Dade,FL,33132,25.781976,-80.192572,54400,71700,29,7,0,0,0,Denied
CUS00640,HCLM00640_02,HPOL00640_02,2020-12-07,2020-12-07,Theft,230 NE 4th St,Miami-Dade,FL,33132,25.781976,-80.192572,18100,20100,184,13,0,1,0,Settled
CUS00641,HCLM00641_01,HPOL00641_01,2024-04-09,2024-04-11,Lightning,300 W Tyler St,Hillsborough,FL,33602,27.948668,-82.456928,78000,54700,56,10,0,0,0,Partially Paid
CUS00641,HCLM00641_02,HPOL00641_02,2020-05-17,2020-05-21,Fire,300 W Tyler St,Hillsborough,FL,33602,27.948668,-82.456928,38500,57300,71,12,0,0,0,Paid
CUS00642,HCLM00642_01,HPOL00642_01,2019-02-14,2019-02-25,Hail,6600 NW 7th St,Miami-Dade,FL,33126,25.778214,-80.295246,77800,86400,27,12,0,0,1,Litigated and Settled
CUS00642,HCLM00642_02,HPOL00642_02,2020-09-24,2020-10-01,Theft,6600 NW 7th St,Miami-Dade,FL,33126,25.778214,-80.295246,59400,68400,48,11,0,0,1,Litigated and Settled
CUS00642,HCLM00642_03,HPOL00642_03,2019-02-21,2019-02-24,Freeze,6600 NW 7th St,Miami-Dade,FL,33126,25.778214,-80.295246,10200,14000,209,11,1,0,0,Settled
CUS00643,HCLM00643_01,HPOL00643_01,2020-07-18,2020-07-30,Hurricane,3015 N Rocky Point Dr E,Hillsborough,FL,33607,27.964764,-82.501766,44100,56900,115,4,0,0,0,Paid
CUS00644,HCLM00644_01,HPOL00644_01,2018-03-04,2018-03-09,Hail,921 N Central Ave,Hillsborough,FL,33602,27.95189,-82.4639,69300,49000,110,8,0,0,0,Settled
CUS00644,HCLM00644_02,HPOL00644_02,2018-07-24,2018-08-06,Wind,921 N Central Ave,Hillsborough,FL,33602,27.95189,-82.4639,70300,53600,37,5,0,0,0,Partially Paid
CUS00645,HCLM00645_01,HPOL00645_01,2022-11-19,2022-11-20,Freeze,12112 Sugarloaf Key St,Hillsborough,FL,33626,28.058486,-82.624672,68300,54400,221,11,1,0,0,Withdrawn
CUS00645,HCLM00645_02,HPOL00645_02,2021-05-16,2021-05-19,Hail,12112 Sugarloaf Key St,Hillsborough,FL,33626,28.058486,-82.624672,13100,22500,119,13,0,0,0,Withdrawn
CUS00646,HCLM00646_01,HPOL00646_01,2022-08-06,2022-08-18,Water,700 SW 1st St,Miami-Dade,FL,33130,25.76502,-80.207664,27700,23800,196,8,0,0,0,Partially Paid
CUS00646,HCLM00646_02,HPOL00646_02,2023-06-13,2023-06-27,Freeze,1211 E Kennedy Blvd,Hillsborough,FL,33602,27.950366,-82.46105,77300,98100,62,10,0,0,0,Closed Without Payment
CUS00647,HCLM00647_01,HPOL00647_01,2021-12-14,2021-12-18,Theft,5127 W Tyson Ave,Hillsborough,FL,33611,27.888982,-82.504054,41000,51500,103,11,0,0,0,Closed Without Payment
CUS00647,HCLM00647_02,HPOL00647_02,2022-05-16,2022-05-24,Water,5127 W Tyson Ave,Hillsborough,FL,33611,27.888982,-82.504054,7100,6100,190,6,0,0,0,Closed Without Payment
CUS00648,HCLM00648_01,HPOL00648_01,2020-12-22,2020-12-29,Fire,9200 Randal Park Blvd,Orange,FL,32832,28.412212,-81.243592,26400,41200,118,11,0,0,0,Closed Without Payment
CUS00648,HCLM00648_02,HPOL00648_02,2021-09-15,2021-09-19,Fire,9200 Randal Park Blvd,Orange,FL,32832,28.412212,-81.243592,65900,71500,100,6,0,0,0,Settled
CUS00649,HCLM00649_01,HPOL00649_01,2023-07-11,2023-07-11,Fire,700 SW 1st St,Miami-Dade,FL,33130,25.76502,-80.207664,19000,25100,70,9,0,0,0,Denied
CUS00649,HCLM00649_02,HPOL00649_02,2020-05-22,2020-05-28,Lightning,700 SW 1st St,Miami-Dade,FL,33130,25.76502,-80.207664,51100,35900,318,11,1,0,1,Litigated and Settled
CUS00649,HCLM00649_03,HPOL00649_03,2023-09-22,2023-09-27,Hurricane,700 SW 1st St,Miami-Dade,FL,33130,25.76502,-80.207664,46300,79100,59,12,0,0,0,Partially Paid
CUS00649,HCLM00649_04,HPOL00649_04,2022-02-22,2022-03-07,Hail,55 NE 2nd St,Miami-Dade,FL,33132,25.784184,-80.187508,79300,77100,35,13,0,0,0,Withdrawn
CUS00650,HCLM00650_01,HPOL00650_01,2021-10-22,2021-11-02,Fire,7511 Solstice Cir,Orange,FL,32821,28.411672,-81.46685,76200,69200,205,6,0,1,0,Partially Paid
CUS00650,HCLM00650_02,HPOL00650_02,2023-09-16,2023-09-25,Fire,3131 NE 1st Ave,Miami-Dade,FL,33137,25.807112,-80.193906,13400,21100,129,8,0,0,0,Closed Without Payment
CUS00650,HCLM00650_03,HPOL00650_03,2024-09-16,2024-09-30,Hail,7511 Solstice Cir,Orange,FL,32821,28.411672,-81.46685,77800,67000,228,7,0,1,0,Withdrawn
CUS00651,HCLM00651_01,HPOL00651_01,2019-03-14,2019-03-22,Water,3015 N Rocky Point Dr E,Hillsborough,FL,33607,27.964764,-82.501766,33700,25500,21,8,0,0,0,Paid
CUS00652,HCLM00652_01,HPOL00652_01,2021-04-04,2021-04-11,Theft,10149 Arise Loop,Orange,FL,32837,28.397256,-81.42077,45900,81000,92,10,0,1,0,Closed Without Payment
CUS00652,HCLM00652_02,HPOL00652_02,2019-11-04,2019-11-17,Freeze,230 NE 4th St,Miami-Dade,FL,33132,25.781976,-80.192572,3500,4100,104,12,1,0,0,Paid
CUS00652,HCLM00652_03,HPOL00652_03,2023-02-16,2023-02-28,Water,1115 E Twiggs St,Hillsborough,FL,33602,27.951524,-82.459604,74900,88700,208,8,0,1,0,Settled
CUS00653,HCLM00653_01,HPOL00653_01,2024-06-06,2024-06-09,Hail,452 NE 31st St,Miami-Dade,FL,33137,25.805582,-80.194716,25900,43400,167,9,0,0,0,Denied
CUS00653,HCLM00653_02,HPOL00653_02,2022-04-18,2022-04-26,Hail,452 NE 31st St,Miami-Dade,FL,33137,25.805582,-80.194716,73400,96800,88,8,0,0,0,Settled
CUS00654,HCLM00654_01,HPOL00654_01,2021-11-09,2021-11-16,Lightning,6600 NW 7th St,Miami-Dade,FL,33126,25.778214,-80.295246,49900,53200,327,12,1,0,1,Litigated and Settled
CUS00655,HCLM00655_01,HPOL00655_01,2020-09-25,2020-09-28,Vandalism,2900 Biscayne Blvd,Miami-Dade,FL,33137,25.80518,-80.188488,51500,74500,190,11,0,0,0,Settled
CUS00656,HCLM00656_01,HPOL00656_01,2021-01-22,2021-01-31,Wind,733 Main Ln,Orange,FL,32801,28.546738,-81.375962,37800,34300,36,9,0,1,0,Paid
CUS00656,HCLM00656_02,HPOL00656_02,2019-01-28,2019-02-07,Theft,733 Main Ln,Orange,FL,32801,28.546738,-81.375962,64800,83600,211,6,1,0,0,Paid
CUS00656,HCLM00656_03,HPOL00656_03,2019-11-12,2019-11-17,Hail,510 N Rome Ave,Hillsborough,FL,33606,27.930384,-82.488052,72900,121000,514,3,0,0,1,Litigated and Adjudicated
CUS00657,HCLM00657_01,HPOL00657_01,2023-09-14,2023-09-18,Fire,6301 S Westshore Blvd,Hillsborough,FL,33616,27.867894,-82.52435,29000,51400,218,5,0,1,0,Withdrawn
CUS00657,HCLM00657_02,HPOL00657_02,2019-09-20,2019-09-24,Wind,2900 Biscayne Blvd,Miami-Dade,FL,33137,25.80518,-80.188488,40300,35400,109,4,1,0,0,Partially Paid
CUS00659,HCLM00659_01,HPOL00659_01,2022-07-03,2022-07-17,Wind,2751 NW 84th St,Miami-Dade,FL,33147,25.858766,-80.24016,62500,98400,77,13,0,0,0,Withdrawn
CUS00659,HCLM00659_02,HPOL00659_02,2021-12-25,2021-12-30,Fire,2828 NW 1st Ave,Miami-Dade,FL,33127,25.79715,-80.197564,28300,44200,187,7,0,0,0,Withdrawn
CUS00660,HCLM00660_01,HPOL00660_01,2022-11-03,2022-11-07,Wind,2650 Dade Ave,Orange,FL,32804,28.583628,-81.389606,28100,39500,82,7,0,0,0,Closed Without Payment
CUS00661,HCLM00661_01,HPOL00661_01,2022-12-22,2022-12-22,Fire,3131 NE 1st Ave,Miami-Dade,FL,33137,25.807112,-80.193906,4800,6600,75,3,1,1,0,Closed Without Payment
CUS00661,HCLM00661_02,HPOL00661_02,2023-08-28,2023-09-07,Fire,3131 NE 1st Ave,Miami-Dade,FL,33137,25.807112,-80.193906,70600,96300,29,5,0,1,0,Closed Without Payment
CUS00662,HCLM00662_01,HPOL00662_01,2019-03-02,2019-03-13,Theft,230 NE 4th St,Miami-Dade,FL,33132,25.781976,-80.192572,22700,30300,187,11,0,1,0,Paid
CUS00662,HCLM00662_02,HPOL00662_02,2019-04-23,2019-04-27,Hail,10149 Arise Loop,Orange,FL,32837,28.397256,-81.42077,39800,56100,179,6,0,0,0,Withdrawn
CUS00662,HCLM00662_03,HPOL00662_03,2019-08-06,2019-08-15,Fire,230 NE 4th St,Miami-Dade,FL,33132,25.781976,-80.192572,36500,42700,41,10,1,0,0,Closed Without Payment
CUS00666,HCLM00666_01,HPOL00666_01,2023-07-13,2023-07-16,Wind,110 Zora Pl,Orange,FL,32810,28.615406,-81.425066,65500,70500,225,3,1,0,0,Paid
CUS00666,HCLM00666_02,HPOL00666_02,2020-06-26,2020-07-03,Wind,733 Main Ln,Orange,FL,32801,28.546738,-81.375962,64800,61600,125,3,0,0,0,Closed Without Payment
CUS00666,HCLM00666_03,HPOL00666_03,2021-02-25,2021-03-06,Vandalism,4000 Headwaters Way,Orange,FL,32837,28.386144,-81.418598,23100,32700,194,8,0,0,0,Closed Without Payment
CUS00666,HCLM00666_04,HPOL00666_04,2022-12-09,2022-12-17,Hurricane,510 N Rome Ave,Hillsborough,FL,33606,27.930384,-82.488052,50600,65200,209,5,0,0,0,Settled
CUS00666,HCLM00666_05,HPOL00666_05,2020-02-22,2020-03-05,Freeze,510 N Rome Ave,Hillsborough,FL,33606,27.930384,-82.488052,29000,24700,192,11,0,0,0,Settled
CUS00667,HCLM00667_01,HPOL00667_01,2020-12-13,2020-12-24,Freeze,9200 Randal Park Blvd,Orange,FL,32832,28.412212,-81.243592,63900,78800,215,12,1,1,0,Settled
CUS00667,HCLM00667_02,HPOL00667_02,2020-11-18,2020-12-01,Fire,10149 Arise Loop,Orange,FL,32837,28.397256,-81.42077,50300,48500,190,11,1,1,0,Withdrawn
CUS00667,HCLM00667_03,HPOL00667_03,2021-06-03,2021-06-10,Freeze,6970 SW 40th St,Miami-Dade,FL,33155,25.7421,-80.313298,34200,26700,164,11,0,0,0,Closed Without Payment
CUS00668,HCLM00668_01,HPOL00668_01,2020-04-18,2020-04-29,Hail,710 NE 1st Ave,Miami-Dade,FL,33132,25.783848,-80.189314,64500,88900,54,11,0,0,0,Closed Without Payment
CUS00668,HCLM00668_02,HPOL00668_02,2021-06-20,2021-06-27,Fire,3219 S Orange Ave,Orange,FL,32806,28.517866,-81.366976,24200,20200,105,10,0,0,0,Denied
CUS00669,HCLM00669_01,HPOL00669_01,2022-07-23,2022-07-24,Water,300 W Tyler St,Hillsborough,FL,33602,27.948668,-82.456928,16900,15900,102,13,0,1,0,Closed Without Payment
CUS00669,HCLM00669_02,HPOL00669_02,2023-12-08,2023-12-09,Lightning,410 N Orange Ave,Orange,FL,32801,28.538032,-81.373544,40700,34000,64,12,0,0,0,Denied
CUS00670,HCLM00670_01,HPOL00670_01,2021-03-16,2021-03-28,Water,5127 W Tyson Ave,Hillsborough,FL,33611,27.888982,-82.504054,51400,90100,170,11,0,1,0,Partially Paid
CUS00670,HCLM00670_02,HPOL00670_02,2022-10-13,2022-10-23,Vandalism,5127 W Tyson Ave,Hillsborough,FL,33611,27.888982,-82.504054,58900,63800,425,4,0,0,1,Litigated and Settled
CUS00670,HCLM00670_03,HPOL00670_03,2021-02-23,2021-02-28,Wind,5127 W Tyson Ave,Hillsborough,FL,33611,27.888982,-82.504054,38900,59700,149,7,0,1,0,Closed Without Payment
CUS00670,HCLM00670_04,HPOL00670_04,2021-05-16,2021-05-27,Freeze,5127 W Tyson Ave,Hillsborough,FL,33611,27.888982,-82.504054,35100,29700,202,6,0,0,0,Partially Paid
CUS00670,HCLM00670_05,HPOL00670_05,2023-05-09,2023-05-16,Fire,8733 Rooks Park Cir,Hillsborough,FL,33619,27.936594,-82.36584,69700,111600,96,3,0,0,0,Settled
CUS00671,HCLM00671_01,HPOL00671_01,2020-05-15,2020-05-15,Vandalism,700 SW 1st St,Miami-Dade,FL,33130,25.76502,-80.207664,60000,97200,109,7,0,0,0,Settled
CUS00671,HCLM00671_02,HPOL00671_02,2020-08-03,2020-08-05,Lightning,645 NW 1st St,Miami-Dade,FL,33128,25.768528,-80.198928,79900,113200,384,8,0,1,1,Litigated and Adjudicated
CUS00671,HCLM00671_03,HPOL00671_03,2020-10-26,2020-11-04,Hail,645 NW 1st St,Miami-Dade,FL,33128,25.768528,-80.198928,55700,59500,116,10,0,0,1,Litigated and Adjudicated
CUS00672,HCLM00672_01,HPOL00672_01,2023-04-27,2023-05-01,Theft,180 NE 29th St,Miami-Dade,FL,33137,25.808606,-80.19234,62700,74600,507,10,0,0,1,Litigated and Settled
CUS00673,HCLM00673_01,HPOL00673_01,2022-09-23,2022-09-27,Lightning,921 N Central Ave,Hillsborough,FL,33602,27.95189,-82.4639,4300,5700,125,12,0,0,0,Denied
CUS00673,HCLM00673_02,HPOL00673_02,2021-03-30,2021-04-03,Hurricane,921 N Central Ave,Hillsborough,FL,33602,27.95189,-82.4639,9700,8200,171,6,0,0,0,Denied
CUS00673,HCLM00673_03,HPOL00673_03,2023-08-16,2023-08-20,Hurricane,1115 E Twiggs St,Hillsborough,FL,33602,27.951524,-82.459604,39800,40500,255,12,0,0,1,Litigated and Adjudicated
CUS00675,HCLM00675_01,HPOL00675_01,2021-05-13,2021-05-20,Wind,1011 E Cumberland Ave,Hillsborough,FL,33602,27.948032,-82.463042,35400,62600,68,13,1,0,0,Withdrawn
CUS00675,HCLM00675_02,HPOL00675_02,2020-08-31,2020-09-05,Lightning,30 SW 1st St,Miami-Dade,FL,33130,25.765842,-80.208492,46300,44100,222,10,0,0,0,Settled
CUS00676,HCLM00676_01,HPOL00676_01,2021-02-19,2021-03-05,Fire,2901 NE 1st Ave,Miami-Dade,FL,33137,25.802168,-80.187402,37500,29800,224,8,0,0,0,Denied
CUS00676,HCLM00676_02,HPOL00676_02,2018-08-22,2018-08-28,Theft,901 W Chestnut St,Hillsborough,FL,33607,27.956886,-82.501454,22500,33700,173,10,1,0,0,Withdrawn
CUS00677,HCLM00677_01,HPOL00677_01,2022-02-22,2022-02-23,Water,355 N Rosalind Ave,Orange,FL,32801,28.545514,-81.378134,43500,35700,90,9,0,0,0,Paid
CUS00678,HCLM00678_01,HPOL00678_01,2021-05-26,2021-06-06,Freeze,510 N Rome Ave,Hillsborough,FL,33606,27.930384,-82.488052,38300,48500,144,3,1,0,0,Denied
CUS00678,HCLM00678_02,HPOL00678_02,2019-04-01,2019-04-14,Vandalism,510 N Rome Ave,Hillsborough,FL,33606,27.930384,-82.488052,68700,54100,142,4,0,0,0,Closed Without Payment
CUS00678,HCLM00678_03,HPOL00678_03,2020-02-28,2020-03-09,Fire,510 N Rome Ave,Hillsborough,FL,33606,27.930384,-82.488052,4100,3300,122,5,0,0,0,Withdrawn
CUS00679,HCLM00679_01,HPOL00679_01,2022-07-11,2022-07-23,Hurricane,6600 NW 7th St,Miami-Dade,FL,33126,25.778214,-80.295246,18000,19900,174,12,0,1,0,Denied
CUS00679,HCLM00679_02,HPOL00679_02,2020-10-30,2020-11-01,Freeze,6600 NW 7th St,Miami-Dade,FL,33126,25.778214,-80.295246,16800,25100,205,4,0,0,0,Denied
CUS00680,HCLM00680_01,HPOL00680_01,2022-12-02,2022-12-14,Vandalism,55 NE 2nd St,Miami-Dade,FL,33132,25.784184,-80.187508,49200,87900,150,12,0,0,0,Denied
CUS00680,HCLM00680_02,HPOL00680_02,2020-08-02,2020-08-05,Vandalism,9505 Axis Way,Orange,FL,32837,28.396944,-81.417614,10900,9500,384,9,0,1,1,Litigated and Settled
CUS00681,HCLM00681_01,HPOL00681_01,2021-12-17,2021-12-19,Lightning,2633 Azalea Garden Pl,Hillsborough,FL,33619,27.938868,-82.369974,8600,14200,140,10,0,0,0,Partially Paid
CUS00681,HCLM00681_02,HPOL00681_02,2019-08-08,2019-08-12,Vandalism,110 Zora Pl,Orange,FL,32810,28.615406,-81.425066,78400,106000,174,13,0,0,0,Denied
CUS00682,HCLM00682_01,HPOL00682_01,2020-07-24,2020-08-06,Vandalism,4301 Urbana Dr,Orange,FL,32837,28.394856,-81.424922,4000,6000,18,9,0,0,0,Paid
CUS00682,HCLM00682_02,HPOL00682_02,2020-03-11,2020-03-14,Freeze,4301 Urbana Dr,Orange,FL,32837,28.394856,-81.424922,60300,99400,199,12,1,0,1,Litigated and Adjudicated
CUS00685,HCLM00685_01,HPOL00685_01,2018-08-20,2018-09-03,Theft,452 NE 31st St,Miami-Dade,FL,33137,25.805582,-80.194716,38100,53300,72,6,0,0,0,Withdrawn
CUS00685,HCLM00685_02,HPOL00685_02,2020-05-07,2020-05-07,Theft,921 N Central Ave,Hillsborough,FL,33602,27.95189,-82.4639,68000,67600,76,3,0,1,0,Denied
CUS00686,HCLM00686_01,HPOL00686_01,2021-06-19,2021-06-27,Fire,9200 Randal Park Blvd,Orange,FL,32832,28.412212,-81.243592,40700,56500,93,9,0,0,1,Litigated and Settled
CUS00686,HCLM00686_02,HPOL00686_02,2022-06-25,2022-07-03,Water,101 Lake Ave,Orange,FL,32801,28.539466,-81.369524,28300,40400,234,5,1,0,1,Litigated and Adjudicated
CUS00687,HCLM00687_01,HPOL00687_01,2017-03-19,2017-03-24,Water,510 N Rome Ave,Hillsborough,FL,33606,27.930384,-82.488052,40600,32100,223,11,1,0,0,Partially Paid
CUS00687,HCLM00687_02,HPOL00687_02,2020-03-04,2020-03-13,Water,733 Main Ln,Orange,FL,32801,28.546738,-81.375962,26500,24600,82,11,0,0,0,Denied
CUS00687,HCLM00687_03,HPOL00687_03,2020-05-09,2020-05-15,Water,2900 Biscayne Blvd,Miami-Dade,FL,33137,25.80518,-80.188488,33600,57800,56,4,0,0,0,Withdrawn
CUS00688,HCLM00688_01,HPOL00688_01,2020-12-07,2020-12-20,Lightning,310 N Orange Ave,Orange,FL,32801,28.543216,-81.372806,64900,83500,107,6,0,0,0,Withdrawn
CUS00689,HCLM00689_01,HPOL00689_01,2018-05-29,2018-06-08,Hail,921 N Central Ave,Hillsborough,FL,33602,27.95189,-82.4639,16300,23800,90,3,0,0,1,Litigated and Settled
CUS00689,HCLM00689_02,HPOL00689_02,2020-07-19,2020-07-24,Freeze,921 N Central Ave,Hillsborough,FL,33602,27.95189,-82.4639,27300,43900,145,3,0,0,0,Settled
CUS00691,HCLM00691_01,HPOL00691_01,2018-09-20,2018-09-23,Vandalism,2828 NW 1st Ave,Miami-Dade,FL,33127,25.79715,-80.197564,17600,28500,72,4,0,1,0,Paid
CUS00691,HCLM00691_02,HPOL00691_02,2019-03-06,2019-03-18,Lightning,2828 NW 1st Ave,Miami-Dade,FL,33127,25.79715,-80.197564,13000,14400,115,12,0,0,0,Denied
CUS00692,HCLM00692_01,HPOL00692_01,2021-03-04,2021-03-11,Theft,10149 Arise Loop,Orange,FL,32837,28.397256,-81.42077,27300,29500,45,12,1,1,0,Partially Paid
CUS00693,HCLM00693_01,HPOL00693_01,2020-04-07,2020-04-19,Fire,520 E Church St,Orange,FL,32801,28.542388,-81.368972,48300,62500,102,10,0,0,0,Settled
CUS00693,HCLM00693_02,HPOL00693_02,2021-04-12,2021-04-25,Hail,6501 S Westshore Blvd,Hillsborough,FL,33616,27.869022,-82.523216,27200,35300,94,13,0,1,0,Paid
CUS00693,HCLM00693_03,HPOL00693_03,2023-06-22,2023-06-24,Hurricane,295 NE Ivanhoe Blvd,Orange,FL,32804,28.579332,-81.39362,68400,55600,103,8,0,1,0,Settled
CUS00694,HCLM00694_01,HPOL00694_01,2022-04-20,2022-05-01,Fire,110 Zora Pl,Orange,FL,32810,28.615406,-81.425066,7400,8900,59,12,1,0,0,Closed Without Payment
CUS00694,HCLM00694_02,HPOL00694_02,2021-05-22,2021-05-22,Hurricane,109 W Fortune St,Hillsborough,FL,33602,27.947222,-82.458452,48100,82300,41,12,0,0,0,Partially Paid
CUS00694,HCLM00694_03,HPOL00694_03,2021-08-27,2021-08-29,Water,2828 NW 1st Ave,Miami-Dade,FL,33127,25.79715,-80.197564,56000,43900,144,13,0,0,0,Partially Paid
CUS00697,HCLM00697_01,HPOL00697_01,2018-11-17,2018-11-24,Freeze,733 Main Ln,Orange,FL,32801,28.546738,-81.375962,58600,68000,187,3,1,0,0,Withdrawn
CUS00697,HCLM00697_02,HPOL00697_02,2021-03-14,2021-03-20,Hurricane,101 W Beach Pl,Hillsborough,FL,33606,27.939852,-82.48549,41600,68900,198,9,0,0,0,Paid
CUS00697,HCLM00697_03,HPOL00697_03,2019-03-04,2019-03-10,Water,733 Main Ln,Orange,FL,32801,28.546738,-81.375962,18300,25700,87,7,1,0,0,Denied
CUS00697,HCLM00697_04,HPOL00697_04,2020-11-19,2020-11-19,Wind,733 Main Ln,Orange,FL,32801,28.546738,-81.375962,6700,11200,229,4,0,1,0,Partially Paid
CUS00698,HCLM00698_01,HPOL00698_01,2022-02-18,2022-02-21,Wind,101 Lake Ave,Orange,FL,32801,28.539466,-81.369524,57900,95800,125,5,0,0,0,Settled
CUS00698,HCLM00698_02,HPOL00698_02,2022-03-06,2022-03-18,Wind,520 E Church St,Orange,FL,32801,28.542388,-81.368972,74500,79200,65,6,0,0,0,Withdrawn
CUS00699,HCLM00699_01,HPOL00699_01,2022-12-02,2022-12-08,Wind,1115 E Twiggs St,Hillsborough,FL,33602,27.951524,-82.459604,11700,11500,159,9,1,0,0,Denied
CUS00701,HCLM00701_01,HPOL00701_01,2023-06-14,2023-06-24,Lightning,520 E Church St,Orange,FL,32801,28.542388,-81.368972,8700,7800,55,9,0,1,0,Settled
CUS00705,HCLM00705_01,HPOL00705_01,2022-10-23,2022-11-01,Hurricane,1011 E Cumberland Ave,Hillsborough,FL,33602,27.948032,-82.463042,9700,10700,175,12,0,0,0,Partially Paid
CUS00705,HCLM00705_02,HPOL00705_02,2021-04-29,2021-05-01,Hail,9200 Randal Park Blvd,Orange,FL,32832,28.412212,-81.243592,32200,27100,153,4,1,0,1,Litigated and Adjudicated
CUS00705,HCLM00705_03,HPOL00705_03,2020-08-27,2020-09-04,Vandalism,1011 E Cumberland Ave,Hillsborough,FL,33602,27.948032,-82.463042,65900,58600,133,9,0,0,0,Paid
CUS00707,HCLM00707_01,HPOL00707_01,2022-01-16,2022-01-17,Vandalism,30 SW 1st St,Miami-Dade,FL,33130,25.765842,-80.208492,52000,52500,38,10,1,0,0,Closed Without Payment
CUS00707,HCLM00707_02,HPOL00707_02,2018-08-20,2018-08-23,Water,30 SW 1st St,Miami-Dade,FL,33130,25.765842,-80.208492,54400,97200,137,9,0,0,1,Litigated and Settled
CUS00707,HCLM00707_03,HPOL00707_03,2020-10-27,2020-11-07,Water,30 SW 1st St,Miami-Dade,FL,33130,25.765842,-80.208492,18300,25300,195,12,0,0,0,Partially Paid
CUS00707,HCLM00707_04,HPOL00707_04,2020-07-22,2020-07-24,Hurricane,30 SW 1st St,Miami-Dade,FL,33130,25.765842,-80.208492,28500,24300,327,4,0,0,1,Litigated and Adjudicated
CUS00708,HCLM00708_01,HPOL00708_01,2020-08-16,2020-08-19,Hail,1211 E Kennedy Blvd,Hillsborough,FL,33602,27.950366,-82.46105,60000,93700,67,11,0,0,0,Closed Without Payment
CUS00709,HCLM00709_01,HPOL00709_01,2017-01-31,2017-02-10,Hail,12112 Sugarloaf Key St,Hillsborough,FL,33626,28.058486,-82.624672,38700,32300,244,7,1,0,1,Litigated and Settled
CUS00710,HCLM00710_01,HPOL00710_01,2021-11-11,2021-11-25,Theft,355 N Rosalind Ave,Orange,FL,32801,28.545514,-81.378134,69000,108200,91,12,0,0,0,Partially Paid
CUS00710,HCLM00710_02,HPOL00710_02,2021-11-18,2021-11-18,Hurricane,6904 Ralston Pl Dr,Hillsborough,FL,33614,28.00581,-82.507956,12900,13300,43,12,0,1,0,Settled
CUS00710,HCLM00710_03,HPOL00710_03,2021-03-24,2021-03-29,Hail,109 W Fortune St,Hillsborough,FL,33602,27.947222,-82.458452,45800,76600,46,4,1,1,0,Withdrawn
CUS00711,HCLM00711_01,HPOL00711_01,2019-08-31,2019-09-11,Lightning,9931 W Flagler St,Miami-Dade,FL,33174,25.75642,-80.352414,58200,78300,407,13,0,0,1,Litigated and Adjudicated
CUS00711,HCLM00711_02,HPOL00711_02,2018-07-15,2018-07-22,Hurricane,9931 W Flagler St,Miami-Dade,FL,33174,25.75642,-80.352414,78800,135600,182,4,0,0,0,Withdrawn
CUS00712,HCLM00712_01,HPOL00712_01,2020-11-04,2020-11-12,Hurricane,3219 S Orange Ave,Orange,FL,32806,28.517866,-81.366976,5500,5100,166,9,0,0,0,Denied
CUS00712,HCLM00712_02,HPOL00712_02,2020-03-12,2020-03-24,Lightning,3015 N Rocky Point Dr E,Hillsborough,FL,33607,27.964764,-82.501766,27000,21100,47,5,0,0,0,Paid
CUS00712,HCLM00712_03,HPOL00712_03,2021-12-09,2021-12-20,Fire,218 NW 8th St,Miami-Dade,FL,33136,25.785132,-80.210772,43800,42100,193,11,0,0,0,Denied
CUS00712,HCLM00712_04,HPOL00712_04,2020-05-21,2020-05-26,Hurricane,901 W Chestnut St,Hillsborough,FL,33607,27.956886,-82.501454,4000,3000,195,9,1,1,0,Withdrawn
CUS00713,HCLM00713_01,HPOL00713_01,2021-09-06,2021-09-07,Water,1211 E Kennedy Blvd,Hillsborough,FL,33602,27.950366,-82.46105,31900,51700,85,5,1,0,0,Withdrawn
CUS00713,HCLM00713_02,HPOL00713_02,2023-11-15,2023-11-26,Hurricane,1211 E Kennedy Blvd,Hillsborough,FL,33602,27.950366,-82.46105,46300,75300,122,5,0,0,0,Denied
CUS00713,HCLM00713_03,HPOL00713_03,2022-02-20,2022-02-27,Water,1211 E Kennedy Blvd,Hillsborough,FL,33602,27.950366,-82.46105,24400,23700,81,7,0,1,0,Withdrawn
CUS00713,HCLM00713_04,HPOL00713_04,2024-07-24,2024-07-24,Lightning,1211 E Kennedy Blvd,Hillsborough,FL,33602,27.950366,-82.46105,17000,20300,178,5,0,1,0,Partially Paid
CUS00714,HCLM00714_01,HPOL00714_01,2022-02-17,2022-02-20,Freeze,9931 W Flagler St,Miami-Dade,FL,33174,25.75642,-80.352414,11300,15600,225,6,0,1,0,Partially Paid
CUS00714,HCLM00714_02,HPOL00714_02,2023-10-30,2023-11-12,Water,110 Zora Pl,Orange,FL,32810,28.615406,-81.425066,21900,32400,74,11,0,1,0,Paid
CUS00715,HCLM00715_01,HPOL00715_01,2020-06-19,2020-06-26,Water,2633 Azalea Garden Pl,Hillsborough,FL,33619,27.938868,-82.369974,39600,66700,208,3,0,0,0,Withdrawn
CUS00716,HCLM00716_01,HPOL00716_01,2019-09-28,2019-09-28,Wind,101 Lake Ave,Orange,FL,32801,28.539466,-81.369524,20900,15400,24,3,0,0,0,Withdrawn
CUS00716,HCLM00716_02,HPOL00716_02,2020-04-17,2020-04-28,Wind,101 Lake Ave,Orange,FL,32801,28.539466,-81.369524,23700,33800,133,12,1,1,0,Withdrawn
CUS00717,HCLM00717_01,HPOL00717_01,2020-11-11,2020-11-16,Water,5432 W Tyson Ave,Hillsborough,FL,33611,27.888268,-82.506778,74200,124600,153,4,0,0,0,Partially Paid
CUS00717,HCLM00717_02,HPOL00717_02,2019-11-24,2019-11-25,Wind,6904 Ralston Pl Dr,Hillsborough,FL,33614,28.00581,-82.507956,33200,34900,101,11,0,0,0,Closed Without Payment
CUS00717,HCLM00717_03,HPOL00717_03,2021-05-21,2021-05-28,Water,6904 Ralston Pl Dr,Hillsborough,FL,33614,28.00581,-82.507956,66500,71500,206,6,1,1,0,Denied
CUS00717,HCLM00717_04,HPOL00717_04,2023-07-02,2023-07-10,Wind,5432 W Tyson Ave,Hillsborough,FL,33611,27.888268,-82.506778,52600,57200,81,8,0,1,0,Closed Without Payment
CUS00718,HCLM00718_01,HPOL00718_01,2020-07-10,2020-07-19,Vandalism,5127 W Tyson Ave,Hillsborough,FL,33611,27.888982,-82.504054,55600,87900,173,3,0,0,0,Settled
CUS00718,HCLM00718_02,HPOL00718_02,2020-12-15,2020-12-24,Freeze,5127 W Tyson Ave,Hillsborough,FL,33611,27.888982,-82.504054,5900,6900,27,4,0,0,0,Paid
CUS00719,HCLM00719_01,HPOL00719_01,2024-07-03,2024-07-13,Hail,109 W Fortune St,Hillsborough,FL,33602,27.947222,-82.458452,33700,54600,214,4,0,1,0,Withdrawn
CUS00720,HCLM00720_01,HPOL00720_01,2021-01-12,2021-01-18,Vandalism,180 NE 29th St,Miami-Dade,FL,33137,25.808606,-80.19234,48300,83200,24,11,1,0,0,Denied
CUS00720,HCLM00720_02,HPOL00720_02,2022-09-18,2022-09-22,Vandalism,180 NE 29th St,Miami-Dade,FL,33137,25.808606,-80.19234,33700,52500,86,9,1,0,1,Litigated and Settled
CUS00720,HCLM00720_03,HPOL00720_03,2024-03-12,2024-03-25,Fire,180 NE 29th St,Miami-Dade,FL,33137,25.808606,-80.19234,59300,92700,149,13,0,0,0,Denied
CUS00721,HCLM00721_01,HPOL00721_01,2020-09-14,2020-09-21,Vandalism,230 NE 4th St,Miami-Dade,FL,33132,25.781976,-80.192572,35500,42200,244,3,1,0,1,Litigated and Settled
CUS00721,HCLM00721_02,HPOL00721_02,2022-07-03,2022-07-16,Theft,230 NE 4th St,Miami-Dade,FL,33132,25.781976,-80.192572,6200,9200,63,12,1,0,0,Paid
CUS00722,HCLM00722_01,HPOL00722_01,2020-08-20,2020-09-02,Lightning,1211 E Kennedy Blvd,Hillsborough,FL,33602,27.950366,-82.46105,57400,55800,33,12,0,0,0,Settled
CUS00722,HCLM00722_02,HPOL00722_02,2022-10-23,2022-10-26,Vandalism,8733 Rooks Park Cir,Hillsborough,FL,33619,27.936594,-82.36584,68500,117500,199,10,0,0,0,Closed Without Payment
CUS00723,HCLM00723_01,HPOL00723_01,2022-04-02,2022-04-12,Hail,30 SW 1st St,Miami-Dade,FL,33130,25.765842,-80.208492,79400,65800,216,11,0,0,0,Partially Paid
CUS00723,HCLM00723_02,HPOL00723_02,2021-12-08,2021-12-08,Fire,30 SW 1st St,Miami-Dade,FL,33130,25.765842,-80.208492,45400,63900,19,11,0,0,0,Closed Without Payment
CUS00724,HCLM00724_01,HPOL00724_01,2023-05-28,2023-06-06,Water,3015 N Rocky Point Dr E,Hillsborough,FL,33607,27.964764,-82.501766,7000,11800,65,6,0,0,0,Settled
CUS00724,HCLM00724_02,HPOL00724_02,2024-08-05,2024-08-13,Vandalism,180 NE 29th St,Miami-Dade,FL,33137,25.808606,-80.19234,22900,26600,158,5,0,0,0,Denied
CUS00725,HCLM00725_01,HPOL00725_01,2020-09-04,2020-09-12,Vandalism,510 N Rome Ave,Hillsborough,FL,33606,27.930384,-82.488052,65100,67100,127,6,0,0,0,Withdrawn
CUS00726,HCLM00726_01,HPOL00726_01,2018-10-27,2018-10-29,Wind,218 NW 8th St,Miami-Dade,FL,33136,25.785132,-80.210772,71000,74700,46,13,0,0,0,Paid
CUS00726,HCLM00726_02,HPOL00726_02,2019-07-25,2019-07-27,Wind,55 NE 2nd St,Miami-Dade,FL,33132,25.784184,-80.187508,63300,109300,271,6,0,1,1,Litigated and Adjudicated
CUS00727,HCLM00727_01,HPOL00727_01,2020-07-08,2020-07-18,Freeze,230 NE 4th St,Miami-Dade,FL,33132,25.781976,-80.192572,30400,29900,191,13,0,0,0,Settled
CUS00727,HCLM00727_02,HPOL00727_02,2019-11-11,2019-11-18,Vandalism,1115 E Twiggs St,Hillsborough,FL,33602,27.951524,-82.459604,25300,39400,195,4,0,1,0,Paid
CUS00727,HCLM00727_03,HPOL00727_03,2023-04-27,2023-05-09,Water,1115 E Twiggs St,Hillsborough,FL,33602,27.951524,-82.459604,55400,98800,311,6,1,1,1,Litigated and Settled
CUS00727,HCLM00727_04,HPOL00727_04,2022-08-25,2022-08-30,Water,1115 E Twiggs St,Hillsborough,FL,33602,27.951524,-82.459604,47100,59000,144,4,0,1,0,Settled
CUS00727,HCLM00727_05,HPOL00727_05,2019-02-15,2019-03-01,Water,1115 E Twiggs St,Hillsborough,FL,33602,27.951524,-82.459604,36300,42600,206,10,0,0,0,Paid
CUS00729,HCLM00729_01,HPOL00729_01,2023-02-08,2023-02-12,Vandalism,5127 W Tyson Ave,Hillsborough,FL,33611,27.888982,-82.504054,70300,70500,107,3,1,0,0,Closed Without Payment
CUS00729,HCLM00729_02,HPOL00729_02,2020-06-08,2020-06-09,Fire,2650 Dade Ave,Orange,FL,32804,28.583628,-81.389606,77600,74200,202,10,1,0,0,Partially Paid
CUS00730,HCLM00730_01,HPOL00730_01,2018-09-15,2018-09-26,Vandalism,5009 Park Central Dr,Orange,FL,32839,28.48606,-81.403886,40700,63800,41,7,0,0,0,Settled
CUS00732,HCLM00732_01,HPOL00732_01,2020-07-15,2020-07-16,Water,4301 Urbana Dr,Orange,FL,32837,28.394856,-81.424922,55900,46200,40,5,0,1,0,Settled
CUS00733,HCLM00733_01,HPOL00733_01,2022-11-24,2022-12-01,Fire,700 SW 1st St,Miami-Dade,FL,33130,25.76502,-80.207664,19300,17200,555,13,0,0,1,Litigated and Settled
CUS00733,HCLM00733_02,HPOL00733_02,2024-02-02,2024-02-08,Hurricane,2828 NW 1st Ave,Miami-Dade,FL,33127,25.79715,-80.197564,8300,14100,58,10,0,0,0,Partially Paid
CUS00734,HCLM00734_01,HPOL00734_01,2019-04-06,2019-04-13,Lightning,2050 Jake St,Orange,FL,32814,28.560782,-81.32269,54300,79000,190,13,0,0,0,Denied
CUS00734,HCLM00734_02,HPOL00734_02,2020-04-05,2020-04-17,Hurricane,2050 Jake St,Orange,FL,32814,28.560782,-81.32269,68200,86400,179,11,0,0,0,Denied
CUS00735,HCLM00735_01,HPOL00735_01,2021-07-29,2021-08-10,Water,2050 Jake St,Orange,FL,32814,28.560782,-81.32269,67800,91800,208,7,0,0,0,Partially Paid
CUS00735,HCLM00735_02,HPOL00735_02,2023-07-11,2023-07-16,Wind,2050 Jake St,Orange,FL,32814,28.560782,-81.32269,67700,48800,213,11,1,1,0,Withdrawn
CUS00738,HCLM00738_01,HPOL00738_01,2021-01-20,2021-01-20,Hurricane,2900 Biscayne Blvd,Miami-Dade,FL,33137,25.80518,-80.188488,21900,37700,191,7,0,0,0,Denied
CUS00738,HCLM00738_02,HPOL00738_02,2023-04-18,2023-04-23,Wind,2900 Biscayne Blvd,Miami-Dade,FL,33137,25.80518,-80.188488,7200,8700,171,7,0,1,0,Denied
CUS00739,HCLM00739_01,HPOL00739_01,2017-08-21,2017-08-26,Vandalism,101 Lake Ave,Orange,FL,32801,28.539466,-81.369524,37000,38700,441,3,0,0,1,Litigated and Adjudicated
CUS00739,HCLM00739_02,HPOL00739_02,2021-02-16,2021-02-28,Water,101 Lake Ave,Orange,FL,32801,28.539466,-81.369524,53200,44300,59,7,0,0,0,Paid
CUS00739,HCLM00739_03,HPOL00739_03,2021-05-24,2021-06-02,Water,101 Lake Ave,Orange,FL,32801,28.539466,-81.369524,76800,114100,159,5,0,0,0,Denied
CUS00739,HCLM00739_04,HPOL00739_04,2020-03-17,2020-03-31,Water,101 Lake Ave,Orange,FL,32801,28.539466,-81.369524,44600,31800,125,11,1,1,0,Settled
CUS00740,HCLM00740_01,HPOL00740_01,2017-07-01,2017-07-04,Hail,1211 E Kennedy Blvd,Hillsborough,FL,33602,27.950366,-82.46105,15000,19300,66,3,0,0,0,Denied
CUS00740,HCLM00740_02,HPOL00740_02,2019-03-21,2019-04-04,Lightning,700 SW 1st St,Miami-Dade,FL,33130,25.76502,-80.207664,20700,32500,76,7,0,0,0,Settled
CUS00740,HCLM00740_03,HPOL00740_03,2021-01-29,2021-02-02,Hurricane,4000 Headwaters Way,Orange,FL,32837,28.386144,-81.418598,30600,52600,46,3,1,0,1,Litigated and Adjudicated
CUS00741,HCLM00741_01,HPOL00741_01,2023-12-16,2023-12-29,Theft,4000 Headwaters Way,Orange,FL,32837,28.386144,-81.418598,32000,51500,90,5,0,0,0,Paid
CUS00742,HCLM00742_01,HPOL00742_01,2021-09-17,2021-09-23,Hurricane,8733 Rooks Park Cir,Hillsborough,FL,33619,27.936594,-82.36584,52500,92000,186,4,0,1,0,Paid
CUS00742,HCLM00742_02,HPOL00742_02,2025-06-05,2025-06-13,Vandalism,1000 NW 7th St,Miami-Dade,FL,33136,25.78563,-80.201058,33600,37700,533,7,1,0,1,Litigated and Adjudicated
CUS00742,HCLM00742_03,HPOL00742_03,2025-05-31,2025-06-07,Fire,8733 Rooks Park Cir,Hillsborough,FL,33619,27.936594,-82.36584,72100,113400,110,9,0,0,0,Paid
CUS00743,HCLM00743_01,HPOL00743_01,2020-12-24,2021-01-03,Fire,101 W Beach Pl,Hillsborough,FL,33606,27.939852,-82.48549,4600,4400,190,12,1,0,0,Withdrawn
CUS00743,HCLM00743_02,HPOL00743_02,2020-04-12,2020-04-13,Lightning,109 W Fortune St,Hillsborough,FL,33602,27.947222,-82.458452,56500,42600,113,5,0,0,0,Withdrawn
CUS00743,HCLM00743_03,HPOL00743_03,2019-11-26,2019-12-05,Wind,109 W Fortune St,Hillsborough,FL,33602,27.947222,-82.458452,27900,41100,117,6,1,0,0,Denied
CUS00744,HCLM00744_01,HPOL00744_01,2019-03-18,2019-03-21,Water,9931 W Flagler St,Miami-Dade,FL,33174,25.75642,-80.352414,66500,57100,221,4,1,0,0,Settled
CUS00744,HCLM00744_02,HPOL00744_02,2019-01-09,2019-01-17,Wind,110 Zora Pl,Orange,FL,32810,28.615406,-81.425066,66200,62800,92,7,0,0,0,Closed Without Payment
CUS00744,HCLM00744_03,HPOL00744_03,2019-07-17,2019-07-26,Freeze,9931 W Flagler St,Miami-Dade,FL,33174,25.75642,-80.352414,77600,94500,126,8,0,0,0,Closed Without Payment
CUS00745,HCLM00745_01,HPOL00745_01,2020-03-19,2020-03-26,Fire,510 N Rome Ave,Hillsborough,FL,33606,27.930384,-82.488052,43600,69400,153,10,0,0,0,Partially Paid
CUS00745,HCLM00745_02,HPOL00745_02,2023-03-23,2023-03-31,Hurricane,9567 Sunbelt St,Hillsborough,FL,33635,28.022792,-82.61563,79800,112400,126,4,0,0,0,Settled
CUS00745,HCLM00745_03,HPOL00745_03,2019-10-24,2019-10-26,Fire,2751 NW 84th St,Miami-Dade,FL,33147,25.858766,-80.24016,6600,8200,213,5,0,0,0,Denied
CUS00746,HCLM00746_01,HPOL00746_01,2023-10-20,2023-10-21,Freeze,410 N Orange Ave,Orange,FL,32801,28.538032,-81.373544,46100,70700,154,5,0,1,0,Closed Without Payment
CUS00746,HCLM00746_02,HPOL00746_02,2023-04-24,2023-04-27,Freeze,9200 Randal Park Blvd,Orange,FL,32832,28.412212,-81.243592,15400,20500,80,12,0,0,0,Settled
CUS00747,HCLM00747_01,HPOL00747_01,2018-09-05,2018-09-10,Freeze,101 Lake Ave,Orange,FL,32801,28.539466,-81.369524,65800,68200,100,10,0,0,1,Litigated and Adjudicated
CUS00750,HCLM00750_01,HPOL00750_01,2019-05-24,2019-06-04,Wind,2650 Dade Ave,Orange,FL,32804,28.583628,-81.389606,45900,42800,96,8,0,1,0,Closed Without Payment
CUS00751,HCLM00751_01,HPOL00751_01,2020-03-03,2020-03-16,Theft,55 NE 2nd St,Miami-Dade,FL,33132,25.784184,-80.187508,19800,28900,70,13,0,0,0,Closed Without Payment
CUS00751,HCLM00751_02,HPOL00751_02,2021-08-10,2021-08-20,Hail,9931 W Flagler St,Miami-Dade,FL,33174,25.75642,-80.352414,48700,66400,69,13,0,0,0,Partially Paid
CUS00751,HCLM00751_03,HPOL00751_03,2017-07-27,2017-08-09,Wind,2633 Azalea Garden Pl,Hillsborough,FL,33619,27.938868,-82.369974,40100,65000,141,4,0,0,0,Paid
CUS00751,HCLM00751_04,HPOL00751_04,2018-02-05,2018-02-09,Fire,7575 Universal Blvd,Orange,FL,32819,28.451704,-81.47356,44900,66300,418,11,1,0,1,Litigated and Adjudicated
CUS00751,HCLM00751_05,HPOL00751_05,2018-04-06,2018-04-08,Hail,7575 Universal Blvd,Orange,FL,32819,28.451704,-81.47356,63900,89400,144,11,0,0,0,Paid
CUS00752,HCLM00752_01,HPOL00752_01,2022-11-23,2022-12-04,Vandalism,55 NE 2nd St,Miami-Dade,FL,33132,25.784184,-80.187508,25600,39700,195,10,0,0,0,Denied
CUS00752,HCLM00752_02,HPOL00752_02,2021-05-25,2021-06-04,Fire,9505 Axis Way,Orange,FL,32837,28.396944,-81.417614,72600,71000,71,13,0,0,0,Withdrawn
CUS00753,HCLM00753_01,HPOL00753_01,2022-04-11,2022-04-11,Water,218 NW 8th St,Miami-Dade,FL,33136,25.785132,-80.210772,53800,80400,59,11,0,0,1,Litigated and Adjudicated
CUS00753,HCLM00753_02,HPOL00753_02,2021-02-08,2021-02-15,Theft,109 W Fortune St,Hillsborough,FL,33602,27.947222,-82.458452,9300,10500,113,12,0,0,0,Paid
CUS00754,HCLM00754_01,HPOL00754_01,2019-01-15,2019-01-21,Wind,2828 NW 1st Ave,Miami-Dade,FL,33127,25.79715,-80.197564,32400,46000,197,12,0,0,0,Denied
CUS00754,HCLM00754_02,HPOL00754_02,2019-04-25,2019-05-04,Hurricane,3219 S Orange Ave,Orange,FL,32806,28.517866,-81.366976,65100,58200,173,13,0,0,0,Withdrawn
CUS00755,HCLM00755_01,HPOL00755_01,2024-07-22,2024-07-29,Water,7511 Solstice Cir,Orange,FL,32821,28.411672,-81.46685,22500,29200,164,13,0,0,0,Paid
CUS00755,HCLM00755_02,HPOL00755_02,2020-12-28,2020-12-31,Wind,7511 Solstice Cir,Orange,FL,32821,28.411672,-81.46685,52100,46300,44,13,0,0,0,Closed Without Payment
CUS00756,HCLM00756_01,HPOL00756_01,2021-12-02,2021-12-08,Lightning,520 E Church St,Orange,FL,32801,28.542388,-81.368972,19500,21600,138,5,0,0,0,Closed Without Payment
CUS00756,HCLM00756_02,HPOL00756_02,2021-01-14,2021-01-28,Lightning,452 NE 31st St,Miami-Dade,FL,33137,25.805582,-80.194716,30000,29800,185,7,0,0,0,Closed Without Payment
CUS00757,HCLM00757_01,HPOL00757_01,2022-01-25,2022-02-05,Lightning,2050 Jake St,Orange,FL,32814,28.560782,-81.32269,20300,27100,75,9,0,0,0,Denied
CUS00757,HCLM00757_02,HPOL00757_02,2022-05-28,2022-06-03,Lightning,645 NW 1st St,Miami-Dade,FL,33128,25.768528,-80.198928,72200,52300,188,10,1,0,1,Litigated and Settled
CUS00758,HCLM00758_01,HPOL00758_01,2023-05-15,2023-05-28,Water,2900 Biscayne Blvd,Miami-Dade,FL,33137,25.80518,-80.188488,5500,4300,145,5,0,1,0,Denied
CUS00759,HCLM00759_01,HPOL00759_01,2019-11-14,2019-11-21,Hurricane,310 N Orange Ave,Orange,FL,32801,28.543216,-81.372806,31700,34400,167,13,0,0,0,Settled
CUS00760,HCLM00760_01,HPOL00760_01,2022-04-12,2022-04-22,Lightning,310 N Orange Ave,Orange,FL,32801,28.543216,-81.372806,8500,13600,527,3,0,0,1,Litigated and Adjudicated
CUS00760,HCLM00760_02,HPOL00760_02,2025-04-24,2025-04-26,Hail,9567 Sunbelt St,Hillsborough,FL,33635,28.022792,-82.61563,33800,25000,167,4,1,1,0,Partially Paid
CUS00761,HCLM00761_01,HPOL00761_01,2022-10-17,2022-10-19,Freeze,520 E Church St,Orange,FL,32801,28.542388,-81.368972,75200,88800,64,11,0,0,0,Denied
CUS00761,HCLM00761_02,HPOL00761_02,2023-02-21,2023-02-26,Wind,3131 NE 1st Ave,Miami-Dade,FL,33137,25.807112,-80.193906,68900,113900,116,4,0,1,0,Partially Paid
CUS00762,HCLM00762_01,HPOL00762_01,2021-10-01,2021-10-12,Vandalism,5127 W Tyson Ave,Hillsborough,FL,33611,27.888982,-82.504054,57900,80000,19,3,0,1,0,Settled
CUS00763,HCLM00763_01,HPOL00763_01,2021-04-26,2021-04-30,Freeze,2050 Jake St,Orange,FL,32814,28.560782,-81.32269,18900,18100,200,10,0,0,0,Denied
CUS00763,HCLM00763_02,HPOL00763_02,2018-06-06,2018-06-11,Fire,2050 Jake St,Orange,FL,32814,28.560782,-81.32269,26500,21900,189,4,1,0,0,Denied
CUS00763,HCLM00763_03,HPOL00763_03,2021-05-31,2021-06-13,Freeze,2050 Jake St,Orange,FL,32814,28.560782,-81.32269,56600,71700,225,8,1,0,0,Withdrawn
CUS00764,HCLM00764_01,HPOL00764_01,2020-01-02,2020-01-07,Wind,8733 Rooks Park Cir,Hillsborough,FL,33619,27.936594,-82.36584,27500,26100,158,5,0,0,0,Settled
CUS00765,HCLM00765_01,HPOL00765_01,2021-07-06,2021-07-20,Lightning,6904 Ralston Pl Dr,Hillsborough,FL,33614,28.00581,-82.507956,73700,70700,60,7,1,0,0,Paid
CUS00766,HCLM00766_01,HPOL00766_01,2021-03-31,2021-04-12,Vandalism,1011 E Cumberland Ave,Hillsborough,FL,33602,27.948032,-82.463042,46300,67200,94,5,0,0,0,Denied
CUS00767,HCLM00767_01,HPOL00767_01,2022-09-06,2022-09-10,Wind,1211 E Kennedy Blvd,Hillsborough,FL,33602,27.950366,-82.46105,25300,43900,173,6,0,0,0,Paid
CUS00769,HCLM00769_01,HPOL00769_01,2019-05-10,2019-05-15,Vandalism,733 Main Ln,Orange,FL,32801,28.546738,-81.375962,62200,94600,207,3,0,0,0,Partially Paid
CUS00769,HCLM00769_02,HPOL00769_02,2020-08-31,2020-09-12,Wind,733 Main Ln,Orange,FL,32801,28.546738,-81.375962,47900,39500,193,6,0,1,0,Denied
CUS00769,HCLM00769_03,HPOL00769_03,2018-05-24,2018-05-26,Wind,733 Main Ln,Orange,FL,32801,28.546738,-81.375962,18700,14600,209,5,1,0,0,Closed Without Payment
CUS00769,HCLM00769_04,HPOL00769_04,2021-09-02,2021-09-05,Wind,101 W Beach Pl,Hillsborough,FL,33606,27.939852,-82.48549,68600,119600,89,11,0,0,0,Denied
CUS00769,HCLM00769_05,HPOL00769_05,2021-10-24,2021-11-07,Wind,733 Main Ln,Orange,FL,32801,28.546738,-81.375962,13900,21100,20,3,0,0,0,Closed Without Payment
CUS00770,HCLM00770_01,HPOL00770_01,2021-04-07,2021-04-13,Hail,1011 E Cumberland Ave,Hillsborough,FL,33602,27.948032,-82.463042,10800,7800,118,5,1,0,0,Partially Paid
CUS00770,HCLM00770_02,HPOL00770_02,2021-02-12,2021-02-23,Wind,101 W Beach Pl,Hillsborough,FL,33606,27.939852,-82.48549,7300,5600,38,13,0,0,0,Partially Paid
CUS00771,HCLM00771_01,HPOL00771_01,2021-07-23,2021-07-26,Freeze,10149 Arise Loop,Orange,FL,32837,28.397256,-81.42077,50500,58100,77,10,0,0,0,Withdrawn
CUS00771,HCLM00771_02,HPOL00771_02,2021-11-01,2021-11-10,Freeze,9200 Randal Park Blvd,Orange,FL,32832,28.412212,-81.243592,68300,103300,405,8,0,0,1,Litigated and Settled
CUS00771,HCLM00771_03,HPOL00771_03,2019-06-24,2019-06-29,Vandalism,10149 Arise Loop,Orange,FL,32837,28.397256,-81.42077,78800,121500,214,10,1,1,0,Closed Without Payment
CUS00772,HCLM00772_01,HPOL00772_01,2021-10-17,2021-10-30,Fire,452 NE 31st St,Miami-Dade,FL,33137,25.805582,-80.194716,74100,120800,42,6,0,0,0,Withdrawn
CUS00773,HCLM00773_01,HPOL00773_01,2020-03-23,2020-03-24,Lightning,3219 S Orange Ave,Orange,FL,32806,28.517866,-81.366976,18900,24700,83,7,0,1,0,Paid
CUS00773,HCLM00773_02,HPOL00773_02,2018-08-06,2018-08-20,Fire,109 W Fortune St,Hillsborough,FL,33602,27.947222,-82.458452,14600,14400,59,12,0,0,0,Partially Paid
CUS00773,HCLM00773_03,HPOL00773_03,2018-11-28,2018-12-11,Fire,2751 NW 84th St,Miami-Dade,FL,33147,25.858766,-80.24016,52400,48000,194,5,0,0,0,Denied
CUS00774,HCLM00774_01,HPOL00774_01,2022-10-02,2022-10-12,Wind,520 E Church St,Orange,FL,32801,28.542388,-81.368972,63500,113700,59,3,0,0,0,Settled
CUS00774,HCLM00774_02,HPOL00774_02,2019-05-18,2019-05-29,Water,355 N Rosalind Ave,Orange,FL,32801,28.545514,-81.378134,52600,84200,209,3,1,0,0,Closed Without Payment
CUS00775,HCLM00775_01,HPOL00775_01,2023-01-28,2023-02-07,Fire,2050 Jake St,Orange,FL,32814,28.560782,-81.32269,65400,66600,119,13,0,0,0,Paid
CUS00776,HCLM00776_01,HPOL00776_01,2023-01-27,2023-02-07,Vandalism,180 NE 29th St,Miami-Dade,FL,33137,25.808606,-80.19234,31400,42000,77,5,0,0,0,Closed Without Payment
CUS00776,HCLM00776_02,HPOL00776_02,2022-10-13,2022-10-17,Water,2901 NE 1st Ave,Miami-Dade,FL,33137,25.802168,-80.187402,26100,39700,141,11,0,1,0,Closed Without Payment
CUS00776,HCLM00776_03,HPOL00776_03,2024-12-31,2025-01-04,Vandalism,2900 Biscayne Blvd,Miami-Dade,FL,33137,25.80518,-80.188488,68500,106800,207,13,0,0,1,Litigated and Settled
CUS00777,HCLM00777_01,HPOL00777_01,2021-10-10,2021-10-16,Freeze,355 N Rosalind Ave,Orange,FL,32801,28.545514,-81.378134,7400,11600,141,8,0,0,0,Closed Without Payment
CUS00777,HCLM00777_02,HPOL00777_02,2020-01-23,2020-02-03,Hurricane,101 W Beach Pl,Hillsborough,FL,33606,27.939852,-82.48549,61300,58200,203,12,0,0,0,Denied
CUS00777,HCLM00777_03,HPOL00777_03,2022-01-24,2022-01-27,Wind,355 N Rosalind Ave,Orange,FL,32801,28.545514,-81.378134,46100,62900,28,4,0,0,0,Partially Paid
CUS00778,HCLM00778_01,HPOL00778_01,2022-10-12,2022-10-20,Vandalism,2633 Azalea Garden Pl,Hillsborough,FL,33619,27.938868,-82.369974,46300,36600,54,4,0,0,0,Paid
CUS00779,HCLM00779_01,HPOL00779_01,2019-09-14,2019-09-20,Water,2901 NE 1st Ave,Miami-Dade,FL,33137,25.802168,-80.187402,11100,9200,126,10,0,1,0,Partially Paid
CUS00780,HCLM00780_01,HPOL00780_01,2020-06-23,2020-06-27,Freeze,295 NE Ivanhoe Blvd,Orange,FL,32804,28.579332,-81.39362,16000,12200,18,12,0,0,0,Denied
CUS00780,HCLM00780_02,HPOL00780_02,2019-12-30,2020-01-02,Fire,733 Main Ln,Orange,FL,32801,28.546738,-81.375962,70100,90900,43,11,0,0,0,Denied
CUS00781,HCLM00781_01,HPOL00781_01,2019-07-02,2019-07-14,Hurricane,1211 E Kennedy Blvd,Hillsborough,FL,33602,27.950366,-82.46105,65400,103800,222,6,0,0,0,Partially Paid
CUS00781,HCLM00781_02,HPOL00781_02,2022-12-26,2023-01-05,Wind,1211 E Kennedy Blvd,Hillsborough,FL,33602,27.950366,-82.46105,47300,77400,104,11,0,0,0,Partially Paid
CUS00782,HCLM00782_01,HPOL00782_01,2022-07-18,2022-07-29,Water,2900 Biscayne Blvd,Miami-Dade,FL,33137,25.80518,-80.188488,7100,9600,19,4,0,0,0,Settled
CUS00783,HCLM00783_01,HPOL00783_01,2019-04-28,2019-05-02,Theft,8733 Rooks Park Cir,Hillsborough,FL,33619,27.936594,-82.36584,66700,93500,108,8,0,0,0,Partially Paid
CUS00784,HCLM00784_01,HPOL00784_01,2022-05-15,2022-05-25,Wind,9931 W Flagler St,Miami-Dade,FL,33174,25.75642,-80.352414,27900,49700,206,4,0,0,0,Withdrawn
CUS00784,HCLM00784_02,HPOL00784_02,2019-09-28,2019-10-01,Hail,3131 NE 1st Ave,Miami-Dade,FL,33137,25.807112,-80.193906,31100,39500,68,4,0,1,0,Withdrawn
CUS00784,HCLM00784_03,HPOL00784_03,2021-03-14,2021-03-25,Theft,733 Main Ln,Orange,FL,32801,28.546738,-81.375962,29600,34400,155,3,0,0,0,Partially Paid
CUS00784,HCLM00784_04,HPOL00784_04,2022-10-16,2022-10-18,Vandalism,733 Main Ln,Orange,FL,32801,28.546738,-81.375962,16900,23300,82,9,0,0,0,Settled
CUS00784,HCLM00784_05,HPOL00784_05,2020-05-31,2020-06-04,Theft,733 Main Ln,Orange,FL,32801,28.546738,-81.375962,70800,76800,205,13,0,0,1,Litigated and Settled
CUS00785,HCLM00785_01,HPOL00785_01,2020-04-01,2020-04-03,Freeze,645 NW 1st St,Miami-Dade,FL,33128,25.768528,-80.198928,68500,77300,105,6,0,0,0,Withdrawn
CUS00785,HCLM00785_02,HPOL00785_02,2021-07-21,2021-07-25,Vandalism,410 N Orange Ave,Orange,FL,32801,28.538032,-81.373544,57200,95500,197,11,0,0,0,Closed Without Payment
CUS00785,HCLM00785_03,HPOL00785_03,2020-07-13,2020-07-15,Theft,410 N Orange Ave,Orange,FL,32801,28.538032,-81.373544,4400,5600,53,7,0,0,0,Paid
CUS00786,HCLM00786_01,HPOL00786_01,2019-12-28,2020-01-11,Hail,733 Main Ln,Orange,FL,32801,28.546738,-81.375962,16400,29400,158,11,0,0,0,Denied
CUS00787,HCLM00787_01,HPOL00787_01,2022-01-06,2022-01-07,Vandalism,7575 Universal Blvd,Orange,FL,32819,28.451704,-81.47356,55400,54600,149,8,0,0,0,Withdrawn
CUS00787,HCLM00787_02,HPOL00787_02,2018-07-11,2018-07-24,Freeze,6600 NW 7th St,Miami-Dade,FL,33126,25.778214,-80.295246,70100,83400,23,12,0,0,0,Partially Paid
CUS00788,HCLM00788_01,HPOL00788_01,2021-08-27,2021-08-30,Wind,6904 Ralston Pl Dr,Hillsborough,FL,33614,28.00581,-82.507956,73700,104400,121,6,0,0,0,Denied
CUS00789,HCLM00789_01,HPOL00789_01,2018-08-16,2018-08-21,Freeze,1000 NW 7th St,Miami-Dade,FL,33136,25.78563,-80.201058,55800,86500,140,5,0,0,0,Paid
CUS00789,HCLM00789_02,HPOL00789_02,2021-08-06,2021-08-17,Theft,1000 NW 7th St,Miami-Dade,FL,33136,25.78563,-80.201058,72800,90400,203,8,0,1,0,Closed Without Payment
CUS00790,HCLM00790_01,HPOL00790_01,2021-10-27,2021-11-10,Theft,733 Main Ln,Orange,FL,32801,28.546738,-81.375962,73200,70100,75,10,0,0,1,Litigated and Settled
CUS00790,HCLM00790_02,HPOL00790_02,2020-11-10,2020-11-19,Theft,733 Main Ln,Orange,FL,32801,28.546738,-81.375962,17800,17400,169,7,0,0,0,Paid
CUS00790,HCLM00790_03,HPOL00790_03,2020-10-24,2020-11-01,Theft,733 Main Ln,Orange,FL,32801,28.546738,-81.375962,4000,5000,221,6,0,0,0,Withdrawn
CUS00791,HCLM00791_01,HPOL00791_01,2021-05-17,2021-05-19,Water,295 NE Ivanhoe Blvd,Orange,FL,32804,28.579332,-81.39362,30300,38900,122,9,0,1,0,Paid
CUS00792,HCLM00792_01,HPOL00792_01,2022-12-10,2022-12-21,Water,733 Main Ln,Orange,FL,32801,28.546738,-81.375962,10200,17500,99,8,1,1,0,Denied
CUS00793,HCLM00793_01,HPOL00793_01,2021-07-16,2021-07-20,Wind,1011 E Cumberland Ave,Hillsborough,FL,33602,27.948032,-82.463042,56000,74400,95,4,0,1,0,Denied
CUS00793,HCLM00793_02,HPOL00793_02,2022-08-25,2022-09-07,Vandalism,1011 E Cumberland Ave,Hillsborough,FL,33602,27.948032,-82.463042,35000,39100,133,11,0,0,0,Closed Without Payment
CUS00793,HCLM00793_03,HPOL00793_03,2020-10-21,2020-10-21,Wind,1011 E Cumberland Ave,Hillsborough,FL,33602,27.948032,-82.463042,56400,81700,67,3,0,0,0,Partially Paid
CUS00794,HCLM00794_01,HPOL00794_01,2023-03-19,2023-04-01,Water,3219 S Orange Ave,Orange,FL,32806,28.517866,-81.366976,31200,29800,220,5,0,1,0,Settled
CUS00794,HCLM00794_02,HPOL00794_02,2019-12-27,2020-01-01,Fire,3219 S Orange Ave,Orange,FL,32806,28.517866,-81.366976,6600,7500,60,12,0,0,0,Settled
CUS00795,HCLM00795_01,HPOL00795_01,2018-04-30,2018-05-10,Freeze,110 Zora Pl,Orange,FL,32810,28.615406,-81.425066,67500,120400,209,8,0,1,0,Withdrawn
CUS00795,HCLM00795_02,HPOL00795_02,2019-09-21,2019-10-02,Hurricane,110 Zora Pl,Orange,FL,32810,28.615406,-81.425066,53100,49500,106,10,0,0,0,Closed Without Payment
CUS00796,HCLM00796_01,HPOL00796_01,2020-09-26,2020-10-10,Water,3000 NE 2nd Ave,Miami-Dade,FL,33137,25.808936,-80.195094,17000,18400,173,5,0,0,0,Settled
CUS00796,HCLM00796_02,HPOL00796_02,2022-02-02,2022-02-09,Vandalism,3000 NE 2nd Ave,Miami-Dade,FL,33137,25.808936,-80.195094,73500,126900,125,11,0,0,0,Paid
CUS00796,HCLM00796_03,HPOL00796_03,2021-07-20,2021-08-01,Hurricane,3000 NE 2nd Ave,Miami-Dade,FL,33137,25.808936,-80.195094,60400,50800,57,4,0,0,0,Paid
CUS00798,HCLM00798_01,HPOL00798_01,2022-01-17,2022-01-27,Fire,101 Lake Ave,Orange,FL,32801,28.539466,-81.369524,33500,43800,180,12,0,0,0,Closed Without Payment
CUS00799,HCLM00799_01,HPOL00799_01,2022-01-03,2022-01-11,Hail,218 NW 8th St,Miami-Dade,FL,33136,25.785132,-80.210772,74700,79000,208,5,0,1,0,Paid
CUS00800,HCLM00800_01,HPOL00800_01,2024-10-28,2024-11-04,Wind,452 NE 31st St,Miami-Dade,FL,33137,25.805582,-80.194716,47900,56700,555,3,0,0,1,Litigated and Settled
CUS00800,HCLM00800_02,HPOL00800_02,2022-10-29,2022-11-07,Wind,452 NE 31st St,Miami-Dade,FL,33137,25.805582,-80.194716,37000,48200,145,10,0,0,0,Settled
CUS00800,HCLM00800_03,HPOL00800_03,2022-09-12,2022-09-20,Wind,55 NE 2nd St,Miami-Dade,FL,33132,25.784184,-80.187508,25900,26500,180,5,0,1,0,Partially Paid
CUS00800,HCLM00800_04,HPOL00800_04,2021-08-11,2021-08-22,Freeze,452 NE 31st St,Miami-Dade,FL,33137,25.805582,-80.194716,16100,20200,73,4,0,0,0,Denied
CUS00801,HCLM00801_01,HPOL00801_01,2020-05-06,2020-05-06,Theft,710 NE 1st Ave,Miami-Dade,FL,33132,25.783848,-80.189314,77900,110300,48,13,0,0,0,Partially Paid
CUS00802,HCLM00802_01,HPOL00802_01,2022-06-06,2022-06-12,Hurricane,2751 NW 84th St,Miami-Dade,FL,33147,25.858766,-80.24016,46700,39000,46,8,0,0,0,Withdrawn
CUS00802,HCLM00802_02,HPOL00802_02,2022-07-07,2022-07-12,Hail,1115 E Twiggs St,Hillsborough,FL,33602,27.951524,-82.459604,75200,101100,377,6,1,0,1,Litigated and Settled
CUS00803,HCLM00803_01,HPOL00803_01,2024-10-02,2024-10-13,Lightning,295 NE Ivanhoe Blvd,Orange,FL,32804,28.579332,-81.39362,53500,77800,424,4,0,0,1,Litigated and Adjudicated
CUS00803,HCLM00803_02,HPOL00803_02,2021-05-22,2021-06-03,Water,295 NE Ivanhoe Blvd,Orange,FL,32804,28.579332,-81.39362,15600,17100,184,9,0,1,0,Withdrawn
CUS00803,HCLM00803_03,HPOL00803_03,2020-10-10,2020-10-23,Freeze,295 NE Ivanhoe Blvd,Orange,FL,32804,28.579332,-81.39362,58900,50100,20,11,0,0,0,Paid
CUS00805,HCLM00805_01,HPOL00805_01,2020-02-05,2020-02-14,Hurricane,355 N Rosalind Ave,Orange,FL,32801,28.545514,-81.378134,45800,64900,77,4,0,0,0,Denied
CUS00806,HCLM00806_01,HPOL00806_01,2019-10-07,2019-10-14,Fire,5009 Park Central Dr,Orange,FL,32839,28.48606,-81.403886,22300,38300,25,10,0,0,0,Denied
CUS00806,HCLM00806_02,HPOL00806_02,2019-06-19,2019-06-27,Water,1211 E Kennedy Blvd,Hillsborough,FL,33602,27.950366,-82.46105,65900,84700,210,9,0,1,0,Denied
CUS00806,HCLM00806_03,HPOL00806_03,2022-05-11,2022-05-20,Theft,1211 E Kennedy Blvd,Hillsborough,FL,33602,27.950366,-82.46105,41600,50700,152,5,0,0,0,Partially Paid
CUS00809,HCLM00809_01,HPOL00809_01,2024-12-23,2024-12-31,Vandalism,310 N Orange Ave,Orange,FL,32801,28.543216,-81.372806,23500,36400,25,3,0,0,0,Denied
CUS00809,HCLM00809_02,HPOL00809_02,2023-12-29,2023-12-30,Lightning,30 SW 1st St,Miami-Dade,FL,33130,25.765842,-80.208492,27700,46300,41,8,0,1,0,Withdrawn
CUS00809,HCLM00809_03,HPOL00809_03,2021-12-20,2021-12-31,Fire,30 SW 1st St,Miami-Dade,FL,33130,25.765842,-80.208492,26100,37800,181,11,0,0,0,Paid
CUS00810,HCLM00810_01,HPOL00810_01,2021-05-13,2021-05-26,Lightning,310 N Orange Ave,Orange,FL,32801,28.543216,-81.372806,38900,35500,175,6,1,1,0,Partially Paid
CUS00810,HCLM00810_02,HPOL00810_02,2020-06-13,2020-06-17,Water,12112 Sugarloaf Key St,Hillsborough,FL,33626,28.058486,-82.624672,61700,65700,66,5,0,0,0,Closed Without Payment
CUS00811,HCLM00811_01,HPOL00811_01,2023-08-11,2023-08-14,Water,101 Lake Ave,Orange,FL,32801,28.539466,-81.369524,53100,73200,181,12,1,0,0,Denied
CUS00811,HCLM00811_02,HPOL00811_02,2023-07-24,2023-08-07,Water,101 Lake Ave,Orange,FL,32801,28.539466,-81.369524,66000,83600,194,12,0,1,0,Partially Paid
CUS00811,HCLM00811_03,HPOL00811_03,2020-08-05,2020-08-13,Water,101 Lake Ave,Orange,FL,32801,28.539466,-81.369524,29300,33600,203,7,0,1,0,Withdrawn
CUS00811,HCLM00811_04,HPOL00811_04,2021-06-26,2021-06-26,Wind,101 Lake Ave,Orange,FL,32801,28.539466,-81.369524,78700,57100,76,11,0,0,0,Paid
CUS00812,HCLM00812_01,HPOL00812_01,2021-02-24,2021-03-08,Wind,9931 W Flagler St,Miami-Dade,FL,33174,25.75642,-80.352414,47500,43700,80,6,0,0,0,Denied
CUS00814,HCLM00814_01,HPOL00814_01,2023-02-16,2023-02-27,Fire,452 NE 31st St,Miami-Dade,FL,33137,25.805582,-80.194716,79500,99500,19,13,1,1,0,Partially Paid
CUS00815,HCLM00815_01,HPOL00815_01,2018-06-09,2018-06-21,Fire,7511 Solstice Cir,Orange,FL,32821,28.411672,-81.46685,49200,46600,201,12,0,1,0,Settled
CUS00815,HCLM00815_02,HPOL00815_02,2022-02-16,2022-03-02,Freeze,355 N Rosalind Ave,Orange,FL,32801,28.545514,-81.378134,48100,33700,71,8,0,1,0,Settled
CUS00818,HCLM00818_01,HPOL00818_01,2020-08-22,2020-09-03,Vandalism,2751 NW 84th St,Miami-Dade,FL,33147,25.858766,-80.24016,12000,20000,160,4,0,0,0,Denied
CUS00819,HCLM00819_01,HPOL00819_01,2023-06-04,2023-06-17,Fire,3015 N Rocky Point Dr E,Hillsborough,FL,33607,27.964764,-82.501766,52400,37200,151,5,0,1,0,Partially Paid
CUS00820,HCLM00820_01,HPOL00820_01,2022-10-25,2022-10-26,Water,3219 S Orange Ave,Orange,FL,32806,28.517866,-81.366976,4200,4700,210,5,0,0,0,Settled
CUS00821,HCLM00821_01,HPOL00821_01,2020-06-10,2020-06-11,Hail,3131 NE 1st Ave,Miami-Dade,FL,33137,25.807112,-80.193906,49500,65100,106,9,0,0,0,Settled
CUS00822,HCLM00822_01,HPOL00822_01,2021-04-25,2021-04-29,Fire,1000 NW 7th St,Miami-Dade,FL,33136,25.78563,-80.201058,37500,46200,205,8,1,0,0,Settled
CUS00822,HCLM00822_02,HPOL00822_02,2018-10-03,2018-10-13,Hail,1000 NW 7th St,Miami-Dade,FL,33136,25.78563,-80.201058,78700,126100,179,10,0,0,0,Settled
CUS00822,HCLM00822_03,HPOL00822_03,2019-02-05,2019-02-13,Lightning,1011 E Cumberland Ave,Hillsborough,FL,33602,27.948032,-82.463042,68500,121000,149,9,0,0,0,Partially Paid
CUS00822,HCLM00822_04,HPOL00822_04,2019-08-09,2019-08-10,Water,6904 Ralston Pl Dr,Hillsborough,FL,33614,28.00581,-82.507956,55600,53000,49,8,0,0,0,Closed Without Payment
CUS00822,HCLM00822_05,HPOL00822_05,2019-09-27,2019-10-06,Hail,1000 NW 7th St,Miami-Dade,FL,33136,25.78563,-80.201058,56500,42300,88,8,0,1,0,Withdrawn
CUS00823,HCLM00823_01,HPOL00823_01,2017-11-11,2017-11-20,Fire,710 NE 1st Ave,Miami-Dade,FL,33132,25.783848,-80.189314,8000,13700,90,3,0,0,0,Paid
CUS00825,HCLM00825_01,HPOL00825_01,2024-02-26,2024-03-01,Theft,6600 NW 7th St,Miami-Dade,FL,33126,25.778214,-80.295246,25600,24300,140,11,0,0,0,Closed Without Payment
CUS00825,HCLM00825_02,HPOL00825_02,2023-12-21,2023-12-21,Fire,6600 NW 7th St,Miami-Dade,FL,33126,25.778214,-80.295246,62000,52400,67,3,1,0,0,Settled
CUS00825,HCLM00825_03,HPOL00825_03,2022-03-10,2022-03-23,Freeze,2050 Jake St,Orange,FL,32814,28.560782,-81.32269,38200,57900,175,3,0,0,0,Paid
CUS00826,HCLM00826_01,HPOL00826_01,2023-10-04,2023-10-07,Hail,8733 Rooks Park Cir,Hillsborough,FL,33619,27.936594,-82.36584,79800,88200,235,12,1,1,1,Litigated and Settled
CUS00827,HCLM00827_01,HPOL00827_01,2023-08-24,2023-09-05,Freeze,5127 W Tyson Ave,Hillsborough,FL,33611,27.888982,-82.504054,50300,89000,186,11,0,0,0,Closed Without Payment
CUS00827,HCLM00827_02,HPOL00827_02,2025-04-13,2025-04-16,Hail,5127 W Tyson Ave,Hillsborough,FL,33611,27.888982,-82.504054,42200,45100,211,8,0,0,0,Withdrawn
CUS00827,HCLM00827_03,HPOL00827_03,2023-09-27,2023-10-08,Theft,5127 W Tyson Ave,Hillsborough,FL,33611,27.888982,-82.504054,75900,58300,124,3,0,0,0,Denied
CUS00828,HCLM00828_01,HPOL00828_01,2021-08-27,2021-09-06,Lightning,180 NE 29th St,Miami-Dade,FL,33137,25.808606,-80.19234,23600,24800,191,11,0,0,0,Withdrawn
CUS00828,HCLM00828_02,HPOL00828_02,2019-09-18,2019-10-02,Lightning,180 NE 29th St,Miami-Dade,FL,33137,25.808606,-80.19234,67500,75800,226,4,0,0,0,Denied
CUS00829,HCLM00829_01,HPOL00829_01,2024-05-07,2024-05-21,Wind,110 Zora Pl,Orange,FL,32810,28.615406,-81.425066,12900,20300,136,10,0,0,0,Partially Paid
CUS00829,HCLM00829_02,HPOL00829_02,2022-07-12,2022-07-12,Wind,2828 NW 1st Ave,Miami-Dade,FL,33127,25.79715,-80.197564,29000,27300,323,12,0,0,1,Litigated and Adjudicated
CUS00829,HCLM00829_03,HPOL00829_03,2022-03-11,2022-03-25,Water,110 Zora Pl,Orange,FL,32810,28.615406,-81.425066,52900,85900,183,8,0,0,0,Withdrawn
CUS00829,HCLM00829_04,HPOL00829_04,2021-05-17,2021-05-20,Water,110 Zora Pl,Orange,FL,32810,28.615406,-81.425066,74400,102300,66,7,0,0,0,Withdrawn
CUS00831,HCLM00831_01,HPOL00831_01,2023-05-30,2023-05-31,Hail,1011 E Cumberland Ave,Hillsborough,FL,33602,27.948032,-82.463042,24000,17500,230,5,0,0,0,Paid
CUS00832,HCLM00832_01,HPOL00832_01,2018-12-05,2018-12-11,Water,4000 Headwaters Way,Orange,FL,32837,28.386144,-81.418598,79800,112600,199,9,0,0,0,Withdrawn
CUS00832,HCLM00832_02,HPOL00832_02,2020-01-24,2020-02-02,Hurricane,4000 Headwaters Way,Orange,FL,32837,28.386144,-81.418598,62100,62100,188,12,0,1,0,Denied
CUS00832,HCLM00832_03,HPOL00832_03,2018-04-01,2018-04-05,Wind,4000 Headwaters Way,Orange,FL,32837,28.386144,-81.418598,20900,32000,29,4,1,1,0,Denied
CUS00834,HCLM00834_01,HPOL00834_01,2021-04-24,2021-05-07,Freeze,5432 W Tyson Ave,Hillsborough,FL,33611,27.888268,-82.506778,47900,84000,448,9,0,0,1,Litigated and Settled
CUS00834,HCLM00834_02,HPOL00834_02,2021-11-17,2021-11-18,Lightning,5432 W Tyson Ave,Hillsborough,FL,33611,27.888268,-82.506778,48100,86200,84,9,0,1,0,Settled
CUS00835,HCLM00835_01,HPOL00835_01,2020-05-13,2020-05-16,Wind,6904 Ralston Pl Dr,Hillsborough,FL,33614,28.00581,-82.507956,51700,39500,80,10,0,1,0,Withdrawn
CUS00835,HCLM00835_02,HPOL00835_02,2019-03-01,2019-03-10,Lightning,3015 N Rocky Point Dr E,Hillsborough,FL,33607,27.964764,-82.501766,29100,34600,146,3,1,1,0,Denied
CUS00835,HCLM00835_03,HPOL00835_03,2019-09-30,2019-10-10,Vandalism,710 NE 1st Ave,Miami-Dade,FL,33132,25.783848,-80.189314,22500,29300,207,13,0,0,0,Closed Without Payment
CUS00835,HCLM00835_04,HPOL00835_04,2023-03-23,2023-03-24,Lightning,645 NW 1st St,Miami-Dade,FL,33128,25.768528,-80.198928,75300,114900,42,9,0,0,0,Partially Paid
CUS00835,HCLM00835_05,HPOL00835_05,2019-11-30,2019-12-08,Vandalism,6904 Ralston Pl Dr,Hillsborough,FL,33614,28.00581,-82.507956,9800,9600,40,6,0,0,0,Withdrawn
CUS00836,HCLM00836_01,HPOL00836_01,2020-08-19,2020-09-01,Theft,6970 SW 40th St,Miami-Dade,FL,33155,25.7421,-80.313298,5300,6300,118,4,0,0,0,Denied
CUS00837,HCLM00837_01,HPOL00837_01,2018-08-07,2018-08-12,Hail,300 W Tyler St,Hillsborough,FL,33602,27.948668,-82.456928,33400,27700,143,3,0,0,0,Denied
CUS00837,HCLM00837_02,HPOL00837_02,2018-11-12,2018-11-21,Hail,2901 NE 1st Ave,Miami-Dade,FL,33137,25.802168,-80.187402,37800,53100,122,12,0,0,1,Litigated and Settled
CUS00838,HCLM00838_01,HPOL00838_01,2020-12-27,2020-12-27,Hail,9200 Randal Park Blvd,Orange,FL,32832,28.412212,-81.243592,31800,41700,170,13,0,0,0,Denied
CUS00838,HCLM00838_02,HPOL00838_02,2023-10-31,2023-11-12,Fire,520 E Church St,Orange,FL,32801,28.542388,-81.368972,70600,118300,116,6,0,0,0,Paid
CUS00839,HCLM00839_01,HPOL00839_01,2022-10-09,2022-10-18,Fire,8733 Rooks Park Cir,Hillsborough,FL,33619,27.936594,-82.36584,4000,3300,90,9,0,0,1,Litigated and Adjudicated
CUS00839,HCLM00839_02,HPOL00839_02,2022-07-31,2022-08-08,Fire,8733 Rooks Park Cir,Hillsborough,FL,33619,27.936594,-82.36584,74300,112700,51,8,1,0,0,Settled
CUS00840,HCLM00840_01,HPOL00840_01,2018-02-04,2018-02-16,Hurricane,9567 Sunbelt St,Hillsborough,FL,33635,28.022792,-82.61563,49300,66800,190,5,1,0,0,Paid
CUS00840,HCLM00840_02,HPOL00840_02,2020-08-15,2020-08-15,Hail,9567 Sunbelt St,Hillsborough,FL,33635,28.022792,-82.61563,56800,60300,94,8,0,0,0,Closed Without Payment
CUS00841,HCLM00841_01,HPOL00841_01,2020-12-07,2020-12-08,Hail,2901 NE 1st Ave,Miami-Dade,FL,33137,25.802168,-80.187402,46900,45100,41,9,0,0,0,Paid
CUS00841,HCLM00841_02,HPOL00841_02,2023-01-25,2023-01-25,Hail,2901 NE 1st Ave,Miami-Dade,FL,33137,25.802168,-80.187402,30300,43000,437,8,0,0,1,Litigated and Adjudicated
CUS00842,HCLM00842_01,HPOL00842_01,2022-08-06,2022-08-08,Wind,6970 SW 40th St,Miami-Dade,FL,33155,25.7421,-80.313298,72300,108000,97,12,0,0,0,Partially Paid
CUS00842,HCLM00842_02,HPOL00842_02,2021-01-14,2021-01-16,Wind,4000 Headwaters Way,Orange,FL,32837,28.386144,-81.418598,50600,54800,216,12,0,0,0,Denied
CUS00842,HCLM00842_03,HPOL00842_03,2022-07-23,2022-08-04,Theft,1000 NW 7th St,Miami-Dade,FL,33136,25.78563,-80.201058,11900,11100,153,11,0,0,0,Partially Paid
CUS00842,HCLM00842_04,HPOL00842_04,2024-08-11,2024-08-12,Wind,310 N Orange Ave,Orange,FL,32801,28.543216,-81.372806,76200,92200,35,5,1,0,0,Closed Without Payment
CUS00843,HCLM00843_01,HPOL00843_01,2020-10-20,2020-11-02,Lightning,2751 NW 84th St,Miami-Dade,FL,33147,25.858766,-80.24016,67800,66400,21,3,0,0,0,Closed Without Payment
CUS00844,HCLM00844_01,HPOL00844_01,2020-03-22,2020-04-01,Theft,733 Main Ln,Orange,FL,32801,28.546738,-81.375962,36700,59500,72,12,1,0,0,Settled
CUS00844,HCLM00844_02,HPOL00844_02,2022-05-12,2022-05-16,Theft,733 Main Ln,Orange,FL,32801,28.546738,-81.375962,52700,47500,462,6,1,1,1,Litigated and Settled
CUS00844,HCLM00844_03,HPOL00844_03,2022-11-16,2022-11-19,Wind,733 Main Ln,Orange,FL,32801,28.546738,-81.375962,48600,59100,206,10,0,0,1,Litigated and Adjudicated
CUS00845,HCLM00845_01,HPOL00845_01,2022-05-11,2022-05-18,Vandalism,5009 Park Central Dr,Orange,FL,32839,28.48606,-81.403886,51600,44000,192,13,0,0,0,Settled
CUS00845,HCLM00845_02,HPOL00845_02,2019-10-30,2019-11-04,Vandalism,1011 E Cumberland Ave,Hillsborough,FL,33602,27.948032,-82.463042,22100,35200,40,3,0,1,0,Paid
CUS00846,HCLM00846_01,HPOL00846_01,2021-09-13,2021-09-14,Fire,2901 NE 1st Ave,Miami-Dade,FL,33137,25.802168,-80.187402,59400,78500,101,8,0,0,0,Paid
CUS00849,HCLM00849_01,HPOL00849_01,2023-05-24,2023-06-04,Hail,180 NE 29th St,Miami-Dade,FL,33137,25.808606,-80.19234,69100,80300,118,5,1,1,0,Settled
CUS00849,HCLM00849_02,HPOL00849_02,2022-01-24,2022-01-25,Freeze,6904 Ralston Pl Dr,Hillsborough,FL,33614,28.00581,-82.507956,77300,105800,88,12,0,0,0,Closed Without Payment
CUS00849,HCLM00849_03,HPOL00849_03,2021-05-06,2021-05-12,Fire,6904 Ralston Pl Dr,Hillsborough,FL,33614,28.00581,-82.507956,59700,99300,147,4,0,0,0,Settled
CUS00852,HCLM00852_01,HPOL00852_01,2020-06-13,2020-06-19,Theft,9567 Sunbelt St,Hillsborough,FL,33635,28.022792,-82.61563,29800,27900,182,3,0,1,0,Settled
CUS00852,HCLM00852_02,HPOL00852_02,2023-03-21,2023-04-03,Theft,9567 Sunbelt St,Hillsborough,FL,33635,28.022792,-82.61563,12300,14500,125,5,0,1,0,Closed Without Payment
CUS00853,HCLM00853_01,HPOL00853_01,2019-08-05,2019-08-16,Theft,310 N Orange Ave,Orange,FL,32801,28.543216,-81.372806,6000,9000,227,7,0,0,0,Closed Without Payment
CUS00854,HCLM00854_01,HPOL00854_01,2022-09-03,2022-09-03,Fire,6970 SW 40th St,Miami-Dade,FL,33155,25.7421,-80.313298,44100,59700,94,7,0,1,0,Settled
CUS00854,HCLM00854_02,HPOL00854_02,2023-10-25,2023-11-04,Lightning,6970 SW 40th St,Miami-Dade,FL,33155,25.7421,-80.313298,32400,53200,222,10,0,0,0,Denied
CUS00855,HCLM00855_01,HPOL00855_01,2022-06-03,2022-06-11,Vandalism,520 E Church St,Orange,FL,32801,28.542388,-81.368972,4700,3600,207,9,1,0,0,Settled
CUS00855,HCLM00855_02,HPOL00855_02,2021-06-12,2021-06-25,Vandalism,520 E Church St,Orange,FL,32801,28.542388,-81.368972,46600,58200,179,3,0,0,1,Litigated and Adjudicated
CUS00856,HCLM00856_01,HPOL00856_01,2019-05-04,2019-05-08,Fire,1000 NW 7th St,Miami-Dade,FL,33136,25.78563,-80.201058,11500,8200,176,8,0,0,0,Closed Without Payment
CUS00856,HCLM00856_02,HPOL00856_02,2019-03-24,2019-03-24,Water,5009 Park Central Dr,Orange,FL,32839,28.48606,-81.403886,24500,19400,140,8,0,0,0,Closed Without Payment
CUS00856,HCLM00856_03,HPOL00856_03,2022-10-26,2022-11-03,Water,6970 SW 40th St,Miami-Dade,FL,33155,25.7421,-80.313298,43700,53600,81,10,0,0,0,Paid
CUS00857,HCLM00857_01,HPOL00857_01,2022-04-30,2022-05-12,Wind,101 Lake Ave,Orange,FL,32801,28.539466,-81.369524,39600,58300,482,13,0,0,1,Litigated and Settled
CUS00857,HCLM00857_02,HPOL00857_02,2019-01-23,2019-02-06,Hail,101 Lake Ave,Orange,FL,32801,28.539466,-81.369524,8900,8300,94,3,0,0,0,Settled
CUS00857,HCLM00857_03,HPOL00857_03,2018-07-07,2018-07-07,Lightning,101 Lake Ave,Orange,FL,32801,28.539466,-81.369524,9100,15900,18,3,0,0,0,Denied
CUS00858,HCLM00858_01,HPOL00858_01,2022-05-06,2022-05-10,Hurricane,6301 S Westshore Blvd,Hillsborough,FL,33616,27.867894,-82.52435,56800,61900,223,10,0,0,0,Closed Without Payment
CUS00858,HCLM00858_02,HPOL00858_02,2021-09-17,2021-10-01,Lightning,6301 S Westshore Blvd,Hillsborough,FL,33616,27.867894,-82.52435,64300,83400,222,12,0,0,0,Denied
CUS00860,HCLM00860_01,HPOL00860_01,2024-05-27,2024-05-30,Hail,520 E Church St,Orange,FL,32801,28.542388,-81.368972,33900,52900,138,11,0,0,0,Partially Paid
CUS00860,HCLM00860_02,HPOL00860_02,2021-01-16,2021-01-20,Hurricane,520 E Church St,Orange,FL,32801,28.542388,-81.368972,49400,77200,117,4,0,1,0,Paid
CUS00861,HCLM00861_01,HPOL00861_01,2024-07-23,2024-08-03,Vandalism,2633 Azalea Garden Pl,Hillsborough,FL,33619,27.938868,-82.369974,12200,17400,79,3,0,0,0,Denied
CUS00861,HCLM00861_02,HPOL00861_02,2023-02-20,2023-02-20,Vandalism,6904 Ralston Pl Dr,Hillsborough,FL,33614,28.00581,-82.507956,72400,103200,46,13,1,1,0,Denied
CUS00861,HCLM00861_03,HPOL00861_03,2024-05-25,2024-05-27,Vandalism,410 N Orange Ave,Orange,FL,32801,28.538032,-81.373544,54000,96600,174,4,0,0,0,Paid
CUS00862,HCLM00862_01,HPOL00862_01,2020-09-18,2020-09-30,Vandalism,7575 Universal Blvd,Orange,FL,32819,28.451704,-81.47356,16600,12100,322,9,1,0,1,Litigated and Settled
CUS00862,HCLM00862_02,HPOL00862_02,2023-10-28,2023-10-29,Freeze,109 W Fortune St,Hillsborough,FL,33602,27.947222,-82.458452,33700,33500,220,8,0,0,0,Closed Without Payment
CUS00863,HCLM00863_01,HPOL00863_01,2017-07-31,2017-07-31,Lightning,7511 Solstice Cir,Orange,FL,32821,28.411672,-81.46685,70000,53000,171,5,0,0,0,Withdrawn
CUS00864,HCLM00864_01,HPOL00864_01,2020-10-22,2020-10-26,Wind,6970 SW 40th St,Miami-Dade,FL,33155,25.7421,-80.313298,18100,17200,88,10,0,0,0,Withdrawn
CUS00865,HCLM00865_01,HPOL00865_01,2021-10-06,2021-10-20,Water,510 N Rome Ave,Hillsborough,FL,33606,27.930384,-82.488052,14100,12800,155,5,0,0,0,Closed Without Payment
CUS00865,HCLM00865_02,HPOL00865_02,2020-12-19,2020-12-27,Lightning,510 N Rome Ave,Hillsborough,FL,33606,27.930384,-82.488052,24500,33000,185,5,0,0,0,Denied
CUS00866,HCLM00866_01,HPOL00866_01,2020-12-06,2020-12-12,Freeze,452 NE 31st St,Miami-Dade,FL,33137,25.805582,-80.194716,17100,22100,446,6,0,0,1,Litigated and Settled
CUS00867,HCLM00867_01,HPOL00867_01,2019-07-30,2019-08-04,Freeze,218 NW 8th St,Miami-Dade,FL,33136,25.785132,-80.210772,6500,8600,126,9,0,0,1,Litigated and Settled
CUS00868,HCLM00868_01,HPOL00868_01,2023-04-14,2023-04-24,Wind,1011 E Cumberland Ave,Hillsborough,FL,33602,27.948032,-82.463042,34200,36700,19,3,0,0,0,Denied
CUS00868,HCLM00868_02,HPOL00868_02,2023-05-30,2023-06-02,Wind,2828 NW 1st Ave,Miami-Dade,FL,33127,25.79715,-80.197564,66600,94400,141,13,0,0,0,Closed Without Payment
CUS00868,HCLM00868_03,HPOL00868_03,2023-05-31,2023-06-09,Wind,1000 NW 7th St,Miami-Dade,FL,33136,25.78563,-80.201058,42800,56600,127,5,0,0,0,Partially Paid
CUS00869,HCLM00869_01,HPOL00869_01,2020-05-31,2020-06-13,Vandalism,6501 S Westshore Blvd,Hillsborough,FL,33616,27.869022,-82.523216,27400,23300,31,8,0,0,0,Withdrawn
CUS00869,HCLM00869_02,HPOL00869_02,2018-10-20,2018-10-22,Wind,510 N Rome Ave,Hillsborough,FL,33606,27.930384,-82.488052,29200,27200,179,8,0,0,0,Closed Without Payment
CUS00869,HCLM00869_03,HPOL00869_03,2021-12-02,2021-12-16,Wind,6501 S Westshore Blvd,Hillsborough,FL,33616,27.869022,-82.523216,66700,101000,124,12,0,0,0,Paid
CUS00870,HCLM00870_01,HPOL00870_01,2023-12-07,2023-12-07,Wind,520 E Church St,Orange,FL,32801,28.542388,-81.368972,35300,60900,121,6,0,1,0,Denied
CUS00871,HCLM00871_01,HPOL00871_01,2024-07-14,2024-07-28,Wind,9567 Sunbelt St,Hillsborough,FL,33635,28.022792,-82.61563,5800,7200,538,10,1,0,1,Litigated and Settled
CUS00872,HCLM00872_01,HPOL00872_01,2023-02-13,2023-02-21,Wind,295 NE Ivanhoe Blvd,Orange,FL,32804,28.579332,-81.39362,34100,46000,63,10,0,0,0,Settled
CUS00872,HCLM00872_02,HPOL00872_02,2021-08-13,2021-08-21,Wind,295 NE Ivanhoe Blvd,Orange,FL,32804,28.579332,-81.39362,18900,27700,38,9,0,0,0,Partially Paid
CUS00872,HCLM00872_03,HPOL00872_03,2019-10-16,2019-10-24,Wind,295 NE Ivanhoe Blvd,Orange,FL,32804,28.579332,-81.39362,77800,63000,21,12,1,0,0,Settled
CUS00873,HCLM00873_01,HPOL00873_01,2021-03-02,2021-03-14,Vandalism,3015 N Rocky Point Dr E,Hillsborough,FL,33607,27.964764,-82.501766,7900,12000,142,5,1,1,0,Denied
CUS00873,HCLM00873_02,HPOL00873_02,2020-10-01,2020-10-07,Theft,12112 Sugarloaf Key St,Hillsborough,FL,33626,28.058486,-82.624672,39100,37300,140,3,0,1,0,Partially Paid
CUS00873,HCLM00873_03,HPOL00873_03,2021-09-11,2021-09-12,Vandalism,12112 Sugarloaf Key St,Hillsborough,FL,33626,28.058486,-82.624672,7900,12800,46,3,0,0,0,Partially Paid
CUS00874,HCLM00874_01,HPOL00874_01,2022-05-25,2022-05-26,Wind,2751 NW 84th St,Miami-Dade,FL,33147,25.858766,-80.24016,35700,37300,144,13,0,1,0,Paid
CUS00874,HCLM00874_02,HPOL00874_02,2023-02-07,2023-02-18,Wind,4000 Headwaters Way,Orange,FL,32837,28.386144,-81.418598,23400,17700,200,8,0,0,0,Denied
CUS00875,HCLM00875_01,HPOL00875_01,2020-10-31,2020-11-05,Lightning,5432 W Tyson Ave,Hillsborough,FL,33611,27.888268,-82.506778,78800,115400,224,3,0,0,0,Withdrawn
CUS00876,HCLM00876_01,HPOL00876_01,2018-11-21,2018-11-27,Water,4000 Headwaters Way,Orange,FL,32837,28.386144,-81.418598,26300,44800,204,13,0,1,0,Closed Without Payment
CUS00876,HCLM00876_02,HPOL00876_02,2020-08-18,2020-08-31,Water,4000 Headwaters Way,Orange,FL,32837,28.386144,-81.418598,76900,81700,108,10,0,0,0,Paid
CUS00877,HCLM00877_01,HPOL00877_01,2017-10-01,2017-10-12,Hail,30 SW 1st St,Miami-Dade,FL,33130,25.765842,-80.208492,37000,54400,70,12,0,1,0,Settled
CUS00877,HCLM00877_02,HPOL00877_02,2019-04-10,2019-04-13,Lightning,30 SW 1st St,Miami-Dade,FL,33130,25.765842,-80.208492,16900,25400,120,5,0,1,0,Closed Without Payment
CUS00877,HCLM00877_03,HPOL00877_03,2019-05-19,2019-06-01,Theft,30 SW 1st St,Miami-Dade,FL,33130,25.765842,-80.208492,16900,15000,178,13,0,1,1,Litigated and Adjudicated
CUS00878,HCLM00878_01,HPOL00878_01,2017-10-15,2017-10-19,Freeze,12112 Sugarloaf Key St,Hillsborough,FL,33626,28.058486,-82.624672,41100,49600,77,8,1,0,0,Settled
CUS00879,HCLM00879_01,HPOL00879_01,2021-04-21,2021-04-26,Theft,410 N Orange Ave,Orange,FL,32801,28.538032,-81.373544,79200,116000,23,6,0,0,0,Closed Without Payment
CUS00881,HCLM00881_01,HPOL00881_01,2023-10-06,2023-10-12,Theft,520 E Church St,Orange,FL,32801,28.542388,-81.368972,14500,15100,94,11,0,0,0,Denied
CUS00881,HCLM00881_02,HPOL00881_02,2019-06-30,2019-07-05,Lightning,520 E Church St,Orange,FL,32801,28.542388,-81.368972,39100,63400,47,7,1,0,0,Withdrawn
CUS00882,HCLM00882_01,HPOL00882_01,2018-06-25,2018-06-30,Fire,510 N Rome Ave,Hillsborough,FL,33606,27.930384,-82.488052,6200,6700,188,5,0,0,0,Withdrawn
CUS00882,HCLM00882_02,HPOL00882_02,2019-02-20,2019-03-04,Theft,510 N Rome Ave,Hillsborough,FL,33606,27.930384,-82.488052,23100,28500,19,6,0,0,0,Settled
CUS00882,HCLM00882_03,HPOL00882_03,2019-07-19,2019-07-24,Water,410 N Orange Ave,Orange,FL,32801,28.538032,-81.373544,55400,50800,121,11,1,0,0,Closed Without Payment
CUS00882,HCLM00882_04,HPOL00882_04,2022-10-01,2022-10-01,Freeze,510 N Rome Ave,Hillsborough,FL,33606,27.930384,-82.488052,47300,42900,128,7,1,0,0,Denied
CUS00883,HCLM00883_01,HPOL00883_01,2018-12-07,2018-12-16,Theft,9567 Sunbelt St,Hillsborough,FL,33635,28.022792,-82.61563,9200,16100,182,10,0,0,0,Paid
CUS00883,HCLM00883_02,HPOL00883_02,2021-09-04,2021-09-13,Freeze,2901 NE 1st Ave,Miami-Dade,FL,33137,25.802168,-80.187402,33800,48100,553,11,0,0,1,Litigated and Adjudicated
CUS00883,HCLM00883_03,HPOL00883_03,2021-07-15,2021-07-20,Lightning,2901 NE 1st Ave,Miami-Dade,FL,33137,25.802168,-80.187402,76200,76100,174,11,0,0,0,Closed Without Payment
CUS00883,HCLM00883_04,HPOL00883_04,2017-09-17,2017-09-26,Wind,2901 NE 1st Ave,Miami-Dade,FL,33137,25.802168,-80.187402,18300,19000,81,4,0,0,0,Settled
CUS00884,HCLM00884_01,HPOL00884_01,2018-02-03,2018-02-15,Fire,300 W Tyler St,Hillsborough,FL,33602,27.948668,-82.456928,55400,44700,65,10,0,1,0,Settled
CUS00884,HCLM00884_02,HPOL00884_02,2021-01-13,2021-01-21,Hurricane,300 W Tyler St,Hillsborough,FL,33602,27.948668,-82.456928,11400,11400,82,7,1,0,0,Partially Paid
CUS00884,HCLM00884_03,HPOL00884_03,2021-04-29,2021-05-02,Hurricane,300 W Tyler St,Hillsborough,FL,33602,27.948668,-82.456928,16000,15900,69,6,1,0,0,Closed Without Payment
CUS00884,HCLM00884_04,HPOL00884_04,2018-05-22,2018-05-22,Wind,101 Lake Ave,Orange,FL,32801,28.539466,-81.369524,19000,26700,51,9,1,1,0,Closed Without Payment
CUS00884,HCLM00884_05,HPOL00884_05,2022-07-18,2022-07-20,Water,300 W Tyler St,Hillsborough,FL,33602,27.948668,-82.456928,50200,71300,77,10,0,1,0,Withdrawn
CUS00885,HCLM00885_01,HPOL00885_01,2024-01-05,2024-01-16,Hail,9931 W Flagler St,Miami-Dade,FL,33174,25.75642,-80.352414,74500,52200,52,13,0,0,0,Closed Without Payment
CUS00885,HCLM00885_02,HPOL00885_02,2024-09-28,2024-10-02,Wind,2900 Biscayne Blvd,Miami-Dade,FL,33137,25.80518,-80.188488,9400,7400,130,10,1,0,0,Denied
CUS00885,HCLM00885_03,HPOL00885_03,2020-07-22,2020-07-23,Water,180 NE 29th St,Miami-Dade,FL,33137,25.808606,-80.19234,5900,4300,70,3,0,1,0,Closed Without Payment
CUS00886,HCLM00886_01,HPOL00886_01,2020-04-14,2020-04-22,Wind,9931 W Flagler St,Miami-Dade,FL,33174,25.75642,-80.352414,48900,79300,136,8,1,0,0,Settled
CUS00886,HCLM00886_02,HPOL00886_02,2022-12-07,2022-12-14,Vandalism,355 N Rosalind Ave,Orange,FL,32801,28.545514,-81.378134,52800,61600,60,6,0,0,0,Withdrawn
CUS00886,HCLM00886_03,HPOL00886_03,2019-07-24,2019-07-27,Freeze,355 N Rosalind Ave,Orange,FL,32801,28.545514,-81.378134,16600,25700,28,8,1,0,0,Withdrawn
CUS00887,HCLM00887_01,HPOL00887_01,2021-04-21,2021-04-28,Freeze,9505 Axis Way,Orange,FL,32837,28.396944,-81.417614,14400,11000,65,10,1,0,0,Denied
CUS00887,HCLM00887_02,HPOL00887_02,2018-03-30,2018-04-08,Water,5009 Park Central Dr,Orange,FL,32839,28.48606,-81.403886,28200,38700,225,6,0,1,0,Paid
CUS00887,HCLM00887_03,HPOL00887_03,2022-07-30,2022-08-13,Hail,2633 Azalea Garden Pl,Hillsborough,FL,33619,27.938868,-82.369974,6200,9300,94,9,0,0,0,Denied
CUS00887,HCLM00887_04,HPOL00887_04,2020-12-26,2021-01-03,Lightning,2650 Dade Ave,Orange,FL,32804,28.583628,-81.389606,46400,43200,157,12,0,0,0,Withdrawn
CUS00887,HCLM00887_05,HPOL00887_05,2020-07-15,2020-07-19,Water,2828 NW 1st Ave,Miami-Dade,FL,33127,25.79715,-80.197564,72400,76800,116,6,1,0,0,Denied
CUS00888,HCLM00888_01,HPOL00888_01,2020-10-16,2020-10-28,Hail,520 E Church St,Orange,FL,32801,28.542388,-81.368972,39600,32200,501,6,0,1,1,Litigated and Adjudicated
CUS00888,HCLM00888_02,HPOL00888_02,2022-09-13,2022-09-16,Freeze,2901 NE 1st Ave,Miami-Dade,FL,33137,25.802168,-80.187402,9600,14400,202,10,0,0,0,Denied
CUS00889,HCLM00889_01,HPOL00889_01,2021-03-21,2021-04-02,Water,55 NE 2nd St,Miami-Dade,FL,33132,25.784184,-80.187508,60100,104500,76,4,0,0,0,Settled
CUS00889,HCLM00889_02,HPOL00889_02,2021-01-12,2021-01-16,Lightning,4301 Urbana Dr,Orange,FL,32837,28.394856,-81.424922,16800,16400,343,9,0,0,1,Litigated and Settled
CUS00889,HCLM00889_03,HPOL00889_03,2020-09-08,2020-09-17,Water,2828 NW 1st Ave,Miami-Dade,FL,33127,25.79715,-80.197564,26700,19300,29,6,0,1,0,Partially Paid
CUS00890,HCLM00890_01,HPOL00890_01,2023-10-30,2023-11-05,Theft,700 SW 1st St,Miami-Dade,FL,33130,25.76502,-80.207664,36000,41900,18,3,0,0,0,Settled
CUS00892,HCLM00892_01,HPOL00892_01,2022-01-02,2022-01-09,Lightning,6501 S Westshore Blvd,Hillsborough,FL,33616,27.869022,-82.523216,11800,14800,40,11,0,0,0,Closed Without Payment
CUS00892,HCLM00892_02,HPOL00892_02,2024-05-24,2024-05-28,Wind,6501 S Westshore Blvd,Hillsborough,FL,33616,27.869022,-82.523216,66600,66600,128,13,1,0,0,Settled
CUS00893,HCLM00893_01,HPOL00893_01,2023-05-14,2023-05-20,Hurricane,7575 Universal Blvd,Orange,FL,32819,28.451704,-81.47356,51200,75300,169,12,0,1,0,Closed Without Payment
CUS00893,HCLM00893_02,HPOL00893_02,2021-02-03,2021-02-16,Lightning,7575 Universal Blvd,Orange,FL,32819,28.451704,-81.47356,11500,8400,56,4,0,0,0,Closed Without Payment
CUS00894,HCLM00894_01,HPOL00894_01,2022-09-01,2022-09-09,Hail,452 NE 31st St,Miami-Dade,FL,33137,25.805582,-80.194716,26700,20400,207,11,0,0,0,Denied
CUS00894,HCLM00894_02,HPOL00894_02,2021-01-01,2021-01-13,Wind,2050 Jake St,Orange,FL,32814,28.560782,-81.32269,40400,48000,181,12,1,1,0,Settled
CUS00895,HCLM00895_01,HPOL00895_01,2017-04-21,2017-05-03,Hail,410 N Orange Ave,Orange,FL,32801,28.538032,-81.373544,29600,27800,65,4,0,1,0,Denied
CUS00896,HCLM00896_01,HPOL00896_01,2021-09-30,2021-10-04,Hurricane,110 Zora Pl,Orange,FL,32810,28.615406,-81.425066,31400,33300,163,3,0,0,0,Partially Paid
CUS00896,HCLM00896_02,HPOL00896_02,2020-06-17,2020-06-24,Lightning,110 Zora Pl,Orange,FL,32810,28.615406,-81.425066,13100,18500,77,7,0,0,0,Closed Without Payment
CUS00899,HCLM00899_01,HPOL00899_01,2022-01-29,2022-02-12,Water,2901 NE 1st Ave,Miami-Dade,FL,33137,25.802168,-80.187402,23300,38500,113,8,1,0,0,Paid
CUS00900,HCLM00900_01,HPOL00900_01,2021-04-15,2021-04-23,Hail,6301 S Westshore Blvd,Hillsborough,FL,33616,27.867894,-82.52435,73300,81200,166,12,1,1,0,Settled
CUS00903,HCLM00903_01,HPOL00903_01,2021-01-12,2021-01-20,Hurricane,2828 NW 1st Ave,Miami-Dade,FL,33127,25.79715,-80.197564,26700,34500,208,13,1,1,0,Withdrawn
CUS00903,HCLM00903_02,HPOL00903_02,2021-05-03,2021-05-11,Wind,2828 NW 1st Ave,Miami-Dade,FL,33127,25.79715,-80.197564,65100,73400,175,13,0,0,0,Withdrawn
CUS00906,HCLM00906_01,HPOL00906_01,2024-09-04,2024-09-18,Water,452 NE 31st St,Miami-Dade,FL,33137,25.805582,-80.194716,68400,123000,168,5,0,0,0,Withdrawn
CUS00906,HCLM00906_02,HPOL00906_02,2021-03-20,2021-04-03,Fire,452 NE 31st St,Miami-Dade,FL,33137,25.805582,-80.194716,32100,46400,26,10,1,0,0,Withdrawn
CUS00906,HCLM00906_03,HPOL00906_03,2024-10-12,2024-10-18,Wind,452 NE 31st St,Miami-Dade,FL,33137,25.805582,-80.194716,16700,16700,103,5,0,0,0,Withdrawn
CUS00907,HCLM00907_01,HPOL00907_01,2023-05-09,2023-05-09,Hail,410 N Orange Ave,Orange,FL,32801,28.538032,-81.373544,57400,61700,100,10,0,0,0,Denied
CUS00907,HCLM00907_02,HPOL00907_02,2022-08-27,2022-09-04,Lightning,355 N Rosalind Ave,Orange,FL,32801,28.545514,-81.378134,59500,47900,66,13,0,0,0,Paid
CUS00908,HCLM00908_01,HPOL00908_01,2023-02-21,2023-02-22,Wind,218 NW 8th St,Miami-Dade,FL,33136,25.785132,-80.210772,11400,16000,106,5,0,0,1,Litigated and Adjudicated
CUS00908,HCLM00908_02,HPOL00908_02,2021-10-05,2021-10-14,Theft,218 NW 8th St,Miami-Dade,FL,33136,25.785132,-80.210772,20500,31300,182,7,0,0,0,Denied
CUS00909,HCLM00909_01,HPOL00909_01,2021-08-12,2021-08-12,Wind,6301 S Westshore Blvd,Hillsborough,FL,33616,27.867894,-82.52435,22900,19000,272,12,1,0,1,Litigated and Settled
CUS00909,HCLM00909_02,HPOL00909_02,2018-01-08,2018-01-09,Hurricane,6301 S Westshore Blvd,Hillsborough,FL,33616,27.867894,-82.52435,21800,30900,173,9,0,0,0,Denied
CUS00909,HCLM00909_03,HPOL00909_03,2019-12-02,2019-12-06,Wind,6301 S Westshore Blvd,Hillsborough,FL,33616,27.867894,-82.52435,32900,52000,208,7,0,0,1,Litigated and Adjudicated
CUS00910,HCLM00910_01,HPOL00910_01,2022-09-02,2022-09-11,Hail,8733 Rooks Park Cir,Hillsborough,FL,33619,27.936594,-82.36584,61800,57900,185,3,1,1,0,Partially Paid
CUS00911,HCLM00911_01,HPOL00911_01,2018-12-17,2018-12-23,Vandalism,101 Lake Ave,Orange,FL,32801,28.539466,-81.369524,18800,30200,303,7,0,0,1,Litigated and Settled
CUS00912,HCLM00912_01,HPOL00912_01,2018-02-09,2018-02-18,Water,510 N Rome Ave,Hillsborough,FL,33606,27.930384,-82.488052,46600,61300,62,10,0,0,0,Closed Without Payment
CUS00912,HCLM00912_02,HPOL00912_02,2019-06-14,2019-06-22,Hail,410 N Orange Ave,Orange,FL,32801,28.538032,-81.373544,59600,78000,175,6,0,0,0,Settled
CUS00912,HCLM00912_03,HPOL00912_03,2019-09-22,2019-09-29,Hurricane,410 N Orange Ave,Orange,FL,32801,28.538032,-81.373544,70500,84300,43,7,1,0,0,Paid
CUS00912,HCLM00912_04,HPOL00912_04,2019-10-20,2019-11-01,Water,410 N Orange Ave,Orange,FL,32801,28.538032,-81.373544,44700,58700,167,7,0,0,0,Partially Paid
CUS00913,HCLM00913_01,HPOL00913_01,2022-07-27,2022-08-05,Hail,4000 Headwaters Way,Orange,FL,32837,28.386144,-81.418598,62500,77500,225,6,1,0,0,Denied
CUS00914,HCLM00914_01,HPOL00914_01,2020-05-19,2020-05-19,Vandalism,733 Main Ln,Orange,FL,32801,28.546738,-81.375962,8100,12300,175,7,1,0,0,Settled
CUS00914,HCLM00914_02,HPOL00914_02,2022-01-30,2022-02-03,Wind,6501 S Westshore Blvd,Hillsborough,FL,33616,27.869022,-82.523216,56700,84700,23,13,0,1,0,Withdrawn
CUS00915,HCLM00915_01,HPOL00915_01,2021-04-26,2021-04-30,Vandalism,2650 Dade Ave,Orange,FL,32804,28.583628,-81.389606,49800,44000,190,7,0,1,0,Denied
CUS00915,HCLM00915_02,HPOL00915_02,2022-02-26,2022-03-04,Hurricane,1211 E Kennedy Blvd,Hillsborough,FL,33602,27.950366,-82.46105,30100,35800,53,9,0,0,0,Closed Without Payment
CUS00917,HCLM00917_01,HPOL00917_01,2021-01-01,2021-01-01,Hurricane,710 NE 1st Ave,Miami-Dade,FL,33132,25.783848,-80.189314,46800,37200,306,4,0,1,1,Litigated and Settled
CUS00918,HCLM00918_01,HPOL00918_01,2019-06-04,2019-06-14,Vandalism,6301 S Westshore Blvd,Hillsborough,FL,33616,27.867894,-82.52435,43300,73000,72,3,0,0,0,Paid
CUS00918,HCLM00918_02,HPOL00918_02,2020-09-13,2020-09-22,Wind,6301 S Westshore Blvd,Hillsborough,FL,33616,27.867894,-82.52435,77600,132700,75,9,0,1,0,Partially Paid
CUS00919,HCLM00919_01,HPOL00919_01,2021-11-10,2021-11-23,Hurricane,2751 NW 84th St,Miami-Dade,FL,33147,25.858766,-80.24016,41700,46600,95,7,1,1,0,Closed Without Payment
CUS00919,HCLM00919_02,HPOL00919_02,2022-01-30,2022-02-04,Theft,2751 NW 84th St,Miami-Dade,FL,33147,25.858766,-80.24016,18900,14100,76,6,0,0,0,Closed Without Payment
CUS00919,HCLM00919_03,HPOL00919_03,2022-03-29,2022-03-30,Hurricane,295 NE Ivanhoe Blvd,Orange,FL,32804,28.579332,-81.39362,20900,26900,186,7,0,0,0,Withdrawn
CUS00919,HCLM00919_04,HPOL00919_04,2018-10-12,2018-10-24,Freeze,2751 NW 84th St,Miami-Dade,FL,33147,25.858766,-80.24016,7500,12400,518,13,0,0,1,Litigated and Settled
CUS00920,HCLM00920_01,HPOL00920_01,2023-02-07,2023-02-17,Lightning,1000 NW 7th St,Miami-Dade,FL,33136,25.78563,-80.201058,54000,49400,111,11,0,1,0,Paid
CUS00920,HCLM00920_02,HPOL00920_02,2022-10-02,2022-10-03,Water,1000 NW 7th St,Miami-Dade,FL,33136,25.78563,-80.201058,7800,12600,136,11,0,1,0,Closed Without Payment
CUS00920,HCLM00920_03,HPOL00920_03,2019-07-01,2019-07-08,Water,1000 NW 7th St,Miami-Dade,FL,33136,25.78563,-80.201058,64600,62200,149,10,0,0,0,Settled
CUS00921,HCLM00921_01,HPOL00921_01,2023-01-22,2023-02-05,Fire,218 NW 8th St,Miami-Dade,FL,33136,25.785132,-80.210772,64600,107700,167,7,0,0,0,Partially Paid
CUS00923,HCLM00923_01,HPOL00923_01,2021-12-12,2021-12-24,Vandalism,2633 Azalea Garden Pl,Hillsborough,FL,33619,27.938868,-82.369974,67500,66100,104,5,0,0,0,Partially Paid
CUS00924,HCLM00924_01,HPOL00924_01,2023-04-18,2023-04-24,Vandalism,300 W Tyler St,Hillsborough,FL,33602,27.948668,-82.456928,51000,80100,180,5,0,1,0,Settled
CUS00924,HCLM00924_02,HPOL00924_02,2023-06-11,2023-06-21,Water,5009 Park Central Dr,Orange,FL,32839,28.48606,-81.403886,36100,52100,111,9,0,1,0,Withdrawn
CUS00925,HCLM00925_01,HPOL00925_01,2020-04-13,2020-04-21,Theft,6970 SW 40th St,Miami-Dade,FL,33155,25.7421,-80.313298,68500,75200,107,7,0,0,0,Settled
CUS00925,HCLM00925_02,HPOL00925_02,2020-07-20,2020-08-01,Hurricane,3000 NE 2nd Ave,Miami-Dade,FL,33137,25.808936,-80.195094,29200,38300,44,13,1,0,0,Withdrawn
CUS00926,HCLM00926_01,HPOL00926_01,2018-05-21,2018-05-26,Freeze,1115 E Twiggs St,Hillsborough,FL,33602,27.951524,-82.459604,39900,53500,484,12,0,0,1,Litigated and Adjudicated
CUS00928,HCLM00928_01,HPOL00928_01,2019-07-22,2019-08-01,Hurricane,6970 SW 40th St,Miami-Dade,FL,33155,25.7421,-80.313298,55200,39300,68,7,0,1,0,Settled
CUS00928,HCLM00928_02,HPOL00928_02,2018-08-20,2018-09-01,Fire,6904 Ralston Pl Dr,Hillsborough,FL,33614,28.00581,-82.507956,78500,56700,147,11,0,0,0,Partially Paid
CUS00928,HCLM00928_03,HPOL00928_03,2021-04-18,2021-04-18,Hurricane,5009 Park Central Dr,Orange,FL,32839,28.48606,-81.403886,12100,20900,61,11,0,0,0,Paid
CUS00929,HCLM00929_01,HPOL00929_01,2022-07-02,2022-07-16,Lightning,1115 E Twiggs St,Hillsborough,FL,33602,27.951524,-82.459604,21900,34200,91,13,0,0,0,Settled
CUS00929,HCLM00929_02,HPOL00929_02,2023-08-26,2023-09-09,Vandalism,1115 E Twiggs St,Hillsborough,FL,33602,27.951524,-82.459604,68700,88000,147,11,0,1,0,Closed Without Payment
CUS00929,HCLM00929_03,HPOL00929_03,2022-02-08,2022-02-16,Hail,1115 E Twiggs St,Hillsborough,FL,33602,27.951524,-82.459604,18400,18700,101,4,0,0,0,Closed Without Payment
CUS00931,HCLM00931_01,HPOL00931_01,2019-03-11,2019-03-16,Hurricane,6970 SW 40th St,Miami-Dade,FL,33155,25.7421,-80.313298,37900,65900,277,3,1,0,1,Litigated and Adjudicated
CUS00932,HCLM00932_01,HPOL00932_01,2024-11-04,2024-11-17,Wind,109 W Fortune St,Hillsborough,FL,33602,27.947222,-82.458452,68200,90000,32,7,0,0,0,Partially Paid
CUS00933,HCLM00933_01,HPOL00933_01,2020-03-05,2020-03-19,Lightning,921 N Central Ave,Hillsborough,FL,33602,27.95189,-82.4639,55100,88900,29,9,0,1,0,Partially Paid
CUS00933,HCLM00933_02,HPOL00933_02,2019-08-12,2019-08-22,Hail,921 N Central Ave,Hillsborough,FL,33602,27.95189,-82.4639,30500,27700,107,6,0,0,0,Paid
CUS00934,HCLM00934_01,HPOL00934_01,2021-10-02,2021-10-09,Hurricane,5432 W Tyson Ave,Hillsborough,FL,33611,27.888268,-82.506778,31400,43800,42,6,0,0,0,Closed Without Payment
CUS00935,HCLM00935_01,HPOL00935_01,2020-09-28,2020-10-06,Wind,310 N Orange Ave,Orange,FL,32801,28.543216,-81.372806,69400,111100,32,13,0,0,0,Paid
CUS00935,HCLM00935_02,HPOL00935_02,2019-02-24,2019-03-03,Vandalism,310 N Orange Ave,Orange,FL,32801,28.543216,-81.372806,31300,36700,211,12,0,0,0,Closed Without Payment
CUS00935,HCLM00935_03,HPOL00935_03,2018-11-14,2018-11-21,Wind,310 N Orange Ave,Orange,FL,32801,28.543216,-81.372806,69900,80400,152,4,0,0,0,Settled
CUS00936,HCLM00936_01,HPOL00936_01,2021-05-12,2021-05-19,Wind,700 SW 1st St,Miami-Dade,FL,33130,25.76502,-80.207664,33900,37200,69,6,0,1,0,Paid
CUS00936,HCLM00936_02,HPOL00936_02,2021-05-12,2021-05-14,Hail,700 SW 1st St,Miami-Dade,FL,33130,25.76502,-80.207664,70800,67200,187,9,0,0,0,Paid
CUS00936,HCLM00936_03,HPOL00936_03,2022-07-30,2022-08-01,Hail,355 N Rosalind Ave,Orange,FL,32801,28.545514,-81.378134,49000,64200,135,3,0,0,1,Litigated and Settled
CUS00937,HCLM00937_01,HPOL00937_01,2022-10-23,2022-11-02,Fire,452 NE 31st St,Miami-Dade,FL,33137,25.805582,-80.194716,70200,62900,34,4,0,0,0,Withdrawn
CUS00937,HCLM00937_02,HPOL00937_02,2022-11-08,2022-11-11,Fire,109 W Fortune St,Hillsborough,FL,33602,27.947222,-82.458452,44600,36700,106,11,0,0,0,Partially Paid
CUS00937,HCLM00937_03,HPOL00937_03,2022-01-25,2022-01-26,Fire,310 N Orange Ave,Orange,FL,32801,28.543216,-81.372806,48900,78500,111,11,0,0,0,Withdrawn
CUS00937,HCLM00937_04,HPOL00937_04,2021-08-28,2021-08-28,Hurricane,310 N Orange Ave,Orange,FL,32801,28.543216,-81.372806,34700,28100,124,3,0,0,0,Denied
CUS00938,HCLM00938_01,HPOL00938_01,2020-01-30,2020-02-02,Fire,2900 Biscayne Blvd,Miami-Dade,FL,33137,25.80518,-80.188488,76800,73800,124,5,0,1,0,Denied
CUS00938,HCLM00938_02,HPOL00938_02,2022-09-14,2022-09-17,Water,3015 N Rocky Point Dr E,Hillsborough,FL,33607,27.964764,-82.501766,32800,41200,163,10,0,0,0,Denied
CUS00938,HCLM00938_03,HPOL00938_03,2023-12-12,2023-12-25,Theft,3015 N Rocky Point Dr E,Hillsborough,FL,33607,27.964764,-82.501766,79800,137200,88,5,0,0,0,Withdrawn
CUS00939,HCLM00939_01,HPOL00939_01,2019-06-16,2019-06-24,Water,520 E Church St,Orange,FL,32801,28.542388,-81.368972,30900,38500,173,13,0,1,0,Settled
CUS00939,HCLM00939_02,HPOL00939_02,2018-04-05,2018-04-07,Water,520 E Church St,Orange,FL,32801,28.542388,-81.368972,15100,19500,87,3,0,0,0,Withdrawn
CUS00939,HCLM00939_03,HPOL00939_03,2018-06-03,2018-06-09,Hurricane,9567 Sunbelt St,Hillsborough,FL,33635,28.022792,-82.61563,40900,48400,125,3,0,0,0,Paid
CUS00940,HCLM00940_01,HPOL00940_01,2019-08-11,2019-08-20,Freeze,12112 Sugarloaf Key St,Hillsborough,FL,33626,28.058486,-82.624672,15400,26600,183,4,0,0,0,Partially Paid
CUS00940,HCLM00940_02,HPOL00940_02,2022-11-20,2022-11-27,Water,55 NE 2nd St,Miami-Dade,FL,33132,25.784184,-80.187508,78300,77100,138,10,0,1,0,Withdrawn
CUS00941,HCLM00941_01,HPOL00941_01,2019-09-16,2019-09-27,Lightning,8733 Rooks Park Cir,Hillsborough,FL,33619,27.936594,-82.36584,66400,64400,83,4,0,0,0,Withdrawn
CUS00941,HCLM00941_02,HPOL00941_02,2021-07-12,2021-07-14,Lightning,452 NE 31st St,Miami-Dade,FL,33137,25.805582,-80.194716,15800,24200,76,4,0,1,0,Withdrawn
CUS00942,HCLM00942_01,HPOL00942_01,2018-04-08,2018-04-19,Fire,452 NE 31st St,Miami-Dade,FL,33137,25.805582,-80.194716,19600,33200,86,7,0,0,0,Paid
CUS00942,HCLM00942_02,HPOL00942_02,2020-02-13,2020-02-23,Theft,1011 E Cumberland Ave,Hillsborough,FL,33602,27.948032,-82.463042,8600,9700,123,7,0,0,0,Closed Without Payment
CUS00944,HCLM00944_01,HPOL00944_01,2021-05-11,2021-05-11,Theft,9567 Sunbelt St,Hillsborough,FL,33635,28.022792,-82.61563,51700,64000,105,8,0,0,0,Partially Paid
CUS00944,HCLM00944_02,HPOL00944_02,2021-01-16,2021-01-18,Water,1011 E Cumberland Ave,Hillsborough,FL,33602,27.948032,-82.463042,77700,119400,29,8,0,0,0,Settled
CUS00944,HCLM00944_03,HPOL00944_03,2022-09-26,2022-10-06,Vandalism,9567 Sunbelt St,Hillsborough,FL,33635,28.022792,-82.61563,11800,10300,21,10,0,1,0,Settled
CUS00945,HCLM00945_01,HPOL00945_01,2022-05-16,2022-05-28,Lightning,6904 Ralston Pl Dr,Hillsborough,FL,33614,28.00581,-82.507956,12700,11000,104,13,0,0,0,Partially Paid
CUS00945,HCLM00945_02,HPOL00945_02,2019-04-26,2019-04-26,Hurricane,9931 W Flagler St,Miami-Dade,FL,33174,25.75642,-80.352414,57000,44500,133,10,0,0,0,Withdrawn
CUS00945,HCLM00945_03,HPOL00945_03,2019-10-20,2019-10-24,Lightning,9931 W Flagler St,Miami-Dade,FL,33174,25.75642,-80.352414,22000,20300,145,9,0,0,0,Closed Without Payment
CUS00945,HCLM00945_04,HPOL00945_04,2021-07-05,2021-07-16,Hurricane,9931 W Flagler St,Miami-Dade,FL,33174,25.75642,-80.352414,3500,5800,125,11,0,0,0,Closed Without Payment
CUS00946,HCLM00946_01,HPOL00946_01,2022-06-12,2022-06-23,Freeze,3000 NE 2nd Ave,Miami-Dade,FL,33137,25.808936,-80.195094,43900,39100,219,7,0,0,0,Partially Paid
CUS00946,HCLM00946_02,HPOL00946_02,2022-08-24,2022-08-25,Water,2633 Azalea Garden Pl,Hillsborough,FL,33619,27.938868,-82.369974,79000,59300,141,6,0,0,0,Settled
CUS00947,HCLM00947_01,HPOL00947_01,2021-07-22,2021-07-22,Wind,3000 NE 2nd Ave,Miami-Dade,FL,33137,25.808936,-80.195094,33000,24700,77,3,0,0,0,Closed Without Payment
CUS00948,HCLM00948_01,HPOL00948_01,2020-10-27,2020-11-04,Hail,3219 S Orange Ave,Orange,FL,32806,28.517866,-81.366976,7800,5800,110,5,0,0,0,Withdrawn
CUS00948,HCLM00948_02,HPOL00948_02,2022-04-05,2022-04-13,Lightning,645 NW 1st St,Miami-Dade,FL,33128,25.768528,-80.198928,10100,16800,154,4,1,0,0,Closed Without Payment
CUS00949,HCLM00949_01,HPOL00949_01,2022-08-01,2022-08-03,Freeze,2650 Dade Ave,Orange,FL,32804,28.583628,-81.389606,37700,44700,28,8,0,1,0,Settled
CUS00950,HCLM00950_01,HPOL00950_01,2023-10-25,2023-11-01,Water,101 Lake Ave,Orange,FL,32801,28.539466,-81.369524,15100,25900,547,11,0,0,1,Litigated and Settled
CUS00950,HCLM00950_02,HPOL00950_02,2023-04-05,2023-04-13,Fire,9505 Axis Way,Orange,FL,32837,28.396944,-81.417614,20700,16300,92,3,1,1,0,Closed Without Payment
CUS00950,HCLM00950_03,HPOL00950_03,2021-11-16,2021-11-23,Lightning,2050 Jake St,Orange,FL,32814,28.560782,-81.32269,21400,16900,84,6,0,0,0,Paid
CUS00950,HCLM00950_04,HPOL00950_04,2021-11-10,2021-11-22,Vandalism,4000 Headwaters Way,Orange,FL,32837,28.386144,-81.418598,36500,31700,181,9,0,0,0,Closed Without Payment
CUS00951,HCLM00951_01,HPOL00951_01,2024-06-08,2024-06-17,Hurricane,30 SW 1st St,Miami-Dade,FL,33130,25.765842,-80.208492,33000,55200,54,8,0,0,0,Partially Paid
CUS00951,HCLM00951_02,HPOL00951_02,2019-11-23,2019-12-04,Water,30 SW 1st St,Miami-Dade,FL,33130,25.765842,-80.208492,59600,97800,27,9,0,0,0,Partially Paid
CUS00952,HCLM00952_01,HPOL00952_01,2019-02-26,2019-03-07,Vandalism,109 W Fortune St,Hillsborough,FL,33602,27.947222,-82.458452,9400,15300,184,7,0,0,0,Paid
CUS00952,HCLM00952_02,HPOL00952_02,2020-02-02,2020-02-05,Vandalism,109 W Fortune St,Hillsborough,FL,33602,27.947222,-82.458452,69000,66700,48,7,0,0,0,Settled
CUS00953,HCLM00953_01,HPOL00953_01,2022-01-20,2022-01-23,Vandalism,2901 NE 1st Ave,Miami-Dade,FL,33137,25.802168,-80.187402,22100,19800,60,5,0,0,0,Settled
CUS00953,HCLM00953_02,HPOL00953_02,2023-10-12,2023-10-12,Water,2901 NE 1st Ave,Miami-Dade,FL,33137,25.802168,-80.187402,4400,4700,167,5,0,1,0,Settled
CUS00953,HCLM00953_03,HPOL00953_03,2022-03-09,2022-03-22,Fire,2901 NE 1st Ave,Miami-Dade,FL,33137,25.802168,-80.187402,55900,57900,198,5,0,1,0,Closed Without Payment
CUS00954,HCLM00954_01,HPOL00954_01,2023-01-23,2023-02-05,Freeze,9931 W Flagler St,Miami-Dade,FL,33174,25.75642,-80.352414,39000,31600,220,12,0,0,0,Settled
CUS00954,HCLM00954_02,HPOL00954_02,2024-02-08,2024-02-18,Water,2633 Azalea Garden Pl,Hillsborough,FL,33619,27.938868,-82.369974,41900,38900,142,8,1,0,0,Settled
CUS00954,HCLM00954_03,HPOL00954_03,2022-05-06,2022-05-18,Water,2900 Biscayne Blvd,Miami-Dade,FL,33137,25.80518,-80.188488,29000,36700,123,6,0,0,0,Denied
CUS00955,HCLM00955_01,HPOL00955_01,2019-02-14,2019-02-22,Fire,5009 Park Central Dr,Orange,FL,32839,28.48606,-81.403886,69800,68100,31,12,0,0,0,Closed Without Payment
CUS00955,HCLM00955_02,HPOL00955_02,2020-01-10,2020-01-19,Lightning,4301 Urbana Dr,Orange,FL,32837,28.394856,-81.424922,64900,78400,127,3,0,0,0,Closed Without Payment
CUS00956,HCLM00956_01,HPOL00956_01,2024-10-06,2024-10-09,Hail,109 W Fortune St,Hillsborough,FL,33602,27.947222,-82.458452,64300,53800,449,13,0,1,1,Litigated and Adjudicated
CUS00956,HCLM00956_02,HPOL00956_02,2020-12-18,2020-12-23,Theft,109 W Fortune St,Hillsborough,FL,33602,27.947222,-82.458452,53000,93500,216,8,0,0,0,Partially Paid
CUS00957,HCLM00957_01,HPOL00957_01,2019-01-17,2019-01-29,Vandalism,9567 Sunbelt St,Hillsborough,FL,33635,28.022792,-82.61563,46000,71500,71,5,0,0,0,Partially Paid
CUS00958,HCLM00958_01,HPOL00958_01,2022-03-22,2022-03-30,Wind,9200 Randal Park Blvd,Orange,FL,32832,28.412212,-81.243592,14400,15300,101,11,1,0,0,Paid
CUS00958,HCLM00958_02,HPOL00958_02,2021-07-04,2021-07-17,Lightning,9200 Randal Park Blvd,Orange,FL,32832,28.412212,-81.243592,67600,76800,42,6,0,0,0,Closed Without Payment
CUS00958,HCLM00958_03,HPOL00958_03,2020-12-16,2020-12-30,Theft,9200 Randal Park Blvd,Orange,FL,32832,28.412212,-81.243592,10700,16500,194,12,1,1,1,Litigated and Adjudicated
CUS00959,HCLM00959_01,HPOL00959_01,2020-11-22,2020-11-26,Hail,4000 Headwaters Way,Orange,FL,32837,28.386144,-81.418598,72100,69900,91,12,0,0,0,Partially Paid
CUS00959,HCLM00959_02,HPOL00959_02,2019-01-28,2019-01-29,Hail,452 NE 31st St,Miami-Dade,FL,33137,25.805582,-80.194716,61600,72800,381,10,0,0,1,Litigated and Adjudicated
CUS00960,HCLM00960_01,HPOL00960_01,2020-04-08,2020-04-19,Water,230 NE 4th St,Miami-Dade,FL,33132,25.781976,-80.192572,58600,73500,90,5,1,0,0,Denied
CUS00960,HCLM00960_02,HPOL00960_02,2018-06-03,2018-06-04,Freeze,230 NE 4th St,Miami-Dade,FL,33132,25.781976,-80.192572,64800,80300,162,7,1,0,0,Denied
CUS00961,HCLM00961_01,HPOL00961_01,2021-09-06,2021-09-15,Lightning,310 N Orange Ave,Orange,FL,32801,28.543216,-81.372806,51900,73900,78,12,0,1,0,Withdrawn
CUS00961,HCLM00961_02,HPOL00961_02,2022-11-09,2022-11-13,Wind,310 N Orange Ave,Orange,FL,32801,28.543216,-81.372806,54000,44800,80,6,1,0,1,Litigated and Adjudicated
CUS00961,HCLM00961_03,HPOL00961_03,2019-01-21,2019-01-29,Hail,5127 W Tyson Ave,Hillsborough,FL,33611,27.888982,-82.504054,43100,63800,199,11,0,0,0,Denied
CUS00962,HCLM00962_01,HPOL00962_01,2019-11-28,2019-11-28,Freeze,6904 Ralston Pl Dr,Hillsborough,FL,33614,28.00581,-82.507956,67000,113300,217,11,0,0,0,Withdrawn
CUS00962,HCLM00962_02,HPOL00962_02,2021-10-28,2021-10-29,Water,2633 Azalea Garden Pl,Hillsborough,FL,33619,27.938868,-82.369974,75200,71700,67,13,0,1,0,Partially Paid
CUS00963,HCLM00963_01,HPOL00963_01,2023-09-21,2023-10-02,Wind,12112 Sugarloaf Key St,Hillsborough,FL,33626,28.058486,-82.624672,41600,53200,95,5,1,1,1,Litigated and Adjudicated
CUS00963,HCLM00963_02,HPOL00963_02,2022-06-19,2022-06-19,Hail,9567 Sunbelt St,Hillsborough,FL,33635,28.022792,-82.61563,49300,35200,110,3,0,0,0,Withdrawn
CUS00964,HCLM00964_01,HPOL00964_01,2022-08-21,2022-08-30,Hurricane,218 NW 8th St,Miami-Dade,FL,33136,25.785132,-80.210772,66400,54000,74,4,0,0,0,Closed Without Payment
CUS00964,HCLM00964_02,HPOL00964_02,2023-06-28,2023-06-28,Hail,218 NW 8th St,Miami-Dade,FL,33136,25.785132,-80.210772,40200,58300,137,12,0,1,0,Settled
CUS00965,HCLM00965_01,HPOL00965_01,2022-01-13,2022-01-18,Fire,2900 Biscayne Blvd,Miami-Dade,FL,33137,25.80518,-80.188488,39900,49600,163,6,0,0,0,Paid
CUS00965,HCLM00965_02,HPOL00965_02,2020-09-19,2020-09-24,Hurricane,2900 Biscayne Blvd,Miami-Dade,FL,33137,25.80518,-80.188488,46100,76300,211,3,0,0,0,Partially Paid
CUS00965,HCLM00965_03,HPOL00965_03,2019-06-27,2019-07-09,Wind,2900 Biscayne Blvd,Miami-Dade,FL,33137,25.80518,-80.188488,51600,77900,18,11,0,0,0,Withdrawn
CUS00968,HCLM00968_01,HPOL00968_01,2022-03-10,2022-03-14,Theft,3000 NE 2nd Ave,Miami-Dade,FL,33137,25.808936,-80.195094,51400,37300,178,12,0,0,0,Withdrawn
CUS00969,HCLM00969_01,HPOL00969_01,2021-11-11,2021-11-11,Freeze,510 N Rome Ave,Hillsborough,FL,33606,27.930384,-82.488052,22000,21000,179,8,0,0,0,Withdrawn
CUS00969,HCLM00969_02,HPOL00969_02,2021-06-24,2021-07-05,Theft,510 N Rome Ave,Hillsborough,FL,33606,27.930384,-82.488052,43200,53000,26,13,1,1,0,Denied
CUS00969,HCLM00969_03,HPOL00969_03,2020-09-24,2020-09-26,Theft,510 N Rome Ave,Hillsborough,FL,33606,27.930384,-82.488052,67900,61800,220,11,0,0,0,Closed Without Payment
CUS00971,HCLM00971_01,HPOL00971_01,2021-10-03,2021-10-11,Hurricane,3015 N Rocky Point Dr E,Hillsborough,FL,33607,27.964764,-82.501766,47900,75700,19,5,0,0,0,Paid
CUS00971,HCLM00971_02,HPOL00971_02,2019-08-11,2019-08-16,Wind,3015 N Rocky Point Dr E,Hillsborough,FL,33607,27.964764,-82.501766,30400,22400,50,13,0,0,0,Withdrawn
CUS00971,HCLM00971_03,HPOL00971_03,2018-08-17,2018-08-26,Water,3015 N Rocky Point Dr E,Hillsborough,FL,33607,27.964764,-82.501766,60500,96700,118,6,0,0,0,Denied
CUS00971,HCLM00971_04,HPOL00971_04,2019-09-26,2019-10-03,Fire,3015 N Rocky Point Dr E,Hillsborough,FL,33607,27.964764,-82.501766,42400,61200,125,3,0,0,0,Withdrawn
CUS00972,HCLM00972_01,HPOL00972_01,2021-01-03,2021-01-03,Freeze,7575 Universal Blvd,Orange,FL,32819,28.451704,-81.47356,71000,89300,230,7,0,1,0,Denied
CUS00972,HCLM00972_02,HPOL00972_02,2020-10-08,2020-10-08,Hurricane,8733 Rooks Park Cir,Hillsborough,FL,33619,27.936594,-82.36584,60000,83800,168,9,0,0,0,Closed Without Payment
CUS00972,HCLM00972_03,HPOL00972_03,2022-05-16,2022-05-21,Hurricane,410 N Orange Ave,Orange,FL,32801,28.538032,-81.373544,11300,18100,215,7,1,0,0,Partially Paid
CUS00973,HCLM00973_01,HPOL00973_01,2022-05-29,2022-06-10,Wind,101 W Beach Pl,Hillsborough,FL,33606,27.939852,-82.48549,37500,60800,88,4,0,0,0,Denied
CUS00973,HCLM00973_02,HPOL00973_02,2020-06-23,2020-06-25,Fire,645 NW 1st St,Miami-Dade,FL,33128,25.768528,-80.198928,44300,56300,74,8,0,0,0,Partially Paid
CUS00974,HCLM00974_01,HPOL00974_01,2023-10-12,2023-10-13,Fire,2650 Dade Ave,Orange,FL,32804,28.583628,-81.389606,13600,11500,92,12,0,1,0,Partially Paid
CUS00975,HCLM00975_01,HPOL00975_01,2023-09-03,2023-09-12,Hurricane,921 N Central Ave,Hillsborough,FL,33602,27.95189,-82.4639,45000,63800,175,13,0,0,0,Closed Without Payment
CUS00975,HCLM00975_02,HPOL00975_02,2023-11-11,2023-11-12,Vandalism,921 N Central Ave,Hillsborough,FL,33602,27.95189,-82.4639,60500,100500,229,3,0,1,0,Settled
CUS00975,HCLM00975_03,HPOL00975_03,2023-01-18,2023-01-26,Fire,921 N Central Ave,Hillsborough,FL,33602,27.95189,-82.4639,14900,24200,229,10,1,1,0,Withdrawn
CUS00976,HCLM00976_01,HPOL00976_01,2022-01-14,2022-01-19,Theft,300 W Tyler St,Hillsborough,FL,33602,27.948668,-82.456928,31400,44700,153,9,0,0,0,Partially Paid
CUS00977,HCLM00977_01,HPOL00977_01,2021-04-08,2021-04-11,Hail,9931 W Flagler St,Miami-Dade,FL,33174,25.75642,-80.352414,45900,68400,187,11,0,1,0,Settled
CUS00978,HCLM00978_01,HPOL00978_01,2021-04-26,2021-05-10,Hurricane,2633 Azalea Garden Pl,Hillsborough,FL,33619,27.938868,-82.369974,8800,15200,81,4,1,0,0,Closed Without Payment
CUS00978,HCLM00978_02,HPOL00978_02,2023-11-21,2023-11-29,Fire,2633 Azalea Garden Pl,Hillsborough,FL,33619,27.938868,-82.369974,77400,110300,227,10,0,0,0,Closed Without Payment
CUS00979,HCLM00979_01,HPOL00979_01,2019-10-19,2019-10-29,Water,2751 NW 84th St,Miami-Dade,FL,33147,25.858766,-80.24016,34900,43100,46,8,0,0,1,Litigated and Settled
CUS00979,HCLM00979_02,HPOL00979_02,2019-08-24,2019-09-01,Wind,8733 Rooks Park Cir,Hillsborough,FL,33619,27.936594,-82.36584,26000,23400,101,3,0,1,0,Settled
CUS00979,HCLM00979_03,HPOL00979_03,2020-11-20,2020-11-25,Fire,8733 Rooks Park Cir,Hillsborough,FL,33619,27.936594,-82.36584,36000,39200,187,12,0,0,0,Closed Without Payment
CUS00979,HCLM00979_04,HPOL00979_04,2022-05-27,2022-06-06,Fire,8733 Rooks Park Cir,Hillsborough,FL,33619,27.936594,-82.36584,29000,38700,111,5,0,0,0,Closed Without Payment
CUS00980,HCLM00980_01,HPOL00980_01,2020-11-02,2020-11-04,Freeze,3000 NE 2nd Ave,Miami-Dade,FL,33137,25.808936,-80.195094,5700,5000,194,8,0,0,0,Settled
CUS00980,HCLM00980_02,HPOL00980_02,2024-03-27,2024-04-07,Wind,3000 NE 2nd Ave,Miami-Dade,FL,33137,25.808936,-80.195094,31400,49000,484,3,0,0,1,Litigated and Settled
CUS00981,HCLM00981_01,HPOL00981_01,2020-07-19,2020-07-28,Water,3000 NE 2nd Ave,Miami-Dade,FL,33137,25.808936,-80.195094,7900,6500,485,3,0,0,1,Litigated and Settled
CUS00981,HCLM00981_02,HPOL00981_02,2020-12-19,2020-12-20,Vandalism,4301 Urbana Dr,Orange,FL,32837,28.394856,-81.424922,67700,77500,71,10,1,0,0,Settled
CUS00981,HCLM00981_03,HPOL00981_03,2020-02-05,2020-02-15,Water,101 W Beach Pl,Hillsborough,FL,33606,27.939852,-82.48549,22600,22400,189,3,0,0,0,Partially Paid
CUS00982,HCLM00982_01,HPOL00982_01,2018-03-24,2018-04-03,Freeze,733 Main Ln,Orange,FL,32801,28.546738,-81.375962,9800,11800,22,12,0,0,0,Withdrawn
CUS00982,HCLM00982_02,HPOL00982_02,2021-05-07,2021-05-20,Water,180 NE 29th St,Miami-Dade,FL,33137,25.808606,-80.19234,78800,114800,197,8,0,0,0,Closed Without Payment
CUS00982,HCLM00982_03,HPOL00982_03,2019-09-14,2019-09-27,Freeze,733 Main Ln,Orange,FL,32801,28.546738,-81.375962,26100,29100,24,7,0,0,0,Partially Paid
CUS00983,HCLM00983_01,HPOL00983_01,2022-03-24,2022-04-01,Hurricane,1115 E Twiggs St,Hillsborough,FL,33602,27.951524,-82.459604,64500,96500,340,7,1,0,1,Litigated and Settled
CUS00983,HCLM00983_02,HPOL00983_02,2021-04-04,2021-04-05,Fire,1115 E Twiggs St,Hillsborough,FL,33602,27.951524,-82.459604,12300,11100,62,13,1,0,0,Withdrawn
CUS00984,HCLM00984_01,HPOL00984_01,2024-06-18,2024-06-20,Vandalism,110 Zora Pl,Orange,FL,32810,28.615406,-81.425066,47600,72600,198,8,0,1,0,Closed Without Payment
CUS00985,HCLM00985_01,HPOL00985_01,2022-02-17,2022-02-20,Hurricane,300 W Tyler St,Hillsborough,FL,33602,27.948668,-82.456928,44900,37500,152,13,0,0,0,Closed Without Payment
CUS00985,HCLM00985_02,HPOL00985_02,2022-12-23,2023-01-05,Wind,300 W Tyler St,Hillsborough,FL,33602,27.948668,-82.456928,10600,13700,142,11,0,1,0,Paid
CUS00985,HCLM00985_03,HPOL00985_03,2023-05-01,2023-05-09,Freeze,3015 N Rocky Point Dr E,Hillsborough,FL,33607,27.964764,-82.501766,31000,22500,516,5,0,0,1,Litigated and Settled
CUS00985,HCLM00985_04,HPOL00985_04,2022-07-17,2022-07-28,Hurricane,300 W Tyler St,Hillsborough,FL,33602,27.948668,-82.456928,53100,53700,52,10,0,0,0,Withdrawn
CUS00987,HCLM00987_01,HPOL00987_01,2019-04-29,2019-05-02,Hail,510 N Rome Ave,Hillsborough,FL,33606,27.930384,-82.488052,73500,130100,111,7,0,0,0,Paid
CUS00988,HCLM00988_01,HPOL00988_01,2021-02-08,2021-02-09,Wind,1011 E Cumberland Ave,Hillsborough,FL,33602,27.948032,-82.463042,71500,71000,90,12,0,0,0,Paid
CUS00988,HCLM00988_02,HPOL00988_02,2024-05-05,2024-05-08,Fire,12112 Sugarloaf Key St,Hillsborough,FL,33626,28.058486,-82.624672,19200,29600,357,7,0,0,1,Litigated and Settled
CUS00990,HCLM00990_01,HPOL00990_01,2020-06-27,2020-07-11,Vandalism,101 W Beach Pl,Hillsborough,FL,33606,27.939852,-82.48549,16600,27400,95,11,0,0,0,Denied
CUS00990,HCLM00990_02,HPOL00990_02,2023-01-26,2023-02-02,Hail,101 W Beach Pl,Hillsborough,FL,33606,27.939852,-82.48549,22100,25100,78,7,0,0,0,Paid
CUS00990,HCLM00990_03,HPOL00990_03,2020-03-21,2020-03-22,Hail,101 W Beach Pl,Hillsborough,FL,33606,27.939852,-82.48549,23600,38600,97,13,0,0,0,Closed Without Payment
CUS00990,HCLM00990_04,HPOL00990_04,2023-03-07,2023-03-12,Hail,101 W Beach Pl,Hillsborough,FL,33606,27.939852,-82.48549,36700,59500,193,9,0,0,0,Paid
CUS00991,HCLM00991_01,HPOL00991_01,2021-09-26,2021-10-10,Wind,921 N Central Ave,Hillsborough,FL,33602,27.95189,-82.4639,19800,25600,168,5,0,0,0,Closed Without Payment
CUS00991,HCLM00991_02,HPOL00991_02,2018-08-11,2018-08-23,Theft,310 N Orange Ave,Orange,FL,32801,28.543216,-81.372806,31000,46300,150,10,0,0,0,Denied
CUS00992,HCLM00992_01,HPOL00992_01,2021-11-16,2021-11-19,Water,101 W Beach Pl,Hillsborough,FL,33606,27.939852,-82.48549,68300,60000,211,10,0,0,0,Paid
CUS00993,HCLM00993_01,HPOL00993_01,2024-07-26,2024-08-02,Freeze,510 N Rome Ave,Hillsborough,FL,33606,27.930384,-82.488052,20200,23700,230,13,0,0,0,Closed Without Payment
CUS00994,HCLM00994_01,HPOL00994_01,2021-04-01,2021-04-07,Hurricane,5432 W Tyson Ave,Hillsborough,FL,33611,27.888268,-82.506778,67200,99600,79,3,0,0,0,Denied
CUS00994,HCLM00994_02,HPOL00994_02,2021-12-10,2021-12-21,Water,5432 W Tyson Ave,Hillsborough,FL,33611,27.888268,-82.506778,24400,33600,156,6,0,0,1,Litigated and Settled
CUS00994,HCLM00994_03,HPOL00994_03,2022-06-23,2022-07-05,Water,5432 W Tyson Ave,Hillsborough,FL,33611,27.888268,-82.506778,23900,19200,104,11,0,0,0,Settled
CUS00994,HCLM00994_04,HPOL00994_04,2024-06-06,2024-06-17,Lightning,5432 W Tyson Ave,Hillsborough,FL,33611,27.888268,-82.506778,13200,22500,81,10,0,0,0,Partially Paid
CUS00995,HCLM00995_01,HPOL00995_01,2021-11-17,2021-11-24,Hail,921 N Central Ave,Hillsborough,FL,33602,27.95189,-82.4639,56300,60800,144,10,0,0,0,Withdrawn
CUS00995,HCLM00995_02,HPOL00995_02,2021-08-25,2021-08-29,Hail,921 N Central Ave,Hillsborough,FL,33602,27.95189,-82.4639,14600,12500,75,5,0,1,0,Withdrawn
CUS00996,HCLM00996_01,HPOL00996_01,2022-11-05,2022-11-06,Hurricane,180 NE 29th St,Miami-Dade,FL,33137,25.808606,-80.19234,46900,80800,118,11,0,0,0,Settled
CUS00996,HCLM00996_02,HPOL00996_02,2020-07-23,2020-08-04,Hail,180 NE 29th St,Miami-Dade,FL,33137,25.808606,-80.19234,53900,69300,366,5,1,0,1,Litigated and Adjudicated
CUS00997,HCLM00997_01,HPOL00997_01,2021-07-25,2021-08-05,Theft,7575 Universal Blvd,Orange,FL,32819,28.451704,-81.47356,25200,22700,227,12,0,0,0,Closed Without Payment
CUS00998,HCLM00998_01,HPOL00998_01,2020-08-01,2020-08-04,Water,355 N Rosalind Ave,Orange,FL,32801,28.545514,-81.378134,10100,8000,154,12,0,0,0,Withdrawn
CUS00998,HCLM00998_02,HPOL00998_02,2020-10-11,2020-10-22,Lightning,355 N Rosalind Ave,Orange,FL,32801,28.545514,-81.378134,48000,60500,66,11,0,0,0,Denied
CUS00998,HCLM00998_03,HPOL00998_03,2020-01-27,2020-02-10,Lightning,355 N Rosalind Ave,Orange,FL,32801,28.545514,-81.378134,43500,41800,265,10,0,0,1,Litigated and Adjudicated
CUS00998,HCLM00998_04,HPOL00998_04,2021-04-11,2021-04-13,Hurricane,6600 NW 7th St,Miami-Dade,FL,33126,25.778214,-80.295246,65400,113100,55,9,0,0,0,Withdrawn
CUS00998,HCLM00998_05,HPOL00998_05,2021-01-15,2021-01-16,Hurricane,355 N Rosalind Ave,Orange,FL,32801,28.545514,-81.378134,21300,32300,217,9,0,0,0,Paid
CUS00999,HCLM00999_01,HPOL00999_01,2022-06-27,2022-07-03,Theft,300 W Tyler St,Hillsborough,FL,33602,27.948668,-82.456928,70800,52400,130,4,0,0,0,Closed Without Payment
