policy_id,customer_id,policy_effective_date,policy_expiration_date,policy_form,policy_status,annual_premium,deductible,wind_hail_deductible,hurricane_deductible,coverage_a_dwelling_flag,coverage_a_limit,coverage_b_other_structures_flag,coverage_b_limit,coverage_c_personal_property_flag,coverage_c_limit,coverage_d_loss_of_use_flag,coverage_d_limit,coverage_e_liability_flag,coverage_e_limit,coverage_f_medical_payments_flag,coverage_f_limit,first_line_of_address,county,state,zip_code,latitude,longitude,occupancy_type,property_value,property_age,roof_age,roof_material,construction_type,square_footage
POL00001,CUS00001,2014-05-10,2022-08-05,HO3,Active,8020,1500,7500,62000,1,1239000,1,132000,1,640000,1,243000,1,500000,1,10000,2900 Biscayne Blvd,Miami-Dade,FL,33137,25.80518,-80.188488,Owner Occupied,1206000,18,18,Flat/TPO,Masonry,3285
POL00002,CUS00002,2017-06-16,2023-06-08,HO3,Active,6280,2000,2500,13700,1,684000,1,83000,1,321000,1,192000,1,300000,1,5000,2900 Biscayne Blvd,Miami-Dade,FL,33137,25.80518,-80.188488,Owner Occupied,880000,13,12,Flat/TPO,Masonry Veneer,4231
POL00003,CUS00003,2010-04-15,2025-07-19,DP3,Active,3150,1500,5000,29700,1,594000,1,82000,1,330000,1,148000,0,0,0,0,2900 Biscayne Blvd,Miami-Dade,FL,33137,25.80518,-80.188488,Secondary Residence,680000,53,4,Tile,Masonry Veneer,4286
POL00004,CUS00004,2009-07-19,2024-05-20,HO3,Active,5170,2500,5000,14200,1,283000,1,32000,1,135000,1,83000,1,500000,1,1000,180 NE 29th St,Miami-Dade,FL,33137,25.808606,-80.19234,Owner Occupied,297000,37,2,Concrete Tile,Reinforced Concrete,2200
POL00005,CUS00005,2017-11-07,2024-12-09,HO6,Active,3930,1500,5000,14000,1,281000,1,33000,1,182000,1,57000,1,100000,1,10000,2901 NE 1st Ave,Miami-Dade,FL,33137,25.802168,-80.187402,Secondary Residence,317000,52,10,Concrete Tile,Masonry,4056
POL00006,CUS00006,2020-04-11,2025-04-11,HO3,Active,2080,1500,5000,4700,1,235000,1,19000,1,109000,1,49000,1,300000,1,2500,2900 Biscayne Blvd,Miami-Dade,FL,33137,25.80518,-80.188488,Owner Occupied,242000,13,13,Flat/TPO,Concrete Block,4262
POL00007,CUS00007,2014-09-09,2025-11-10,HO3,Active,3040,1000,7500,7600,1,380000,1,37000,1,257000,1,113000,1,100000,1,10000,180 NE 29th St,Miami-Dade,FL,33137,25.808606,-80.19234,Owner Occupied,378000,3,3,Tile,Masonry Veneer,970
POL00008,CUS00008,2019-01-25,2024-11-13,HO3,Active,7560,2500,2500,38500,1,770000,1,75000,1,360000,1,170000,1,300000,1,1000,452 NE 31st St,Miami-Dade,FL,33137,25.805582,-80.194716,Owner Occupied,950000,25,10,Metal,Concrete Block,1804
POL00009,CUS00009,2008-12-09,2023-01-23,HO3,Active,4700,7500,7500,10800,1,360000,1,46000,1,181000,1,103000,1,100000,1,1000,2901 NE 1st Ave,Miami-Dade,FL,33137,25.802168,-80.187402,Secondary Residence,363000,30,12,Metal,Masonry Veneer,2886
POL00010,CUS00010,2011-03-11,2024-05-19,HO3,Active,5980,1000,7500,24300,1,809000,1,73000,1,392000,1,159000,1,500000,1,2500,2900 Biscayne Blvd,Miami-Dade,FL,33137,25.80518,-80.188488,Owner Occupied,954000,17,17,Flat/TPO,Frame,2888
POL00011,CUS00011,2008-03-21,2023-01-19,HO5,Active,9310,7500,7500,18100,1,903000,1,127000,1,427000,1,235000,1,500000,1,2500,3000 NE 2nd Ave,Miami-Dade,FL,33137,25.808936,-80.195094,Owner Occupied,924000,66,6,Tile,Masonry,1404
POL00012,CUS00012,2021-03-18,2023-10-28,HO5,Active,7760,7500,7500,28100,1,936000,1,112000,1,472000,1,207000,1,300000,1,10000,452 NE 31st St,Miami-Dade,FL,33137,25.805582,-80.194716,Owner Occupied,1016000,62,23,Tile,Reinforced Concrete,1606
POL00013,CUS00013,2023-01-10,2023-12-10,HO5,Active,3170,10000,7500,5100,1,255000,1,34000,1,147000,1,66000,1,300000,1,10000,180 NE 29th St,Miami-Dade,FL,33137,25.808606,-80.19234,Tenant Occupied,254000,63,2,Tile,Frame,2760
POL00014,CUS00014,2009-06-12,2024-12-10,HO3,Active,2660,10000,7500,17000,1,567000,1,69000,1,378000,1,110000,1,500000,1,10000,452 NE 31st St,Miami-Dade,FL,33137,25.805582,-80.194716,Owner Occupied,625000,49,8,Asphalt Shingle,Reinforced Concrete,1285
POL00015,CUS00015,2019-06-10,2024-04-26,HO3,Active,3530,1500,1500,39800,1,797000,0,0,1,485000,1,236000,1,500000,1,10000,180 NE 29th St,Miami-Dade,FL,33137,25.808606,-80.19234,Owner Occupied,857000,72,12,Concrete Tile,Masonry Veneer,928
POL00016,CUS00016,2021-12-02,2026-03-20,HO6,Active,3160,5000,5000,27500,1,550000,1,78000,1,261000,1,90000,1,100000,1,2500,3000 NE 2nd Ave,Miami-Dade,FL,33137,25.808936,-80.195094,Owner Occupied,692000,60,12,Asphalt Shingle,Concrete Block,1123
POL00017,CUS00017,2007-11-05,2023-07-26,HO5,Active,6230,5000,2500,29900,1,997000,1,132000,1,549000,1,268000,1,300000,1,2500,3000 NE 2nd Ave,Miami-Dade,FL,33137,25.808936,-80.195094,Owner Occupied,1192000,33,25,Asphalt Shingle,Concrete Block,1800
POL00018,CUS00018,2020-10-18,2025-09-03,HO3,Active,7550,5000,5000,6100,1,307000,1,26000,1,172000,1,62000,1,500000,1,10000,2900 Biscayne Blvd,Miami-Dade,FL,33137,25.80518,-80.188488,Tenant Occupied,368000,38,27,Tile,Reinforced Concrete,2423
POL00019,CUS00019,2015-01-29,2024-09-26,HO3,Active,3620,2500,2500,49200,1,985000,0,0,1,485000,1,230000,1,500000,1,1000,452 NE 31st St,Miami-Dade,FL,33137,25.805582,-80.194716,Owner Occupied,1051000,41,24,Metal,Concrete Block,2371
POL00020,CUS00020,2022-06-01,2023-04-15,HO6,Active,2940,1000,1000,28400,1,945000,1,78000,1,468000,1,147000,1,500000,1,1000,180 NE 29th St,Miami-Dade,FL,33137,25.808606,-80.19234,Owner Occupied,1076000,8,8,Flat/TPO,Masonry,2763
POL00021,CUS00021,2014-06-26,2023-02-09,HO3,Active,9110,2500,10000,10300,1,342000,1,30000,1,171000,1,85000,1,100000,1,2500,452 NE 31st St,Miami-Dade,FL,33137,25.805582,-80.194716,Owner Occupied,419000,7,7,Concrete Tile,Reinforced Concrete,3091
POL00022,CUS00022,2011-03-19,2024-05-23,HO3,Active,6140,1000,5000,7000,1,350000,1,36000,1,233000,1,54000,1,300000,1,1000,2901 NE 1st Ave,Miami-Dade,FL,33137,25.802168,-80.187402,Owner Occupied,478000,45,9,Metal,Frame,1323
POL00023,CUS00023,2010-01-17,2025-08-05,HO3,Active,2320,7500,2500,22700,1,757000,1,103000,1,415000,1,153000,1,500000,1,1000,452 NE 31st St,Miami-Dade,FL,33137,25.805582,-80.194716,Owner Occupied,838000,20,17,Tile,Concrete Block,3375
POL00024,CUS00024,2009-12-13,2025-03-23,HO5,Active,5890,2500,2500,13000,1,261000,1,29000,1,157000,1,53000,1,300000,1,5000,2901 NE 1st Ave,Miami-Dade,FL,33137,25.802168,-80.187402,Owner Occupied,282000,21,21,Flat/TPO,Frame,4347
POL00025,CUS00025,2012-05-20,2026-07-17,HO3,Active,5650,2000,2000,13000,1,649000,1,76000,1,327000,1,98000,1,100000,1,5000,180 NE 29th St,Miami-Dade,FL,33137,25.808606,-80.19234,Owner Occupied,844000,18,18,Flat/TPO,Reinforced Concrete,3868
POL00026,CUS00026,2016-02-26,2023-09-14,HO3,Active,3020,5000,5000,12700,1,424000,1,63000,1,264000,1,72000,1,100000,1,5000,2900 Biscayne Blvd,Miami-Dade,FL,33137,25.80518,-80.188488,Owner Occupied,519000,36,22,Tile,Masonry,4017
POL00027,CUS00027,2016-06-25,2024-07-12,HO6,Active,6670,2000,10000,11800,1,588000,1,59000,1,348000,1,135000,1,300000,1,10000,180 NE 29th St,Miami-Dade,FL,33137,25.808606,-80.19234,Owner Occupied,593000,23,3,Metal,Frame,3230
POL00028,CUS00028,2018-02-01,2024-12-09,HO3,Active,5990,1500,5000,58600,1,1172000,1,117000,1,730000,1,294000,1,500000,1,2500,2901 NE 1st Ave,Miami-Dade,FL,33137,25.802168,-80.187402,Owner Occupied,1293000,43,20,Concrete Tile,Frame,931
POL00029,CUS00029,2013-11-10,2024-04-26,HO3,Active,3700,7500,7500,45800,1,917000,1,86000,1,602000,1,259000,1,500000,1,1000,180 NE 29th St,Miami-Dade,FL,33137,25.808606,-80.19234,Owner Occupied,1027000,69,10,Metal,Frame,1350
POL00030,CUS00030,2015-01-14,2024-02-27,HO5,Active,7430,2500,2500,16300,1,543000,1,56000,1,259000,1,120000,1,300000,1,5000,2900 Biscayne Blvd,Miami-Dade,FL,33137,25.80518,-80.188488,Owner Occupied,691000,49,14,Asphalt Shingle,Masonry Veneer,1192
POL00031,CUS00031,2008-09-28,2023-12-27,HO3,Active,4060,2500,2500,16400,1,548000,1,75000,1,325000,1,129000,1,100000,1,5000,180 NE 29th St,Miami-Dade,FL,33137,25.808606,-80.19234,Owner Occupied,697000,34,5,Concrete Tile,Frame,1390
POL00032,CUS00032,2009-04-26,2023-02-01,DP3,Active,3280,2000,5000,7900,1,395000,1,54000,1,267000,1,118000,1,100000,0,0,3000 NE 2nd Ave,Miami-Dade,FL,33137,25.808936,-80.195094,Owner Occupied,435000,47,7,Asphalt Shingle,Frame,2355
POL00033,CUS00033,2018-11-19,2024-07-02,HO6,Active,9190,2500,2500,21100,1,1054000,1,96000,1,607000,1,191000,1,500000,1,2500,2900 Biscayne Blvd,Miami-Dade,FL,33137,25.80518,-80.188488,Owner Occupied,1206000,4,4,Flat/TPO,Concrete Block,3757
POL00034,CUS00034,2021-01-29,2025-07-03,HO6,Active,5980,7500,7500,37000,1,740000,1,100000,1,402000,1,154000,1,500000,1,2500,3000 NE 2nd Ave,Miami-Dade,FL,33137,25.808936,-80.195094,Secondary Residence,973000,13,13,Metal,Frame,4350
POL00035,CUS00035,2012-11-25,2025-05-01,HO3,Active,4880,5000,5000,19300,1,966000,1,121000,1,657000,1,264000,1,300000,1,10000,2900 Biscayne Blvd,Miami-Dade,FL,33137,25.80518,-80.188488,Owner Occupied,1064000,50,1,Asphalt Shingle,Concrete Block,3968
POL00036,CUS00036,2008-04-21,2024-07-17,DP3,Active,5230,7500,2500,17900,1,897000,1,119000,1,558000,1,244000,1,300000,0,0,3000 NE 2nd Ave,Miami-Dade,FL,33137,25.808936,-80.195094,Tenant Occupied,1145000,11,11,Flat/TPO,Masonry,4500
POL00037,CUS00037,2013-05-05,2022-12-03,HO3,Active,6100,10000,10000,9500,1,474000,1,63000,1,289000,1,106000,1,100000,1,10000,3000 NE 2nd Ave,Miami-Dade,FL,33137,25.808936,-80.195094,Owner Occupied,487000,15,15,Asphalt Shingle,Reinforced Concrete,2974
POL00038,CUS00038,2020-05-22,2024-06-12,HO3,Active,7390,1500,2500,13600,1,271000,1,36000,1,134000,1,58000,1,500000,1,1000,3000 NE 2nd Ave,Miami-Dade,FL,33137,25.808936,-80.195094,Owner Occupied,285000,46,20,Metal,Masonry Veneer,1158
POL00039,CUS00039,2022-09-27,2023-11-18,HO3,Active,6710,2000,5000,24800,1,1241000,1,149000,1,775000,1,211000,1,100000,1,10000,2900 Biscayne Blvd,Miami-Dade,FL,33137,25.80518,-80.188488,Secondary Residence,1438000,66,31,Asphalt Shingle,Frame,1707
POL00040,CUS00040,2010-12-16,2023-01-03,HO6,Active,8890,10000,7500,9800,1,492000,1,73000,1,276000,1,104000,1,300000,1,10000,180 NE 29th St,Miami-Dade,FL,33137,25.808606,-80.19234,Owner Occupied,673000,58,26,Metal,Masonry,4178
POL00041,CUS00041,2014-07-16,2025-01-23,HO6,Active,2470,2500,5000,17200,1,345000,1,48000,1,204000,1,56000,1,100000,1,2500,452 NE 31st St,Miami-Dade,FL,33137,25.805582,-80.194716,Owner Occupied,364000,34,10,Asphalt Shingle,Frame,1517
POL00042,CUS00042,2024-02-09,2024-12-06,HO3,Active,7560,10000,10000,15000,1,299000,1,36000,1,140000,1,61000,1,500000,1,2500,3131 NE 1st Ave,Miami-Dade,FL,33137,25.807112,-80.193906,Owner Occupied,409000,54,2,Asphalt Shingle,Concrete Block,3539
POL00043,CUS00043,2007-10-02,2022-11-06,HO6,Active,6960,5000,2500,56600,1,1133000,1,149000,1,696000,1,256000,1,500000,1,10000,2900 Biscayne Blvd,Miami-Dade,FL,33137,25.80518,-80.188488,Owner Occupied,1238000,26,22,Metal,Frame,2139
POL00044,CUS00044,2007-10-08,2023-03-17,HO6,Active,6860,2500,5000,9000,1,300000,1,31000,1,146000,1,80000,1,100000,1,5000,180 NE 29th St,Miami-Dade,FL,33137,25.808606,-80.19234,Secondary Residence,358000,60,8,Concrete Tile,Concrete Block,2242
POL00045,CUS00045,2015-09-24,2025-02-03,HO3,Active,8280,5000,5000,12400,1,618000,1,75000,1,306000,1,94000,1,300000,1,5000,180 NE 29th St,Miami-Dade,FL,33137,25.808606,-80.19234,Owner Occupied,810000,47,11,Concrete Tile,Masonry,2085
POL00046,CUS00046,2012-03-09,2025-09-12,HO3,Active,6640,2500,10000,52200,1,1043000,1,122000,1,591000,1,286000,1,100000,1,5000,3131 NE 1st Ave,Miami-Dade,FL,33137,25.807112,-80.193906,Owner Occupied,1398000,22,22,Flat/TPO,Masonry,1776
POL00047,CUS00047,2011-02-22,2023-03-26,HO3,Active,4800,1500,1500,30900,1,1030000,1,103000,1,470000,1,259000,1,300000,1,1000,180 NE 29th St,Miami-Dade,FL,33137,25.808606,-80.19234,Owner Occupied,1309000,75,25,Concrete Tile,Concrete Block,2350
POL00048,CUS00048,2013-06-25,2026-02-13,HO3,Active,7590,7500,7500,51200,1,1023000,1,103000,1,530000,1,243000,1,300000,1,10000,2900 Biscayne Blvd,Miami-Dade,FL,33137,25.80518,-80.188488,Owner Occupied,1047000,39,31,Flat/TPO,Masonry Veneer,3853
POL00049,CUS00049,2012-01-14,2023-01-13,HO3,Active,5840,5000,5000,21000,1,701000,1,101000,1,321000,1,175000,1,500000,1,2500,452 NE 31st St,Miami-Dade,FL,33137,25.805582,-80.194716,Owner Occupied,745000,33,22,Concrete Tile,Reinforced Concrete,2603
POL00050,CUS00050,2010-07-31,2023-10-01,HO3,Active,5660,1000,10000,36800,1,736000,0,0,1,406000,1,167000,1,300000,1,5000,3131 NE 1st Ave,Miami-Dade,FL,33137,25.807112,-80.193906,Owner Occupied,799000,40,32,Flat/TPO,Concrete Block,2475
POL00051,CUS00051,2019-02-05,2023-05-15,DP3,Active,3780,7500,2500,11100,1,555000,1,50000,1,273000,1,161000,0,0,1,2500,2900 Biscayne Blvd,Miami-Dade,FL,33137,25.80518,-80.188488,Owner Occupied,676000,20,20,Asphalt Shingle,Reinforced Concrete,3817
POL00052,CUS00052,2015-05-31,2023-01-27,DP3,Active,8320,1500,10000,16000,1,533000,1,62000,1,281000,1,159000,1,100000,1,1000,452 NE 31st St,Miami-Dade,FL,33137,25.805582,-80.194716,Owner Occupied,649000,7,2,Concrete Tile,Frame,4244
POL00053,CUS00053,2018-11-14,2025-03-17,HO5,Active,6900,10000,7500,13000,1,652000,1,84000,1,330000,1,168000,1,500000,1,5000,180 NE 29th St,Miami-Dade,FL,33137,25.808606,-80.19234,Secondary Residence,698000,44,23,Concrete Tile,Reinforced Concrete,3791
POL00054,CUS00054,2017-09-05,2024-11-21,HO5,Active,4300,5000,7500,6600,1,329000,1,41000,1,208000,1,65000,1,500000,1,1000,452 NE 31st St,Miami-Dade,FL,33137,25.805582,-80.194716,Owner Occupied,434000,46,23,Tile,Frame,4482
POL00055,CUS00055,2014-10-31,2024-03-18,HO5,Active,7540,2000,7500,36000,1,1200000,1,106000,1,612000,1,302000,1,100000,1,5000,3131 NE 1st Ave,Miami-Dade,FL,33137,25.807112,-80.193906,Owner Occupied,1328000,75,5,Concrete Tile,Masonry,963
POL00056,CUS00056,2012-01-09,2025-04-26,HO6,Active,4740,1000,5000,3600,1,178000,1,21000,1,117000,1,43000,1,500000,1,1000,2900 Biscayne Blvd,Miami-Dade,FL,33137,25.80518,-80.188488,Owner Occupied,242000,59,9,Asphalt Shingle,Reinforced Concrete,1805
POL00057,CUS00057,2014-09-09,2025-07-16,DP3,Active,4470,7500,7500,6900,1,230000,1,32000,1,114000,1,62000,0,0,0,0,3131 NE 1st Ave,Miami-Dade,FL,33137,25.807112,-80.193906,Owner Occupied,255000,48,24,Asphalt Shingle,Concrete Block,1216
POL00058,CUS00058,2013-08-11,2023-05-28,HO6,Active,8400,7500,10000,8000,1,267000,1,39000,1,169000,1,65000,1,500000,1,10000,3131 NE 1st Ave,Miami-Dade,FL,33137,25.807112,-80.193906,Owner Occupied,267000,44,22,Concrete Tile,Concrete Block,2568
POL00059,CUS00059,2011-02-01,2025-07-07,HO5,Active,2380,2000,2000,13500,1,674000,1,99000,1,321000,1,160000,1,500000,1,2500,3000 NE 2nd Ave,Miami-Dade,FL,33137,25.808936,-80.195094,Owner Occupied,709000,50,4,Tile,Frame,4381
POL00060,CUS00060,2015-08-09,2025-08-13,DP3,Active,2240,2500,2500,8100,1,271000,1,33000,1,155000,1,80000,0,0,0,0,452 NE 31st St,Miami-Dade,FL,33137,25.805582,-80.194716,Owner Occupied,289000,59,26,Metal,Masonry,1280
POL00061,CUS00061,2021-01-02,2024-10-14,HO3,Active,3950,1500,1500,34400,1,1145000,1,163000,1,580000,1,298000,1,300000,1,1000,3000 NE 2nd Ave,Miami-Dade,FL,33137,25.808936,-80.195094,Owner Occupied,1209000,44,22,Concrete Tile,Frame,4024
POL00062,CUS00062,2021-03-14,2026-01-19,HO3,Active,8330,5000,2500,22400,1,748000,1,82000,1,400000,1,197000,1,300000,1,5000,2900 Biscayne Blvd,Miami-Dade,FL,33137,25.80518,-80.188488,Tenant Occupied,931000,15,15,Flat/TPO,Concrete Block,4277
POL00063,CUS00063,2016-01-08,2024-10-22,HO5,Active,5710,2000,5000,18400,1,920000,0,0,1,563000,1,175000,1,300000,1,2500,3000 NE 2nd Ave,Miami-Dade,FL,33137,25.808936,-80.195094,Secondary Residence,1262000,5,5,Tile,Reinforced Concrete,3904
POL00064,CUS00064,2011-11-19,2025-09-02,HO5,Active,3910,1500,10000,28300,1,566000,1,63000,1,264000,1,125000,1,100000,1,1000,2900 Biscayne Blvd,Miami-Dade,FL,33137,25.80518,-80.188488,Owner Occupied,776000,18,18,Metal,Masonry Veneer,1800
POL00065,CUS00065,2016-03-02,2025-12-20,HO3,Active,3210,1000,10000,17100,1,855000,1,85000,1,505000,1,227000,1,300000,1,1000,180 NE 29th St,Miami-Dade,FL,33137,25.808606,-80.19234,Owner Occupied,1104000,50,2,Asphalt Shingle,Reinforced Concrete,2639
POL00066,CUS00066,2020-01-01,2023-02-27,HO5,Active,5790,1000,1000,11800,1,393000,1,57000,1,205000,1,110000,1,500000,1,1000,3000 NE 2nd Ave,Miami-Dade,FL,33137,25.808936,-80.195094,Owner Occupied,398000,46,14,Flat/TPO,Masonry,2895
POL00067,CUS00067,2007-12-14,2023-06-19,HO6,Active,6190,5000,7500,34600,1,1153000,1,111000,1,626000,1,192000,1,100000,1,10000,452 NE 31st St,Miami-Dade,FL,33137,25.805582,-80.194716,Owner Occupied,1149000,3,3,Flat/TPO,Masonry,1932
POL00068,CUS00068,2018-02-22,2022-11-29,HO3,Active,7020,5000,5000,32000,1,641000,1,71000,1,391000,1,172000,1,500000,1,10000,180 NE 29th St,Miami-Dade,FL,33137,25.808606,-80.19234,Owner Occupied,850000,53,3,Tile,Frame,4382
POL00069,CUS00069,2008-07-07,2023-06-04,HO3,Active,6770,10000,10000,29000,1,580000,1,79000,1,397000,1,147000,1,100000,1,2500,452 NE 31st St,Miami-Dade,FL,33137,25.805582,-80.194716,Owner Occupied,730000,34,20,Flat/TPO,Concrete Block,2780
POL00070,CUS00070,2011-10-25,2025-08-28,HO5,Active,4800,10000,10000,14200,1,708000,1,83000,1,353000,1,173000,1,500000,1,5000,2901 NE 1st Ave,Miami-Dade,FL,33137,25.802168,-80.187402,Owner Occupied,879000,26,26,Flat/TPO,Reinforced Concrete,2957
POL00071,CUS00071,2018-07-22,2023-01-01,HO3,Active,3100,2500,7500,38400,1,1281000,1,117000,1,786000,1,366000,1,500000,1,5000,3131 NE 1st Ave,Miami-Dade,FL,33137,25.807112,-80.193906,Owner Occupied,1347000,65,27,Asphalt Shingle,Reinforced Concrete,3132
POL00072,CUS00072,2022-01-11,2024-02-19,HO3,Active,2880,1000,5000,16700,1,334000,0,0,1,161000,1,66000,1,300000,1,10000,180 NE 29th St,Miami-Dade,FL,33137,25.808606,-80.19234,Secondary Residence,451000,5,5,Concrete Tile,Reinforced Concrete,3418
POL00073,CUS00073,2022-06-01,2024-02-14,HO3,Active,4210,10000,7500,15200,1,506000,1,49000,1,255000,1,126000,1,100000,1,1000,180 NE 29th St,Miami-Dade,FL,33137,25.808606,-80.19234,Owner Occupied,492000,21,15,Flat/TPO,Concrete Block,3729
POL00074,CUS00074,2021-02-06,2024-08-27,HO3,Active,8090,1000,7500,6600,1,328000,1,45000,1,148000,1,60000,1,300000,1,10000,180 NE 29th St,Miami-Dade,FL,33137,25.808606,-80.19234,Owner Occupied,337000,13,13,Tile,Reinforced Concrete,3757
POL00075,CUS00075,2010-12-15,2025-04-11,HO3,Active,5010,5000,7500,32800,1,1094000,0,0,1,653000,1,325000,1,100000,1,5000,3000 NE 2nd Ave,Miami-Dade,FL,33137,25.808936,-80.195094,Owner Occupied,1431000,71,12,Concrete Tile,Masonry,2160
POL00076,CUS00076,2014-11-01,2025-12-20,HO5,Active,5410,2000,2000,42500,1,850000,1,111000,1,578000,1,208000,1,500000,1,1000,3000 NE 2nd Ave,Miami-Dade,FL,33137,25.808936,-80.195094,Owner Occupied,1006000,35,24,Asphalt Shingle,Concrete Block,3308
POL00077,CUS00077,2008-02-23,2024-06-06,HO5,Active,8230,1000,10000,24700,1,1234000,1,176000,1,854000,1,238000,1,500000,1,10000,2900 Biscayne Blvd,Miami-Dade,FL,33137,25.80518,-80.188488,Owner Occupied,1203000,25,25,Tile,Reinforced Concrete,2358
POL00078,CUS00078,2009-05-30,2023-09-23,DP3,Active,6040,7500,2500,30400,1,1013000,1,101000,1,556000,1,293000,1,100000,0,0,2901 NE 1st Ave,Miami-Dade,FL,33137,25.802168,-80.187402,Tenant Occupied,1073000,28,19,Concrete Tile,Frame,883
POL00079,CUS00079,2023-10-10,2025-05-15,HO3,Active,4960,1500,5000,16500,1,549000,1,55000,1,313000,1,100000,1,100000,1,2500,2900 Biscayne Blvd,Miami-Dade,FL,33137,25.80518,-80.188488,Secondary Residence,698000,10,10,Concrete Tile,Concrete Block,3119
POL00080,CUS00080,2017-07-16,2024-11-19,HO3,Active,8350,1000,1000,13900,1,278000,1,30000,1,180000,1,76000,1,100000,1,1000,3131 NE 1st Ave,Miami-Dade,FL,33137,25.807112,-80.193906,Owner Occupied,378000,19,19,Tile,Frame,2934
POL00081,CUS00081,2018-05-01,2023-05-05,HO3,Active,4970,2500,5000,13700,1,686000,1,61000,1,385000,1,168000,1,500000,1,2500,6970 SW 40th St,Miami-Dade,FL,33155,25.7421,-80.313298,Owner Occupied,836000,74,29,Flat/TPO,Masonry,1305
POL00082,CUS00082,2017-08-17,2024-06-20,HO6,Active,8870,2000,2500,3500,1,175000,1,24000,1,85000,1,38000,1,100000,1,10000,30 SW 1st St,Miami-Dade,FL,33130,25.765842,-80.208492,Owner Occupied,225000,14,14,Metal,Masonry,4289
POL00083,CUS00083,2016-07-17,2024-12-09,HO6,Active,5240,1000,2500,70100,1,1402000,0,0,1,891000,1,406000,1,300000,1,1000,5127 W Tyson Ave,Hillsborough,FL,33611,27.888982,-82.504054,Owner Occupied,1376000,55,23,Metal,Masonry Veneer,4370
POL00084,CUS00084,2009-11-28,2023-10-30,HO3,Active,3860,1500,2500,34800,1,695000,1,86000,1,409000,1,207000,1,100000,1,1000,2828 NW 1st Ave,Miami-Dade,FL,33127,25.79715,-80.197564,Owner Occupied,791000,73,15,Concrete Tile,Frame,3408
POL00085,CUS00085,2013-06-03,2025-08-01,HO5,Active,7160,7500,2500,46600,1,932000,1,110000,1,495000,1,165000,1,300000,1,1000,9931 W Flagler St,Miami-Dade,FL,33174,25.75642,-80.352414,Owner Occupied,978000,55,20,Metal,Reinforced Concrete,2307
POL00086,CUS00086,2020-06-06,2025-09-11,HO3,Active,5100,2500,5000,6900,1,345000,1,41000,1,227000,1,60000,1,300000,1,1000,55 NE 2nd St,Miami-Dade,FL,33132,25.784184,-80.187508,Owner Occupied,347000,46,20,Tile,Reinforced Concrete,4109
POL00087,CUS00087,2020-04-02,2026-01-21,HO3,Active,4130,7500,7500,7600,1,255000,1,30000,1,128000,1,62000,1,100000,1,5000,2050 Jake St,Orange,FL,32814,28.560782,-81.32269,Owner Occupied,287000,36,17,Metal,Masonry Veneer,2800
POL00088,CUS00088,2012-02-15,2025-04-15,DP3,Active,7690,5000,10000,14400,1,480000,1,58000,1,300000,1,84000,0,0,1,2500,3131 NE 1st Ave,Miami-Dade,FL,33137,25.807112,-80.193906,Owner Occupied,562000,16,2,Metal,Reinforced Concrete,3887
POL00089,CUS00089,2017-05-14,2022-05-29,HO3,Active,5670,5000,2500,32000,1,1066000,1,142000,1,621000,1,304000,1,500000,1,5000,12112 Sugarloaf Key St,Hillsborough,FL,33626,28.058486,-82.624672,Owner Occupied,1115000,50,27,Tile,Concrete Block,2625
POL00090,CUS00090,2019-12-07,2024-03-30,HO5,Active,3990,7500,7500,45100,1,902000,1,112000,1,510000,1,260000,1,300000,1,1000,901 W Chestnut St,Hillsborough,FL,33607,27.956886,-82.501454,Owner Occupied,1131000,31,8,Metal,Concrete Block,4209
POL00091,CUS00091,2020-10-29,2026-03-29,HO3,Active,8190,2000,10000,37400,1,1248000,1,157000,1,680000,1,202000,1,300000,1,10000,3131 NE 1st Ave,Miami-Dade,FL,33137,25.807112,-80.193906,Tenant Occupied,1440000,68,13,Asphalt Shingle,Concrete Block,2853
POL00092,CUS00092,2011-02-28,2022-11-17,DP3,Active,4370,1000,5000,18800,1,376000,1,42000,1,194000,1,94000,0,0,1,10000,109 W Fortune St,Hillsborough,FL,33602,27.947222,-82.458452,Owner Occupied,485000,15,3,Tile,Reinforced Concrete,2514
POL00093,CUS00093,2011-03-23,2025-12-14,DP3,Active,1920,7500,2500,8900,1,443000,1,54000,1,213000,1,84000,0,0,0,0,101 W Beach Pl,Hillsborough,FL,33606,27.939852,-82.48549,Owner Occupied,552000,48,14,Asphalt Shingle,Concrete Block,4012
POL00094,CUS00094,2018-06-13,2024-12-27,HO3,Active,6980,7500,5000,11800,1,589000,1,82000,1,395000,1,161000,1,100000,1,5000,6904 Ralston Pl Dr,Hillsborough,FL,33614,28.00581,-82.507956,Owner Occupied,574000,15,15,Tile,Frame,4465
POL00095,CUS00095,2018-07-27,2025-12-16,HO6,Active,7640,2500,2500,24200,1,1209000,1,111000,1,642000,1,289000,1,300000,1,10000,310 N Orange Ave,Orange,FL,32801,28.543216,-81.372806,Tenant Occupied,1435000,23,11,Metal,Masonry Veneer,2913
POL00096,CUS00096,2010-07-09,2025-01-15,HO3,Active,2020,5000,10000,20000,1,1001000,0,0,1,654000,1,258000,1,100000,1,1000,645 NW 1st St,Miami-Dade,FL,33128,25.768528,-80.198928,Owner Occupied,1104000,13,13,Metal,Reinforced Concrete,3990
POL00097,CUS00097,2016-04-10,2025-06-04,HO3,Active,2790,2000,7500,19200,1,641000,1,59000,1,357000,1,179000,1,100000,1,2500,452 NE 31st St,Miami-Dade,FL,33137,25.805582,-80.194716,Owner Occupied,838000,49,14,Concrete Tile,Masonry,3271
POL00098,CUS00098,2008-12-27,2025-04-02,HO6,Active,7300,2500,10000,24900,1,1244000,1,112000,1,588000,1,329000,1,300000,1,1000,1211 E Kennedy Blvd,Hillsborough,FL,33602,27.950366,-82.46105,Owner Occupied,1426000,61,28,Asphalt Shingle,Masonry,2272
POL00099,CUS00099,2019-06-27,2026-05-16,HO6,Active,6750,1000,7500,20600,1,413000,1,55000,1,240000,1,102000,1,300000,1,1000,110 Zora Pl,Orange,FL,32810,28.615406,-81.425066,Owner Occupied,412000,70,9,Metal,Concrete Block,2440
POL00100,CUS00100,2011-12-29,2022-11-29,HO5,Active,8000,10000,10000,22000,1,1099000,1,121000,1,522000,1,323000,1,500000,1,1000,6301 S Westshore Blvd,Hillsborough,FL,33616,27.867894,-82.52435,Owner Occupied,1311000,71,22,Metal,Concrete Block,3828
POL00101,CUS00101,2010-06-25,2023-01-26,HO3,Active,9140,1000,7500,8500,1,284000,1,27000,1,189000,1,82000,1,300000,1,5000,9505 Axis Way,Orange,FL,32837,28.396944,-81.417614,Owner Occupied,389000,72,7,Tile,Frame,2472
POL00102,CUS00102,2016-08-23,2026-06-30,HO6,Active,5270,7500,10000,6200,1,207000,1,20000,1,107000,1,38000,1,300000,1,1000,295 NE Ivanhoe Blvd,Orange,FL,32804,28.579332,-81.39362,Owner Occupied,256000,68,7,Metal,Masonry Veneer,2110
POL00103,CUS00103,2016-11-02,2025-05-11,HO5,Active,6810,5000,5000,14100,1,469000,1,70000,1,320000,1,77000,1,500000,1,2500,9567 Sunbelt St,Hillsborough,FL,33635,28.022792,-82.61563,Owner Occupied,575000,17,17,Tile,Frame,3714
POL00104,CUS00104,2011-02-03,2023-07-05,HO6,Active,9360,5000,5000,6200,1,206000,0,0,1,94000,1,59000,1,500000,1,2500,2050 Jake St,Orange,FL,32814,28.560782,-81.32269,Owner Occupied,259000,22,22,Asphalt Shingle,Frame,1838
POL00105,CUS00105,2017-12-03,2026-10-04,HO3,Active,3990,2500,7500,11900,1,596000,1,86000,1,343000,1,125000,1,300000,1,1000,2900 Biscayne Blvd,Miami-Dade,FL,33137,25.80518,-80.188488,Owner Occupied,687000,43,12,Tile,Masonry Veneer,1344
POL00106,CUS00106,2007-12-21,2023-10-07,HO3,Active,8550,1000,5000,21900,1,1093000,1,157000,1,717000,1,200000,1,500000,1,10000,5432 W Tyson Ave,Hillsborough,FL,33611,27.888268,-82.506778,Tenant Occupied,1374000,7,7,Flat/TPO,Masonry,2274
POL00107,CUS00107,2017-04-14,2025-07-23,HO3,Active,9800,7500,7500,34000,1,681000,1,76000,1,308000,1,120000,1,500000,1,2500,710 NE 1st Ave,Miami-Dade,FL,33132,25.783848,-80.189314,Secondary Residence,720000,6,6,Concrete Tile,Concrete Block,1628
POL00108,CUS00108,2021-04-02,2026-05-04,HO3,Active,3140,7500,10000,11000,1,220000,1,32000,1,112000,1,43000,1,500000,1,2500,4000 Headwaters Way,Orange,FL,32837,28.386144,-81.418598,Owner Occupied,287000,9,9,Metal,Masonry,1796
POL00109,CUS00109,2013-05-07,2026-10-22,DP3,Active,7860,7500,7500,22400,1,1119000,1,132000,1,544000,1,331000,0,0,0,0,300 W Tyler St,Hillsborough,FL,33602,27.948668,-82.456928,Secondary Residence,1354000,70,28,Tile,Masonry,2796
POL00110,CUS00110,2021-08-09,2025-11-16,HO5,Active,9300,2000,2500,15600,1,313000,1,45000,1,191000,1,49000,1,100000,1,2500,9567 Sunbelt St,Hillsborough,FL,33635,28.022792,-82.61563,Owner Occupied,372000,29,5,Tile,Masonry,3828
POL00111,CUS00111,2013-12-17,2024-06-07,HO3,Active,8790,1000,1000,30800,1,617000,1,89000,1,334000,1,116000,1,300000,1,10000,55 NE 2nd St,Miami-Dade,FL,33132,25.784184,-80.187508,Owner Occupied,803000,73,27,Flat/TPO,Reinforced Concrete,965
POL00112,CUS00112,2015-12-30,2024-09-26,HO3,Active,4160,7500,10000,20800,1,1042000,1,112000,1,566000,1,284000,1,100000,1,1000,6904 Ralston Pl Dr,Hillsborough,FL,33614,28.00581,-82.507956,Owner Occupied,1019000,64,11,Metal,Frame,2100
POL00113,CUS00113,2014-06-09,2025-02-15,HO3,Active,3970,7500,10000,17300,1,578000,1,75000,1,379000,1,106000,1,300000,1,5000,510 N Rome Ave,Hillsborough,FL,33606,27.930384,-82.488052,Owner Occupied,744000,20,6,Asphalt Shingle,Masonry,4263
POL00114,CUS00114,2010-05-28,2025-09-19,HO3,Active,2500,2000,2000,60000,1,1200000,1,108000,1,671000,1,274000,1,300000,1,10000,9931 W Flagler St,Miami-Dade,FL,33174,25.75642,-80.352414,Secondary Residence,1173000,63,32,Asphalt Shingle,Frame,2590
POL00115,CUS00115,2023-07-17,2025-01-28,HO6,Active,3740,1500,7500,53200,1,1064000,1,152000,1,555000,1,269000,1,100000,1,2500,55 NE 2nd St,Miami-Dade,FL,33132,25.784184,-80.187508,Owner Occupied,1089000,39,14,Asphalt Shingle,Reinforced Concrete,1558
POL00116,CUS00116,2013-06-07,2024-08-28,DP3,Active,5700,2500,5000,25500,1,510000,1,72000,1,265000,1,134000,1,100000,0,0,10149 Arise Loop,Orange,FL,32837,28.397256,-81.42077,Owner Occupied,675000,35,20,Concrete Tile,Reinforced Concrete,4281
POL00117,CUS00117,2014-09-16,2024-12-05,HO3,Active,7750,2500,7500,27600,1,920000,1,107000,1,548000,1,179000,1,500000,1,10000,9567 Sunbelt St,Hillsborough,FL,33635,28.022792,-82.61563,Owner Occupied,1262000,8,8,Flat/TPO,Frame,1473
POL00118,CUS00118,2018-07-22,2025-05-06,HO3,Active,3510,2500,2500,9000,1,452000,1,67000,1,283000,1,110000,1,300000,1,10000,2900 Biscayne Blvd,Miami-Dade,FL,33137,25.80518,-80.188488,Owner Occupied,573000,37,19,Asphalt Shingle,Frame,1410
POL00119,CUS00119,2012-02-09,2025-05-29,HO3,Active,6190,2000,7500,15200,1,507000,1,74000,1,334000,1,98000,1,100000,1,1000,230 NE 4th St,Miami-Dade,FL,33132,25.781976,-80.192572,Secondary Residence,505000,21,13,Flat/TPO,Masonry,2999
POL00120,CUS00120,2022-03-14,2023-02-09,HO5,Active,5700,7500,7500,5100,1,255000,0,0,1,154000,1,51000,1,300000,1,1000,2900 Biscayne Blvd,Miami-Dade,FL,33137,25.80518,-80.188488,Owner Occupied,258000,15,13,Metal,Masonry Veneer,3548
POL00121,CUS00121,2007-08-05,2023-03-13,HO3,Active,3770,5000,10000,34300,1,1144000,1,171000,1,592000,1,306000,1,100000,1,1000,180 NE 29th St,Miami-Dade,FL,33137,25.808606,-80.19234,Owner Occupied,1363000,59,12,Flat/TPO,Reinforced Concrete,3697
POL00122,CUS00122,2011-12-10,2025-01-29,HO5,Active,9800,2500,5000,41900,1,838000,1,102000,1,540000,1,153000,1,100000,1,1000,230 NE 4th St,Miami-Dade,FL,33132,25.781976,-80.192572,Owner Occupied,870000,66,30,Asphalt Shingle,Reinforced Concrete,1860
POL00123,CUS00123,2010-09-30,2023-11-13,DP3,Active,8950,7500,5000,25100,1,502000,1,58000,1,316000,1,92000,0,0,0,0,3131 NE 1st Ave,Miami-Dade,FL,33137,25.807112,-80.193906,Secondary Residence,607000,59,9,Flat/TPO,Concrete Block,2773
POL00124,CUS00124,2015-02-24,2024-02-08,HO6,Active,8570,1000,10000,19800,1,395000,1,52000,1,185000,1,64000,1,300000,1,10000,7575 Universal Blvd,Orange,FL,32819,28.451704,-81.47356,Owner Occupied,448000,23,23,Asphalt Shingle,Masonry,3471
POL00125,CUS00125,2023-11-20,2025-10-18,HO3,Active,3790,2500,10000,4000,1,200000,1,29000,1,107000,1,35000,1,500000,1,10000,9200 Randal Park Blvd,Orange,FL,32832,28.412212,-81.243592,Tenant Occupied,254000,56,32,Metal,Concrete Block,1955
POL00126,CUS00126,2023-08-31,2025-12-25,HO3,Active,9660,10000,10000,42100,1,842000,1,105000,1,379000,1,250000,1,100000,1,10000,55 NE 2nd St,Miami-Dade,FL,33132,25.784184,-80.187508,Owner Occupied,1004000,74,31,Metal,Concrete Block,1041
POL00127,CUS00127,2009-09-23,2023-01-31,HO3,Active,4200,1500,10000,18800,1,376000,1,37000,1,176000,1,92000,1,300000,1,5000,8733 Rooks Park Cir,Hillsborough,FL,33619,27.936594,-82.36584,Owner Occupied,427000,62,3,Tile,Masonry,4213
POL00128,CUS00128,2024-05-16,2026-01-01,HO3,Active,2180,2500,5000,51900,1,1038000,1,107000,1,566000,1,209000,1,100000,1,10000,2900 Biscayne Blvd,Miami-Dade,FL,33137,25.80518,-80.188488,Owner Occupied,1349000,60,24,Flat/TPO,Reinforced Concrete,2703
POL00129,CUS00129,2021-09-22,2026-09-18,HO3,Active,5800,2000,2500,17100,1,856000,1,89000,1,432000,1,237000,1,100000,1,5000,310 N Orange Ave,Orange,FL,32801,28.543216,-81.372806,Secondary Residence,896000,3,3,Metal,Reinforced Concrete,2219
POL00130,CUS00130,2017-03-02,2024-12-29,HO3,Active,5970,7500,10000,21400,1,1069000,1,134000,1,729000,1,230000,1,300000,1,5000,230 NE 4th St,Miami-Dade,FL,33132,25.781976,-80.192572,Owner Occupied,1204000,59,4,Flat/TPO,Frame,3529
POL00131,CUS00131,2021-05-10,2024-12-15,HO3,Active,2550,1000,10000,34500,1,1150000,1,104000,1,762000,1,287000,1,100000,1,10000,6501 S Westshore Blvd,Hillsborough,FL,33616,27.869022,-82.523216,Tenant Occupied,1186000,25,11,Flat/TPO,Frame,3179
POL00132,CUS00132,2020-12-29,2024-06-14,HO3,Active,2810,10000,5000,44400,1,889000,1,114000,1,423000,1,155000,1,100000,1,2500,6904 Ralston Pl Dr,Hillsborough,FL,33614,28.00581,-82.507956,Owner Occupied,1186000,26,4,Asphalt Shingle,Concrete Block,3250
POL00133,CUS00133,2023-03-06,2025-07-02,HO3,Active,2580,2500,2500,22800,1,1139000,1,152000,1,767000,1,179000,1,300000,1,10000,6501 S Westshore Blvd,Hillsborough,FL,33616,27.869022,-82.523216,Secondary Residence,1128000,26,25,Tile,Concrete Block,1645
POL00134,CUS00134,2011-12-13,2025-08-25,HO3,Active,3350,5000,10000,21200,1,707000,1,68000,1,349000,1,159000,1,100000,1,1000,6970 SW 40th St,Miami-Dade,FL,33155,25.7421,-80.313298,Secondary Residence,926000,19,18,Asphalt Shingle,Masonry Veneer,2231
POL00135,CUS00135,2009-05-09,2025-07-29,HO5,Active,8560,5000,10000,37400,1,1247000,1,153000,1,804000,1,239000,1,100000,1,1000,5009 Park Central Dr,Orange,FL,32839,28.48606,-81.403886,Owner Occupied,1427000,64,9,Flat/TPO,Frame,1190
POL00136,CUS00136,2012-05-26,2025-06-07,HO3,Active,7530,2000,2500,17300,1,346000,1,32000,1,175000,1,56000,1,500000,1,10000,3131 NE 1st Ave,Miami-Dade,FL,33137,25.807112,-80.193906,Owner Occupied,420000,39,18,Tile,Masonry Veneer,1832
POL00137,CUS00137,2013-08-31,2023-01-30,HO3,Active,5610,5000,7500,8900,1,297000,1,29000,1,155000,1,66000,1,500000,1,10000,218 NW 8th St,Miami-Dade,FL,33136,25.785132,-80.210772,Owner Occupied,345000,35,7,Asphalt Shingle,Frame,4052
POL00138,CUS00138,2020-03-10,2025-09-24,HO3,Active,9760,1000,5000,32700,1,1090000,1,160000,1,645000,1,249000,1,300000,1,1000,452 NE 31st St,Miami-Dade,FL,33137,25.805582,-80.194716,Owner Occupied,1141000,7,7,Metal,Frame,1536
POL00139,CUS00139,2017-07-15,2025-08-25,HO6,Active,9620,2500,2500,44900,1,898000,1,122000,1,483000,1,268000,1,300000,1,5000,3219 S Orange Ave,Orange,FL,32806,28.517866,-81.366976,Owner Occupied,1092000,47,23,Tile,Frame,2872
POL00140,CUS00140,2018-12-31,2025-01-27,HO3,Active,4070,5000,7500,18600,1,371000,1,36000,1,230000,1,74000,1,100000,1,5000,710 NE 1st Ave,Miami-Dade,FL,33132,25.783848,-80.189314,Tenant Occupied,467000,45,10,Flat/TPO,Reinforced Concrete,2166
POL00141,CUS00141,2020-11-09,2022-04-15,HO3,Active,6520,7500,7500,26500,1,1323000,1,191000,1,721000,1,308000,1,100000,1,2500,6904 Ralston Pl Dr,Hillsborough,FL,33614,28.00581,-82.507956,Owner Occupied,1441000,55,1,Concrete Tile,Concrete Block,2617
POL00142,CUS00142,2020-02-29,2023-07-28,HO3,Active,2780,7500,10000,17800,1,889000,1,125000,1,607000,1,137000,1,100000,1,2500,6501 S Westshore Blvd,Hillsborough,FL,33616,27.869022,-82.523216,Owner Occupied,985000,31,26,Asphalt Shingle,Frame,962
POL00143,CUS00143,2011-04-02,2025-04-28,HO3,Active,5270,7500,5000,20000,1,1001000,1,106000,1,614000,1,169000,1,100000,1,5000,1115 E Twiggs St,Hillsborough,FL,33602,27.951524,-82.459604,Tenant Occupied,1122000,57,22,Flat/TPO,Reinforced Concrete,1581
POL00144,CUS00144,2014-02-23,2022-09-21,HO5,Active,4210,2000,10000,18600,1,371000,1,39000,1,213000,1,77000,1,100000,1,5000,921 N Central Ave,Hillsborough,FL,33602,27.95189,-82.4639,Owner Occupied,366000,13,11,Concrete Tile,Reinforced Concrete,4067
POL00145,CUS00145,2021-11-30,2024-08-21,HO3,Active,5960,1000,10000,14800,1,738000,1,65000,1,398000,1,217000,1,100000,1,1000,9567 Sunbelt St,Hillsborough,FL,33635,28.022792,-82.61563,Owner Occupied,981000,4,3,Flat/TPO,Masonry,2576
POL00146,CUS00146,2018-08-04,2023-02-06,HO3,Active,6020,7500,7500,17400,1,868000,1,111000,1,401000,1,140000,1,500000,1,5000,3131 NE 1st Ave,Miami-Dade,FL,33137,25.807112,-80.193906,Owner Occupied,1113000,58,13,Concrete Tile,Masonry Veneer,4367
POL00147,CUS00147,2008-02-04,2022-10-31,HO3,Active,2340,5000,2500,15900,1,796000,1,116000,1,534000,1,172000,1,300000,1,2500,700 SW 1st St,Miami-Dade,FL,33130,25.76502,-80.207664,Owner Occupied,1091000,39,14,Tile,Reinforced Concrete,2449
POL00148,CUS00148,2013-01-03,2023-06-07,HO3,Active,7910,2000,2000,10600,1,532000,1,67000,1,271000,1,92000,1,500000,1,2500,310 N Orange Ave,Orange,FL,32801,28.543216,-81.372806,Tenant Occupied,526000,63,26,Asphalt Shingle,Masonry Veneer,3010
POL00149,CUS00149,2009-08-21,2023-01-01,HO5,Active,9010,2500,2500,22100,1,737000,1,87000,1,482000,1,180000,1,500000,1,5000,520 E Church St,Orange,FL,32801,28.542388,-81.368972,Owner Occupied,977000,12,8,Concrete Tile,Reinforced Concrete,2456
POL00150,CUS00150,2010-11-23,2024-02-27,DP3,Active,3690,1500,1500,12600,1,630000,1,84000,1,440000,1,168000,0,0,0,0,12112 Sugarloaf Key St,Hillsborough,FL,33626,28.058486,-82.624672,Owner Occupied,723000,56,27,Flat/TPO,Frame,4213
POL00151,CUS00151,2018-03-28,2023-12-25,HO3,Active,8480,10000,5000,42800,1,857000,1,102000,1,442000,1,142000,1,300000,1,10000,7511 Solstice Cir,Orange,FL,32821,28.411672,-81.46685,Owner Occupied,852000,74,25,Metal,Frame,1645
POL00152,CUS00152,2013-03-30,2023-03-26,HO3,Active,3990,1000,10000,20800,1,417000,1,55000,1,238000,1,71000,1,500000,1,5000,6970 SW 40th St,Miami-Dade,FL,33155,25.7421,-80.313298,Owner Occupied,429000,64,9,Metal,Frame,3634
POL00153,CUS00153,2017-11-10,2024-11-14,HO5,Active,6470,10000,5000,7100,1,356000,0,0,1,220000,1,73000,1,300000,1,1000,3015 N Rocky Point Dr E,Hillsborough,FL,33607,27.964764,-82.501766,Owner Occupied,427000,39,25,Flat/TPO,Masonry Veneer,1181
POL00154,CUS00154,2010-03-10,2024-11-19,HO3,Active,3830,1000,2500,11200,1,562000,1,80000,1,256000,1,141000,1,100000,1,5000,1000 NW 7th St,Miami-Dade,FL,33136,25.78563,-80.201058,Owner Occupied,750000,69,18,Flat/TPO,Concrete Block,1472
POL00155,CUS00155,2023-03-20,2026-07-16,HO5,Active,9100,2500,10000,10800,1,542000,0,0,1,274000,1,121000,1,300000,1,2500,355 N Rosalind Ave,Orange,FL,32801,28.545514,-81.378134,Owner Occupied,663000,13,13,Flat/TPO,Frame,4024
POL00156,CUS00156,2020-04-23,2023-10-11,HO3,Active,3560,7500,7500,6700,1,334000,1,48000,1,209000,1,64000,1,300000,1,10000,710 NE 1st Ave,Miami-Dade,FL,33132,25.783848,-80.189314,Tenant Occupied,357000,51,21,Flat/TPO,Reinforced Concrete,2068
POL00157,CUS00157,2019-04-20,2025-09-28,HO6,Active,7120,1000,10000,36600,1,732000,1,85000,1,381000,1,144000,1,500000,1,10000,8733 Rooks Park Cir,Hillsborough,FL,33619,27.936594,-82.36584,Owner Occupied,714000,74,25,Tile,Frame,2768
POL00158,CUS00158,2017-09-08,2025-02-18,HO3,Active,5050,2000,10000,15900,1,795000,1,107000,1,386000,1,125000,1,300000,1,10000,2900 Biscayne Blvd,Miami-Dade,FL,33137,25.80518,-80.188488,Owner Occupied,980000,74,17,Flat/TPO,Concrete Block,1186
POL00159,CUS00159,2014-12-02,2022-08-26,HO3,Active,2870,10000,10000,53500,1,1070000,1,116000,1,494000,1,226000,1,100000,1,5000,2901 NE 1st Ave,Miami-Dade,FL,33137,25.802168,-80.187402,Owner Occupied,1242000,14,14,Flat/TPO,Reinforced Concrete,2292
POL00160,CUS00160,2021-04-10,2025-04-27,HO6,Active,6770,5000,10000,18200,1,606000,1,59000,1,364000,1,179000,1,300000,1,2500,452 NE 31st St,Miami-Dade,FL,33137,25.805582,-80.194716,Owner Occupied,733000,74,5,Metal,Masonry,3347
POL00161,CUS00161,2014-11-02,2025-10-24,DP3,Active,8380,1000,5000,6100,1,306000,1,36000,1,140000,1,61000,0,0,0,0,2900 Biscayne Blvd,Miami-Dade,FL,33137,25.80518,-80.188488,Owner Occupied,325000,26,26,Flat/TPO,Concrete Block,1955
POL00162,CUS00162,2008-10-02,2024-05-14,HO5,Active,5270,2500,10000,26700,1,890000,1,122000,1,498000,1,182000,1,100000,1,2500,452 NE 31st St,Miami-Dade,FL,33137,25.805582,-80.194716,Owner Occupied,1159000,52,14,Concrete Tile,Concrete Block,3447
POL00163,CUS00163,2009-12-17,2025-03-07,HO6,Active,7130,5000,2500,63900,1,1278000,1,146000,1,862000,1,252000,1,300000,1,5000,6301 S Westshore Blvd,Hillsborough,FL,33616,27.867894,-82.52435,Owner Occupied,1295000,28,14,Flat/TPO,Frame,853
POL00164,CUS00164,2022-04-10,2025-05-18,HO5,Active,3550,1500,7500,8800,1,439000,1,50000,1,268000,1,107000,1,300000,1,5000,410 N Orange Ave,Orange,FL,32801,28.538032,-81.373544,Owner Occupied,469000,20,9,Tile,Frame,3561
POL00165,CUS00165,2020-09-26,2024-04-12,HO3,Active,7330,7500,7500,10300,1,344000,1,37000,1,221000,1,88000,1,500000,1,5000,1011 E Cumberland Ave,Hillsborough,FL,33602,27.948032,-82.463042,Owner Occupied,447000,20,20,Asphalt Shingle,Reinforced Concrete,1635
POL00166,CUS00166,2013-02-07,2025-03-22,HO3,Active,5120,1000,7500,51500,1,1030000,1,149000,1,513000,1,263000,1,500000,1,5000,8733 Rooks Park Cir,Hillsborough,FL,33619,27.936594,-82.36584,Owner Occupied,1392000,20,13,Concrete Tile,Concrete Block,4069
POL00167,CUS00167,2012-02-04,2024-07-27,HO5,Active,9110,7500,5000,12400,1,247000,1,31000,1,157000,1,72000,1,300000,1,10000,110 Zora Pl,Orange,FL,32810,28.615406,-81.425066,Tenant Occupied,248000,35,19,Flat/TPO,Concrete Block,3103
POL00168,CUS00168,2018-10-27,2025-04-26,HO3,Active,4710,1000,10000,23200,1,775000,1,114000,1,528000,1,158000,1,100000,1,5000,7575 Universal Blvd,Orange,FL,32819,28.451704,-81.47356,Owner Occupied,1048000,11,11,Tile,Concrete Block,880
POL00169,CUS00169,2017-03-11,2025-04-06,HO5,Active,7080,5000,10000,21900,1,730000,1,82000,1,354000,1,205000,1,300000,1,1000,3000 NE 2nd Ave,Miami-Dade,FL,33137,25.808936,-80.195094,Owner Occupied,759000,59,30,Concrete Tile,Masonry,3062
POL00170,CUS00170,2012-04-15,2023-09-02,DP3,Active,8230,1500,7500,16900,1,844000,1,123000,1,389000,1,168000,1,500000,0,0,3000 NE 2nd Ave,Miami-Dade,FL,33137,25.808936,-80.195094,Owner Occupied,1068000,58,14,Concrete Tile,Concrete Block,4034
POL00171,CUS00171,2024-06-09,2026-03-29,HO6,Active,4500,2500,5000,67600,1,1352000,1,114000,1,766000,1,391000,1,500000,1,2500,9931 W Flagler St,Miami-Dade,FL,33174,25.75642,-80.352414,Tenant Occupied,1437000,16,7,Asphalt Shingle,Masonry,3243
POL00172,CUS00172,2019-06-19,2025-03-27,HO3,Active,4570,10000,10000,13000,1,650000,0,0,1,417000,1,174000,1,500000,1,10000,2650 Dade Ave,Orange,FL,32804,28.583628,-81.389606,Secondary Residence,652000,63,32,Concrete Tile,Masonry Veneer,1409
POL00173,CUS00173,2012-01-06,2024-07-16,HO6,Active,7340,2500,2500,14500,1,723000,1,60000,1,490000,1,167000,1,300000,1,10000,6501 S Westshore Blvd,Hillsborough,FL,33616,27.869022,-82.523216,Owner Occupied,868000,67,25,Concrete Tile,Masonry Veneer,3528
POL00174,CUS00174,2011-10-06,2023-10-17,HO5,Active,7240,10000,10000,59400,1,1187000,1,116000,1,795000,1,230000,1,500000,1,1000,9931 W Flagler St,Miami-Dade,FL,33174,25.75642,-80.352414,Owner Occupied,1175000,74,30,Concrete Tile,Masonry Veneer,2474
POL00175,CUS00175,2021-06-14,2023-01-23,HO3,Active,2520,7500,7500,21900,1,1095000,1,159000,1,683000,1,195000,1,100000,1,5000,733 Main Ln,Orange,FL,32801,28.546738,-81.375962,Owner Occupied,1139000,22,22,Flat/TPO,Masonry,4175
POL00176,CUS00176,2016-08-09,2024-11-14,HO3,Active,6570,2500,2500,27400,1,549000,1,76000,1,333000,1,117000,1,300000,1,2500,700 SW 1st St,Miami-Dade,FL,33130,25.76502,-80.207664,Owner Occupied,605000,55,29,Tile,Frame,3889
POL00177,CUS00177,2022-02-14,2025-01-09,HO3,Active,4300,7500,7500,22300,1,1116000,1,102000,1,597000,1,198000,1,300000,1,10000,30 SW 1st St,Miami-Dade,FL,33130,25.765842,-80.208492,Tenant Occupied,1428000,21,16,Flat/TPO,Reinforced Concrete,1642
POL00178,CUS00178,2018-02-09,2026-02-16,HO5,Active,7910,10000,5000,17600,1,353000,1,35000,1,246000,1,98000,1,100000,1,1000,218 NW 8th St,Miami-Dade,FL,33136,25.785132,-80.210772,Owner Occupied,363000,69,26,Asphalt Shingle,Frame,3309
POL00179,CUS00179,2015-12-10,2025-06-24,HO5,Active,8820,5000,2500,11800,1,237000,1,26000,1,108000,1,48000,1,100000,1,10000,5009 Park Central Dr,Orange,FL,32839,28.48606,-81.403886,Secondary Residence,233000,42,4,Flat/TPO,Concrete Block,3461
POL00180,CUS00180,2022-05-26,2026-09-24,DP3,Active,8560,2500,5000,22400,1,1122000,0,0,1,655000,1,234000,0,0,0,0,4301 Urbana Dr,Orange,FL,32837,28.394856,-81.424922,Owner Occupied,1218000,59,24,Concrete Tile,Frame,3948
POL00181,CUS00181,2020-03-29,2025-05-14,DP3,Active,9740,1500,2500,17600,1,881000,0,0,1,466000,1,259000,1,300000,0,0,2900 Biscayne Blvd,Miami-Dade,FL,33137,25.80518,-80.188488,Owner Occupied,859000,28,12,Asphalt Shingle,Reinforced Concrete,3872
POL00182,CUS00182,2017-04-28,2025-01-26,HO3,Active,5980,2000,7500,23400,1,1169000,0,0,1,802000,1,318000,1,300000,1,2500,3015 N Rocky Point Dr E,Hillsborough,FL,33607,27.964764,-82.501766,Owner Occupied,1275000,55,24,Metal,Reinforced Concrete,1526
POL00183,CUS00183,2018-12-27,2025-08-23,HO3,Active,6480,1500,1500,47800,1,956000,1,107000,1,661000,1,247000,1,100000,1,5000,1011 E Cumberland Ave,Hillsborough,FL,33602,27.948032,-82.463042,Owner Occupied,1045000,73,6,Flat/TPO,Masonry Veneer,2312
POL00184,CUS00184,2011-10-31,2022-09-02,HO3,Active,6020,10000,10000,25600,1,1279000,1,151000,1,736000,1,276000,1,500000,1,10000,6600 NW 7th St,Miami-Dade,FL,33126,25.778214,-80.295246,Owner Occupied,1297000,27,16,Asphalt Shingle,Reinforced Concrete,4405
POL00185,CUS00185,2020-04-30,2023-04-28,HO3,Active,2070,1000,2500,5500,1,273000,1,30000,1,184000,1,47000,1,500000,1,2500,7575 Universal Blvd,Orange,FL,32819,28.451704,-81.47356,Owner Occupied,275000,27,15,Tile,Concrete Block,3923
POL00186,CUS00186,2010-01-12,2025-02-12,HO3,Active,2590,7500,2500,4200,1,210000,1,22000,1,107000,1,35000,1,300000,1,10000,452 NE 31st St,Miami-Dade,FL,33137,25.805582,-80.194716,Tenant Occupied,221000,28,15,Asphalt Shingle,Masonry Veneer,3410
POL00187,CUS00187,2013-12-02,2025-09-08,HO5,Active,5290,1000,1000,8400,1,279000,1,33000,1,149000,1,67000,1,100000,1,10000,700 SW 1st St,Miami-Dade,FL,33130,25.76502,-80.207664,Owner Occupied,348000,37,23,Tile,Masonry Veneer,3551
POL00188,CUS00188,2015-07-08,2024-02-10,HO3,Active,6350,5000,10000,26400,1,879000,1,92000,1,433000,1,244000,1,300000,1,10000,355 N Rosalind Ave,Orange,FL,32801,28.545514,-81.378134,Owner Occupied,881000,24,22,Tile,Reinforced Concrete,3166
POL00189,CUS00189,2018-12-17,2026-01-06,DP3,Active,3480,2000,7500,63000,1,1259000,1,157000,1,651000,1,293000,0,0,0,0,8733 Rooks Park Cir,Hillsborough,FL,33619,27.936594,-82.36584,Owner Occupied,1325000,72,28,Tile,Concrete Block,2118
POL00190,CUS00190,2018-01-25,2026-07-20,HO3,Active,6070,5000,5000,15500,1,310000,1,42000,1,165000,1,68000,1,300000,1,1000,6970 SW 40th St,Miami-Dade,FL,33155,25.7421,-80.313298,Owner Occupied,356000,17,17,Asphalt Shingle,Masonry,1054
POL00191,CUS00191,2021-10-08,2025-03-07,HO3,Active,2410,2000,2000,21700,1,1085000,1,134000,1,532000,1,309000,1,300000,1,10000,2828 NW 1st Ave,Miami-Dade,FL,33127,25.79715,-80.197564,Owner Occupied,1185000,7,7,Metal,Concrete Block,1619
POL00192,CUS00192,2016-09-12,2022-12-13,HO3,Active,6650,1500,2500,25200,1,839000,1,104000,1,510000,1,230000,1,100000,1,10000,2633 Azalea Garden Pl,Hillsborough,FL,33619,27.938868,-82.369974,Owner Occupied,999000,58,7,Flat/TPO,Masonry,3555
POL00193,CUS00193,2022-03-18,2023-04-22,HO3,Active,6930,10000,10000,37400,1,1248000,1,165000,1,805000,1,233000,1,300000,1,2500,1211 E Kennedy Blvd,Hillsborough,FL,33602,27.950366,-82.46105,Owner Occupied,1322000,22,11,Tile,Frame,4321
POL00194,CUS00194,2013-06-15,2022-08-14,HO6,Active,7680,2000,2500,11200,1,372000,1,40000,1,187000,1,70000,1,300000,1,1000,5127 W Tyson Ave,Hillsborough,FL,33611,27.888982,-82.504054,Owner Occupied,514000,34,19,Metal,Masonry Veneer,1150
POL00195,CUS00195,2017-01-02,2023-12-01,HO3,Active,7920,10000,10000,15200,1,304000,1,26000,1,150000,1,83000,1,500000,1,5000,2633 Azalea Garden Pl,Hillsborough,FL,33619,27.938868,-82.369974,Owner Occupied,312000,23,23,Metal,Concrete Block,2627
POL00196,CUS00196,2010-01-03,2022-10-07,HO3,Active,3920,10000,7500,33500,1,670000,1,58000,1,340000,1,141000,1,300000,1,5000,295 NE Ivanhoe Blvd,Orange,FL,32804,28.579332,-81.39362,Secondary Residence,766000,25,25,Asphalt Shingle,Reinforced Concrete,2111
POL00197,CUS00197,2016-09-10,2025-02-04,HO6,Active,8870,2500,2500,43000,1,861000,1,86000,1,453000,1,256000,1,500000,1,2500,10149 Arise Loop,Orange,FL,32837,28.397256,-81.42077,Owner Occupied,1120000,34,32,Concrete Tile,Masonry Veneer,1118
POL00198,CUS00198,2017-09-09,2024-12-03,HO6,Active,8660,7500,2500,6600,1,332000,0,0,1,195000,1,78000,1,300000,1,5000,180 NE 29th St,Miami-Dade,FL,33137,25.808606,-80.19234,Owner Occupied,366000,45,32,Tile,Masonry,1469
POL00199,CUS00199,2007-10-12,2022-07-26,HO6,Active,6300,10000,10000,19200,1,961000,1,127000,1,558000,1,276000,1,100000,1,2500,7575 Universal Blvd,Orange,FL,32819,28.451704,-81.47356,Owner Occupied,1319000,26,26,Tile,Masonry,884
POL00200,CUS00200,2016-08-02,2026-04-09,HO5,Active,4020,1000,2500,19900,1,994000,1,123000,1,579000,1,205000,1,100000,1,1000,1211 E Kennedy Blvd,Hillsborough,FL,33602,27.950366,-82.46105,Owner Occupied,1284000,14,14,Flat/TPO,Masonry,959
POL00201,CUS00201,2008-09-05,2023-05-08,HO3,Active,6670,1000,10000,31600,1,633000,1,86000,1,382000,1,128000,1,300000,1,5000,921 N Central Ave,Hillsborough,FL,33602,27.95189,-82.4639,Tenant Occupied,773000,22,3,Asphalt Shingle,Frame,4334
POL00202,CUS00202,2009-10-20,2024-05-12,HO6,Active,9070,1500,2500,23500,1,783000,1,67000,1,521000,1,148000,1,500000,1,1000,1011 E Cumberland Ave,Hillsborough,FL,33602,27.948032,-82.463042,Owner Occupied,904000,54,28,Tile,Concrete Block,1739
POL00203,CUS00203,2014-01-30,2022-08-28,HO5,Active,9170,1000,5000,9800,1,490000,1,73000,1,273000,1,111000,1,500000,1,10000,300 W Tyler St,Hillsborough,FL,33602,27.948668,-82.456928,Owner Occupied,589000,37,17,Metal,Masonry,3743
POL00204,CUS00204,2024-07-20,2026-09-10,HO6,Active,2640,1500,2500,45400,1,908000,0,0,1,498000,1,223000,1,100000,1,10000,1011 E Cumberland Ave,Hillsborough,FL,33602,27.948032,-82.463042,Owner Occupied,1249000,17,17,Metal,Masonry Veneer,1022
POL00205,CUS00205,2012-12-02,2022-08-09,HO5,Active,4400,5000,2500,8300,1,276000,1,33000,1,169000,1,53000,1,100000,1,2500,921 N Central Ave,Hillsborough,FL,33602,27.95189,-82.4639,Owner Occupied,291000,71,22,Concrete Tile,Frame,2449
POL00206,CUS00206,2017-10-05,2026-03-12,DP3,Active,6500,1000,1000,58000,1,1159000,1,104000,1,664000,1,198000,0,0,0,0,1011 E Cumberland Ave,Hillsborough,FL,33602,27.948032,-82.463042,Owner Occupied,1365000,34,13,Tile,Concrete Block,812
POL00207,CUS00207,2021-04-14,2025-04-28,HO5,Active,5640,2000,7500,11300,1,378000,1,45000,1,238000,1,78000,1,100000,1,1000,109 W Fortune St,Hillsborough,FL,33602,27.947222,-82.458452,Tenant Occupied,523000,43,24,Asphalt Shingle,Frame,2361
POL00208,CUS00208,2011-07-29,2025-03-26,HO3,Active,3780,7500,7500,37600,1,1254000,1,124000,1,835000,1,256000,1,300000,1,1000,1115 E Twiggs St,Hillsborough,FL,33602,27.951524,-82.459604,Owner Occupied,1304000,31,12,Metal,Masonry,4144
POL00209,CUS00209,2020-03-29,2023-06-16,HO6,Active,2600,5000,10000,26800,1,1340000,1,148000,1,691000,1,373000,1,100000,1,5000,109 W Fortune St,Hillsborough,FL,33602,27.947222,-82.458452,Tenant Occupied,1423000,72,27,Flat/TPO,Reinforced Concrete,2713
POL00210,CUS00210,2007-01-10,2023-08-17,HO3,Active,8030,5000,5000,4600,1,230000,1,24000,1,108000,1,49000,1,100000,1,2500,921 N Central Ave,Hillsborough,FL,33602,27.95189,-82.4639,Owner Occupied,253000,59,4,Tile,Frame,4007
POL00211,CUS00211,2006-08-07,2022-09-15,HO3,Active,9420,7500,7500,25800,1,860000,1,100000,1,447000,1,169000,1,100000,1,10000,109 W Fortune St,Hillsborough,FL,33602,27.947222,-82.458452,Owner Occupied,1089000,40,27,Flat/TPO,Reinforced Concrete,3072
POL00212,CUS00212,2008-01-03,2023-02-10,HO6,Active,8170,2500,10000,20400,1,408000,1,58000,1,282000,1,104000,1,300000,1,1000,1211 E Kennedy Blvd,Hillsborough,FL,33602,27.950366,-82.46105,Owner Occupied,465000,15,12,Metal,Frame,4347
POL00213,CUS00213,2010-05-06,2024-05-22,HO5,Active,7690,2000,7500,13200,1,658000,1,80000,1,404000,1,122000,1,100000,1,5000,1011 E Cumberland Ave,Hillsborough,FL,33602,27.948032,-82.463042,Owner Occupied,907000,64,4,Asphalt Shingle,Concrete Block,1933
POL00214,CUS00214,2015-10-07,2024-06-03,HO6,Active,2740,2500,2500,36400,1,1215000,1,174000,1,799000,1,320000,1,300000,1,1000,1211 E Kennedy Blvd,Hillsborough,FL,33602,27.950366,-82.46105,Owner Occupied,1202000,63,4,Metal,Concrete Block,1081
POL00215,CUS00215,2011-04-07,2025-04-16,HO6,Active,3410,2000,2500,22500,1,751000,1,74000,1,365000,1,222000,1,500000,1,1000,921 N Central Ave,Hillsborough,FL,33602,27.95189,-82.4639,Owner Occupied,793000,65,23,Concrete Tile,Masonry Veneer,2014
POL00216,CUS00216,2008-12-20,2023-09-03,HO3,Active,8260,5000,7500,9400,1,314000,1,27000,1,180000,1,87000,1,100000,1,5000,1011 E Cumberland Ave,Hillsborough,FL,33602,27.948032,-82.463042,Owner Occupied,373000,56,18,Tile,Frame,3079
POL00217,CUS00217,2017-03-11,2025-10-02,HO3,Active,4600,2500,7500,44600,1,893000,0,0,1,593000,1,256000,1,500000,1,2500,300 W Tyler St,Hillsborough,FL,33602,27.948668,-82.456928,Owner Occupied,992000,5,5,Metal,Concrete Block,3324
POL00218,CUS00218,2012-10-27,2025-04-16,HO5,Active,4860,5000,5000,14300,1,716000,1,64000,1,407000,1,204000,1,300000,1,1000,921 N Central Ave,Hillsborough,FL,33602,27.95189,-82.4639,Tenant Occupied,849000,5,3,Flat/TPO,Frame,2908
POL00219,CUS00219,2009-11-26,2022-11-14,HO6,Active,5530,5000,7500,21700,1,1083000,1,161000,1,618000,1,250000,1,100000,1,5000,300 W Tyler St,Hillsborough,FL,33602,27.948668,-82.456928,Owner Occupied,1230000,59,19,Flat/TPO,Frame,4039
POL00220,CUS00220,2021-07-30,2025-10-31,HO3,Active,8280,2500,2500,23000,1,768000,1,81000,1,372000,1,198000,1,300000,1,5000,109 W Fortune St,Hillsborough,FL,33602,27.947222,-82.458452,Tenant Occupied,752000,49,27,Concrete Tile,Concrete Block,2160
POL00221,CUS00221,2015-12-10,2025-10-03,HO6,Active,6110,10000,10000,23400,1,1171000,1,170000,1,758000,1,281000,1,300000,1,5000,109 W Fortune St,Hillsborough,FL,33602,27.947222,-82.458452,Owner Occupied,1278000,8,8,Metal,Masonry,3706
POL00222,CUS00222,2017-08-10,2025-07-18,HO5,Active,3160,5000,5000,31200,1,1040000,1,133000,1,616000,1,310000,1,100000,1,1000,1211 E Kennedy Blvd,Hillsborough,FL,33602,27.950366,-82.46105,Owner Occupied,1307000,61,8,Concrete Tile,Masonry,4332
POL00223,CUS00223,2018-09-13,2025-05-12,HO5,Active,6690,2500,10000,19900,1,663000,1,68000,1,429000,1,157000,1,100000,1,2500,921 N Central Ave,Hillsborough,FL,33602,27.95189,-82.4639,Owner Occupied,792000,65,28,Tile,Masonry Veneer,811
POL00224,CUS00224,2011-10-06,2023-07-21,HO6,Active,5560,2000,5000,61000,1,1221000,1,182000,1,688000,1,253000,1,500000,1,2500,109 W Fortune St,Hillsborough,FL,33602,27.947222,-82.458452,Owner Occupied,1444000,73,10,Concrete Tile,Frame,2679
POL00225,CUS00225,2021-11-15,2024-11-24,HO5,Active,7090,1000,2500,16000,1,319000,0,0,1,160000,1,87000,1,500000,1,5000,1115 E Twiggs St,Hillsborough,FL,33602,27.951524,-82.459604,Owner Occupied,335000,11,9,Flat/TPO,Masonry,4253
POL00226,CUS00226,2007-10-13,2023-05-03,HO3,Active,3750,2500,5000,36500,1,1217000,1,107000,1,629000,1,356000,1,300000,1,5000,921 N Central Ave,Hillsborough,FL,33602,27.95189,-82.4639,Tenant Occupied,1400000,67,29,Asphalt Shingle,Concrete Block,1424
POL00227,CUS00227,2015-04-20,2024-05-26,HO3,Active,3780,1000,10000,22700,1,757000,1,110000,1,454000,1,170000,1,100000,1,5000,300 W Tyler St,Hillsborough,FL,33602,27.948668,-82.456928,Owner Occupied,1005000,62,20,Metal,Frame,1097
POL00228,CUS00228,2022-05-26,2025-03-24,HO3,Active,3620,2500,10000,21900,1,731000,1,95000,1,481000,1,143000,1,100000,1,10000,921 N Central Ave,Hillsborough,FL,33602,27.95189,-82.4639,Tenant Occupied,800000,7,7,Metal,Concrete Block,2224
POL00229,CUS00229,2023-09-17,2026-10-10,DP3,Active,7860,7500,7500,24600,1,1229000,1,147000,1,613000,1,275000,1,300000,0,0,109 W Fortune St,Hillsborough,FL,33602,27.947222,-82.458452,Owner Occupied,1194000,61,20,Flat/TPO,Reinforced Concrete,2945
POL00230,CUS00230,2016-07-09,2025-09-15,HO3,Active,2510,10000,10000,20300,1,676000,0,0,1,367000,1,109000,1,500000,1,1000,300 W Tyler St,Hillsborough,FL,33602,27.948668,-82.456928,Owner Occupied,810000,12,12,Tile,Concrete Block,2823
POL00231,CUS00231,2009-12-24,2024-01-21,HO5,Active,9590,1000,2500,28400,1,947000,1,82000,1,605000,1,265000,1,100000,1,2500,1211 E Kennedy Blvd,Hillsborough,FL,33602,27.950366,-82.46105,Owner Occupied,1164000,33,16,Tile,Masonry,4449
POL00232,CUS00232,2013-01-06,2024-03-05,HO3,Active,3440,5000,2500,22600,1,752000,1,99000,1,415000,1,219000,1,100000,1,2500,300 W Tyler St,Hillsborough,FL,33602,27.948668,-82.456928,Owner Occupied,778000,53,32,Asphalt Shingle,Concrete Block,2526
POL00233,CUS00233,2019-04-14,2025-07-13,DP3,Active,6510,2500,7500,18500,1,924000,1,100000,1,487000,1,208000,1,500000,1,10000,109 W Fortune St,Hillsborough,FL,33602,27.947222,-82.458452,Owner Occupied,1020000,56,19,Asphalt Shingle,Reinforced Concrete,2695
POL00234,CUS00234,2016-10-07,2024-08-31,HO6,Active,9010,10000,5000,20500,1,1023000,1,106000,1,664000,1,260000,1,500000,1,5000,109 W Fortune St,Hillsborough,FL,33602,27.947222,-82.458452,Owner Occupied,996000,56,32,Asphalt Shingle,Masonry,4134
POL00235,CUS00235,2010-10-08,2024-02-28,DP3,Active,2950,5000,5000,20300,1,1017000,1,82000,1,570000,1,237000,0,0,0,0,921 N Central Ave,Hillsborough,FL,33602,27.95189,-82.4639,Owner Occupied,1175000,45,8,Concrete Tile,Masonry,4024
POL00236,CUS00236,2015-12-02,2025-08-05,DP3,Active,8050,10000,5000,12600,1,253000,0,0,1,158000,1,55000,1,100000,0,0,109 W Fortune St,Hillsborough,FL,33602,27.947222,-82.458452,Secondary Residence,251000,7,7,Asphalt Shingle,Masonry Veneer,2384
POL00237,CUS00237,2013-12-13,2023-08-19,HO3,Active,8540,10000,10000,33200,1,665000,1,59000,1,340000,1,102000,1,100000,1,2500,1011 E Cumberland Ave,Hillsborough,FL,33602,27.948032,-82.463042,Owner Occupied,880000,27,9,Metal,Frame,2647
POL00238,CUS00238,2015-09-16,2024-08-09,HO3,Active,7470,5000,5000,49900,1,998000,1,91000,1,553000,1,246000,1,500000,1,2500,1011 E Cumberland Ave,Hillsborough,FL,33602,27.948032,-82.463042,Owner Occupied,1185000,6,6,Tile,Frame,3145
POL00239,CUS00239,2010-09-19,2023-12-29,HO5,Active,9280,10000,10000,5700,1,283000,1,32000,1,181000,1,44000,1,100000,1,5000,1211 E Kennedy Blvd,Hillsborough,FL,33602,27.950366,-82.46105,Owner Occupied,330000,54,32,Asphalt Shingle,Masonry Veneer,3599
POL00240,CUS00240,2016-06-09,2025-03-07,HO6,Active,5340,2500,2500,21600,1,720000,1,89000,1,447000,1,152000,1,100000,1,5000,109 W Fortune St,Hillsborough,FL,33602,27.947222,-82.458452,Tenant Occupied,970000,16,16,Flat/TPO,Frame,907
POL00241,CUS00241,2012-08-15,2023-03-13,HO3,Active,6190,5000,7500,17200,1,572000,1,50000,1,288000,1,99000,1,100000,1,1000,109 W Fortune St,Hillsborough,FL,33602,27.947222,-82.458452,Owner Occupied,645000,69,19,Concrete Tile,Masonry Veneer,3055
POL00242,CUS00242,2013-12-02,2024-06-22,HO6,Active,9360,10000,10000,16800,1,336000,1,47000,1,151000,1,79000,1,100000,1,1000,1115 E Twiggs St,Hillsborough,FL,33602,27.951524,-82.459604,Owner Occupied,410000,70,9,Tile,Concrete Block,1242
POL00243,CUS00243,2015-09-11,2025-01-25,HO3,Active,7640,2500,2500,11800,1,393000,1,47000,1,226000,1,65000,1,100000,1,1000,1011 E Cumberland Ave,Hillsborough,FL,33602,27.948032,-82.463042,Owner Occupied,430000,59,25,Metal,Masonry,1134
POL00244,CUS00244,2010-10-20,2022-09-28,HO3,Active,2540,2500,2500,58400,1,1167000,1,167000,1,583000,1,192000,1,300000,1,5000,1211 E Kennedy Blvd,Hillsborough,FL,33602,27.950366,-82.46105,Owner Occupied,1438000,68,2,Flat/TPO,Frame,2397
POL00245,CUS00245,2011-07-13,2025-11-15,HO3,Active,3080,2500,2500,8800,1,295000,1,33000,1,176000,1,48000,1,300000,1,10000,109 W Fortune St,Hillsborough,FL,33602,27.947222,-82.458452,Owner Occupied,331000,50,16,Asphalt Shingle,Frame,896
POL00246,CUS00246,2010-11-14,2026-06-19,HO5,Active,7280,10000,10000,34600,1,693000,1,101000,1,473000,1,172000,1,100000,1,10000,1211 E Kennedy Blvd,Hillsborough,FL,33602,27.950366,-82.46105,Owner Occupied,889000,71,23,Asphalt Shingle,Masonry Veneer,1108
POL00247,CUS00247,2010-07-01,2023-12-07,HO3,Active,4150,2000,10000,25700,1,1284000,0,0,1,820000,1,303000,1,500000,1,1000,1115 E Twiggs St,Hillsborough,FL,33602,27.951524,-82.459604,Owner Occupied,1434000,16,13,Flat/TPO,Reinforced Concrete,4023
POL00248,CUS00248,2009-09-10,2024-06-16,HO6,Active,8340,7500,7500,8800,1,293000,1,38000,1,184000,1,69000,1,100000,1,1000,921 N Central Ave,Hillsborough,FL,33602,27.95189,-82.4639,Owner Occupied,387000,61,27,Concrete Tile,Frame,1934
POL00249,CUS00249,2018-10-05,2024-04-03,HO6,Active,7400,2000,2500,18900,1,947000,1,100000,1,475000,1,236000,1,100000,1,1000,300 W Tyler St,Hillsborough,FL,33602,27.948668,-82.456928,Tenant Occupied,1110000,62,22,Concrete Tile,Masonry Veneer,4381
POL00250,CUS00250,2016-06-04,2024-05-11,HO3,Active,7320,2500,7500,11600,1,579000,1,79000,1,345000,1,158000,1,100000,1,1000,1115 E Twiggs St,Hillsborough,FL,33602,27.951524,-82.459604,Owner Occupied,732000,44,32,Concrete Tile,Masonry Veneer,1914
POL00251,CUS00251,2009-06-27,2023-04-07,HO5,Active,2040,1000,1000,34400,1,1147000,1,170000,1,631000,1,252000,1,100000,1,5000,1115 E Twiggs St,Hillsborough,FL,33602,27.951524,-82.459604,Owner Occupied,1261000,40,6,Tile,Frame,4015
POL00252,CUS00252,2023-02-14,2024-06-27,HO3,Active,9330,1000,1000,19800,1,396000,1,59000,1,191000,1,73000,1,100000,1,1000,921 N Central Ave,Hillsborough,FL,33602,27.95189,-82.4639,Owner Occupied,393000,71,23,Metal,Masonry,1508
POL00253,CUS00253,2023-02-15,2025-02-28,HO3,Active,3010,1500,10000,12600,1,630000,1,74000,1,376000,1,112000,1,100000,1,10000,1115 E Twiggs St,Hillsborough,FL,33602,27.951524,-82.459604,Secondary Residence,642000,39,15,Tile,Concrete Block,2113
POL00254,CUS00254,2008-05-04,2022-12-01,HO3,Active,7770,7500,2500,20700,1,414000,0,0,1,204000,1,111000,1,100000,1,10000,1115 E Twiggs St,Hillsborough,FL,33602,27.951524,-82.459604,Owner Occupied,411000,24,24,Concrete Tile,Masonry Veneer,1435
POL00255,CUS00255,2020-08-28,2025-04-20,HO5,Active,4960,1000,7500,13100,1,654000,1,77000,1,319000,1,98000,1,100000,1,1000,921 N Central Ave,Hillsborough,FL,33602,27.95189,-82.4639,Owner Occupied,891000,43,2,Concrete Tile,Masonry Veneer,4192
POL00256,CUS00256,2019-06-13,2024-03-05,HO6,Active,4230,2000,7500,23100,1,1154000,1,103000,1,605000,1,336000,1,300000,1,10000,109 W Fortune St,Hillsborough,FL,33602,27.947222,-82.458452,Owner Occupied,1146000,67,31,Concrete Tile,Masonry,3082
POL00257,CUS00257,2008-03-06,2022-10-13,HO6,Active,7400,2000,2500,12400,1,414000,1,46000,1,238000,1,102000,1,300000,1,5000,300 W Tyler St,Hillsborough,FL,33602,27.948668,-82.456928,Owner Occupied,441000,49,25,Concrete Tile,Masonry Veneer,1125
POL00258,CUS00258,2015-09-09,2025-09-18,DP3,Active,7510,2500,10000,45600,1,913000,1,84000,1,619000,1,206000,1,300000,0,0,1115 E Twiggs St,Hillsborough,FL,33602,27.951524,-82.459604,Owner Occupied,1010000,50,7,Flat/TPO,Frame,2219
POL00259,CUS00259,2017-07-30,2026-02-25,HO3,Active,9630,2500,2500,53700,1,1074000,1,97000,1,636000,1,293000,1,500000,1,5000,1211 E Kennedy Blvd,Hillsborough,FL,33602,27.950366,-82.46105,Owner Occupied,1273000,25,25,Metal,Masonry,1391
POL00260,CUS00260,2017-09-27,2024-11-17,HO6,Active,9060,7500,10000,56800,1,1136000,1,109000,1,786000,1,278000,1,500000,1,5000,300 W Tyler St,Hillsborough,FL,33602,27.948668,-82.456928,Owner Occupied,1181000,63,13,Flat/TPO,Frame,4261
POL00261,CUS00261,2019-07-20,2024-02-21,HO3,Active,3810,5000,2500,9800,1,491000,1,73000,1,235000,1,117000,1,300000,1,1000,1011 E Cumberland Ave,Hillsborough,FL,33602,27.948032,-82.463042,Owner Occupied,616000,43,18,Metal,Concrete Block,1188
POL00262,CUS00262,2013-12-13,2025-02-20,HO6,Active,3460,1000,2500,9700,1,486000,1,52000,1,327000,1,78000,1,300000,1,5000,109 W Fortune St,Hillsborough,FL,33602,27.947222,-82.458452,Owner Occupied,593000,30,5,Concrete Tile,Concrete Block,2194
POL00263,CUS00263,2009-04-12,2024-07-17,HO3,Active,3470,2500,7500,38600,1,771000,1,108000,1,458000,1,117000,1,500000,1,10000,1011 E Cumberland Ave,Hillsborough,FL,33602,27.948032,-82.463042,Owner Occupied,854000,27,16,Metal,Concrete Block,2456
POL00264,CUS00264,2019-12-10,2025-09-18,HO6,Active,3620,10000,10000,22600,1,1131000,1,154000,1,705000,1,227000,1,500000,1,5000,109 W Fortune St,Hillsborough,FL,33602,27.947222,-82.458452,Secondary Residence,1381000,27,24,Asphalt Shingle,Masonry,2987
POL00265,CUS00265,2008-04-20,2024-04-17,HO5,Active,8020,1000,10000,35400,1,708000,1,90000,1,342000,1,191000,1,100000,1,10000,1211 E Kennedy Blvd,Hillsborough,FL,33602,27.950366,-82.46105,Secondary Residence,809000,3,3,Asphalt Shingle,Concrete Block,4213
POL00266,CUS00266,2018-07-17,2023-01-02,HO3,Active,8260,10000,2500,31000,1,1034000,1,111000,1,648000,1,159000,1,500000,1,2500,1211 E Kennedy Blvd,Hillsborough,FL,33602,27.950366,-82.46105,Owner Occupied,1089000,40,10,Asphalt Shingle,Masonry,2558
POL00267,CUS00267,2008-10-29,2022-12-19,HO3,Active,4870,2500,2500,17200,1,572000,1,78000,1,325000,1,106000,1,300000,1,5000,921 N Central Ave,Hillsborough,FL,33602,27.95189,-82.4639,Owner Occupied,793000,60,5,Asphalt Shingle,Reinforced Concrete,1629
POL00268,CUS00268,2017-04-25,2023-06-15,HO3,Active,9020,2500,5000,14300,1,478000,1,40000,1,271000,1,75000,1,100000,1,2500,300 W Tyler St,Hillsborough,FL,33602,27.948668,-82.456928,Owner Occupied,579000,36,16,Flat/TPO,Masonry Veneer,1516
POL00269,CUS00269,2019-03-11,2023-04-13,HO5,Active,8340,10000,2500,17700,1,886000,1,119000,1,501000,1,215000,1,500000,1,1000,109 W Fortune St,Hillsborough,FL,33602,27.947222,-82.458452,Secondary Residence,1207000,18,6,Metal,Masonry,1605
POL00270,CUS00270,2009-11-04,2023-05-21,HO6,Active,7790,2500,2500,9700,1,324000,1,32000,1,210000,1,66000,1,300000,1,1000,1211 E Kennedy Blvd,Hillsborough,FL,33602,27.950366,-82.46105,Owner Occupied,443000,20,10,Metal,Concrete Block,1826
POL00271,CUS00271,2021-08-30,2023-03-20,HO5,Active,4580,2000,2000,53400,1,1067000,1,128000,1,640000,1,234000,1,300000,1,2500,921 N Central Ave,Hillsborough,FL,33602,27.95189,-82.4639,Tenant Occupied,1389000,19,5,Asphalt Shingle,Concrete Block,874
POL00272,CUS00272,2010-02-01,2025-11-01,HO3,Active,3910,10000,10000,14500,1,727000,1,62000,1,352000,1,181000,1,100000,1,10000,1115 E Twiggs St,Hillsborough,FL,33602,27.951524,-82.459604,Owner Occupied,799000,66,6,Metal,Concrete Block,3756
POL00273,CUS00273,2007-12-22,2023-01-08,HO3,Active,4160,2500,5000,60200,1,1204000,1,108000,1,827000,1,221000,1,500000,1,1000,109 W Fortune St,Hillsborough,FL,33602,27.947222,-82.458452,Owner Occupied,1379000,21,10,Tile,Reinforced Concrete,993
POL00274,CUS00274,2012-08-31,2023-05-12,HO3,Active,4540,1500,2500,18000,1,359000,1,49000,1,245000,1,91000,1,500000,1,10000,300 W Tyler St,Hillsborough,FL,33602,27.948668,-82.456928,Owner Occupied,407000,28,1,Concrete Tile,Reinforced Concrete,2741
POL00275,CUS00275,2007-08-23,2022-10-18,HO6,Active,2740,2500,7500,9400,1,468000,0,0,1,291000,1,97000,1,500000,1,2500,300 W Tyler St,Hillsborough,FL,33602,27.948668,-82.456928,Secondary Residence,459000,46,27,Concrete Tile,Masonry,1517
POL00276,CUS00276,2016-12-21,2025-03-23,HO3,Active,9770,1500,5000,42600,1,851000,1,101000,1,524000,1,210000,1,300000,1,10000,109 W Fortune St,Hillsborough,FL,33602,27.947222,-82.458452,Owner Occupied,1053000,54,22,Asphalt Shingle,Masonry,3793
POL00277,CUS00277,2009-02-27,2024-05-18,DP3,Active,6880,1500,10000,20200,1,1008000,1,94000,1,472000,1,210000,1,100000,0,0,300 W Tyler St,Hillsborough,FL,33602,27.948668,-82.456928,Owner Occupied,1275000,44,31,Flat/TPO,Concrete Block,3049
POL00278,CUS00278,2009-05-24,2026-01-12,HO5,Active,7760,5000,2500,25000,1,499000,1,68000,1,324000,1,129000,1,300000,1,2500,921 N Central Ave,Hillsborough,FL,33602,27.95189,-82.4639,Secondary Residence,530000,51,30,Concrete Tile,Frame,1685
POL00279,CUS00279,2023-01-27,2025-08-25,HO3,Active,3110,2000,5000,18100,1,907000,0,0,1,541000,1,228000,1,300000,1,1000,1211 E Kennedy Blvd,Hillsborough,FL,33602,27.950366,-82.46105,Owner Occupied,1030000,39,14,Tile,Masonry Veneer,4182
POL00280,CUS00280,2019-04-28,2022-12-11,HO3,Active,3840,1000,2500,16600,1,333000,1,49000,1,209000,1,96000,1,300000,1,2500,1115 E Twiggs St,Hillsborough,FL,33602,27.951524,-82.459604,Owner Occupied,380000,64,32,Tile,Reinforced Concrete,4112
POL00281,CUS00281,2014-11-02,2025-07-05,HO5,Active,6030,7500,5000,8400,1,419000,1,43000,1,238000,1,70000,1,500000,1,10000,2828 NW 1st Ave,Miami-Dade,FL,33127,25.79715,-80.197564,Owner Occupied,439000,3,3,Asphalt Shingle,Frame,1340
POL00282,CUS00282,2023-06-16,2025-02-12,HO5,Active,3590,2500,2500,13100,1,262000,1,37000,1,142000,1,77000,1,300000,1,10000,901 W Chestnut St,Hillsborough,FL,33607,27.956886,-82.501454,Owner Occupied,279000,43,19,Flat/TPO,Masonry Veneer,3396
POL00283,CUS00283,2007-02-08,2023-10-29,HO6,Active,4810,1500,10000,10000,1,334000,1,36000,1,158000,1,89000,1,100000,1,10000,3131 NE 1st Ave,Miami-Dade,FL,33137,25.807112,-80.193906,Owner Occupied,378000,60,28,Flat/TPO,Concrete Block,1655
POL00284,CUS00284,2022-01-05,2025-09-01,HO6,Active,1930,10000,10000,58600,1,1173000,1,170000,1,564000,1,313000,1,500000,1,10000,4301 Urbana Dr,Orange,FL,32837,28.394856,-81.424922,Secondary Residence,1446000,43,9,Tile,Frame,4457
POL00285,CUS00285,2019-04-30,2024-11-06,HO3,Active,3620,2000,2500,23700,1,1186000,0,0,1,635000,1,207000,1,500000,1,5000,300 W Tyler St,Hillsborough,FL,33602,27.948668,-82.456928,Owner Occupied,1375000,59,18,Metal,Frame,2249
POL00286,CUS00286,2019-09-14,2026-02-06,HO3,Active,2350,1500,10000,8400,1,421000,1,51000,1,283000,1,123000,1,500000,1,5000,109 W Fortune St,Hillsborough,FL,33602,27.947222,-82.458452,Owner Occupied,482000,43,17,Tile,Frame,3529
POL00287,CUS00287,2017-06-15,2024-02-20,HO6,Active,4370,1500,7500,59300,1,1186000,1,126000,1,706000,1,290000,1,300000,1,5000,110 Zora Pl,Orange,FL,32810,28.615406,-81.425066,Owner Occupied,1350000,61,32,Metal,Masonry,1707
POL00288,CUS00288,2022-09-18,2025-11-16,HO3,Active,5960,1500,5000,37600,1,1252000,1,145000,1,864000,1,253000,1,100000,1,10000,1000 NW 7th St,Miami-Dade,FL,33136,25.78563,-80.201058,Owner Occupied,1231000,10,1,Asphalt Shingle,Masonry Veneer,1334
POL00289,CUS00289,2018-01-19,2024-03-24,HO3,Active,2660,7500,7500,48200,1,965000,1,141000,1,594000,1,229000,1,500000,1,1000,1115 E Twiggs St,Hillsborough,FL,33602,27.951524,-82.459604,Owner Occupied,1016000,53,15,Asphalt Shingle,Masonry Veneer,4145
POL00290,CUS00290,2008-07-22,2024-02-11,HO3,Active,3650,10000,7500,9400,1,471000,1,59000,1,242000,1,113000,1,100000,1,10000,1011 E Cumberland Ave,Hillsborough,FL,33602,27.948032,-82.463042,Owner Occupied,645000,54,16,Tile,Reinforced Concrete,1918
POL00291,CUS00291,2020-05-26,2024-11-01,HO3,Active,8070,7500,7500,31200,1,625000,1,61000,1,305000,1,156000,1,300000,1,1000,2633 Azalea Garden Pl,Hillsborough,FL,33619,27.938868,-82.369974,Owner Occupied,692000,15,1,Asphalt Shingle,Reinforced Concrete,1488
POL00292,CUS00292,2014-06-11,2025-02-10,HO3,Active,7540,2500,5000,33000,1,659000,1,90000,1,385000,1,158000,1,100000,1,1000,6600 NW 7th St,Miami-Dade,FL,33126,25.778214,-80.295246,Secondary Residence,664000,24,11,Asphalt Shingle,Masonry,1622
POL00293,CUS00293,2011-05-05,2023-10-21,HO3,Active,7620,1000,10000,42300,1,846000,1,70000,1,382000,1,147000,1,300000,1,1000,5009 Park Central Dr,Orange,FL,32839,28.48606,-81.403886,Owner Occupied,968000,13,13,Metal,Masonry,3385
POL00294,CUS00294,2019-08-12,2026-09-02,HO3,Active,2360,1000,10000,12000,1,240000,1,23000,1,125000,1,69000,1,100000,1,1000,9931 W Flagler St,Miami-Dade,FL,33174,25.75642,-80.352414,Owner Occupied,282000,72,14,Flat/TPO,Reinforced Concrete,2725
POL00295,CUS00295,2012-01-20,2024-12-24,HO3,Active,4970,5000,7500,36900,1,738000,1,73000,1,351000,1,121000,1,100000,1,1000,2828 NW 1st Ave,Miami-Dade,FL,33127,25.79715,-80.197564,Owner Occupied,1012000,25,25,Asphalt Shingle,Concrete Block,1081
POL00296,CUS00296,2017-06-27,2025-06-17,HO6,Active,6440,2500,7500,25500,1,1277000,1,154000,1,641000,1,285000,1,500000,1,2500,2633 Azalea Garden Pl,Hillsborough,FL,33619,27.938868,-82.369974,Owner Occupied,1306000,25,7,Concrete Tile,Masonry,3076
POL00297,CUS00297,2011-06-28,2024-10-02,HO3,Active,3500,1000,2500,34000,1,681000,1,73000,1,424000,1,203000,1,500000,1,5000,5432 W Tyson Ave,Hillsborough,FL,33611,27.888268,-82.506778,Owner Occupied,866000,12,12,Flat/TPO,Concrete Block,1915
POL00298,CUS00298,2020-01-12,2025-07-14,HO6,Active,4590,7500,2500,32600,1,1085000,0,0,1,583000,1,209000,1,300000,1,5000,101 Lake Ave,Orange,FL,32801,28.539466,-81.369524,Owner Occupied,1112000,17,17,Concrete Tile,Masonry,3527
POL00299,CUS00299,2016-03-16,2024-05-29,HO3,Active,6100,1500,1500,19700,1,985000,1,102000,1,568000,1,186000,1,100000,1,5000,645 NW 1st St,Miami-Dade,FL,33128,25.768528,-80.198928,Tenant Occupied,1306000,51,13,Metal,Frame,1924
POL00300,CUS00300,2023-03-10,2025-06-18,HO3,Active,7990,1500,7500,9000,1,452000,0,0,1,276000,1,102000,1,500000,1,1000,2650 Dade Ave,Orange,FL,32804,28.583628,-81.389606,Owner Occupied,471000,40,5,Asphalt Shingle,Masonry Veneer,3113
POL00301,CUS00301,2016-02-09,2026-04-27,HO3,Active,5000,1500,2500,47600,1,952000,1,134000,1,537000,1,277000,1,100000,1,10000,9200 Randal Park Blvd,Orange,FL,32832,28.412212,-81.243592,Tenant Occupied,1307000,12,12,Concrete Tile,Concrete Block,1355
POL00302,CUS00302,2013-07-06,2024-10-08,HO5,Active,5320,10000,5000,37800,1,756000,1,101000,1,402000,1,197000,1,300000,1,5000,2900 Biscayne Blvd,Miami-Dade,FL,33137,25.80518,-80.188488,Secondary Residence,799000,45,3,Concrete Tile,Masonry,2558
POL00303,CUS00303,2018-10-11,2022-05-27,HO6,Active,1880,2000,2500,45500,1,910000,1,94000,1,634000,1,185000,1,300000,1,2500,180 NE 29th St,Miami-Dade,FL,33137,25.808606,-80.19234,Owner Occupied,979000,45,23,Flat/TPO,Masonry,2757
POL00304,CUS00304,2012-11-22,2025-03-14,HO5,Active,4210,10000,5000,55300,1,1106000,1,104000,1,515000,1,223000,1,300000,1,10000,3000 NE 2nd Ave,Miami-Dade,FL,33137,25.808936,-80.195094,Owner Occupied,1254000,67,6,Flat/TPO,Frame,3214
POL00305,CUS00305,2009-12-18,2022-07-19,HO6,Active,9400,1500,10000,13400,1,268000,1,31000,1,153000,1,52000,1,500000,1,5000,4301 Urbana Dr,Orange,FL,32837,28.394856,-81.424922,Secondary Residence,266000,24,3,Tile,Masonry Veneer,3857
POL00306,CUS00306,2016-11-15,2023-06-27,HO5,Active,3230,1000,1000,21300,1,710000,1,81000,1,408000,1,188000,1,500000,1,10000,1211 E Kennedy Blvd,Hillsborough,FL,33602,27.950366,-82.46105,Owner Occupied,862000,24,1,Tile,Frame,3700
POL00307,CUS00307,2019-05-11,2025-01-27,HO3,Active,4900,2500,2500,21400,1,715000,1,65000,1,326000,1,129000,1,500000,1,10000,3131 NE 1st Ave,Miami-Dade,FL,33137,25.807112,-80.193906,Owner Occupied,790000,21,1,Metal,Frame,2249
POL00308,CUS00308,2017-12-06,2024-06-26,HO3,Active,3430,1500,1500,28200,1,564000,1,52000,1,369000,1,100000,1,300000,1,10000,520 E Church St,Orange,FL,32801,28.542388,-81.368972,Secondary Residence,592000,64,22,Concrete Tile,Concrete Block,1511
POL00309,CUS00309,2018-07-21,2026-06-27,HO3,Active,8550,5000,2500,31000,1,1032000,1,106000,1,688000,1,303000,1,500000,1,10000,6600 NW 7th St,Miami-Dade,FL,33126,25.778214,-80.295246,Tenant Occupied,1292000,26,26,Concrete Tile,Masonry Veneer,3132
POL00310,CUS00310,2016-04-28,2023-11-13,HO3,Active,2740,10000,5000,20800,1,693000,1,68000,1,397000,1,121000,1,300000,1,2500,3015 N Rocky Point Dr E,Hillsborough,FL,33607,27.964764,-82.501766,Owner Occupied,740000,20,9,Concrete Tile,Reinforced Concrete,1671
POL00311,CUS00311,2013-02-08,2022-12-31,HO6,Active,5510,2000,5000,9600,1,480000,1,71000,1,260000,1,116000,1,500000,1,5000,1011 E Cumberland Ave,Hillsborough,FL,33602,27.948032,-82.463042,Owner Occupied,556000,53,20,Flat/TPO,Masonry Veneer,3004
POL00312,CUS00312,2024-02-08,2025-05-13,DP3,Active,5250,7500,7500,5200,1,259000,1,24000,1,150000,1,51000,1,500000,0,0,109 W Fortune St,Hillsborough,FL,33602,27.947222,-82.458452,Owner Occupied,282000,30,12,Asphalt Shingle,Concrete Block,2648
POL00313,CUS00313,2016-06-15,2023-04-22,HO5,Active,6240,1500,10000,26600,1,532000,1,77000,1,353000,1,115000,1,100000,1,1000,6600 NW 7th St,Miami-Dade,FL,33126,25.778214,-80.295246,Tenant Occupied,538000,23,18,Tile,Reinforced Concrete,1877
POL00314,CUS00314,2022-07-04,2025-10-16,HO3,Active,5580,2500,5000,6400,1,214000,1,29000,1,111000,1,54000,1,300000,1,10000,710 NE 1st Ave,Miami-Dade,FL,33132,25.783848,-80.189314,Secondary Residence,223000,54,15,Flat/TPO,Masonry Veneer,1070
POL00315,CUS00315,2012-03-23,2025-12-06,HO3,Active,7950,5000,5000,27700,1,922000,1,110000,1,628000,1,183000,1,100000,1,5000,12112 Sugarloaf Key St,Hillsborough,FL,33626,28.058486,-82.624672,Tenant Occupied,962000,25,25,Metal,Frame,4239
POL00316,CUS00316,2010-07-10,2023-09-30,HO3,Active,6180,5000,2500,18800,1,942000,1,77000,1,547000,1,154000,1,300000,1,2500,2828 NW 1st Ave,Miami-Dade,FL,33127,25.79715,-80.197564,Owner Occupied,1191000,22,20,Metal,Masonry,4044
POL00317,CUS00317,2017-07-09,2025-06-01,HO3,Active,2410,1000,1000,31100,1,1036000,1,91000,1,594000,1,190000,1,100000,1,1000,9931 W Flagler St,Miami-Dade,FL,33174,25.75642,-80.352414,Owner Occupied,1409000,42,27,Metal,Frame,1965
POL00318,CUS00318,2018-08-17,2025-09-24,HO3,Active,6200,2000,7500,26600,1,533000,0,0,1,302000,1,140000,1,100000,1,1000,180 NE 29th St,Miami-Dade,FL,33137,25.808606,-80.19234,Secondary Residence,598000,38,31,Tile,Reinforced Concrete,3534
POL00319,CUS00319,2009-10-18,2025-07-30,HO6,Active,2180,2500,5000,10000,1,200000,1,19000,1,100000,1,36000,1,100000,1,2500,3131 NE 1st Ave,Miami-Dade,FL,33137,25.807112,-80.193906,Secondary Residence,245000,28,9,Asphalt Shingle,Masonry,2451
POL00320,CUS00320,2015-08-28,2023-03-05,HO3,Active,3940,2500,7500,20600,1,411000,1,50000,1,237000,1,76000,1,100000,1,5000,5432 W Tyson Ave,Hillsborough,FL,33611,27.888268,-82.506778,Owner Occupied,455000,69,15,Flat/TPO,Reinforced Concrete,3655
POL00321,CUS00321,2015-06-11,2025-04-16,HO3,Active,6910,2500,2500,23500,1,470000,0,0,1,227000,1,110000,1,300000,1,1000,1011 E Cumberland Ave,Hillsborough,FL,33602,27.948032,-82.463042,Owner Occupied,473000,48,17,Concrete Tile,Frame,1933
POL00322,CUS00322,2024-08-05,2025-07-24,HO3,Active,9560,1500,2500,13400,1,267000,1,39000,1,148000,1,73000,1,300000,1,10000,733 Main Ln,Orange,FL,32801,28.546738,-81.375962,Owner Occupied,343000,22,6,Flat/TPO,Masonry,3153
POL00323,CUS00323,2010-07-10,2023-01-12,HO3,Active,1820,10000,10000,13600,1,681000,1,93000,1,394000,1,185000,1,300000,1,2500,7511 Solstice Cir,Orange,FL,32821,28.411672,-81.46685,Owner Occupied,781000,74,14,Metal,Concrete Block,1072
POL00324,CUS00324,2015-10-29,2023-04-22,HO3,Active,8990,5000,7500,17400,1,871000,1,80000,1,424000,1,260000,1,500000,1,2500,410 N Orange Ave,Orange,FL,32801,28.538032,-81.373544,Secondary Residence,876000,63,7,Concrete Tile,Masonry,2221
POL00325,CUS00325,2018-12-09,2023-05-11,HO3,Active,3630,1500,5000,8100,1,270000,1,23000,1,172000,1,69000,1,500000,1,5000,3219 S Orange Ave,Orange,FL,32806,28.517866,-81.366976,Owner Occupied,301000,14,14,Concrete Tile,Masonry,818
POL00326,CUS00326,2016-02-11,2024-03-18,HO5,Active,5280,1500,10000,12300,1,246000,1,22000,1,139000,1,38000,1,100000,1,1000,710 NE 1st Ave,Miami-Dade,FL,33132,25.783848,-80.189314,Tenant Occupied,320000,12,12,Asphalt Shingle,Reinforced Concrete,1072
POL00327,CUS00327,2013-08-21,2022-08-24,HO3,Active,4900,5000,5000,67800,1,1356000,1,151000,1,754000,1,253000,1,500000,1,2500,3219 S Orange Ave,Orange,FL,32806,28.517866,-81.366976,Owner Occupied,1416000,75,27,Concrete Tile,Concrete Block,1853
POL00328,CUS00328,2012-10-25,2025-06-21,HO3,Active,8570,1000,2500,21500,1,430000,1,59000,1,232000,1,111000,1,300000,1,2500,452 NE 31st St,Miami-Dade,FL,33137,25.805582,-80.194716,Tenant Occupied,553000,57,3,Flat/TPO,Concrete Block,2493
POL00329,CUS00329,2018-05-17,2025-06-23,HO5,Active,2770,2000,2500,13400,1,267000,1,37000,1,133000,1,52000,1,100000,1,2500,230 NE 4th St,Miami-Dade,FL,33132,25.781976,-80.192572,Owner Occupied,328000,69,21,Concrete Tile,Masonry,2490
POL00330,CUS00330,2008-01-20,2023-06-14,HO3,Active,9050,5000,5000,41300,1,1376000,1,145000,1,620000,1,403000,1,300000,1,5000,5009 Park Central Dr,Orange,FL,32839,28.48606,-81.403886,Owner Occupied,1432000,13,13,Flat/TPO,Frame,2054
POL00331,CUS00331,2016-01-14,2025-04-08,HO6,Active,4220,5000,2500,50600,1,1013000,1,113000,1,630000,1,238000,1,500000,1,10000,55 NE 2nd St,Miami-Dade,FL,33132,25.784184,-80.187508,Tenant Occupied,1109000,75,9,Asphalt Shingle,Reinforced Concrete,3257
POL00332,CUS00332,2022-04-11,2023-11-08,HO5,Active,3840,10000,7500,53600,1,1073000,1,97000,1,726000,1,227000,1,300000,1,2500,12112 Sugarloaf Key St,Hillsborough,FL,33626,28.058486,-82.624672,Owner Occupied,1253000,21,10,Concrete Tile,Masonry,3550
POL00333,CUS00333,2007-07-31,2023-05-24,HO5,Active,3450,5000,2500,25600,1,1281000,1,142000,1,600000,1,267000,1,100000,1,2500,3000 NE 2nd Ave,Miami-Dade,FL,33137,25.808936,-80.195094,Owner Occupied,1421000,18,2,Flat/TPO,Masonry Veneer,1827
POL00334,CUS00334,2008-11-29,2023-12-18,DP3,Active,2380,2000,5000,32800,1,657000,1,93000,1,372000,1,143000,0,0,0,0,1211 E Kennedy Blvd,Hillsborough,FL,33602,27.950366,-82.46105,Owner Occupied,679000,38,16,Asphalt Shingle,Reinforced Concrete,3832
POL00335,CUS00335,2011-11-05,2022-10-02,HO6,Active,6290,10000,2500,16900,1,564000,0,0,1,326000,1,137000,1,300000,1,5000,3015 N Rocky Point Dr E,Hillsborough,FL,33607,27.964764,-82.501766,Owner Occupied,675000,27,17,Metal,Frame,1561
POL00336,CUS00336,2016-01-07,2022-04-08,DP3,Active,4830,7500,7500,19700,1,657000,1,57000,1,312000,1,165000,0,0,0,0,101 Lake Ave,Orange,FL,32801,28.539466,-81.369524,Owner Occupied,781000,41,18,Asphalt Shingle,Masonry Veneer,2151
POL00337,CUS00337,2021-03-03,2025-01-20,HO3,Active,4250,10000,5000,29200,1,972000,1,120000,1,519000,1,167000,1,100000,1,5000,901 W Chestnut St,Hillsborough,FL,33607,27.956886,-82.501454,Owner Occupied,1072000,63,14,Asphalt Shingle,Reinforced Concrete,3093
POL00338,CUS00338,2019-01-09,2025-05-12,HO3,Active,8870,7500,2500,9500,1,476000,1,53000,1,251000,1,84000,1,300000,1,5000,710 NE 1st Ave,Miami-Dade,FL,33132,25.783848,-80.189314,Owner Occupied,503000,19,19,Concrete Tile,Concrete Block,3336
POL00339,CUS00339,2021-05-11,2025-11-24,HO5,Active,3270,5000,5000,15700,1,524000,1,76000,1,339000,1,113000,1,100000,1,5000,109 W Fortune St,Hillsborough,FL,33602,27.947222,-82.458452,Owner Occupied,657000,75,19,Concrete Tile,Frame,3649
POL00340,CUS00340,2013-01-25,2023-12-03,HO3,Active,9520,7500,10000,11100,1,371000,1,36000,1,207000,1,103000,1,300000,1,5000,921 N Central Ave,Hillsborough,FL,33602,27.95189,-82.4639,Owner Occupied,502000,67,21,Concrete Tile,Masonry Veneer,3153
POL00341,CUS00341,2021-09-08,2024-12-21,HO3,Active,8480,2000,2500,27800,1,1388000,1,163000,1,956000,1,400000,1,300000,1,1000,9200 Randal Park Blvd,Orange,FL,32832,28.412212,-81.243592,Owner Occupied,1411000,5,5,Flat/TPO,Concrete Block,1977
POL00342,CUS00342,2016-01-19,2024-08-01,HO3,Active,3390,1500,5000,21600,1,721000,1,98000,1,436000,1,198000,1,100000,1,1000,2901 NE 1st Ave,Miami-Dade,FL,33137,25.802168,-80.187402,Owner Occupied,903000,7,7,Flat/TPO,Masonry Veneer,3995
POL00343,CUS00343,2010-03-24,2023-09-04,HO3,Active,7390,1500,1500,9700,1,484000,0,0,1,306000,1,94000,1,500000,1,1000,2900 Biscayne Blvd,Miami-Dade,FL,33137,25.80518,-80.188488,Secondary Residence,474000,31,22,Concrete Tile,Masonry Veneer,4467
POL00344,CUS00344,2012-12-05,2025-01-14,HO3,Active,6890,2500,2500,46400,1,927000,1,114000,1,469000,1,267000,1,500000,1,2500,3219 S Orange Ave,Orange,FL,32806,28.517866,-81.366976,Owner Occupied,1023000,39,31,Flat/TPO,Concrete Block,1773
POL00345,CUS00345,2011-10-17,2025-01-08,HO6,Active,3290,7500,7500,23600,1,785000,1,94000,1,398000,1,157000,1,300000,1,10000,310 N Orange Ave,Orange,FL,32801,28.543216,-81.372806,Owner Occupied,818000,8,7,Tile,Reinforced Concrete,1400
POL00346,CUS00346,2012-12-10,2023-09-27,HO6,Active,2880,7500,2500,23200,1,1162000,1,158000,1,704000,1,291000,1,100000,1,5000,2751 NW 84th St,Miami-Dade,FL,33147,25.858766,-80.24016,Secondary Residence,1425000,56,29,Metal,Concrete Block,1273
POL00347,CUS00347,2017-09-08,2025-05-24,HO5,Active,6960,5000,5000,60500,1,1210000,1,146000,1,681000,1,238000,1,500000,1,2500,3219 S Orange Ave,Orange,FL,32806,28.517866,-81.366976,Owner Occupied,1245000,55,28,Metal,Masonry,1226
POL00348,CUS00348,2020-02-06,2025-10-03,HO6,Active,3380,10000,5000,10900,1,543000,1,69000,1,256000,1,155000,1,500000,1,10000,6970 SW 40th St,Miami-Dade,FL,33155,25.7421,-80.313298,Owner Occupied,641000,56,16,Tile,Masonry,3279
POL00349,CUS00349,2015-09-29,2023-06-09,HO6,Active,3300,2500,2500,31000,1,1032000,1,133000,1,466000,1,227000,1,300000,1,1000,410 N Orange Ave,Orange,FL,32801,28.538032,-81.373544,Secondary Residence,1088000,14,14,Metal,Frame,4486
POL00350,CUS00350,2020-12-05,2025-06-01,HO3,Active,7660,10000,2500,16600,1,555000,1,70000,1,326000,1,102000,1,500000,1,5000,4000 Headwaters Way,Orange,FL,32837,28.386144,-81.418598,Owner Occupied,626000,54,8,Metal,Masonry Veneer,3479
POL00351,CUS00351,2020-03-06,2022-04-06,HO5,Active,7760,2500,2500,16100,1,322000,1,36000,1,219000,1,78000,1,100000,1,1000,2901 NE 1st Ave,Miami-Dade,FL,33137,25.802168,-80.187402,Owner Occupied,371000,57,20,Asphalt Shingle,Masonry Veneer,1338
POL00352,CUS00352,2013-03-29,2024-11-18,HO3,Active,5860,2500,7500,22000,1,1101000,1,90000,1,764000,1,251000,1,100000,1,5000,1000 NW 7th St,Miami-Dade,FL,33136,25.78563,-80.201058,Secondary Residence,1098000,10,7,Metal,Concrete Block,2778
POL00353,CUS00353,2020-04-09,2024-03-07,HO5,Active,4390,2500,5000,11600,1,582000,1,52000,1,330000,1,171000,1,300000,1,1000,7511 Solstice Cir,Orange,FL,32821,28.411672,-81.46685,Owner Occupied,752000,19,6,Asphalt Shingle,Masonry Veneer,2844
POL00354,CUS00354,2021-02-04,2025-08-23,HO3,Active,2000,7500,5000,12900,1,430000,1,39000,1,295000,1,98000,1,300000,1,1000,2650 Dade Ave,Orange,FL,32804,28.583628,-81.389606,Owner Occupied,529000,6,6,Flat/TPO,Concrete Block,1106
POL00355,CUS00355,2023-04-28,2025-02-21,HO5,Active,4280,10000,10000,28200,1,565000,1,82000,1,314000,1,142000,1,100000,1,10000,8733 Rooks Park Cir,Hillsborough,FL,33619,27.936594,-82.36584,Owner Occupied,644000,45,31,Concrete Tile,Masonry,3855
POL00356,CUS00356,2009-03-10,2025-07-09,HO6,Active,5510,5000,5000,36000,1,720000,1,98000,1,437000,1,171000,1,500000,1,1000,355 N Rosalind Ave,Orange,FL,32801,28.545514,-81.378134,Owner Occupied,784000,53,18,Flat/TPO,Reinforced Concrete,1430
POL00357,CUS00357,2009-09-22,2025-04-11,HO3,Active,5810,2000,10000,5100,1,256000,1,26000,1,129000,1,75000,1,500000,1,10000,921 N Central Ave,Hillsborough,FL,33602,27.95189,-82.4639,Owner Occupied,256000,43,2,Asphalt Shingle,Masonry,4459
POL00358,CUS00358,2023-03-24,2025-08-30,HO3,Active,6390,5000,5000,29000,1,968000,1,107000,1,498000,1,179000,1,500000,1,2500,1000 NW 7th St,Miami-Dade,FL,33136,25.78563,-80.201058,Owner Occupied,952000,33,16,Concrete Tile,Masonry,3425
POL00359,CUS00359,2011-11-29,2023-01-01,HO5,Active,9610,1500,1500,10700,1,536000,1,74000,1,262000,1,140000,1,300000,1,2500,8733 Rooks Park Cir,Hillsborough,FL,33619,27.936594,-82.36584,Owner Occupied,589000,20,1,Asphalt Shingle,Reinforced Concrete,1937
POL00360,CUS00360,2013-03-06,2025-03-06,HO3,Active,5380,1000,10000,42000,1,1399000,1,192000,1,734000,1,405000,1,300000,1,5000,109 W Fortune St,Hillsborough,FL,33602,27.947222,-82.458452,Owner Occupied,1374000,7,7,Flat/TPO,Frame,3815
POL00361,CUS00361,2017-04-01,2024-04-05,DP3,Active,7190,2500,2500,29100,1,970000,1,110000,1,641000,1,214000,1,100000,0,0,2901 NE 1st Ave,Miami-Dade,FL,33137,25.802168,-80.187402,Owner Occupied,1268000,37,10,Asphalt Shingle,Masonry Veneer,1195
POL00362,CUS00362,2022-06-06,2025-04-04,HO6,Active,3690,2500,2500,34300,1,686000,1,60000,1,467000,1,110000,1,100000,1,10000,5127 W Tyson Ave,Hillsborough,FL,33611,27.888982,-82.504054,Secondary Residence,891000,26,25,Concrete Tile,Masonry,2074
POL00363,CUS00363,2018-07-22,2026-08-14,HO3,Active,4040,1000,7500,20100,1,670000,1,76000,1,329000,1,113000,1,500000,1,2500,1211 E Kennedy Blvd,Hillsborough,FL,33602,27.950366,-82.46105,Secondary Residence,803000,61,32,Tile,Reinforced Concrete,1968
POL00364,CUS00364,2008-01-14,2023-04-07,HO6,Active,2870,1500,10000,12800,1,641000,1,83000,1,310000,1,136000,1,100000,1,10000,645 NW 1st St,Miami-Dade,FL,33128,25.768528,-80.198928,Tenant Occupied,654000,4,4,Tile,Frame,3867
POL00365,CUS00365,2021-06-10,2025-05-27,HO6,Active,3670,1000,5000,19100,1,955000,1,117000,1,636000,1,222000,1,500000,1,10000,5127 W Tyson Ave,Hillsborough,FL,33611,27.888982,-82.504054,Owner Occupied,966000,64,30,Flat/TPO,Frame,2940
POL00366,CUS00366,2020-09-12,2025-05-07,HO3,Active,2950,10000,7500,27400,1,914000,1,126000,1,604000,1,169000,1,500000,1,2500,410 N Orange Ave,Orange,FL,32801,28.538032,-81.373544,Owner Occupied,983000,30,27,Metal,Masonry,3552
POL00367,CUS00367,2018-05-08,2022-12-07,HO3,Active,4890,2000,5000,70200,1,1403000,1,155000,1,694000,1,347000,1,500000,1,10000,310 N Orange Ave,Orange,FL,32801,28.543216,-81.372806,Owner Occupied,1409000,60,10,Flat/TPO,Reinforced Concrete,3716
POL00368,CUS00368,2010-09-25,2026-01-16,HO3,Active,6130,7500,10000,26000,1,867000,1,72000,1,509000,1,147000,1,500000,1,1000,310 N Orange Ave,Orange,FL,32801,28.543216,-81.372806,Owner Occupied,1005000,67,26,Concrete Tile,Reinforced Concrete,2735
POL00369,CUS00369,2019-05-26,2024-05-27,HO6,Active,2030,2500,10000,30000,1,601000,0,0,1,374000,1,112000,1,500000,1,10000,6501 S Westshore Blvd,Hillsborough,FL,33616,27.869022,-82.523216,Owner Occupied,706000,43,21,Concrete Tile,Masonry,4023
POL00370,CUS00370,2021-03-14,2024-02-26,HO6,Active,2270,10000,10000,59200,1,1183000,1,110000,1,699000,1,310000,1,100000,1,2500,1011 E Cumberland Ave,Hillsborough,FL,33602,27.948032,-82.463042,Owner Occupied,1244000,13,13,Concrete Tile,Masonry Veneer,898
POL00371,CUS00371,2008-02-21,2022-11-30,HO3,Active,7920,7500,10000,25800,1,516000,1,57000,1,303000,1,116000,1,300000,1,1000,9931 W Flagler St,Miami-Dade,FL,33174,25.75642,-80.352414,Owner Occupied,518000,22,3,Concrete Tile,Masonry,3790
POL00372,CUS00372,2011-04-28,2026-08-09,DP3,Active,3150,2500,2500,19200,1,639000,1,94000,1,384000,1,150000,0,0,0,0,2900 Biscayne Blvd,Miami-Dade,FL,33137,25.80518,-80.188488,Owner Occupied,777000,67,9,Tile,Masonry,3991
POL00373,CUS00373,2013-07-25,2024-08-19,DP3,Active,6350,2500,2500,20200,1,674000,1,79000,1,439000,1,156000,0,0,0,0,1115 E Twiggs St,Hillsborough,FL,33602,27.951524,-82.459604,Owner Occupied,808000,63,6,Tile,Frame,4036
POL00374,CUS00374,2018-06-10,2025-03-26,HO3,Active,7810,7500,7500,17400,1,871000,1,113000,1,607000,1,236000,1,100000,1,1000,6501 S Westshore Blvd,Hillsborough,FL,33616,27.869022,-82.523216,Owner Occupied,861000,62,2,Tile,Reinforced Concrete,4275
POL00375,CUS00375,2019-09-24,2026-02-13,HO6,Active,4370,2000,2500,11400,1,380000,1,44000,1,201000,1,90000,1,300000,1,2500,3000 NE 2nd Ave,Miami-Dade,FL,33137,25.808936,-80.195094,Tenant Occupied,435000,33,32,Flat/TPO,Frame,3943
POL00376,CUS00376,2019-09-12,2026-04-18,HO6,Active,4250,1000,7500,23000,1,767000,1,74000,1,521000,1,177000,1,500000,1,10000,8733 Rooks Park Cir,Hillsborough,FL,33619,27.936594,-82.36584,Secondary Residence,966000,31,13,Metal,Masonry,3368
POL00377,CUS00377,2012-05-20,2025-05-18,HO3,Active,2240,2500,2500,19500,1,975000,1,124000,1,624000,1,258000,1,100000,1,2500,355 N Rosalind Ave,Orange,FL,32801,28.545514,-81.378134,Owner Occupied,1221000,7,7,Concrete Tile,Masonry Veneer,2943
POL00378,CUS00378,2021-09-28,2025-05-30,HO5,Active,4430,2000,2500,9500,1,473000,1,54000,1,289000,1,98000,1,500000,1,5000,2633 Azalea Garden Pl,Hillsborough,FL,33619,27.938868,-82.369974,Owner Occupied,594000,60,4,Flat/TPO,Masonry,1667
POL00379,CUS00379,2017-12-19,2023-04-01,HO3,Active,3320,2000,2500,16900,1,564000,1,74000,1,322000,1,101000,1,300000,1,5000,7511 Solstice Cir,Orange,FL,32821,28.411672,-81.46685,Owner Occupied,582000,45,30,Concrete Tile,Masonry Veneer,3280
POL00380,CUS00380,2012-08-22,2023-10-30,HO3,Active,3300,5000,5000,7200,1,361000,1,51000,1,199000,1,72000,1,100000,1,2500,7511 Solstice Cir,Orange,FL,32821,28.411672,-81.46685,Owner Occupied,409000,65,2,Tile,Concrete Block,1952
POL00381,CUS00381,2013-11-10,2022-09-04,DP3,Active,2860,1500,2500,15800,1,316000,1,33000,1,183000,1,94000,0,0,0,0,30 SW 1st St,Miami-Dade,FL,33130,25.765842,-80.208492,Owner Occupied,325000,30,19,Tile,Concrete Block,2978
POL00382,CUS00382,2015-09-23,2023-08-05,HO3,Active,6750,2500,5000,19700,1,987000,1,84000,1,517000,1,239000,1,300000,1,10000,9931 W Flagler St,Miami-Dade,FL,33174,25.75642,-80.352414,Owner Occupied,968000,18,18,Tile,Masonry,2366
POL00383,CUS00383,2018-08-11,2023-03-30,HO3,Active,3680,10000,10000,9900,1,493000,1,51000,1,236000,1,101000,1,100000,1,1000,645 NW 1st St,Miami-Dade,FL,33128,25.768528,-80.198928,Tenant Occupied,508000,49,21,Tile,Reinforced Concrete,1523
POL00384,CUS00384,2019-12-19,2023-12-01,HO6,Active,3360,2500,7500,10200,1,512000,1,74000,1,310000,1,110000,1,300000,1,10000,2751 NW 84th St,Miami-Dade,FL,33147,25.858766,-80.24016,Owner Occupied,657000,6,6,Flat/TPO,Masonry,4457
POL00385,CUS00385,2016-03-28,2025-10-30,HO3,Active,5940,10000,5000,8100,1,269000,1,37000,1,161000,1,52000,1,100000,1,5000,921 N Central Ave,Hillsborough,FL,33602,27.95189,-82.4639,Owner Occupied,277000,4,4,Concrete Tile,Masonry Veneer,4311
POL00386,CUS00386,2024-06-06,2026-03-29,HO5,Active,9780,10000,5000,19200,1,385000,1,40000,1,255000,1,82000,1,500000,1,10000,5432 W Tyson Ave,Hillsborough,FL,33611,27.888268,-82.506778,Owner Occupied,509000,37,21,Concrete Tile,Frame,822
POL00387,CUS00387,2014-10-26,2024-12-25,HO3,Active,4260,1500,5000,24100,1,1205000,1,180000,1,699000,1,361000,1,100000,1,1000,901 W Chestnut St,Hillsborough,FL,33607,27.956886,-82.501454,Owner Occupied,1436000,34,17,Metal,Concrete Block,3311
POL00388,CUS00388,2016-04-26,2025-02-07,HO3,Active,5480,5000,5000,12300,1,246000,1,20000,1,123000,1,58000,1,100000,1,10000,410 N Orange Ave,Orange,FL,32801,28.538032,-81.373544,Owner Occupied,307000,45,4,Asphalt Shingle,Frame,3467
POL00389,CUS00389,2009-01-24,2024-08-22,HO3,Active,4840,1000,2500,45200,1,905000,1,80000,1,468000,1,217000,1,300000,1,5000,3219 S Orange Ave,Orange,FL,32806,28.517866,-81.366976,Owner Occupied,894000,34,14,Metal,Masonry Veneer,3053
POL00390,CUS00390,2020-10-12,2023-12-09,HO6,Active,3760,2000,5000,34000,1,1135000,1,151000,1,753000,1,303000,1,300000,1,5000,710 NE 1st Ave,Miami-Dade,FL,33132,25.783848,-80.189314,Owner Occupied,1171000,23,11,Asphalt Shingle,Masonry Veneer,1269
POL00391,CUS00391,2019-09-29,2024-07-13,HO3,Active,9180,1000,2500,53300,1,1066000,1,159000,1,739000,1,248000,1,100000,1,10000,2650 Dade Ave,Orange,FL,32804,28.583628,-81.389606,Owner Occupied,1290000,21,21,Asphalt Shingle,Concrete Block,2635
POL00392,CUS00392,2019-02-10,2026-01-29,HO3,Active,6280,7500,2500,29300,1,977000,1,89000,1,619000,1,213000,1,300000,1,1000,645 NW 1st St,Miami-Dade,FL,33128,25.768528,-80.198928,Owner Occupied,986000,70,21,Flat/TPO,Masonry,3978
POL00393,CUS00393,2011-04-10,2025-07-21,HO3,Active,9200,2000,5000,17600,1,879000,1,107000,1,576000,1,230000,1,100000,1,1000,452 NE 31st St,Miami-Dade,FL,33137,25.805582,-80.194716,Tenant Occupied,1016000,52,12,Metal,Frame,2074
POL00394,CUS00394,2024-11-26,2025-07-14,HO3,Active,6930,7500,7500,15600,1,779000,1,69000,1,438000,1,217000,1,100000,1,1000,300 W Tyler St,Hillsborough,FL,33602,27.948668,-82.456928,Tenant Occupied,968000,14,14,Flat/TPO,Reinforced Concrete,876
POL00395,CUS00395,2007-09-17,2023-07-18,DP3,Active,3840,1000,1000,10400,1,209000,1,31000,1,133000,1,32000,0,0,0,0,300 W Tyler St,Hillsborough,FL,33602,27.948668,-82.456928,Owner Occupied,264000,75,26,Metal,Concrete Block,2955
POL00396,CUS00396,2017-10-12,2022-03-14,DP3,Active,9280,2500,2500,41700,1,1390000,1,158000,1,912000,1,250000,1,500000,0,0,452 NE 31st St,Miami-Dade,FL,33137,25.805582,-80.194716,Secondary Residence,1423000,71,27,Concrete Tile,Reinforced Concrete,4018
POL00397,CUS00397,2020-08-31,2024-05-26,DP3,Active,8070,7500,5000,22900,1,1145000,1,140000,1,743000,1,325000,1,500000,0,0,110 Zora Pl,Orange,FL,32810,28.615406,-81.425066,Owner Occupied,1134000,71,31,Concrete Tile,Frame,972
POL00398,CUS00398,2018-05-12,2024-11-21,HO3,Active,3110,7500,2500,22400,1,449000,1,55000,1,214000,1,106000,1,300000,1,1000,2828 NW 1st Ave,Miami-Dade,FL,33127,25.79715,-80.197564,Owner Occupied,529000,42,9,Concrete Tile,Masonry,1169
POL00399,CUS00399,2022-09-10,2024-06-28,HO6,Active,8250,2000,10000,27800,1,927000,1,113000,1,494000,1,225000,1,300000,1,10000,2650 Dade Ave,Orange,FL,32804,28.583628,-81.389606,Owner Occupied,1192000,11,11,Flat/TPO,Masonry,2066
POL00400,CUS00400,2018-10-05,2026-06-26,HO5,Active,4110,5000,10000,21100,1,702000,1,83000,1,485000,1,126000,1,300000,1,2500,218 NW 8th St,Miami-Dade,FL,33136,25.785132,-80.210772,Owner Occupied,775000,52,17,Asphalt Shingle,Concrete Block,2611
POL00401,CUS00401,2014-06-25,2023-04-21,HO3,Active,5180,7500,7500,16300,1,817000,1,66000,1,406000,1,210000,1,100000,1,1000,520 E Church St,Orange,FL,32801,28.542388,-81.368972,Owner Occupied,900000,6,6,Metal,Masonry Veneer,4475
POL00402,CUS00402,2021-10-29,2023-04-05,HO3,Active,2900,1500,1500,26600,1,1331000,1,193000,1,699000,1,222000,1,100000,1,10000,520 E Church St,Orange,FL,32801,28.542388,-81.368972,Owner Occupied,1303000,5,1,Tile,Frame,2639
POL00403,CUS00403,2015-02-01,2024-06-28,HO3,Active,5430,2000,2000,19500,1,649000,1,67000,1,379000,1,170000,1,500000,1,5000,520 E Church St,Orange,FL,32801,28.542388,-81.368972,Owner Occupied,679000,26,26,Tile,Concrete Block,3403
POL00404,CUS00404,2022-04-10,2025-04-21,HO5,Active,2500,2000,7500,62600,1,1253000,1,150000,1,568000,1,311000,1,300000,1,10000,520 E Church St,Orange,FL,32801,28.542388,-81.368972,Owner Occupied,1376000,62,29,Concrete Tile,Concrete Block,2467
POL00405,CUS00405,2022-03-26,2023-11-11,HO5,Active,4700,2500,7500,19100,1,953000,1,96000,1,520000,1,285000,1,500000,1,1000,410 N Orange Ave,Orange,FL,32801,28.538032,-81.373544,Secondary Residence,1220000,63,1,Tile,Frame,4473
POL00406,CUS00406,2021-09-26,2024-05-03,HO5,Active,2430,7500,7500,35900,1,1196000,1,169000,1,794000,1,338000,1,300000,1,2500,310 N Orange Ave,Orange,FL,32801,28.543216,-81.372806,Owner Occupied,1301000,38,5,Concrete Tile,Masonry Veneer,3927
POL00407,CUS00407,2020-01-31,2025-03-05,HO3,Active,4150,1000,2500,22600,1,1131000,1,167000,1,543000,1,176000,1,300000,1,2500,101 Lake Ave,Orange,FL,32801,28.539466,-81.369524,Secondary Residence,1323000,36,7,Asphalt Shingle,Masonry Veneer,2493
POL00408,CUS00408,2022-08-07,2025-03-15,HO3,Active,2000,5000,2500,8900,1,446000,1,65000,1,216000,1,79000,1,300000,1,5000,410 N Orange Ave,Orange,FL,32801,28.538032,-81.373544,Owner Occupied,477000,70,6,Asphalt Shingle,Reinforced Concrete,1255
POL00409,CUS00409,2022-06-21,2025-10-10,HO5,Active,9590,1000,2500,57600,1,1151000,1,131000,1,690000,1,197000,1,500000,1,10000,310 N Orange Ave,Orange,FL,32801,28.543216,-81.372806,Secondary Residence,1299000,42,11,Metal,Masonry,3566
POL00410,CUS00410,2009-04-23,2023-09-16,HO5,Active,5070,1500,1500,13100,1,653000,1,82000,1,433000,1,182000,1,500000,1,10000,520 E Church St,Orange,FL,32801,28.542388,-81.368972,Owner Occupied,672000,32,23,Concrete Tile,Concrete Block,2316
POL00411,CUS00411,2012-08-06,2024-06-27,HO5,Active,3880,10000,10000,30000,1,1000000,1,82000,1,659000,1,243000,1,300000,1,2500,355 N Rosalind Ave,Orange,FL,32801,28.545514,-81.378134,Owner Occupied,1107000,19,19,Asphalt Shingle,Masonry,2447
POL00412,CUS00412,2016-01-16,2024-06-25,HO5,Active,3170,2000,10000,16600,1,332000,1,33000,1,156000,1,75000,1,500000,1,5000,101 Lake Ave,Orange,FL,32801,28.539466,-81.369524,Owner Occupied,461000,58,25,Flat/TPO,Masonry Veneer,3630
POL00413,CUS00413,2016-09-28,2022-11-05,HO3,Active,6130,5000,5000,15200,1,305000,1,34000,1,153000,1,81000,1,100000,1,1000,310 N Orange Ave,Orange,FL,32801,28.543216,-81.372806,Secondary Residence,320000,8,8,Asphalt Shingle,Frame,4051
POL00414,CUS00414,2012-01-31,2024-02-01,HO5,Active,8140,2000,10000,20000,1,1000000,1,119000,1,548000,1,172000,1,300000,1,2500,410 N Orange Ave,Orange,FL,32801,28.538032,-81.373544,Owner Occupied,1171000,3,3,Metal,Reinforced Concrete,2930
POL00415,CUS00415,2023-09-24,2025-09-17,HO3,Active,8930,1500,2500,32000,1,641000,1,76000,1,311000,1,145000,1,300000,1,2500,520 E Church St,Orange,FL,32801,28.542388,-81.368972,Owner Occupied,783000,27,27,Tile,Reinforced Concrete,1073
POL00416,CUS00416,2012-09-04,2024-11-28,HO6,Active,3180,1000,5000,15500,1,518000,1,48000,1,284000,1,115000,1,500000,1,1000,101 Lake Ave,Orange,FL,32801,28.539466,-81.369524,Secondary Residence,665000,63,5,Metal,Reinforced Concrete,1685
POL00417,CUS00417,2006-09-15,2022-08-30,HO6,Active,5140,7500,7500,21100,1,702000,1,100000,1,440000,1,118000,1,100000,1,1000,355 N Rosalind Ave,Orange,FL,32801,28.545514,-81.378134,Owner Occupied,845000,4,4,Metal,Frame,1931
POL00418,CUS00418,2012-10-21,2025-12-16,HO3,Active,8870,7500,10000,31000,1,1034000,1,89000,1,585000,1,231000,1,300000,1,5000,520 E Church St,Orange,FL,32801,28.542388,-81.368972,Owner Occupied,1055000,46,23,Flat/TPO,Reinforced Concrete,4016
POL00419,CUS00419,2013-04-03,2022-10-30,DP3,Active,8200,5000,2500,13700,1,687000,1,57000,1,478000,1,177000,0,0,0,0,355 N Rosalind Ave,Orange,FL,32801,28.545514,-81.378134,Owner Occupied,716000,18,18,Tile,Frame,2179
POL00420,CUS00420,2022-12-26,2024-07-23,HO3,Active,8490,10000,10000,43600,1,872000,1,104000,1,523000,1,202000,1,500000,1,1000,355 N Rosalind Ave,Orange,FL,32801,28.545514,-81.378134,Secondary Residence,1026000,43,32,Concrete Tile,Masonry Veneer,2963
POL00421,CUS00421,2011-02-04,2023-05-19,HO6,Active,2440,10000,2500,30900,1,618000,1,60000,1,402000,1,129000,1,500000,1,10000,355 N Rosalind Ave,Orange,FL,32801,28.545514,-81.378134,Secondary Residence,610000,37,19,Concrete Tile,Concrete Block,3725
POL00422,CUS00422,2010-07-14,2023-03-09,HO3,Active,4020,5000,10000,7700,1,383000,1,53000,1,268000,1,114000,1,500000,1,5000,355 N Rosalind Ave,Orange,FL,32801,28.545514,-81.378134,Owner Occupied,373000,38,5,Tile,Concrete Block,1060
POL00423,CUS00423,2018-12-17,2024-11-13,HO5,Active,7620,10000,5000,39100,1,1303000,1,149000,1,767000,1,334000,1,100000,1,2500,355 N Rosalind Ave,Orange,FL,32801,28.545514,-81.378134,Owner Occupied,1333000,47,7,Flat/TPO,Masonry,4331
POL00424,CUS00424,2023-05-03,2024-11-16,HO3,Active,5580,1500,2500,9900,1,494000,0,0,1,309000,1,130000,1,100000,1,1000,733 Main Ln,Orange,FL,32801,28.546738,-81.375962,Secondary Residence,674000,44,2,Concrete Tile,Masonry Veneer,3691
POL00425,CUS00425,2009-02-13,2024-09-22,HO3,Active,2430,10000,10000,7000,1,348000,1,38000,1,200000,1,76000,1,100000,1,10000,101 Lake Ave,Orange,FL,32801,28.539466,-81.369524,Owner Occupied,359000,4,4,Asphalt Shingle,Frame,1290
POL00426,CUS00426,2019-11-10,2025-03-22,HO3,Active,8920,10000,2500,3500,1,174000,1,19000,1,107000,1,45000,1,100000,1,1000,101 Lake Ave,Orange,FL,32801,28.539466,-81.369524,Owner Occupied,225000,29,13,Metal,Masonry Veneer,1535
POL00427,CUS00427,2008-02-07,2022-10-20,HO6,Active,7610,5000,7500,3200,1,161000,1,21000,1,94000,1,36000,1,100000,1,2500,355 N Rosalind Ave,Orange,FL,32801,28.545514,-81.378134,Owner Occupied,223000,10,10,Concrete Tile,Frame,1168
POL00428,CUS00428,2014-09-05,2025-07-12,HO5,Active,8510,1000,5000,35800,1,1194000,1,144000,1,608000,1,309000,1,500000,1,10000,733 Main Ln,Orange,FL,32801,28.546738,-81.375962,Owner Occupied,1401000,13,13,Metal,Concrete Block,3020
POL00429,CUS00429,2017-09-17,2022-09-30,HO5,Active,3370,2500,2500,4900,1,245000,1,25000,1,151000,1,49000,1,100000,1,5000,733 Main Ln,Orange,FL,32801,28.546738,-81.375962,Owner Occupied,259000,36,13,Concrete Tile,Masonry,935
POL00430,CUS00430,2018-05-10,2025-02-09,HO6,Active,6020,7500,5000,6400,1,214000,0,0,1,124000,1,42000,1,500000,1,5000,355 N Rosalind Ave,Orange,FL,32801,28.545514,-81.378134,Owner Occupied,227000,8,8,Metal,Masonry,1068
POL00431,CUS00431,2016-11-26,2023-03-10,HO6,Active,9020,2000,10000,34500,1,690000,1,78000,1,402000,1,161000,1,100000,1,2500,101 Lake Ave,Orange,FL,32801,28.539466,-81.369524,Secondary Residence,873000,32,27,Tile,Masonry,1965
POL00432,CUS00432,2017-11-29,2024-07-02,HO3,Active,8030,10000,7500,11100,1,371000,1,35000,1,207000,1,85000,1,500000,1,5000,355 N Rosalind Ave,Orange,FL,32801,28.545514,-81.378134,Tenant Occupied,461000,73,14,Flat/TPO,Reinforced Concrete,960
POL00433,CUS00433,2018-08-17,2024-12-30,HO6,Active,2940,1500,5000,22100,1,442000,1,64000,1,230000,1,101000,1,300000,1,2500,733 Main Ln,Orange,FL,32801,28.546738,-81.375962,Owner Occupied,601000,66,24,Asphalt Shingle,Concrete Block,1700
POL00434,CUS00434,2011-05-22,2022-08-22,HO3,Active,5170,10000,7500,17500,1,874000,1,114000,1,495000,1,199000,1,100000,1,10000,733 Main Ln,Orange,FL,32801,28.546738,-81.375962,Owner Occupied,981000,44,17,Metal,Masonry,3912
POL00435,CUS00435,2007-11-18,2023-07-25,HO5,Active,2190,2000,2500,8500,1,426000,1,61000,1,228000,1,99000,1,500000,1,1000,101 Lake Ave,Orange,FL,32801,28.539466,-81.369524,Owner Occupied,425000,52,11,Asphalt Shingle,Frame,1567
POL00436,CUS00436,2021-02-08,2024-11-21,HO3,Active,8900,5000,7500,12900,1,644000,1,83000,1,413000,1,115000,1,100000,1,2500,310 N Orange Ave,Orange,FL,32801,28.543216,-81.372806,Owner Occupied,831000,11,11,Metal,Reinforced Concrete,1854
POL00437,CUS00437,2015-04-08,2025-11-19,DP3,Active,3260,5000,5000,19800,1,991000,1,139000,1,522000,1,202000,0,0,0,0,520 E Church St,Orange,FL,32801,28.542388,-81.368972,Tenant Occupied,1080000,75,26,Tile,Masonry,2541
POL00438,CUS00438,2020-05-17,2023-03-13,HO5,Active,5480,5000,10000,49100,1,982000,1,112000,1,659000,1,224000,1,500000,1,10000,101 Lake Ave,Orange,FL,32801,28.539466,-81.369524,Owner Occupied,1185000,22,22,Flat/TPO,Concrete Block,1755
POL00439,CUS00439,2022-12-01,2026-02-14,HO3,Active,4510,2500,2500,36200,1,724000,1,109000,1,452000,1,203000,1,300000,1,5000,101 Lake Ave,Orange,FL,32801,28.539466,-81.369524,Owner Occupied,908000,57,1,Concrete Tile,Masonry Veneer,3181
POL00440,CUS00440,2014-12-18,2026-02-10,DP3,Active,7360,1500,10000,38600,1,771000,1,95000,1,397000,1,227000,0,0,0,0,733 Main Ln,Orange,FL,32801,28.546738,-81.375962,Owner Occupied,787000,27,11,Tile,Concrete Block,1187
POL00441,CUS00441,2013-10-27,2023-04-13,HO3,Active,7290,1500,7500,14400,1,720000,1,80000,1,354000,1,118000,1,100000,1,5000,520 E Church St,Orange,FL,32801,28.542388,-81.368972,Owner Occupied,986000,12,7,Metal,Frame,2183
POL00442,CUS00442,2020-02-15,2024-08-24,HO3,Active,7080,1500,7500,39600,1,792000,1,92000,1,509000,1,185000,1,300000,1,2500,101 Lake Ave,Orange,FL,32801,28.539466,-81.369524,Owner Occupied,1006000,30,19,Metal,Masonry Veneer,4081
POL00443,CUS00443,2020-05-10,2024-01-17,HO3,Active,2710,10000,5000,23100,1,1154000,1,115000,1,542000,1,179000,1,300000,1,10000,355 N Rosalind Ave,Orange,FL,32801,28.545514,-81.378134,Owner Occupied,1128000,24,17,Tile,Concrete Block,1848
POL00444,CUS00444,2014-11-01,2023-05-02,HO3,Active,8590,1500,7500,30200,1,1007000,1,139000,1,481000,1,166000,1,300000,1,10000,733 Main Ln,Orange,FL,32801,28.546738,-81.375962,Owner Occupied,1047000,46,10,Asphalt Shingle,Masonry,3615
POL00445,CUS00445,2007-03-02,2022-11-16,HO3,Active,8470,1500,1500,13800,1,689000,1,78000,1,349000,1,206000,1,500000,1,10000,355 N Rosalind Ave,Orange,FL,32801,28.545514,-81.378134,Owner Occupied,729000,3,3,Asphalt Shingle,Masonry Veneer,985
POL00446,CUS00446,2018-06-28,2023-12-14,HO3,Active,6700,10000,10000,32600,1,651000,1,72000,1,359000,1,187000,1,300000,1,5000,733 Main Ln,Orange,FL,32801,28.546738,-81.375962,Owner Occupied,878000,53,8,Tile,Masonry Veneer,4119
POL00447,CUS00447,2017-04-06,2023-08-14,HO6,Active,8670,5000,7500,31000,1,1035000,1,111000,1,535000,1,222000,1,500000,1,10000,733 Main Ln,Orange,FL,32801,28.546738,-81.375962,Tenant Occupied,1021000,11,11,Concrete Tile,Masonry,948
POL00448,CUS00448,2023-05-11,2025-04-16,HO6,Active,3360,2500,10000,24100,1,1203000,0,0,1,595000,1,255000,1,300000,1,10000,310 N Orange Ave,Orange,FL,32801,28.543216,-81.372806,Owner Occupied,1202000,8,8,Flat/TPO,Masonry Veneer,2013
POL00449,CUS00449,2015-11-06,2026-01-28,HO6,Active,6580,10000,2500,17100,1,570000,1,65000,1,344000,1,153000,1,500000,1,10000,520 E Church St,Orange,FL,32801,28.542388,-81.368972,Owner Occupied,734000,27,1,Asphalt Shingle,Concrete Block,2062
POL00450,CUS00450,2019-09-27,2024-11-20,HO3,Active,9240,10000,7500,31200,1,625000,1,61000,1,383000,1,149000,1,300000,1,5000,520 E Church St,Orange,FL,32801,28.542388,-81.368972,Owner Occupied,643000,40,7,Metal,Masonry Veneer,4146
POL00451,CUS00451,2009-09-18,2026-01-16,HO3,Active,9510,1000,7500,29400,1,588000,1,63000,1,370000,1,132000,1,500000,1,10000,355 N Rosalind Ave,Orange,FL,32801,28.545514,-81.378134,Secondary Residence,716000,37,26,Asphalt Shingle,Reinforced Concrete,1925
POL00452,CUS00452,2018-04-18,2024-01-17,HO3,Active,9320,5000,7500,16800,1,561000,1,79000,1,387000,1,128000,1,300000,1,10000,733 Main Ln,Orange,FL,32801,28.546738,-81.375962,Secondary Residence,567000,64,25,Flat/TPO,Reinforced Concrete,4049
POL00453,CUS00453,2021-11-28,2025-11-14,HO3,Active,7020,10000,5000,14700,1,734000,1,109000,1,412000,1,210000,1,300000,1,1000,101 Lake Ave,Orange,FL,32801,28.539466,-81.369524,Secondary Residence,943000,49,6,Asphalt Shingle,Concrete Block,1985
POL00454,CUS00454,2008-04-21,2024-01-27,DP3,Active,4350,2000,2500,30400,1,609000,1,87000,1,332000,1,156000,1,300000,0,0,733 Main Ln,Orange,FL,32801,28.546738,-81.375962,Tenant Occupied,667000,23,23,Asphalt Shingle,Masonry Veneer,3567
POL00455,CUS00455,2015-09-19,2026-05-23,HO3,Active,9650,2500,2500,11700,1,586000,1,75000,1,352000,1,145000,1,500000,1,5000,101 Lake Ave,Orange,FL,32801,28.539466,-81.369524,Tenant Occupied,789000,19,14,Tile,Reinforced Concrete,1955
POL00456,CUS00456,2009-06-21,2025-01-07,HO3,Active,8460,5000,2500,19100,1,956000,1,141000,1,571000,1,238000,1,300000,1,10000,410 N Orange Ave,Orange,FL,32801,28.538032,-81.373544,Owner Occupied,1008000,70,31,Asphalt Shingle,Concrete Block,2220
POL00457,CUS00457,2013-06-09,2025-04-09,HO3,Active,2580,2000,10000,35800,1,717000,1,86000,1,337000,1,169000,1,100000,1,10000,410 N Orange Ave,Orange,FL,32801,28.538032,-81.373544,Owner Occupied,823000,33,25,Tile,Masonry Veneer,3187
POL00458,CUS00458,2023-07-21,2024-07-20,HO3,Active,3300,5000,2500,33600,1,672000,1,95000,1,369000,1,198000,1,100000,1,10000,733 Main Ln,Orange,FL,32801,28.546738,-81.375962,Owner Occupied,747000,61,8,Metal,Frame,913
POL00459,CUS00459,2019-05-31,2023-10-02,HO3,Active,4730,2500,2500,25900,1,1295000,1,106000,1,875000,1,352000,1,500000,1,5000,410 N Orange Ave,Orange,FL,32801,28.538032,-81.373544,Owner Occupied,1310000,71,17,Tile,Masonry Veneer,1084
POL00460,CUS00460,2018-11-26,2024-06-16,HO3,Active,3390,7500,7500,32000,1,640000,1,71000,1,294000,1,130000,1,300000,1,5000,520 E Church St,Orange,FL,32801,28.542388,-81.368972,Secondary Residence,880000,64,32,Concrete Tile,Frame,1226
POL00461,CUS00461,2009-08-23,2024-07-22,HO5,Active,3560,2000,7500,52000,1,1039000,0,0,1,681000,1,308000,1,300000,1,10000,733 Main Ln,Orange,FL,32801,28.546738,-81.375962,Owner Occupied,1195000,13,13,Flat/TPO,Concrete Block,1002
POL00462,CUS00462,2021-05-22,2025-12-18,HO5,Active,2680,5000,5000,9800,1,489000,1,71000,1,233000,1,79000,1,500000,1,10000,355 N Rosalind Ave,Orange,FL,32801,28.545514,-81.378134,Owner Occupied,528000,41,21,Tile,Frame,1591
POL00463,CUS00463,2019-07-26,2024-07-25,HO3,Active,6600,7500,2500,24000,1,801000,1,117000,1,487000,1,178000,1,300000,1,10000,310 N Orange Ave,Orange,FL,32801,28.543216,-81.372806,Owner Occupied,906000,59,23,Flat/TPO,Reinforced Concrete,1919
POL00464,CUS00464,2024-06-21,2025-09-07,HO3,Active,2780,10000,2500,25700,1,858000,1,122000,1,422000,1,162000,1,500000,1,5000,410 N Orange Ave,Orange,FL,32801,28.538032,-81.373544,Owner Occupied,870000,22,20,Metal,Masonry,4159
POL00465,CUS00465,2009-08-03,2025-06-23,DP3,Active,5330,2000,2500,23700,1,789000,1,108000,1,531000,1,195000,0,0,0,0,101 Lake Ave,Orange,FL,32801,28.539466,-81.369524,Owner Occupied,944000,9,9,Asphalt Shingle,Concrete Block,2613
POL00466,CUS00466,2021-05-30,2026-04-25,HO6,Active,7430,10000,5000,11800,1,588000,1,67000,1,308000,1,174000,1,500000,1,5000,101 Lake Ave,Orange,FL,32801,28.539466,-81.369524,Owner Occupied,721000,52,18,Asphalt Shingle,Reinforced Concrete,3971
POL00467,CUS00467,2019-02-08,2024-06-30,HO3,Active,3870,1500,1500,31000,1,1033000,1,131000,1,524000,1,172000,1,500000,1,5000,520 E Church St,Orange,FL,32801,28.542388,-81.368972,Owner Occupied,1407000,36,10,Flat/TPO,Concrete Block,2366
POL00468,CUS00468,2017-10-29,2022-11-16,HO6,Active,8180,2500,5000,33300,1,666000,1,89000,1,371000,1,144000,1,100000,1,2500,520 E Church St,Orange,FL,32801,28.542388,-81.368972,Owner Occupied,921000,54,22,Concrete Tile,Frame,2900
POL00469,CUS00469,2021-01-17,2025-01-19,HO5,Active,8470,1500,1500,7500,1,376000,1,31000,1,218000,1,76000,1,100000,1,2500,733 Main Ln,Orange,FL,32801,28.546738,-81.375962,Owner Occupied,378000,14,14,Concrete Tile,Frame,1369
POL00470,CUS00470,2015-11-25,2024-11-04,HO3,Active,2340,5000,2500,32000,1,1067000,1,94000,1,668000,1,167000,1,100000,1,10000,520 E Church St,Orange,FL,32801,28.542388,-81.368972,Owner Occupied,1384000,30,29,Metal,Concrete Block,942
POL00471,CUS00471,2012-07-12,2026-01-07,HO3,Active,5020,10000,2500,11800,1,236000,0,0,1,149000,1,60000,1,500000,1,10000,410 N Orange Ave,Orange,FL,32801,28.538032,-81.373544,Owner Occupied,300000,61,20,Asphalt Shingle,Masonry Veneer,2900
POL00472,CUS00472,2011-04-27,2022-12-10,HO3,Active,3890,2000,7500,25900,1,518000,1,53000,1,285000,1,93000,1,500000,1,5000,733 Main Ln,Orange,FL,32801,28.546738,-81.375962,Owner Occupied,507000,60,6,Asphalt Shingle,Masonry Veneer,4221
POL00473,CUS00473,2012-10-07,2026-02-04,HO3,Active,2530,7500,7500,32700,1,1091000,1,96000,1,739000,1,273000,1,500000,1,2500,520 E Church St,Orange,FL,32801,28.542388,-81.368972,Owner Occupied,1165000,19,19,Metal,Masonry,3115
POL00474,CUS00474,2010-09-06,2025-02-21,HO5,Active,8500,5000,5000,18600,1,929000,1,105000,1,418000,1,148000,1,300000,1,5000,520 E Church St,Orange,FL,32801,28.542388,-81.368972,Owner Occupied,1089000,23,13,Asphalt Shingle,Masonry,1790
POL00475,CUS00475,2013-07-15,2025-05-01,HO6,Active,2490,2000,2000,19800,1,988000,1,118000,1,642000,1,214000,1,300000,1,1000,520 E Church St,Orange,FL,32801,28.542388,-81.368972,Owner Occupied,1232000,62,5,Tile,Reinforced Concrete,4466
POL00476,CUS00476,2006-05-04,2022-08-22,HO5,Active,8840,7500,10000,13800,1,692000,1,97000,1,353000,1,137000,1,300000,1,10000,310 N Orange Ave,Orange,FL,32801,28.543216,-81.372806,Owner Occupied,797000,59,11,Concrete Tile,Masonry Veneer,2355
POL00477,CUS00477,2022-02-26,2025-06-16,DP3,Active,3140,5000,2500,41900,1,1397000,1,118000,1,644000,1,333000,0,0,0,0,410 N Orange Ave,Orange,FL,32801,28.538032,-81.373544,Owner Occupied,1421000,66,13,Tile,Masonry,1092
POL00478,CUS00478,2016-06-08,2023-07-08,HO5,Active,6460,5000,7500,42700,1,854000,1,81000,1,451000,1,220000,1,300000,1,1000,355 N Rosalind Ave,Orange,FL,32801,28.545514,-81.378134,Owner Occupied,877000,46,27,Metal,Reinforced Concrete,3524
POL00479,CUS00479,2013-07-21,2025-03-17,HO3,Active,2680,5000,5000,19900,1,662000,1,75000,1,455000,1,140000,1,500000,1,5000,310 N Orange Ave,Orange,FL,32801,28.543216,-81.372806,Tenant Occupied,888000,41,6,Metal,Masonry,4002
POL00480,CUS00480,2019-06-16,2024-10-25,HO3,Active,5310,2500,2500,9400,1,472000,1,42000,1,288000,1,80000,1,100000,1,10000,101 Lake Ave,Orange,FL,32801,28.539466,-81.369524,Secondary Residence,642000,4,4,Concrete Tile,Frame,835
POL00481,CUS00481,2007-06-24,2022-04-26,HO3,Active,3780,10000,5000,6900,1,345000,1,41000,1,213000,1,75000,1,500000,1,10000,1000 NW 7th St,Miami-Dade,FL,33136,25.78563,-80.201058,Owner Occupied,467000,75,7,Asphalt Shingle,Reinforced Concrete,2570
POL00482,CUS00482,2018-01-07,2023-05-06,HO5,Active,8310,10000,2500,12500,1,627000,1,52000,1,349000,1,174000,1,300000,1,10000,12112 Sugarloaf Key St,Hillsborough,FL,33626,28.058486,-82.624672,Owner Occupied,812000,38,10,Concrete Tile,Frame,2466
POL00483,CUS00483,2021-09-07,2023-07-31,HO6,Active,2520,1000,2500,8700,1,436000,1,60000,1,273000,1,70000,1,300000,1,2500,6600 NW 7th St,Miami-Dade,FL,33126,25.778214,-80.295246,Owner Occupied,563000,69,14,Asphalt Shingle,Masonry,4168
POL00484,CUS00484,2013-10-06,2026-01-30,HO3,Active,5000,10000,10000,25700,1,857000,1,90000,1,483000,1,219000,1,100000,1,5000,520 E Church St,Orange,FL,32801,28.542388,-81.368972,Owner Occupied,1064000,11,4,Concrete Tile,Masonry Veneer,1575
POL00485,CUS00485,2008-10-31,2023-06-17,HO3,Active,7460,10000,7500,28700,1,958000,1,140000,1,609000,1,235000,1,500000,1,10000,921 N Central Ave,Hillsborough,FL,33602,27.95189,-82.4639,Owner Occupied,1283000,29,6,Asphalt Shingle,Reinforced Concrete,4488
POL00486,CUS00486,2011-01-22,2024-09-26,HO3,Active,8270,2500,2500,13000,1,649000,1,73000,1,403000,1,178000,1,300000,1,1000,101 Lake Ave,Orange,FL,32801,28.539466,-81.369524,Tenant Occupied,654000,13,4,Flat/TPO,Masonry Veneer,4219
POL00487,CUS00487,2014-08-18,2024-05-18,HO3,Active,7020,5000,2500,25400,1,845000,1,69000,1,448000,1,131000,1,500000,1,2500,6600 NW 7th St,Miami-Dade,FL,33126,25.778214,-80.295246,Secondary Residence,827000,34,6,Tile,Masonry Veneer,3814
POL00488,CUS00488,2022-04-27,2023-11-12,HO3,Active,4450,10000,10000,6900,1,343000,1,33000,1,224000,1,54000,1,100000,1,2500,295 NE Ivanhoe Blvd,Orange,FL,32804,28.579332,-81.39362,Owner Occupied,337000,21,6,Asphalt Shingle,Frame,4089
POL00489,CUS00489,2018-01-22,2022-05-18,HO3,Active,6870,10000,10000,13400,1,268000,1,39000,1,137000,1,44000,1,100000,1,5000,2900 Biscayne Blvd,Miami-Dade,FL,33137,25.80518,-80.188488,Tenant Occupied,297000,3,3,Tile,Masonry Veneer,3535
POL00490,CUS00490,2017-10-13,2025-03-21,HO3,Active,3110,5000,5000,33400,1,667000,1,55000,1,384000,1,193000,1,100000,1,2500,3131 NE 1st Ave,Miami-Dade,FL,33137,25.807112,-80.193906,Owner Occupied,773000,37,9,Tile,Masonry Veneer,1104
POL00491,CUS00491,2014-01-22,2025-02-03,HO6,Active,5470,2500,10000,15200,1,762000,0,0,1,434000,1,202000,1,300000,1,5000,1000 NW 7th St,Miami-Dade,FL,33136,25.78563,-80.201058,Secondary Residence,957000,50,7,Asphalt Shingle,Reinforced Concrete,3801
POL00492,CUS00492,2010-07-14,2024-02-21,DP3,Active,2860,2500,7500,16400,1,546000,1,68000,1,275000,1,136000,1,300000,1,10000,520 E Church St,Orange,FL,32801,28.542388,-81.368972,Tenant Occupied,733000,6,4,Metal,Frame,3220
POL00493,CUS00493,2012-05-24,2025-03-31,HO5,Active,1840,2000,2500,52300,1,1046000,1,98000,1,475000,1,185000,1,300000,1,2500,410 N Orange Ave,Orange,FL,32801,28.538032,-81.373544,Owner Occupied,1043000,72,10,Metal,Masonry Veneer,2980
POL00494,CUS00494,2011-05-13,2026-04-20,HO5,Active,8790,10000,7500,38200,1,765000,0,0,1,350000,1,127000,1,300000,1,5000,510 N Rome Ave,Hillsborough,FL,33606,27.930384,-82.488052,Owner Occupied,957000,64,10,Asphalt Shingle,Concrete Block,1757
POL00495,CUS00495,2011-03-27,2024-09-24,HO3,Active,5650,7500,7500,18500,1,927000,1,117000,1,567000,1,150000,1,100000,1,1000,180 NE 29th St,Miami-Dade,FL,33137,25.808606,-80.19234,Owner Occupied,1263000,16,16,Flat/TPO,Masonry,2120
POL00496,CUS00496,2021-07-08,2026-03-22,HO5,Active,7840,7500,7500,18000,1,599000,1,77000,1,375000,1,123000,1,300000,1,1000,295 NE Ivanhoe Blvd,Orange,FL,32804,28.579332,-81.39362,Owner Occupied,806000,38,5,Tile,Concrete Block,3099
POL00497,CUS00497,2010-05-07,2023-08-29,HO3,Active,6520,1000,1000,22500,1,1123000,1,158000,1,692000,1,269000,1,100000,1,1000,9200 Randal Park Blvd,Orange,FL,32832,28.412212,-81.243592,Owner Occupied,1414000,67,7,Asphalt Shingle,Frame,1390
POL00498,CUS00498,2023-05-19,2025-04-14,HO3,Active,2600,5000,2500,10000,1,335000,1,46000,1,173000,1,82000,1,100000,1,1000,7575 Universal Blvd,Orange,FL,32819,28.451704,-81.47356,Owner Occupied,327000,65,26,Asphalt Shingle,Masonry,2849
POL00499,CUS00499,2013-03-20,2022-09-21,HO3,Active,6820,1500,5000,20900,1,1046000,1,85000,1,561000,1,264000,1,500000,1,5000,7511 Solstice Cir,Orange,FL,32821,28.411672,-81.46685,Owner Occupied,1380000,62,30,Concrete Tile,Concrete Block,3872
POL00500,CUS00500,2020-03-12,2024-08-27,HO6,Active,2510,7500,2500,8900,1,297000,1,39000,1,164000,1,56000,1,500000,1,1000,2900 Biscayne Blvd,Miami-Dade,FL,33137,25.80518,-80.188488,Owner Occupied,310000,14,6,Asphalt Shingle,Masonry,2706
POL00501,CUS00501,2019-09-14,2024-01-12,DP3,Active,9200,10000,10000,28500,1,949000,1,117000,1,466000,1,229000,1,300000,1,10000,5127 W Tyson Ave,Hillsborough,FL,33611,27.888982,-82.504054,Owner Occupied,948000,64,13,Concrete Tile,Frame,2808
POL00502,CUS00502,2021-10-29,2026-02-05,HO3,Active,8530,7500,7500,11400,1,381000,1,54000,1,200000,1,94000,1,300000,1,10000,510 N Rome Ave,Hillsborough,FL,33606,27.930384,-82.488052,Owner Occupied,394000,10,8,Metal,Masonry,1619
POL00503,CUS00503,2011-02-10,2026-08-27,DP3,Active,9320,2000,5000,59000,1,1180000,1,147000,1,682000,1,320000,1,500000,0,0,2751 NW 84th St,Miami-Dade,FL,33147,25.858766,-80.24016,Owner Occupied,1232000,75,14,Concrete Tile,Masonry,1263
POL00504,CUS00504,2017-11-11,2022-09-09,HO3,Active,3260,5000,7500,11900,1,398000,1,59000,1,264000,1,89000,1,500000,1,2500,7575 Universal Blvd,Orange,FL,32819,28.451704,-81.47356,Owner Occupied,481000,4,4,Tile,Reinforced Concrete,3075
POL00505,CUS00505,2015-05-15,2025-05-10,HO3,Active,7070,5000,7500,16300,1,544000,1,60000,1,336000,1,141000,1,500000,1,2500,4000 Headwaters Way,Orange,FL,32837,28.386144,-81.418598,Tenant Occupied,579000,71,18,Concrete Tile,Frame,4413
POL00506,CUS00506,2010-01-27,2026-01-02,HO6,Active,9360,1500,1500,19200,1,959000,1,121000,1,607000,1,280000,1,100000,1,2500,2050 Jake St,Orange,FL,32814,28.560782,-81.32269,Owner Occupied,1184000,66,16,Concrete Tile,Reinforced Concrete,1263
POL00507,CUS00507,2013-06-18,2025-12-15,HO5,Active,9550,1000,5000,31500,1,1050000,1,103000,1,478000,1,277000,1,100000,1,1000,3131 NE 1st Ave,Miami-Dade,FL,33137,25.807112,-80.193906,Owner Occupied,1077000,32,27,Asphalt Shingle,Masonry,3616
POL00508,CUS00508,2022-12-17,2026-02-25,HO5,Active,7960,2500,5000,31800,1,636000,1,89000,1,436000,1,190000,1,500000,1,2500,6970 SW 40th St,Miami-Dade,FL,33155,25.7421,-80.313298,Owner Occupied,828000,15,12,Flat/TPO,Frame,1262
POL00509,CUS00509,2010-11-14,2023-02-15,HO3,Active,8050,7500,2500,18300,1,913000,1,106000,1,565000,1,237000,1,300000,1,2500,2900 Biscayne Blvd,Miami-Dade,FL,33137,25.80518,-80.188488,Owner Occupied,1005000,66,19,Flat/TPO,Reinforced Concrete,1462
POL00510,CUS00510,2018-04-05,2025-02-08,HO5,Active,8580,2500,2500,14900,1,746000,1,82000,1,453000,1,131000,1,500000,1,1000,6600 NW 7th St,Miami-Dade,FL,33126,25.778214,-80.295246,Owner Occupied,851000,31,11,Metal,Masonry,2686
POL00511,CUS00511,2015-08-24,2024-04-22,HO3,Active,3640,7500,7500,23200,1,774000,1,85000,1,466000,1,166000,1,100000,1,5000,3219 S Orange Ave,Orange,FL,32806,28.517866,-81.366976,Owner Occupied,781000,63,10,Tile,Concrete Block,1253
POL00512,CUS00512,2011-02-23,2023-03-31,HO5,Active,6770,5000,2500,9700,1,486000,1,43000,1,243000,1,76000,1,100000,1,1000,5009 Park Central Dr,Orange,FL,32839,28.48606,-81.403886,Tenant Occupied,551000,13,13,Concrete Tile,Reinforced Concrete,2325
POL00513,CUS00513,2020-03-25,2024-06-22,HO5,Active,8750,1000,1000,27200,1,907000,1,133000,1,522000,1,204000,1,300000,1,2500,520 E Church St,Orange,FL,32801,28.542388,-81.368972,Tenant Occupied,932000,69,31,Concrete Tile,Concrete Block,3286
POL00514,CUS00514,2014-06-27,2025-08-05,HO6,Active,3730,5000,5000,22700,1,757000,1,81000,1,384000,1,219000,1,300000,1,10000,2828 NW 1st Ave,Miami-Dade,FL,33127,25.79715,-80.197564,Owner Occupied,985000,62,5,Asphalt Shingle,Frame,3981
POL00515,CUS00515,2009-12-30,2025-06-29,HO6,Active,2400,10000,5000,22800,1,761000,1,82000,1,430000,1,194000,1,300000,1,10000,6501 S Westshore Blvd,Hillsborough,FL,33616,27.869022,-82.523216,Owner Occupied,988000,44,12,Tile,Masonry,3505
POL00516,CUS00516,2017-02-26,2024-12-26,HO3,Active,3570,2000,2500,5600,1,188000,0,0,1,115000,1,35000,1,300000,1,10000,1115 E Twiggs St,Hillsborough,FL,33602,27.951524,-82.459604,Owner Occupied,238000,7,7,Metal,Reinforced Concrete,3831
POL00517,CUS00517,2013-05-11,2023-09-05,HO3,Active,6920,2000,2000,48600,1,971000,1,90000,1,675000,1,280000,1,300000,1,5000,4000 Headwaters Way,Orange,FL,32837,28.386144,-81.418598,Tenant Occupied,1197000,12,12,Flat/TPO,Concrete Block,2699
POL00518,CUS00518,2009-07-11,2025-05-04,HO5,Active,9090,2000,10000,36000,1,721000,1,83000,1,488000,1,165000,1,100000,1,1000,180 NE 29th St,Miami-Dade,FL,33137,25.808606,-80.19234,Owner Occupied,834000,73,6,Asphalt Shingle,Masonry,3613
POL00519,CUS00519,2023-06-26,2025-12-30,HO6,Active,1800,1500,5000,17300,1,576000,1,85000,1,325000,1,172000,1,500000,1,5000,901 W Chestnut St,Hillsborough,FL,33607,27.956886,-82.501454,Tenant Occupied,562000,66,13,Metal,Masonry Veneer,4388
POL00520,CUS00520,2012-03-21,2024-01-28,HO3,Active,3140,10000,5000,19700,1,394000,1,36000,1,180000,1,110000,1,100000,1,5000,710 NE 1st Ave,Miami-Dade,FL,33132,25.783848,-80.189314,Secondary Residence,406000,29,29,Concrete Tile,Reinforced Concrete,3715
POL00521,CUS00521,2013-10-03,2024-09-02,HO3,Active,2070,2000,10000,12600,1,252000,1,32000,1,135000,1,50000,1,500000,1,2500,6501 S Westshore Blvd,Hillsborough,FL,33616,27.869022,-82.523216,Owner Occupied,272000,63,7,Asphalt Shingle,Reinforced Concrete,1784
POL00522,CUS00522,2012-09-09,2025-04-05,DP3,Active,5430,2000,7500,5000,1,248000,1,25000,1,137000,1,71000,0,0,0,0,2751 NW 84th St,Miami-Dade,FL,33147,25.858766,-80.24016,Owner Occupied,330000,10,10,Tile,Masonry,2325
POL00523,CUS00523,2015-01-09,2025-04-18,HO3,Active,3260,2500,10000,31500,1,1051000,1,112000,1,498000,1,281000,1,300000,1,10000,230 NE 4th St,Miami-Dade,FL,33132,25.781976,-80.192572,Owner Occupied,1156000,44,30,Asphalt Shingle,Masonry,2631
POL00524,CUS00524,2023-11-27,2026-03-12,HO5,Active,7120,1000,2500,36000,1,721000,1,93000,1,336000,1,110000,1,500000,1,1000,218 NW 8th St,Miami-Dade,FL,33136,25.785132,-80.210772,Secondary Residence,905000,51,9,Flat/TPO,Masonry Veneer,3338
POL00525,CUS00525,2011-05-25,2025-04-13,HO3,Active,2400,10000,7500,64600,1,1293000,0,0,1,753000,1,260000,1,100000,1,5000,410 N Orange Ave,Orange,FL,32801,28.538032,-81.373544,Owner Occupied,1385000,40,6,Tile,Concrete Block,3797
POL00526,CUS00526,2009-11-02,2024-06-08,HO3,Active,7080,1000,5000,9700,1,485000,1,47000,1,280000,1,85000,1,500000,1,1000,520 E Church St,Orange,FL,32801,28.542388,-81.368972,Tenant Occupied,511000,10,5,Flat/TPO,Masonry Veneer,836
POL00527,CUS00527,2009-12-27,2023-05-06,HO3,Active,8920,1000,10000,46200,1,923000,1,75000,1,482000,1,229000,1,300000,1,1000,9931 W Flagler St,Miami-Dade,FL,33174,25.75642,-80.352414,Owner Occupied,956000,60,21,Tile,Masonry Veneer,824
POL00528,CUS00528,2014-08-19,2022-11-28,HO3,Active,7430,2500,7500,10600,1,353000,1,29000,1,226000,1,86000,1,300000,1,2500,230 NE 4th St,Miami-Dade,FL,33132,25.781976,-80.192572,Owner Occupied,455000,31,23,Concrete Tile,Frame,2207
POL00529,CUS00529,2013-09-28,2023-04-02,DP3,Active,5040,5000,5000,13900,1,697000,1,83000,1,370000,1,194000,0,0,1,2500,9200 Randal Park Blvd,Orange,FL,32832,28.412212,-81.243592,Tenant Occupied,863000,3,3,Tile,Masonry Veneer,4164
POL00530,CUS00530,2013-08-17,2024-12-05,HO3,Active,2580,2500,5000,27800,1,928000,1,133000,1,440000,1,171000,1,300000,1,2500,7511 Solstice Cir,Orange,FL,32821,28.411672,-81.46685,Secondary Residence,1213000,30,11,Metal,Frame,2924
POL00531,CUS00531,2021-07-25,2023-01-17,HO3,Active,9590,7500,5000,50800,1,1017000,1,108000,1,500000,1,224000,1,300000,1,5000,2050 Jake St,Orange,FL,32814,28.560782,-81.32269,Owner Occupied,1363000,17,5,Flat/TPO,Frame,2596
POL00532,CUS00532,2022-07-13,2026-04-01,HO3,Active,6490,1500,5000,18300,1,366000,0,0,1,250000,1,79000,1,100000,1,5000,1115 E Twiggs St,Hillsborough,FL,33602,27.951524,-82.459604,Owner Occupied,387000,38,8,Metal,Concrete Block,3141
POL00533,CUS00533,2012-10-07,2026-10-02,HO3,Active,3890,10000,10000,29200,1,975000,1,117000,1,487000,1,269000,1,500000,1,5000,901 W Chestnut St,Hillsborough,FL,33607,27.956886,-82.501454,Owner Occupied,1099000,5,2,Flat/TPO,Masonry,3716
POL00534,CUS00534,2010-11-24,2026-05-11,HO5,Active,7690,1500,2500,19000,1,949000,1,115000,1,531000,1,241000,1,300000,1,5000,180 NE 29th St,Miami-Dade,FL,33137,25.808606,-80.19234,Owner Occupied,1066000,68,4,Flat/TPO,Concrete Block,895
POL00535,CUS00535,2018-09-09,2025-10-08,HO5,Active,7460,7500,5000,22600,1,754000,1,78000,1,518000,1,141000,1,300000,1,1000,2828 NW 1st Ave,Miami-Dade,FL,33127,25.79715,-80.197564,Owner Occupied,937000,23,23,Asphalt Shingle,Masonry,4036
POL00536,CUS00536,2012-05-18,2025-12-15,HO3,Active,5650,7500,5000,21700,1,722000,1,78000,1,373000,1,112000,1,100000,1,5000,180 NE 29th St,Miami-Dade,FL,33137,25.808606,-80.19234,Owner Occupied,967000,7,5,Asphalt Shingle,Concrete Block,1741
POL00537,CUS00537,2012-11-06,2023-12-12,HO3,Active,8720,2500,2500,18800,1,625000,1,82000,1,329000,1,153000,1,300000,1,5000,7511 Solstice Cir,Orange,FL,32821,28.411672,-81.46685,Secondary Residence,799000,22,22,Tile,Frame,937
POL00538,CUS00538,2018-10-20,2025-12-20,HO5,Active,8380,10000,7500,63400,1,1268000,1,183000,1,612000,1,231000,1,500000,1,5000,5127 W Tyson Ave,Hillsborough,FL,33611,27.888982,-82.504054,Owner Occupied,1377000,74,28,Metal,Masonry,3289
POL00539,CUS00539,2011-01-25,2025-01-08,HO3,Active,6190,2000,5000,15600,1,519000,1,73000,1,333000,1,121000,1,300000,1,5000,3219 S Orange Ave,Orange,FL,32806,28.517866,-81.366976,Owner Occupied,548000,64,31,Tile,Reinforced Concrete,3233
POL00540,CUS00540,2014-08-05,2025-09-06,HO3,Active,2470,7500,5000,33200,1,1105000,1,95000,1,712000,1,276000,1,100000,1,10000,12112 Sugarloaf Key St,Hillsborough,FL,33626,28.058486,-82.624672,Owner Occupied,1409000,52,25,Concrete Tile,Masonry,3023
POL00541,CUS00541,2010-04-16,2026-07-18,HO3,Active,7820,5000,2500,28900,1,578000,1,85000,1,401000,1,169000,1,300000,1,1000,3219 S Orange Ave,Orange,FL,32806,28.517866,-81.366976,Tenant Occupied,563000,32,10,Concrete Tile,Frame,3624
POL00542,CUS00542,2012-08-17,2023-01-24,HO3,Active,4040,10000,2500,38900,1,1298000,1,116000,1,750000,1,317000,1,500000,1,5000,2751 NW 84th St,Miami-Dade,FL,33147,25.858766,-80.24016,Owner Occupied,1282000,51,8,Tile,Reinforced Concrete,1456
POL00543,CUS00543,2018-07-10,2025-08-31,HO3,Active,9750,2500,2500,20000,1,1001000,1,145000,1,698000,1,180000,1,100000,1,5000,218 NW 8th St,Miami-Dade,FL,33136,25.785132,-80.210772,Owner Occupied,1156000,13,4,Metal,Masonry Veneer,1946
POL00544,CUS00544,2019-02-09,2025-05-24,HO5,Active,7200,2000,2500,21900,1,1096000,1,131000,1,620000,1,205000,1,500000,1,1000,6904 Ralston Pl Dr,Hillsborough,FL,33614,28.00581,-82.507956,Owner Occupied,1099000,41,4,Asphalt Shingle,Frame,1077
POL00545,CUS00545,2016-04-20,2022-11-03,HO3,Active,7970,1500,2500,24400,1,1219000,1,133000,1,626000,1,244000,1,500000,1,5000,4000 Headwaters Way,Orange,FL,32837,28.386144,-81.418598,Owner Occupied,1265000,62,9,Asphalt Shingle,Reinforced Concrete,1119
POL00546,CUS00546,2019-01-08,2023-07-11,HO6,Active,8110,2500,10000,31700,1,1058000,1,116000,1,652000,1,177000,1,100000,1,5000,733 Main Ln,Orange,FL,32801,28.546738,-81.375962,Owner Occupied,1144000,58,16,Metal,Concrete Block,3020
POL00547,CUS00547,2022-12-10,2025-03-24,HO6,Active,9140,5000,5000,5700,1,287000,1,25000,1,174000,1,52000,1,100000,1,5000,645 NW 1st St,Miami-Dade,FL,33128,25.768528,-80.198928,Owner Occupied,391000,49,9,Flat/TPO,Masonry,3614
POL00548,CUS00548,2014-08-03,2023-10-18,HO3,Active,4570,10000,7500,42200,1,1405000,1,147000,1,758000,1,289000,1,300000,1,1000,921 N Central Ave,Hillsborough,FL,33602,27.95189,-82.4639,Owner Occupied,1381000,13,13,Concrete Tile,Reinforced Concrete,2788
POL00549,CUS00549,2025-01-13,2026-07-30,HO3,Active,4900,2500,7500,47400,1,948000,1,141000,1,566000,1,197000,1,500000,1,2500,101 Lake Ave,Orange,FL,32801,28.539466,-81.369524,Owner Occupied,1177000,11,11,Flat/TPO,Concrete Block,2375
POL00550,CUS00550,2016-06-28,2023-03-22,HO6,Active,2530,1000,2500,8800,1,440000,1,45000,1,206000,1,77000,1,100000,1,2500,355 N Rosalind Ave,Orange,FL,32801,28.545514,-81.378134,Owner Occupied,477000,30,5,Flat/TPO,Reinforced Concrete,2349
POL00551,CUS00551,2012-11-20,2024-02-16,DP3,Active,8060,2000,2000,19300,1,963000,1,139000,1,445000,1,253000,0,0,1,5000,6970 SW 40th St,Miami-Dade,FL,33155,25.7421,-80.313298,Owner Occupied,1249000,37,20,Flat/TPO,Masonry Veneer,804
POL00552,CUS00552,2014-07-02,2023-03-05,HO3,Active,4500,2500,10000,9800,1,488000,1,67000,1,288000,1,119000,1,500000,1,5000,12112 Sugarloaf Key St,Hillsborough,FL,33626,28.058486,-82.624672,Owner Occupied,608000,50,8,Metal,Masonry Veneer,2262
POL00553,CUS00553,2015-03-31,2024-02-26,HO3,Active,6760,1500,1500,42800,1,856000,1,96000,1,559000,1,219000,1,100000,1,1000,55 NE 2nd St,Miami-Dade,FL,33132,25.784184,-80.187508,Owner Occupied,971000,3,3,Flat/TPO,Frame,2701
POL00554,CUS00554,2019-04-09,2025-07-03,DP3,Active,2600,1000,7500,23800,1,1189000,1,156000,1,559000,1,282000,1,100000,0,0,55 NE 2nd St,Miami-Dade,FL,33132,25.784184,-80.187508,Owner Occupied,1392000,54,10,Flat/TPO,Reinforced Concrete,2574
POL00555,CUS00555,2017-06-21,2024-06-15,HO3,Active,4750,10000,5000,67400,1,1348000,1,157000,1,771000,1,316000,1,100000,1,5000,4000 Headwaters Way,Orange,FL,32837,28.386144,-81.418598,Owner Occupied,1397000,37,9,Tile,Masonry Veneer,3432
POL00556,CUS00556,2020-11-09,2024-03-09,HO5,Active,4270,7500,7500,19300,1,965000,1,123000,1,536000,1,254000,1,500000,1,1000,710 NE 1st Ave,Miami-Dade,FL,33132,25.783848,-80.189314,Owner Occupied,999000,44,12,Asphalt Shingle,Frame,2796
POL00557,CUS00557,2009-06-11,2026-01-04,HO3,Active,7930,10000,10000,9800,1,328000,1,46000,1,173000,1,83000,1,100000,1,1000,710 NE 1st Ave,Miami-Dade,FL,33132,25.783848,-80.189314,Owner Occupied,430000,23,1,Flat/TPO,Reinforced Concrete,1690
POL00558,CUS00558,2008-11-09,2024-11-20,HO6,Active,5440,2500,10000,40900,1,1364000,0,0,1,753000,1,391000,1,300000,1,5000,300 W Tyler St,Hillsborough,FL,33602,27.948668,-82.456928,Owner Occupied,1328000,24,11,Asphalt Shingle,Frame,4001
POL00559,CUS00559,2011-08-10,2025-04-11,HO5,Active,4980,7500,7500,29600,1,1478000,1,215000,1,790000,1,346000,1,300000,1,5000,6970 SW 40th St,Miami-Dade,FL,33155,25.7421,-80.313298,Secondary Residence,1436000,14,1,Flat/TPO,Reinforced Concrete,1967
POL00560,CUS00560,2022-07-19,2025-12-26,HO3,Active,8230,10000,2500,25000,1,834000,1,85000,1,474000,1,136000,1,300000,1,2500,355 N Rosalind Ave,Orange,FL,32801,28.545514,-81.378134,Owner Occupied,1107000,20,10,Metal,Masonry,3254
POL00561,CUS00561,2009-01-16,2022-11-01,HO3,Active,6120,1500,1500,13400,1,671000,1,56000,1,372000,1,133000,1,300000,1,2500,710 NE 1st Ave,Miami-Dade,FL,33132,25.783848,-80.189314,Owner Occupied,678000,28,7,Asphalt Shingle,Concrete Block,1170
POL00562,CUS00562,2006-09-29,2022-09-02,HO6,Active,6330,2500,2500,39800,1,795000,1,114000,1,411000,1,201000,1,100000,1,2500,1011 E Cumberland Ave,Hillsborough,FL,33602,27.948032,-82.463042,Owner Occupied,1027000,62,18,Tile,Frame,2178
POL00563,CUS00563,2013-10-30,2023-02-02,HO6,Active,3050,7500,5000,14000,1,281000,1,32000,1,155000,1,61000,1,500000,1,1000,3219 S Orange Ave,Orange,FL,32806,28.517866,-81.366976,Owner Occupied,352000,23,15,Asphalt Shingle,Concrete Block,2473
POL00564,CUS00564,2016-10-04,2025-04-30,HO3,Active,3150,10000,5000,14100,1,282000,1,35000,1,191000,1,65000,1,300000,1,1000,6600 NW 7th St,Miami-Dade,FL,33126,25.778214,-80.295246,Owner Occupied,282000,59,1,Asphalt Shingle,Masonry Veneer,1182
POL00565,CUS00565,2021-04-06,2024-04-20,HO3,Active,9310,2500,2500,7800,1,260000,0,0,1,118000,1,67000,1,100000,1,10000,1115 E Twiggs St,Hillsborough,FL,33602,27.951524,-82.459604,Secondary Residence,312000,18,5,Concrete Tile,Concrete Block,1028
POL00566,CUS00566,2011-09-25,2026-06-08,HO6,Active,4920,2500,7500,22100,1,738000,1,107000,1,367000,1,144000,1,300000,1,5000,295 NE Ivanhoe Blvd,Orange,FL,32804,28.579332,-81.39362,Owner Occupied,982000,22,22,Flat/TPO,Reinforced Concrete,1428
POL00567,CUS00567,2017-02-08,2025-08-03,HO5,Active,8990,7500,2500,48300,1,966000,1,122000,1,471000,1,188000,1,300000,1,10000,218 NW 8th St,Miami-Dade,FL,33136,25.785132,-80.210772,Owner Occupied,1303000,66,24,Tile,Concrete Block,1211
POL00568,CUS00568,2012-01-21,2025-03-29,HO6,Active,5780,2000,5000,15000,1,749000,1,96000,1,427000,1,208000,1,500000,1,5000,30 SW 1st St,Miami-Dade,FL,33130,25.765842,-80.208492,Owner Occupied,986000,4,4,Asphalt Shingle,Reinforced Concrete,3532
POL00569,CUS00569,2008-09-19,2024-03-17,DP3,Active,8110,10000,10000,45000,1,899000,1,133000,1,496000,1,158000,1,100000,0,0,2650 Dade Ave,Orange,FL,32804,28.583628,-81.389606,Owner Occupied,1174000,10,10,Asphalt Shingle,Masonry,1283
POL00570,CUS00570,2017-12-25,2023-09-17,HO6,Active,2630,2500,5000,51600,1,1033000,1,133000,1,703000,1,248000,1,100000,1,5000,733 Main Ln,Orange,FL,32801,28.546738,-81.375962,Owner Occupied,1222000,14,6,Concrete Tile,Masonry Veneer,1231
POL00571,CUS00571,2007-02-27,2022-11-12,HO3,Active,4940,7500,5000,18600,1,620000,1,81000,1,390000,1,180000,1,500000,1,2500,30 SW 1st St,Miami-Dade,FL,33130,25.765842,-80.208492,Tenant Occupied,696000,24,24,Asphalt Shingle,Masonry Veneer,2663
POL00572,CUS00572,2010-02-24,2026-01-05,HO3,Active,6080,2000,5000,19100,1,957000,0,0,1,495000,1,219000,1,100000,1,5000,710 NE 1st Ave,Miami-Dade,FL,33132,25.783848,-80.189314,Owner Occupied,1135000,30,25,Concrete Tile,Frame,864
POL00573,CUS00573,2012-09-27,2022-06-16,HO5,Active,4040,5000,10000,11000,1,550000,1,79000,1,354000,1,113000,1,300000,1,10000,6501 S Westshore Blvd,Hillsborough,FL,33616,27.869022,-82.523216,Owner Occupied,762000,27,13,Concrete Tile,Masonry Veneer,2107
POL00574,CUS00574,2019-05-09,2022-12-18,HO5,Active,4950,2000,7500,33200,1,664000,1,86000,1,388000,1,101000,1,500000,1,1000,12112 Sugarloaf Key St,Hillsborough,FL,33626,28.058486,-82.624672,Secondary Residence,686000,24,15,Metal,Concrete Block,2091
POL00575,CUS00575,2016-06-14,2023-10-19,HO6,Active,3390,2500,2500,35400,1,707000,1,91000,1,448000,1,210000,1,100000,1,10000,2050 Jake St,Orange,FL,32814,28.560782,-81.32269,Owner Occupied,753000,52,15,Flat/TPO,Frame,942
POL00576,CUS00576,2015-08-06,2024-07-27,HO5,Active,2990,10000,5000,17800,1,357000,1,52000,1,244000,1,54000,1,500000,1,2500,300 W Tyler St,Hillsborough,FL,33602,27.948668,-82.456928,Owner Occupied,487000,9,9,Metal,Frame,1269
POL00577,CUS00577,2014-10-24,2025-05-29,HO3,Active,3290,2000,2000,33300,1,666000,1,59000,1,334000,1,144000,1,100000,1,5000,6970 SW 40th St,Miami-Dade,FL,33155,25.7421,-80.313298,Secondary Residence,810000,42,14,Concrete Tile,Masonry,3684
POL00578,CUS00578,2012-11-24,2026-01-11,HO3,Active,6120,5000,10000,47500,1,950000,1,137000,1,649000,1,217000,1,300000,1,10000,452 NE 31st St,Miami-Dade,FL,33137,25.805582,-80.194716,Tenant Occupied,949000,49,7,Flat/TPO,Concrete Block,4070
POL00579,CUS00579,2011-04-11,2025-09-16,HO5,Active,9310,1000,1000,29000,1,966000,1,85000,1,495000,1,152000,1,500000,1,10000,109 W Fortune St,Hillsborough,FL,33602,27.947222,-82.458452,Tenant Occupied,973000,31,30,Tile,Reinforced Concrete,1081
POL00580,CUS00580,2020-12-22,2025-07-17,HO5,Active,3010,10000,7500,28100,1,1406000,1,158000,1,933000,1,354000,1,500000,1,5000,3000 NE 2nd Ave,Miami-Dade,FL,33137,25.808936,-80.195094,Owner Occupied,1421000,24,15,Tile,Frame,879
POL00581,CUS00581,2012-02-18,2022-05-20,HO6,Active,5520,1500,10000,9800,1,327000,1,43000,1,166000,1,71000,1,300000,1,5000,6970 SW 40th St,Miami-Dade,FL,33155,25.7421,-80.313298,Secondary Residence,378000,36,23,Flat/TPO,Reinforced Concrete,1003
POL00582,CUS00582,2008-05-05,2024-01-27,HO3,Active,4320,2500,5000,63800,1,1276000,1,124000,1,804000,1,195000,1,300000,1,1000,355 N Rosalind Ave,Orange,FL,32801,28.545514,-81.378134,Owner Occupied,1323000,71,19,Metal,Masonry Veneer,2386
POL00583,CUS00583,2016-07-29,2024-02-12,HO6,Active,6820,1500,1500,15100,1,753000,1,112000,1,423000,1,118000,1,100000,1,5000,230 NE 4th St,Miami-Dade,FL,33132,25.781976,-80.192572,Owner Occupied,819000,74,15,Flat/TPO,Masonry,1465
POL00584,CUS00584,2009-05-28,2023-08-14,HO6,Active,5790,7500,7500,8700,1,174000,1,14000,1,78000,1,42000,1,300000,1,2500,6970 SW 40th St,Miami-Dade,FL,33155,25.7421,-80.313298,Secondary Residence,234000,46,1,Asphalt Shingle,Frame,3929
POL00585,CUS00585,2008-12-08,2024-01-15,HO6,Active,3230,5000,5000,11800,1,588000,1,81000,1,322000,1,159000,1,100000,1,2500,30 SW 1st St,Miami-Dade,FL,33130,25.765842,-80.208492,Owner Occupied,609000,22,22,Metal,Masonry Veneer,4148
POL00586,CUS00586,2017-12-29,2024-12-02,HO6,Active,4930,2500,5000,9800,1,328000,1,29000,1,191000,1,85000,1,500000,1,5000,3131 NE 1st Ave,Miami-Dade,FL,33137,25.807112,-80.193906,Owner Occupied,442000,34,10,Tile,Reinforced Concrete,3900
POL00587,CUS00587,2012-10-01,2024-03-19,HO3,Active,7370,2000,2500,14500,1,290000,1,27000,1,199000,1,53000,1,100000,1,1000,6970 SW 40th St,Miami-Dade,FL,33155,25.7421,-80.313298,Owner Occupied,365000,24,24,Tile,Reinforced Concrete,1929
POL00588,CUS00588,2011-07-23,2022-12-13,HO6,Active,7010,2000,10000,22300,1,1116000,1,144000,1,586000,1,329000,1,500000,1,10000,2050 Jake St,Orange,FL,32814,28.560782,-81.32269,Owner Occupied,1328000,58,15,Concrete Tile,Frame,2888
POL00589,CUS00589,2018-05-23,2025-05-19,HO3,Active,8460,5000,2500,55200,1,1104000,1,125000,1,593000,1,259000,1,300000,1,1000,5127 W Tyson Ave,Hillsborough,FL,33611,27.888982,-82.504054,Owner Occupied,1166000,34,10,Tile,Reinforced Concrete,4142
POL00590,CUS00590,2022-10-18,2024-01-08,HO5,Active,9170,5000,10000,11600,1,582000,1,51000,1,383000,1,112000,1,500000,1,10000,1211 E Kennedy Blvd,Hillsborough,FL,33602,27.950366,-82.46105,Tenant Occupied,629000,41,11,Metal,Masonry Veneer,1197
POL00591,CUS00591,2011-01-27,2022-11-15,HO5,Active,3490,1000,2500,36100,1,1204000,1,161000,1,716000,1,223000,1,300000,1,10000,520 E Church St,Orange,FL,32801,28.542388,-81.368972,Secondary Residence,1308000,25,6,Tile,Reinforced Concrete,2811
POL00592,CUS00592,2007-07-02,2022-08-13,HO3,Active,4070,5000,10000,20900,1,1046000,1,123000,1,703000,1,188000,1,100000,1,1000,1011 E Cumberland Ave,Hillsborough,FL,33602,27.948032,-82.463042,Owner Occupied,1400000,63,28,Metal,Masonry Veneer,3203
POL00593,CUS00593,2022-08-05,2026-01-24,HO3,Active,3030,10000,7500,16200,1,540000,0,0,1,352000,1,105000,1,500000,1,10000,733 Main Ln,Orange,FL,32801,28.546738,-81.375962,Owner Occupied,570000,53,5,Metal,Masonry,3991
POL00594,CUS00594,2018-04-02,2026-09-19,HO3,Active,5080,10000,5000,5100,1,169000,1,14000,1,77000,1,41000,1,300000,1,5000,5432 W Tyson Ave,Hillsborough,FL,33611,27.888268,-82.506778,Owner Occupied,223000,7,7,Concrete Tile,Frame,2591
POL00595,CUS00595,2018-08-07,2023-08-12,DP3,Active,6430,7500,5000,8100,1,405000,1,60000,1,211000,1,84000,0,0,0,0,30 SW 1st St,Miami-Dade,FL,33130,25.765842,-80.208492,Secondary Residence,463000,18,18,Metal,Concrete Block,3407
POL00596,CUS00596,2009-05-19,2024-09-16,HO3,Active,2350,1000,2500,14000,1,700000,0,0,1,344000,1,170000,1,500000,1,1000,3015 N Rocky Point Dr E,Hillsborough,FL,33607,27.964764,-82.501766,Owner Occupied,706000,50,8,Asphalt Shingle,Frame,1129
POL00597,CUS00597,2013-12-16,2024-07-04,HO3,Active,5090,1500,10000,18400,1,369000,1,55000,1,203000,1,73000,1,500000,1,1000,5432 W Tyson Ave,Hillsborough,FL,33611,27.888268,-82.506778,Owner Occupied,468000,65,23,Asphalt Shingle,Concrete Block,3549
POL00598,CUS00598,2016-11-17,2024-02-08,HO6,Active,6510,10000,7500,17000,1,849000,0,0,1,525000,1,172000,1,100000,1,10000,9567 Sunbelt St,Hillsborough,FL,33635,28.022792,-82.61563,Secondary Residence,943000,47,32,Asphalt Shingle,Masonry Veneer,1180
POL00599,CUS00599,2016-01-11,2024-03-25,HO3,Active,9310,2000,7500,15100,1,755000,1,82000,1,420000,1,126000,1,500000,1,2500,6970 SW 40th St,Miami-Dade,FL,33155,25.7421,-80.313298,Owner Occupied,879000,66,26,Metal,Reinforced Concrete,1970
POL00600,CUS00600,2007-07-10,2023-07-17,HO6,Active,4680,5000,5000,12900,1,429000,1,44000,1,226000,1,127000,1,100000,1,5000,2900 Biscayne Blvd,Miami-Dade,FL,33137,25.80518,-80.188488,Owner Occupied,422000,35,14,Tile,Masonry Veneer,3915
POL00601,CUS00601,2019-10-21,2025-06-18,HO6,Active,1910,1500,7500,28000,1,932000,1,115000,1,428000,1,148000,1,500000,1,10000,9200 Randal Park Blvd,Orange,FL,32832,28.412212,-81.243592,Owner Occupied,985000,11,11,Asphalt Shingle,Masonry,3976
POL00602,CUS00602,2012-10-03,2023-08-04,HO3,Active,5540,5000,5000,59600,1,1193000,1,146000,1,770000,1,330000,1,300000,1,5000,230 NE 4th St,Miami-Dade,FL,33132,25.781976,-80.192572,Owner Occupied,1316000,68,2,Asphalt Shingle,Masonry,1595
POL00603,CUS00603,2009-12-22,2024-01-16,HO3,Active,3360,5000,5000,32300,1,1077000,1,127000,1,615000,1,182000,1,500000,1,1000,3000 NE 2nd Ave,Miami-Dade,FL,33137,25.808936,-80.195094,Tenant Occupied,1261000,6,6,Flat/TPO,Masonry Veneer,3419
POL00604,CUS00604,2012-07-24,2025-10-30,HO3,Active,7250,2000,10000,34500,1,1149000,1,161000,1,543000,1,275000,1,500000,1,2500,10149 Arise Loop,Orange,FL,32837,28.397256,-81.42077,Owner Occupied,1200000,70,5,Asphalt Shingle,Masonry,3637
POL00605,CUS00605,2019-01-05,2023-09-30,HO6,Active,2570,10000,10000,31600,1,1055000,1,110000,1,654000,1,297000,1,500000,1,10000,710 NE 1st Ave,Miami-Dade,FL,33132,25.783848,-80.189314,Owner Occupied,1085000,70,3,Asphalt Shingle,Concrete Block,1785
POL00606,CUS00606,2019-02-18,2023-11-15,HO3,Active,5000,7500,7500,10700,1,536000,1,58000,1,293000,1,127000,1,500000,1,10000,30 SW 1st St,Miami-Dade,FL,33130,25.765842,-80.208492,Owner Occupied,640000,15,4,Concrete Tile,Frame,2305
POL00607,CUS00607,2007-12-17,2022-11-25,HO6,Active,5380,5000,7500,38800,1,777000,1,96000,1,542000,1,126000,1,500000,1,5000,4000 Headwaters Way,Orange,FL,32837,28.386144,-81.418598,Owner Occupied,976000,62,13,Concrete Tile,Concrete Block,1763
POL00608,CUS00608,2011-06-17,2026-05-16,HO3,Active,6250,2500,2500,5900,1,294000,1,38000,1,135000,1,54000,1,500000,1,1000,180 NE 29th St,Miami-Dade,FL,33137,25.808606,-80.19234,Secondary Residence,341000,11,4,Concrete Tile,Masonry,3850
POL00609,CUS00609,2009-01-29,2025-07-30,HO6,Active,2870,2500,7500,16000,1,319000,1,47000,1,189000,1,79000,1,300000,1,5000,2901 NE 1st Ave,Miami-Dade,FL,33137,25.802168,-80.187402,Owner Occupied,421000,72,6,Tile,Reinforced Concrete,1626
POL00610,CUS00610,2013-02-08,2025-07-14,HO3,Active,2240,2500,5000,28300,1,943000,1,140000,1,608000,1,256000,1,300000,1,10000,6501 S Westshore Blvd,Hillsborough,FL,33616,27.869022,-82.523216,Owner Occupied,1261000,34,14,Metal,Reinforced Concrete,1842
POL00611,CUS00611,2017-08-29,2022-09-03,HO5,Active,4380,2000,7500,39100,1,1302000,0,0,1,689000,1,311000,1,300000,1,5000,218 NW 8th St,Miami-Dade,FL,33136,25.785132,-80.210772,Tenant Occupied,1364000,72,4,Flat/TPO,Reinforced Concrete,1623
POL00612,CUS00612,2015-05-25,2025-02-12,HO3,Active,2460,5000,5000,20100,1,1005000,1,144000,1,608000,1,204000,1,500000,1,5000,1011 E Cumberland Ave,Hillsborough,FL,33602,27.948032,-82.463042,Owner Occupied,1094000,72,25,Tile,Masonry,1973
POL00613,CUS00613,2020-12-30,2026-04-26,HO3,Active,8480,2500,7500,14900,1,497000,1,68000,1,310000,1,95000,1,500000,1,1000,7511 Solstice Cir,Orange,FL,32821,28.411672,-81.46685,Owner Occupied,527000,74,18,Concrete Tile,Masonry,3470
POL00614,CUS00614,2023-12-08,2025-08-06,HO3,Active,6480,10000,2500,8500,1,284000,1,36000,1,165000,1,52000,1,500000,1,5000,901 W Chestnut St,Hillsborough,FL,33607,27.956886,-82.501454,Owner Occupied,352000,75,24,Concrete Tile,Masonry Veneer,2569
POL00615,CUS00615,2018-10-01,2024-01-25,HO6,Active,4480,1000,5000,37500,1,750000,1,109000,1,410000,1,147000,1,100000,1,1000,6301 S Westshore Blvd,Hillsborough,FL,33616,27.867894,-82.52435,Tenant Occupied,1042000,38,5,Concrete Tile,Concrete Block,2795
POL00616,CUS00616,2006-07-27,2023-03-31,HO6,Active,9270,2500,2500,51400,1,1028000,1,121000,1,591000,1,261000,1,100000,1,1000,10149 Arise Loop,Orange,FL,32837,28.397256,-81.42077,Owner Occupied,1195000,48,22,Metal,Reinforced Concrete,2929
POL00617,CUS00617,2015-04-01,2022-09-18,DP3,Active,8880,2000,5000,25800,1,860000,1,83000,1,408000,1,194000,1,300000,0,0,645 NW 1st St,Miami-Dade,FL,33128,25.768528,-80.198928,Tenant Occupied,932000,68,15,Tile,Masonry Veneer,2660
POL00618,CUS00618,2016-06-18,2025-02-25,HO5,Active,9200,5000,5000,41000,1,819000,1,77000,1,535000,1,127000,1,300000,1,1000,218 NW 8th St,Miami-Dade,FL,33136,25.785132,-80.210772,Owner Occupied,1111000,71,19,Tile,Masonry Veneer,2317
POL00619,CUS00619,2009-01-22,2023-01-21,HO6,Active,8690,2500,10000,14600,1,729000,1,84000,1,351000,1,136000,1,100000,1,2500,7575 Universal Blvd,Orange,FL,32819,28.451704,-81.47356,Owner Occupied,1001000,11,11,Flat/TPO,Reinforced Concrete,2419
POL00620,CUS00620,2010-05-08,2026-11-29,HO3,Active,3470,5000,7500,11600,1,579000,1,79000,1,288000,1,143000,1,500000,1,1000,55 NE 2nd St,Miami-Dade,FL,33132,25.784184,-80.187508,Owner Occupied,700000,67,26,Flat/TPO,Concrete Block,1683
POL00621,CUS00621,2019-09-18,2023-01-09,HO3,Active,6660,1000,10000,5200,1,262000,1,34000,1,165000,1,40000,1,100000,1,5000,710 NE 1st Ave,Miami-Dade,FL,33132,25.783848,-80.189314,Owner Occupied,279000,3,3,Flat/TPO,Concrete Block,3259
POL00622,CUS00622,2019-03-15,2026-05-10,HO6,Active,3440,5000,7500,15000,1,750000,1,68000,1,415000,1,125000,1,500000,1,10000,3000 NE 2nd Ave,Miami-Dade,FL,33137,25.808936,-80.195094,Secondary Residence,1001000,75,6,Flat/TPO,Reinforced Concrete,1468
POL00623,CUS00623,2010-07-11,2025-04-17,HO3,Active,8290,2500,10000,37500,1,1249000,1,133000,1,693000,1,356000,1,300000,1,5000,6970 SW 40th St,Miami-Dade,FL,33155,25.7421,-80.313298,Secondary Residence,1405000,14,14,Tile,Frame,2483
POL00624,CUS00624,2011-10-22,2023-03-25,HO5,Active,7720,5000,2500,4900,1,245000,1,32000,1,153000,1,47000,1,100000,1,5000,7511 Solstice Cir,Orange,FL,32821,28.411672,-81.46685,Owner Occupied,273000,64,13,Asphalt Shingle,Masonry,4068
POL00625,CUS00625,2013-10-11,2025-01-08,HO5,Active,5880,10000,7500,17000,1,340000,1,40000,1,174000,1,61000,1,100000,1,1000,4000 Headwaters Way,Orange,FL,32837,28.386144,-81.418598,Owner Occupied,401000,44,18,Metal,Reinforced Concrete,2516
POL00626,CUS00626,2020-07-14,2024-08-08,HO3,Active,8430,2000,2500,4900,1,163000,1,20000,1,82000,1,38000,1,500000,1,2500,4301 Urbana Dr,Orange,FL,32837,28.394856,-81.424922,Owner Occupied,224000,53,13,Asphalt Shingle,Frame,3724
POL00627,CUS00627,2012-05-18,2024-07-15,HO3,Active,8270,1500,5000,6600,1,220000,1,30000,1,121000,1,56000,1,500000,1,5000,6904 Ralston Pl Dr,Hillsborough,FL,33614,28.00581,-82.507956,Owner Occupied,284000,45,25,Flat/TPO,Masonry Veneer,1940
POL00628,CUS00628,2017-01-04,2022-09-29,HO5,Active,7540,10000,7500,9200,1,458000,0,0,1,245000,1,104000,1,500000,1,10000,710 NE 1st Ave,Miami-Dade,FL,33132,25.783848,-80.189314,Owner Occupied,560000,56,22,Metal,Reinforced Concrete,3018
POL00629,CUS00629,2019-06-03,2024-02-23,HO3,Active,4700,10000,10000,18100,1,362000,1,44000,1,183000,1,69000,1,100000,1,10000,645 NW 1st St,Miami-Dade,FL,33128,25.768528,-80.198928,Owner Occupied,371000,10,10,Concrete Tile,Frame,1309
POL00630,CUS00630,2016-02-27,2022-11-10,HO6,Active,3760,10000,10000,5500,1,273000,1,38000,1,152000,1,41000,1,300000,1,1000,510 N Rome Ave,Hillsborough,FL,33606,27.930384,-82.488052,Owner Occupied,366000,9,9,Concrete Tile,Masonry,3000
POL00631,CUS00631,2024-08-21,2025-12-21,HO6,Active,6450,5000,10000,8500,1,423000,1,63000,1,226000,1,99000,1,300000,1,2500,9200 Randal Park Blvd,Orange,FL,32832,28.412212,-81.243592,Owner Occupied,431000,9,9,Concrete Tile,Concrete Block,2861
POL00632,CUS00632,2023-04-04,2025-12-03,HO6,Active,6830,1000,1000,24100,1,482000,1,70000,1,312000,1,96000,1,300000,1,10000,6501 S Westshore Blvd,Hillsborough,FL,33616,27.869022,-82.523216,Owner Occupied,573000,20,3,Metal,Reinforced Concrete,3870
POL00633,CUS00633,2015-08-09,2025-07-18,HO3,Active,7080,2000,10000,13400,1,670000,1,66000,1,302000,1,153000,1,500000,1,10000,452 NE 31st St,Miami-Dade,FL,33137,25.805582,-80.194716,Owner Occupied,809000,70,16,Metal,Frame,3114
POL00634,CUS00634,2007-02-27,2023-07-17,HO6,Active,9350,1500,1500,48600,1,971000,1,78000,1,448000,1,148000,1,300000,1,5000,4301 Urbana Dr,Orange,FL,32837,28.394856,-81.424922,Owner Occupied,1282000,75,2,Tile,Frame,2689
POL00635,CUS00635,2013-01-30,2024-07-31,HO3,Active,7290,2500,5000,33000,1,1099000,1,128000,1,560000,1,225000,1,300000,1,2500,510 N Rome Ave,Hillsborough,FL,33606,27.930384,-82.488052,Owner Occupied,1314000,6,6,Flat/TPO,Concrete Block,1907
POL00636,CUS00636,2010-07-01,2024-09-21,HO5,Active,5390,1500,10000,49600,1,992000,1,86000,1,513000,1,273000,1,300000,1,5000,1115 E Twiggs St,Hillsborough,FL,33602,27.951524,-82.459604,Owner Occupied,1135000,37,25,Asphalt Shingle,Concrete Block,4316
POL00637,CUS00637,2017-11-08,2025-09-20,HO5,Active,2450,1500,1500,20800,1,417000,1,41000,1,219000,1,111000,1,500000,1,2500,109 W Fortune St,Hillsborough,FL,33602,27.947222,-82.458452,Owner Occupied,437000,14,14,Flat/TPO,Reinforced Concrete,4477
POL00638,CUS00638,2021-02-03,2024-11-07,HO5,Active,8520,2000,2000,11800,1,590000,0,0,1,291000,1,161000,1,500000,1,5000,300 W Tyler St,Hillsborough,FL,33602,27.948668,-82.456928,Owner Occupied,740000,64,26,Metal,Concrete Block,1603
POL00639,CUS00639,2009-06-21,2023-11-22,DP3,Active,7990,10000,5000,5900,1,295000,1,39000,1,181000,1,54000,0,0,0,0,6301 S Westshore Blvd,Hillsborough,FL,33616,27.867894,-82.52435,Owner Occupied,392000,49,8,Flat/TPO,Masonry Veneer,2479
POL00640,CUS00640,2013-08-06,2024-02-11,HO5,Active,3260,1500,10000,15200,1,507000,1,60000,1,236000,1,79000,1,100000,1,10000,230 NE 4th St,Miami-Dade,FL,33132,25.781976,-80.192572,Owner Occupied,601000,38,29,Concrete Tile,Masonry Veneer,3301
POL00641,CUS00641,2016-10-01,2025-07-01,HO6,Active,1820,1500,5000,9700,1,322000,1,47000,1,217000,1,77000,1,500000,1,10000,300 W Tyler St,Hillsborough,FL,33602,27.948668,-82.456928,Owner Occupied,328000,70,11,Concrete Tile,Masonry,2312
POL00642,CUS00642,2014-07-06,2024-06-07,HO6,Active,3640,2000,5000,21800,1,726000,1,107000,1,500000,1,209000,1,300000,1,10000,6600 NW 7th St,Miami-Dade,FL,33126,25.778214,-80.295246,Owner Occupied,787000,24,7,Metal,Concrete Block,3024
POL00643,CUS00643,2019-11-23,2025-01-07,DP3,Active,2050,1500,1500,9600,1,193000,1,28000,1,111000,1,53000,0,0,0,0,8733 Rooks Park Cir,Hillsborough,FL,33619,27.936594,-82.36584,Owner Occupied,260000,21,21,Flat/TPO,Frame,3497
POL00644,CUS00644,2019-12-18,2023-01-24,HO6,Active,5950,2000,2000,13600,1,454000,1,63000,1,284000,1,120000,1,100000,1,1000,921 N Central Ave,Hillsborough,FL,33602,27.95189,-82.4639,Owner Occupied,482000,31,22,Concrete Tile,Frame,1359
POL00645,CUS00645,2012-08-25,2024-07-23,HO3,Active,2160,1000,2500,11500,1,577000,0,0,1,378000,1,163000,1,100000,1,1000,12112 Sugarloaf Key St,Hillsborough,FL,33626,28.058486,-82.624672,Owner Occupied,734000,20,20,Asphalt Shingle,Frame,4316
POL00646,CUS00646,2010-08-05,2025-11-05,HO3,Active,6080,1000,2500,13000,1,434000,1,48000,1,252000,1,85000,1,300000,1,10000,700 SW 1st St,Miami-Dade,FL,33130,25.76502,-80.207664,Owner Occupied,430000,57,4,Concrete Tile,Frame,2880
POL00647,CUS00647,2007-12-13,2023-07-04,HO3,Active,9120,5000,10000,21800,1,1089000,1,119000,1,530000,1,167000,1,500000,1,2500,5127 W Tyson Ave,Hillsborough,FL,33611,27.888982,-82.504054,Owner Occupied,1293000,57,22,Metal,Reinforced Concrete,2776
POL00648,CUS00648,2017-01-27,2025-01-14,HO6,Active,9690,2500,2500,56800,1,1137000,1,126000,1,686000,1,313000,1,300000,1,5000,9200 Randal Park Blvd,Orange,FL,32832,28.412212,-81.243592,Secondary Residence,1317000,45,1,Tile,Concrete Block,1448
POL00649,CUS00649,2017-01-29,2025-06-13,HO6,Active,5010,2000,2500,54000,1,1079000,1,121000,1,702000,1,220000,1,300000,1,10000,700 SW 1st St,Miami-Dade,FL,33130,25.76502,-80.207664,Secondary Residence,1374000,34,25,Asphalt Shingle,Frame,1550
POL00650,CUS00650,2020-04-28,2025-11-04,DP3,Active,4170,2000,10000,52500,1,1050000,1,94000,1,635000,1,164000,0,0,1,5000,7511 Solstice Cir,Orange,FL,32821,28.411672,-81.46685,Owner Occupied,1325000,67,3,Flat/TPO,Frame,2077
POL00651,CUS00651,2007-08-25,2022-10-17,HO5,Active,7300,10000,7500,26400,1,1321000,1,154000,1,888000,1,274000,1,500000,1,1000,3015 N Rocky Point Dr E,Hillsborough,FL,33607,27.964764,-82.501766,Owner Occupied,1315000,61,18,Tile,Masonry,2357
POL00652,CUS00652,2022-11-13,2025-07-13,HO3,Active,5180,10000,10000,18500,1,924000,1,118000,1,465000,1,247000,1,300000,1,2500,10149 Arise Loop,Orange,FL,32837,28.397256,-81.42077,Secondary Residence,1175000,61,30,Concrete Tile,Concrete Block,2736
POL00653,CUS00653,2021-03-06,2025-11-20,DP3,Active,8700,2500,10000,17500,1,583000,1,68000,1,267000,1,98000,0,0,0,0,452 NE 31st St,Miami-Dade,FL,33137,25.805582,-80.194716,Owner Occupied,659000,74,12,Asphalt Shingle,Masonry Veneer,3377
POL00654,CUS00654,2020-03-23,2026-07-26,DP3,Active,3810,2500,2500,42400,1,847000,1,83000,1,588000,1,165000,0,0,0,0,6600 NW 7th St,Miami-Dade,FL,33126,25.778214,-80.295246,Secondary Residence,991000,61,6,Asphalt Shingle,Reinforced Concrete,4354
POL00655,CUS00655,2015-02-18,2024-01-26,HO6,Active,7250,1000,1000,41300,1,826000,1,112000,1,563000,1,165000,1,300000,1,2500,2900 Biscayne Blvd,Miami-Dade,FL,33137,25.80518,-80.188488,Owner Occupied,1074000,21,21,Tile,Concrete Block,2991
POL00656,CUS00656,2016-03-08,2022-12-23,HO3,Active,8570,7500,5000,22900,1,763000,1,97000,1,344000,1,226000,1,100000,1,10000,733 Main Ln,Orange,FL,32801,28.546738,-81.375962,Owner Occupied,913000,30,14,Metal,Masonry Veneer,1127
POL00657,CUS00657,2014-06-23,2024-05-08,HO3,Active,7470,2500,2500,18700,1,624000,1,82000,1,423000,1,114000,1,500000,1,10000,700 SW 1st St,Miami-Dade,FL,33130,25.76502,-80.207664,Owner Occupied,648000,42,4,Tile,Concrete Block,2254
POL00658,CUS00658,2011-09-08,2024-11-28,HO3,Active,2680,1500,10000,15200,1,761000,1,104000,1,435000,1,163000,1,100000,1,2500,2900 Biscayne Blvd,Miami-Dade,FL,33137,25.80518,-80.188488,Owner Occupied,966000,61,2,Metal,Masonry,1918
POL00659,CUS00659,2023-04-02,2025-01-16,HO6,Active,2280,5000,7500,17400,1,347000,1,40000,1,201000,1,63000,1,500000,1,5000,2828 NW 1st Ave,Miami-Dade,FL,33127,25.79715,-80.197564,Owner Occupied,352000,20,15,Concrete Tile,Masonry Veneer,2219
POL00660,CUS00660,2011-10-11,2025-09-28,DP3,Active,6050,7500,10000,31300,1,1042000,1,101000,1,652000,1,180000,0,0,0,0,2650 Dade Ave,Orange,FL,32804,28.583628,-81.389606,Tenant Occupied,1138000,39,1,Concrete Tile,Masonry,1489
POL00661,CUS00661,2012-06-13,2026-01-12,HO6,Active,5820,7500,7500,43100,1,862000,1,70000,1,595000,1,160000,1,100000,1,2500,3131 NE 1st Ave,Miami-Dade,FL,33137,25.807112,-80.193906,Owner Occupied,859000,34,32,Asphalt Shingle,Masonry Veneer,1439
POL00662,CUS00662,2010-10-03,2023-05-14,HO3,Active,6780,2500,5000,54200,1,1084000,1,135000,1,579000,1,271000,1,100000,1,10000,230 NE 4th St,Miami-Dade,FL,33132,25.781976,-80.192572,Owner Occupied,1105000,50,5,Concrete Tile,Masonry,4030
POL00663,CUS00663,2020-11-22,2025-09-13,DP3,Active,3770,2000,5000,22000,1,735000,1,60000,1,446000,1,208000,1,500000,1,2500,510 N Rome Ave,Hillsborough,FL,33606,27.930384,-82.488052,Owner Occupied,1014000,56,23,Tile,Masonry,4493
POL00664,CUS00664,2022-06-09,2024-12-09,DP3,Active,3760,5000,10000,8100,1,405000,1,52000,1,203000,1,95000,0,0,0,0,10149 Arise Loop,Orange,FL,32837,28.397256,-81.42077,Owner Occupied,554000,14,14,Concrete Tile,Reinforced Concrete,2246
POL00665,CUS00665,2015-09-16,2025-11-13,HO3,Active,9760,7500,7500,16600,1,552000,1,75000,1,306000,1,135000,1,500000,1,1000,180 NE 29th St,Miami-Dade,FL,33137,25.808606,-80.19234,Secondary Residence,632000,8,8,Metal,Frame,3200
POL00666,CUS00666,2021-01-25,2024-12-11,HO3,Active,6060,2500,2500,33900,1,1131000,1,107000,1,677000,1,249000,1,300000,1,2500,510 N Rome Ave,Hillsborough,FL,33606,27.930384,-82.488052,Owner Occupied,1225000,28,28,Tile,Reinforced Concrete,4047
POL00667,CUS00667,2017-06-10,2024-09-29,DP3,Active,2520,10000,2500,10100,1,336000,1,42000,1,170000,1,100000,0,0,1,1000,10149 Arise Loop,Orange,FL,32837,28.397256,-81.42077,Owner Occupied,348000,52,18,Asphalt Shingle,Concrete Block,3246
POL00668,CUS00668,2009-04-18,2025-10-10,HO3,Active,9430,10000,10000,25700,1,857000,1,89000,1,551000,1,196000,1,500000,1,10000,3219 S Orange Ave,Orange,FL,32806,28.517866,-81.366976,Owner Occupied,944000,9,8,Concrete Tile,Masonry Veneer,858
POL00669,CUS00669,2022-10-19,2025-10-19,HO3,Active,3300,10000,5000,30600,1,1021000,1,124000,1,497000,1,233000,1,300000,1,10000,300 W Tyler St,Hillsborough,FL,33602,27.948668,-82.456928,Owner Occupied,1087000,12,12,Flat/TPO,Masonry Veneer,2892
POL00670,CUS00670,2018-09-23,2025-12-19,HO3,Active,6930,10000,2500,19000,1,379000,1,42000,1,249000,1,62000,1,500000,1,10000,5127 W Tyson Ave,Hillsborough,FL,33611,27.888982,-82.504054,Tenant Occupied,459000,37,4,Tile,Masonry,3088
POL00671,CUS00671,2019-07-27,2023-09-12,HO3,Active,9310,5000,5000,3900,1,195000,1,20000,1,130000,1,36000,1,100000,1,1000,645 NW 1st St,Miami-Dade,FL,33128,25.768528,-80.198928,Secondary Residence,263000,14,14,Asphalt Shingle,Reinforced Concrete,2081
POL00672,CUS00672,2013-01-08,2025-01-22,HO3,Active,9720,1000,1000,23200,1,775000,1,102000,1,387000,1,184000,1,100000,1,10000,180 NE 29th St,Miami-Dade,FL,33137,25.808606,-80.19234,Owner Occupied,876000,12,12,Metal,Masonry Veneer,3519
POL00673,CUS00673,2017-11-10,2025-08-16,HO3,Active,8880,5000,2500,53200,1,1065000,1,159000,1,729000,1,217000,1,100000,1,2500,921 N Central Ave,Hillsborough,FL,33602,27.95189,-82.4639,Owner Occupied,1237000,24,23,Flat/TPO,Frame,3253
POL00674,CUS00674,2020-04-22,2022-05-04,HO6,Active,2370,7500,10000,5000,1,251000,1,31000,1,172000,1,50000,1,500000,1,5000,9505 Axis Way,Orange,FL,32837,28.396944,-81.417614,Secondary Residence,304000,48,8,Flat/TPO,Reinforced Concrete,3813
POL00675,CUS00675,2018-08-15,2023-02-19,HO6,Active,8350,2000,10000,33000,1,1099000,1,148000,1,650000,1,253000,1,500000,1,10000,30 SW 1st St,Miami-Dade,FL,33130,25.765842,-80.208492,Owner Occupied,1418000,39,29,Tile,Frame,2271
POL00676,CUS00676,2008-11-09,2023-03-22,HO6,Active,5510,2000,7500,40400,1,807000,1,86000,1,490000,1,168000,1,500000,1,5000,901 W Chestnut St,Hillsborough,FL,33607,27.956886,-82.501454,Secondary Residence,787000,37,23,Asphalt Shingle,Masonry,4309
POL00677,CUS00677,2015-02-16,2025-09-05,HO3,Active,4750,2000,2500,13000,1,261000,1,22000,1,148000,1,46000,1,100000,1,2500,355 N Rosalind Ave,Orange,FL,32801,28.545514,-81.378134,Owner Occupied,266000,19,4,Metal,Frame,2068
POL00678,CUS00678,2017-12-22,2024-11-24,HO6,Active,9180,1500,5000,31600,1,632000,1,73000,1,384000,1,183000,1,300000,1,2500,510 N Rome Ave,Hillsborough,FL,33606,27.930384,-82.488052,Owner Occupied,818000,44,8,Concrete Tile,Reinforced Concrete,844
POL00679,CUS00679,2014-08-31,2023-11-27,HO3,Active,4310,7500,7500,15400,1,513000,1,43000,1,341000,1,97000,1,100000,1,2500,6600 NW 7th St,Miami-Dade,FL,33126,25.778214,-80.295246,Owner Occupied,584000,30,30,Flat/TPO,Masonry Veneer,1973
POL00680,CUS00680,2015-06-27,2024-01-04,HO3,Active,5970,1000,10000,11800,1,591000,0,0,1,324000,1,115000,1,100000,1,1000,12112 Sugarloaf Key St,Hillsborough,FL,33626,28.058486,-82.624672,Secondary Residence,738000,51,27,Metal,Masonry Veneer,4166
POL00681,CUS00681,2011-05-08,2024-08-16,HO3,Active,6300,2500,10000,12400,1,621000,0,0,1,346000,1,178000,1,500000,1,10000,2633 Azalea Garden Pl,Hillsborough,FL,33619,27.938868,-82.369974,Secondary Residence,823000,26,2,Asphalt Shingle,Masonry,1836
POL00682,CUS00682,2011-10-21,2023-06-20,HO3,Active,4430,1500,1500,7700,1,383000,0,0,1,218000,1,59000,1,100000,1,2500,4301 Urbana Dr,Orange,FL,32837,28.394856,-81.424922,Owner Occupied,521000,48,29,Concrete Tile,Frame,2086
POL00683,CUS00683,2020-07-02,2025-04-27,HO3,Active,9050,1500,10000,51600,1,1033000,1,85000,1,553000,1,304000,1,300000,1,10000,30 SW 1st St,Miami-Dade,FL,33130,25.765842,-80.208492,Tenant Occupied,1423000,55,13,Tile,Masonry Veneer,2252
POL00684,CUS00684,2022-06-18,2024-01-15,HO3,Active,5200,2000,2000,16400,1,548000,1,64000,1,253000,1,157000,1,300000,1,10000,30 SW 1st St,Miami-Dade,FL,33130,25.765842,-80.208492,Secondary Residence,684000,50,2,Concrete Tile,Reinforced Concrete,2739
POL00685,CUS00685,2016-08-25,2022-10-18,HO6,Active,4060,1000,1000,11400,1,571000,1,50000,1,273000,1,158000,1,300000,1,10000,452 NE 31st St,Miami-Dade,FL,33137,25.805582,-80.194716,Owner Occupied,586000,41,14,Tile,Concrete Block,3776
POL00686,CUS00686,2012-08-23,2026-01-01,HO3,Active,3480,5000,7500,22600,1,452000,1,52000,1,281000,1,98000,1,100000,1,2500,9200 Randal Park Blvd,Orange,FL,32832,28.412212,-81.243592,Owner Occupied,540000,47,19,Asphalt Shingle,Masonry Veneer,3952
POL00687,CUS00687,2012-01-17,2022-09-29,HO6,Active,9580,1500,10000,30500,1,1017000,0,0,1,525000,1,273000,1,100000,1,5000,2900 Biscayne Blvd,Miami-Dade,FL,33137,25.80518,-80.188488,Owner Occupied,1395000,58,12,Flat/TPO,Masonry Veneer,1441
POL00688,CUS00688,2012-10-02,2022-11-02,HO3,Active,4480,7500,10000,34300,1,686000,1,98000,1,386000,1,185000,1,300000,1,10000,700 SW 1st St,Miami-Dade,FL,33130,25.76502,-80.207664,Owner Occupied,751000,37,3,Concrete Tile,Reinforced Concrete,3861
POL00689,CUS00689,2017-08-31,2023-10-09,HO6,Active,7510,1000,1000,7500,1,250000,1,36000,1,174000,1,50000,1,500000,1,1000,921 N Central Ave,Hillsborough,FL,33602,27.95189,-82.4639,Owner Occupied,253000,33,31,Metal,Frame,2257
POL00690,CUS00690,2009-06-28,2023-03-26,HO6,Active,2330,1000,2500,14000,1,279000,1,28000,1,135000,1,53000,1,300000,1,2500,5009 Park Central Dr,Orange,FL,32839,28.48606,-81.403886,Tenant Occupied,352000,29,29,Metal,Masonry,4200
POL00691,CUS00691,2017-01-02,2023-06-03,HO3,Active,4510,2500,10000,68800,1,1377000,1,186000,1,634000,1,305000,1,300000,1,1000,2828 NW 1st Ave,Miami-Dade,FL,33127,25.79715,-80.197564,Owner Occupied,1411000,16,16,Metal,Frame,2275
POL00692,CUS00692,2010-08-17,2024-01-29,HO3,Active,2300,1500,10000,22400,1,447000,1,48000,1,310000,1,87000,1,300000,1,2500,10149 Arise Loop,Orange,FL,32837,28.397256,-81.42077,Owner Occupied,495000,9,9,Asphalt Shingle,Frame,1190
POL00693,CUS00693,2009-10-09,2025-06-16,HO5,Active,7460,2500,10000,16500,1,551000,1,66000,1,280000,1,92000,1,100000,1,2500,520 E Church St,Orange,FL,32801,28.542388,-81.368972,Secondary Residence,762000,18,3,Metal,Concrete Block,3237
POL00694,CUS00694,2021-07-30,2025-11-30,HO6,Active,7680,1000,7500,9100,1,457000,1,66000,1,291000,1,74000,1,500000,1,2500,109 W Fortune St,Hillsborough,FL,33602,27.947222,-82.458452,Owner Occupied,554000,70,18,Concrete Tile,Frame,2078
POL00695,CUS00695,2007-07-09,2024-01-27,HO3,Active,5510,10000,7500,7500,1,250000,0,0,1,171000,1,38000,1,500000,1,2500,180 NE 29th St,Miami-Dade,FL,33137,25.808606,-80.19234,Tenant Occupied,330000,27,12,Metal,Reinforced Concrete,4081
POL00696,CUS00696,2018-08-26,2026-03-13,HO3,Active,3120,10000,2500,9800,1,326000,1,28000,1,224000,1,60000,1,300000,1,1000,452 NE 31st St,Miami-Dade,FL,33137,25.805582,-80.194716,Owner Occupied,439000,24,21,Tile,Masonry Veneer,4209
POL00697,CUS00697,2015-03-12,2024-06-27,HO3,Active,2630,7500,7500,7700,1,385000,1,41000,1,188000,1,97000,1,500000,1,5000,733 Main Ln,Orange,FL,32801,28.546738,-81.375962,Tenant Occupied,413000,55,10,Concrete Tile,Concrete Block,4190
POL00698,CUS00698,2013-02-12,2025-10-14,HO3,Active,8150,2500,2500,14400,1,718000,1,105000,1,362000,1,196000,1,300000,1,10000,520 E Church St,Orange,FL,32801,28.542388,-81.368972,Owner Occupied,835000,26,10,Concrete Tile,Concrete Block,2134
POL00699,CUS00699,2018-09-14,2026-08-23,HO3,Active,7760,1000,2500,60600,1,1213000,1,176000,1,756000,1,254000,1,300000,1,10000,1115 E Twiggs St,Hillsborough,FL,33602,27.951524,-82.459604,Owner Occupied,1438000,73,30,Tile,Concrete Block,1932
POL00700,CUS00700,2012-09-08,2025-01-21,HO5,Active,3560,5000,5000,35200,1,703000,1,99000,1,360000,1,142000,1,500000,1,2500,6970 SW 40th St,Miami-Dade,FL,33155,25.7421,-80.313298,Owner Occupied,735000,43,25,Metal,Masonry,2610
POL00701,CUS00701,2014-10-10,2025-10-25,DP3,Active,3440,5000,10000,10600,1,355000,1,40000,1,211000,1,96000,1,300000,0,0,520 E Church St,Orange,FL,32801,28.542388,-81.368972,Owner Occupied,428000,30,23,Tile,Concrete Block,843
POL00702,CUS00702,2011-10-26,2024-02-21,HO6,Active,7630,1500,2500,17300,1,578000,0,0,1,384000,1,153000,1,500000,1,1000,101 W Beach Pl,Hillsborough,FL,33606,27.939852,-82.48549,Owner Occupied,595000,42,18,Concrete Tile,Reinforced Concrete,1102
POL00703,CUS00703,2023-04-06,2025-08-14,HO6,Active,3690,7500,7500,33400,1,669000,1,87000,1,468000,1,112000,1,300000,1,1000,452 NE 31st St,Miami-Dade,FL,33137,25.805582,-80.194716,Owner Occupied,913000,62,2,Flat/TPO,Masonry,3799
POL00704,CUS00704,2020-03-01,2023-07-05,HO6,Active,8450,5000,2500,19700,1,657000,1,91000,1,452000,1,196000,1,500000,1,1000,30 SW 1st St,Miami-Dade,FL,33130,25.765842,-80.208492,Owner Occupied,665000,40,6,Tile,Concrete Block,4025
POL00705,CUS00705,2009-12-17,2025-07-23,HO3,Active,4970,7500,10000,44800,1,896000,1,126000,1,468000,1,144000,1,500000,1,1000,1011 E Cumberland Ave,Hillsborough,FL,33602,27.948032,-82.463042,Owner Occupied,937000,9,9,Tile,Reinforced Concrete,3092
POL00706,CUS00706,2018-01-25,2022-07-21,HO3,Active,4240,2500,5000,19600,1,655000,1,79000,1,321000,1,152000,1,100000,1,10000,4301 Urbana Dr,Orange,FL,32837,28.394856,-81.424922,Owner Occupied,723000,48,23,Tile,Masonry,3220
POL00707,CUS00707,2019-08-07,2023-05-27,HO3,Active,8570,1000,1000,36100,1,722000,1,91000,1,331000,1,208000,1,300000,1,10000,30 SW 1st St,Miami-Dade,FL,33130,25.765842,-80.208492,Owner Occupied,769000,67,13,Metal,Frame,2200
POL00708,CUS00708,2017-02-23,2025-10-08,HO3,Active,7890,2500,2500,46600,1,932000,1,111000,1,620000,1,150000,1,500000,1,1000,1211 E Kennedy Blvd,Hillsborough,FL,33602,27.950366,-82.46105,Tenant Occupied,1254000,5,4,Metal,Masonry Veneer,3573
POL00709,CUS00709,2012-01-29,2022-05-08,HO5,Active,4790,7500,7500,18400,1,919000,1,80000,1,432000,1,145000,1,100000,1,10000,5009 Park Central Dr,Orange,FL,32839,28.48606,-81.403886,Owner Occupied,1018000,33,8,Tile,Concrete Block,4311
POL00710,CUS00710,2011-06-11,2022-11-22,DP3,Active,8140,1000,7500,50400,1,1009000,1,114000,1,507000,1,174000,0,0,0,0,355 N Rosalind Ave,Orange,FL,32801,28.545514,-81.378134,Tenant Occupied,1053000,33,7,Concrete Tile,Concrete Block,1701
POL00711,CUS00711,2018-07-27,2022-08-06,HO3,Active,4010,5000,5000,34900,1,1162000,1,165000,1,763000,1,222000,1,100000,1,2500,9931 W Flagler St,Miami-Dade,FL,33174,25.75642,-80.352414,Owner Occupied,1212000,24,18,Metal,Concrete Block,3231
POL00712,CUS00712,2011-01-27,2023-08-18,HO3,Active,7800,10000,10000,29400,1,980000,1,85000,1,480000,1,229000,1,500000,1,5000,520 E Church St,Orange,FL,32801,28.542388,-81.368972,Owner Occupied,1184000,28,23,Flat/TPO,Reinforced Concrete,2109
POL00713,CUS00713,2022-01-26,2025-08-31,HO3,Active,8680,2000,10000,18300,1,917000,1,126000,1,605000,1,250000,1,300000,1,10000,1211 E Kennedy Blvd,Hillsborough,FL,33602,27.950366,-82.46105,Owner Occupied,1026000,38,28,Concrete Tile,Concrete Block,1753
POL00714,CUS00714,2016-07-29,2026-08-04,HO3,Active,8790,10000,7500,23800,1,476000,1,49000,1,227000,1,106000,1,300000,1,5000,9931 W Flagler St,Miami-Dade,FL,33174,25.75642,-80.352414,Owner Occupied,479000,38,12,Tile,Frame,2702
POL00715,CUS00715,2014-06-19,2025-12-18,HO6,Active,3870,2500,7500,11700,1,234000,1,31000,1,119000,1,46000,1,100000,1,1000,2633 Azalea Garden Pl,Hillsborough,FL,33619,27.938868,-82.369974,Tenant Occupied,242000,31,28,Concrete Tile,Reinforced Concrete,4487
POL00716,CUS00716,2017-08-15,2022-09-18,HO3,Active,7500,5000,5000,35100,1,702000,1,67000,1,345000,1,134000,1,500000,1,5000,101 Lake Ave,Orange,FL,32801,28.539466,-81.369524,Owner Occupied,899000,37,25,Asphalt Shingle,Masonry,4359
POL00717,CUS00717,2014-11-06,2025-02-18,HO3,Active,5870,5000,7500,30700,1,1024000,1,144000,1,522000,1,243000,1,500000,1,2500,6904 Ralston Pl Dr,Hillsborough,FL,33614,28.00581,-82.507956,Secondary Residence,1095000,36,31,Metal,Reinforced Concrete,1775
POL00718,CUS00718,2017-10-16,2023-10-10,HO5,Active,3390,2500,7500,21600,1,719000,1,103000,1,432000,1,190000,1,500000,1,2500,5127 W Tyson Ave,Hillsborough,FL,33611,27.888982,-82.504054,Owner Occupied,843000,66,28,Concrete Tile,Masonry,1750
POL00719,CUS00719,2023-08-23,2026-08-26,HO5,Active,9760,2000,7500,28700,1,957000,1,126000,1,454000,1,229000,1,300000,1,5000,109 W Fortune St,Hillsborough,FL,33602,27.947222,-82.458452,Owner Occupied,1055000,71,3,Metal,Masonry Veneer,3133
POL00720,CUS00720,2011-11-12,2025-12-03,HO3,Active,2340,7500,7500,19100,1,953000,1,88000,1,611000,1,240000,1,300000,1,2500,180 NE 29th St,Miami-Dade,FL,33137,25.808606,-80.19234,Owner Occupied,1045000,14,14,Flat/TPO,Concrete Block,1466
POL00721,CUS00721,2009-02-28,2025-04-01,HO5,Active,2380,5000,2500,12700,1,634000,1,55000,1,401000,1,150000,1,300000,1,10000,230 NE 4th St,Miami-Dade,FL,33132,25.781976,-80.192572,Owner Occupied,697000,67,26,Asphalt Shingle,Masonry,1155
POL00722,CUS00722,2022-10-31,2024-03-10,HO3,Active,4940,1000,5000,24300,1,486000,0,0,1,323000,1,139000,1,100000,1,10000,8733 Rooks Park Cir,Hillsborough,FL,33619,27.936594,-82.36584,Owner Occupied,620000,34,16,Asphalt Shingle,Masonry Veneer,2385
POL00723,CUS00723,2018-08-10,2025-02-07,HO5,Active,5290,5000,2500,23700,1,1186000,1,132000,1,602000,1,337000,1,100000,1,2500,30 SW 1st St,Miami-Dade,FL,33130,25.765842,-80.208492,Secondary Residence,1355000,42,1,Flat/TPO,Masonry,1047
POL00724,CUS00724,2022-03-17,2025-12-02,HO3,Active,6060,1000,2500,59100,1,1182000,1,147000,1,682000,1,309000,1,300000,1,1000,733 Main Ln,Orange,FL,32801,28.546738,-81.375962,Owner Occupied,1443000,68,22,Flat/TPO,Masonry,1852
POL00725,CUS00725,2007-04-08,2023-04-12,HO3,Active,6480,5000,10000,10000,1,499000,1,42000,1,280000,1,139000,1,100000,1,1000,510 N Rome Ave,Hillsborough,FL,33606,27.930384,-82.488052,Owner Occupied,539000,21,11,Tile,Masonry Veneer,3187
POL00726,CUS00726,2014-10-04,2024-01-10,HO3,Active,7920,2500,2500,29000,1,581000,1,71000,1,303000,1,169000,1,100000,1,10000,1115 E Twiggs St,Hillsborough,FL,33602,27.951524,-82.459604,Owner Occupied,653000,29,29,Concrete Tile,Masonry Veneer,3089
POL00727,CUS00727,2008-05-30,2024-05-28,HO3,Active,6500,1000,1000,24000,1,480000,1,67000,1,330000,1,128000,1,300000,1,1000,1115 E Twiggs St,Hillsborough,FL,33602,27.951524,-82.459604,Owner Occupied,522000,39,2,Asphalt Shingle,Masonry,2412
POL00728,CUS00728,2007-06-30,2023-11-25,HO5,Active,5830,5000,10000,25500,1,850000,1,103000,1,488000,1,229000,1,100000,1,1000,645 NW 1st St,Miami-Dade,FL,33128,25.768528,-80.198928,Owner Occupied,1166000,73,30,Tile,Reinforced Concrete,2411
POL00729,CUS00729,2019-05-10,2023-09-19,HO3,Active,2050,2000,2000,8500,1,424000,1,42000,1,230000,1,114000,1,300000,1,1000,5127 W Tyson Ave,Hillsborough,FL,33611,27.888982,-82.504054,Owner Occupied,418000,31,11,Flat/TPO,Masonry,3414
POL00730,CUS00730,2009-06-26,2023-06-10,HO3,Active,2340,10000,10000,21200,1,707000,1,72000,1,468000,1,193000,1,100000,1,2500,5009 Park Central Dr,Orange,FL,32839,28.48606,-81.403886,Secondary Residence,923000,49,6,Metal,Masonry Veneer,2380
POL00731,CUS00731,2012-04-24,2024-10-06,HO3,Active,2430,1500,1500,33800,1,1126000,1,122000,1,709000,1,248000,1,500000,1,10000,3000 NE 2nd Ave,Miami-Dade,FL,33137,25.808936,-80.195094,Owner Occupied,1445000,40,14,Asphalt Shingle,Masonry Veneer,2199
POL00732,CUS00732,2012-02-29,2023-08-27,DP3,Active,4280,1000,2500,31600,1,633000,1,86000,1,296000,1,135000,0,0,1,2500,355 N Rosalind Ave,Orange,FL,32801,28.545514,-81.378134,Owner Occupied,720000,23,6,Metal,Masonry,2340
POL00733,CUS00733,2012-02-21,2025-08-13,HO3,Active,2330,1500,10000,18200,1,910000,1,101000,1,555000,1,220000,1,500000,1,1000,700 SW 1st St,Miami-Dade,FL,33130,25.76502,-80.207664,Owner Occupied,1116000,70,7,Flat/TPO,Reinforced Concrete,2064
POL00734,CUS00734,2006-06-15,2022-05-15,HO6,Active,7770,2000,5000,9900,1,330000,1,47000,1,196000,1,66000,1,500000,1,10000,2050 Jake St,Orange,FL,32814,28.560782,-81.32269,Owner Occupied,366000,70,30,Concrete Tile,Masonry,1390
POL00735,CUS00735,2023-02-23,2024-10-15,HO3,Active,8160,2000,2000,34000,1,1133000,1,128000,1,783000,1,248000,1,300000,1,1000,2050 Jake St,Orange,FL,32814,28.560782,-81.32269,Tenant Occupied,1364000,61,5,Tile,Masonry,2846
POL00736,CUS00736,2020-06-07,2023-11-12,HO3,Active,2900,5000,5000,29200,1,974000,1,115000,1,618000,1,181000,1,100000,1,10000,8733 Rooks Park Cir,Hillsborough,FL,33619,27.936594,-82.36584,Owner Occupied,969000,5,5,Metal,Frame,2503
POL00737,CUS00737,2015-05-01,2024-10-05,HO5,Active,7410,2000,2000,50400,1,1008000,1,115000,1,529000,1,238000,1,500000,1,2500,9567 Sunbelt St,Hillsborough,FL,33635,28.022792,-82.61563,Secondary Residence,1105000,13,13,Concrete Tile,Frame,2109
POL00738,CUS00738,2009-11-09,2025-11-29,HO6,Active,8700,10000,10000,20200,1,675000,1,77000,1,346000,1,113000,1,100000,1,5000,2900 Biscayne Blvd,Miami-Dade,FL,33137,25.80518,-80.188488,Tenant Occupied,881000,30,17,Metal,Reinforced Concrete,2528
POL00739,CUS00739,2020-09-13,2022-11-18,HO5,Active,8390,2500,2500,69300,1,1386000,1,124000,1,649000,1,393000,1,500000,1,1000,101 Lake Ave,Orange,FL,32801,28.539466,-81.369524,Owner Occupied,1417000,52,22,Metal,Masonry Veneer,3513
POL00740,CUS00740,2010-02-23,2022-10-05,HO3,Active,5470,1000,1000,32800,1,1092000,1,115000,1,686000,1,196000,1,100000,1,10000,700 SW 1st St,Miami-Dade,FL,33130,25.76502,-80.207664,Owner Occupied,1420000,49,6,Asphalt Shingle,Concrete Block,2242
POL00741,CUS00741,2024-12-29,2025-11-01,HO5,Active,5900,2000,2500,33100,1,1103000,1,121000,1,746000,1,168000,1,500000,1,10000,355 N Rosalind Ave,Orange,FL,32801,28.545514,-81.378134,Owner Occupied,1261000,72,3,Flat/TPO,Masonry,4362
POL00742,CUS00742,2019-01-18,2026-09-29,HO3,Active,1990,2000,10000,23300,1,777000,1,115000,1,490000,1,134000,1,100000,1,1000,8733 Rooks Park Cir,Hillsborough,FL,33619,27.936594,-82.36584,Owner Occupied,849000,10,10,Asphalt Shingle,Masonry Veneer,2329
POL00743,CUS00743,2012-09-06,2022-11-27,HO6,Active,4430,1000,1000,54000,1,1079000,1,159000,1,689000,1,269000,1,100000,1,2500,109 W Fortune St,Hillsborough,FL,33602,27.947222,-82.458452,Secondary Residence,1328000,68,6,Tile,Masonry,3457
POL00744,CUS00744,2015-10-25,2022-10-26,HO3,Active,8670,2000,10000,23600,1,473000,1,68000,1,276000,1,75000,1,100000,1,2500,9931 W Flagler St,Miami-Dade,FL,33174,25.75642,-80.352414,Tenant Occupied,514000,66,23,Flat/TPO,Concrete Block,2975
POL00745,CUS00745,2022-07-28,2025-03-09,HO3,Active,2360,7500,7500,17500,1,875000,1,118000,1,511000,1,199000,1,100000,1,2500,9567 Sunbelt St,Hillsborough,FL,33635,28.022792,-82.61563,Owner Occupied,892000,57,30,Asphalt Shingle,Frame,1140
POL00746,CUS00746,2023-01-02,2025-10-15,HO3,Active,3770,7500,5000,7400,1,245000,1,29000,1,121000,1,40000,1,500000,1,10000,9200 Randal Park Blvd,Orange,FL,32832,28.412212,-81.243592,Owner Occupied,261000,74,9,Concrete Tile,Masonry,1636
POL00747,CUS00747,2013-10-28,2023-08-28,HO3,Active,9620,2500,7500,32800,1,655000,1,83000,1,420000,1,114000,1,500000,1,5000,101 Lake Ave,Orange,FL,32801,28.539466,-81.369524,Tenant Occupied,897000,10,10,Concrete Tile,Frame,2794
POL00748,CUS00748,2009-05-30,2025-05-15,HO3,Active,5010,7500,5000,20200,1,675000,1,100000,1,420000,1,104000,1,300000,1,1000,520 E Church St,Orange,FL,32801,28.542388,-81.368972,Owner Occupied,788000,67,15,Metal,Reinforced Concrete,1369
POL00749,CUS00749,2020-01-15,2025-10-31,HO6,Active,2540,7500,2500,19300,1,963000,1,117000,1,449000,1,227000,1,300000,1,2500,9505 Axis Way,Orange,FL,32837,28.396944,-81.417614,Owner Occupied,1294000,15,15,Flat/TPO,Masonry,1790
POL00750,CUS00750,2019-08-31,2024-06-06,HO5,Active,1930,5000,2500,13300,1,266000,1,32000,1,182000,1,62000,1,100000,1,2500,2650 Dade Ave,Orange,FL,32804,28.583628,-81.389606,Owner Occupied,274000,10,10,Metal,Frame,1130
POL00751,CUS00751,2006-12-09,2022-10-08,DP3,Active,8510,1000,1000,15100,1,502000,1,70000,1,347000,1,145000,0,0,0,0,7575 Universal Blvd,Orange,FL,32819,28.451704,-81.47356,Owner Occupied,604000,3,3,Tile,Concrete Block,3461
POL00752,CUS00752,2015-08-07,2023-08-14,HO3,Active,2680,2500,2500,15000,1,300000,1,37000,1,167000,1,53000,1,300000,1,1000,9505 Axis Way,Orange,FL,32837,28.396944,-81.417614,Owner Occupied,310000,73,2,Concrete Tile,Reinforced Concrete,1799
POL00753,CUS00753,2011-04-08,2024-07-27,HO6,Active,5560,1000,7500,7500,1,374000,1,43000,1,257000,1,102000,1,100000,1,10000,5127 W Tyson Ave,Hillsborough,FL,33611,27.888982,-82.504054,Owner Occupied,372000,61,2,Asphalt Shingle,Concrete Block,3834
POL00754,CUS00754,2011-11-11,2023-02-05,HO3,Active,4300,10000,7500,41400,1,829000,1,115000,1,463000,1,234000,1,300000,1,10000,3219 S Orange Ave,Orange,FL,32806,28.517866,-81.366976,Owner Occupied,912000,6,5,Flat/TPO,Masonry Veneer,3670
POL00755,CUS00755,2013-06-13,2026-06-24,HO3,Active,5790,1500,7500,30300,1,1011000,0,0,1,549000,1,172000,1,100000,1,10000,7511 Solstice Cir,Orange,FL,32821,28.411672,-81.46685,Owner Occupied,1068000,61,25,Tile,Concrete Block,2839
POL00756,CUS00756,2014-11-14,2026-05-09,HO5,Active,4960,5000,10000,12900,1,645000,1,94000,1,404000,1,105000,1,300000,1,1000,452 NE 31st St,Miami-Dade,FL,33137,25.805582,-80.194716,Owner Occupied,711000,54,10,Tile,Frame,1530
POL00757,CUS00757,2014-02-22,2026-02-06,HO3,Active,8080,7500,2500,57600,1,1151000,1,139000,1,764000,1,251000,1,100000,1,10000,2050 Jake St,Orange,FL,32814,28.560782,-81.32269,Owner Occupied,1147000,45,16,Asphalt Shingle,Concrete Block,3921
POL00758,CUS00758,2015-04-17,2024-04-03,HO3,Active,9440,1500,1500,6400,1,320000,1,34000,1,161000,1,64000,1,500000,1,1000,2900 Biscayne Blvd,Miami-Dade,FL,33137,25.80518,-80.188488,Owner Occupied,411000,36,17,Flat/TPO,Masonry Veneer,4324
POL00759,CUS00759,2013-11-03,2023-02-08,HO5,Active,2290,10000,2500,9800,1,489000,1,62000,1,282000,1,125000,1,100000,1,1000,295 NE Ivanhoe Blvd,Orange,FL,32804,28.579332,-81.39362,Owner Occupied,489000,12,2,Flat/TPO,Concrete Block,1299
POL00760,CUS00760,2014-08-13,2026-01-21,HO3,Active,5960,10000,7500,9200,1,461000,1,61000,1,282000,1,109000,1,100000,1,1000,310 N Orange Ave,Orange,FL,32801,28.543216,-81.372806,Owner Occupied,491000,60,17,Metal,Masonry Veneer,2554
POL00761,CUS00761,2018-01-30,2025-04-14,HO3,Active,9370,2500,10000,23800,1,1191000,1,117000,1,697000,1,326000,1,500000,1,1000,3131 NE 1st Ave,Miami-Dade,FL,33137,25.807112,-80.193906,Owner Occupied,1164000,51,23,Asphalt Shingle,Frame,4306
POL00762,CUS00762,2020-01-02,2024-04-29,HO3,Active,3000,2500,10000,23000,1,1151000,1,148000,1,736000,1,301000,1,100000,1,2500,218 NW 8th St,Miami-Dade,FL,33136,25.785132,-80.210772,Owner Occupied,1422000,52,2,Flat/TPO,Masonry,4219
POL00763,CUS00763,2007-12-15,2023-02-03,HO3,Active,5240,1500,5000,9900,1,493000,1,51000,1,253000,1,104000,1,500000,1,2500,2050 Jake St,Orange,FL,32814,28.560782,-81.32269,Tenant Occupied,646000,73,18,Metal,Frame,3463
POL00764,CUS00764,2006-09-14,2022-12-07,HO3,Active,4760,10000,7500,50900,1,1018000,1,132000,1,706000,1,229000,1,300000,1,2500,1115 E Twiggs St,Hillsborough,FL,33602,27.951524,-82.459604,Owner Occupied,1295000,25,3,Metal,Frame,2722
POL00765,CUS00765,2012-01-12,2026-02-05,HO3,Active,3120,7500,10000,4600,1,231000,1,24000,1,108000,1,47000,1,300000,1,10000,6904 Ralston Pl Dr,Hillsborough,FL,33614,28.00581,-82.507956,Owner Occupied,291000,49,31,Tile,Masonry,3235
POL00766,CUS00766,2021-03-30,2023-10-06,DP3,Active,9500,2000,5000,12000,1,239000,1,19000,1,126000,1,70000,0,0,0,0,5009 Park Central Dr,Orange,FL,32839,28.48606,-81.403886,Owner Occupied,305000,72,19,Metal,Masonry,2738
POL00767,CUS00767,2017-10-07,2025-07-14,HO3,Active,6490,7500,5000,28400,1,945000,1,121000,1,610000,1,236000,1,300000,1,5000,3000 NE 2nd Ave,Miami-Dade,FL,33137,25.808936,-80.195094,Owner Occupied,959000,66,16,Concrete Tile,Masonry Veneer,4304
POL00768,CUS00768,2021-07-25,2024-09-07,HO3,Active,2990,5000,10000,43600,1,872000,1,71000,1,435000,1,232000,1,300000,1,10000,2633 Azalea Garden Pl,Hillsborough,FL,33619,27.938868,-82.369974,Owner Occupied,1079000,42,3,Metal,Reinforced Concrete,4435
POL00769,CUS00769,2015-01-28,2023-03-30,HO6,Active,4190,7500,2500,36400,1,1212000,1,157000,1,708000,1,249000,1,100000,1,5000,733 Main Ln,Orange,FL,32801,28.546738,-81.375962,Owner Occupied,1297000,34,2,Asphalt Shingle,Masonry,3192
POL00770,CUS00770,2011-03-18,2023-04-06,HO3,Active,5250,1000,1000,53200,1,1063000,1,159000,1,680000,1,276000,1,100000,1,5000,1011 E Cumberland Ave,Hillsborough,FL,33602,27.948032,-82.463042,Owner Occupied,1329000,36,4,Concrete Tile,Reinforced Concrete,3426
POL00771,CUS00771,2013-01-17,2023-12-21,HO6,Active,2340,7500,10000,34700,1,694000,1,95000,1,314000,1,200000,1,500000,1,10000,10149 Arise Loop,Orange,FL,32837,28.397256,-81.42077,Owner Occupied,732000,33,2,Metal,Masonry Veneer,3913
POL00772,CUS00772,2017-05-17,2024-08-15,HO5,Active,7170,5000,2500,34600,1,692000,1,65000,1,320000,1,158000,1,300000,1,2500,452 NE 31st St,Miami-Dade,FL,33137,25.805582,-80.194716,Owner Occupied,793000,4,4,Metal,Reinforced Concrete,4152
POL00773,CUS00773,2020-10-13,2022-09-23,HO3,Active,7100,1000,10000,31200,1,623000,1,59000,1,291000,1,155000,1,300000,1,1000,109 W Fortune St,Hillsborough,FL,33602,27.947222,-82.458452,Owner Occupied,748000,56,5,Asphalt Shingle,Reinforced Concrete,2178
POL00774,CUS00774,2013-05-23,2024-09-10,HO3,Active,6150,5000,7500,51700,1,1034000,1,127000,1,687000,1,156000,1,100000,1,1000,520 E Church St,Orange,FL,32801,28.542388,-81.368972,Owner Occupied,1370000,72,32,Concrete Tile,Frame,3018
POL00775,CUS00775,2015-10-08,2024-07-08,HO6,Active,3980,1000,7500,25300,1,1263000,1,119000,1,844000,1,229000,1,500000,1,5000,2050 Jake St,Orange,FL,32814,28.560782,-81.32269,Owner Occupied,1384000,38,22,Metal,Concrete Block,2317
POL00776,CUS00776,2018-01-04,2025-10-06,HO3,Active,6440,5000,5000,15600,1,313000,1,26000,1,146000,1,77000,1,500000,1,10000,180 NE 29th St,Miami-Dade,FL,33137,25.808606,-80.19234,Tenant Occupied,314000,6,6,Concrete Tile,Reinforced Concrete,2082
POL00777,CUS00777,2015-12-04,2022-09-25,DP3,Active,9450,2500,2500,55600,1,1113000,1,163000,1,502000,1,190000,1,100000,1,2500,355 N Rosalind Ave,Orange,FL,32801,28.545514,-81.378134,Secondary Residence,1127000,4,4,Metal,Reinforced Concrete,3669
POL00778,CUS00778,2021-07-29,2023-09-24,HO5,Active,1870,1500,10000,15600,1,312000,1,38000,1,154000,1,87000,1,500000,1,10000,3131 NE 1st Ave,Miami-Dade,FL,33137,25.807112,-80.193906,Owner Occupied,430000,63,6,Flat/TPO,Masonry Veneer,4013
POL00779,CUS00779,2013-07-31,2025-04-23,HO5,Active,4650,2000,5000,22300,1,1113000,1,96000,1,642000,1,308000,1,500000,1,10000,180 NE 29th St,Miami-Dade,FL,33137,25.808606,-80.19234,Owner Occupied,1204000,58,21,Concrete Tile,Concrete Block,2592
POL00780,CUS00780,2020-03-05,2024-05-04,HO5,Active,7320,1000,7500,16100,1,537000,1,65000,1,307000,1,121000,1,300000,1,2500,295 NE Ivanhoe Blvd,Orange,FL,32804,28.579332,-81.39362,Owner Occupied,567000,9,9,Asphalt Shingle,Reinforced Concrete,3774
POL00781,CUS00781,2014-05-29,2024-01-16,HO6,Active,6520,5000,2500,52800,1,1055000,1,94000,1,630000,1,200000,1,300000,1,1000,1211 E Kennedy Blvd,Hillsborough,FL,33602,27.950366,-82.46105,Owner Occupied,1323000,40,21,Metal,Masonry,3248
POL00782,CUS00782,2018-05-20,2024-05-21,HO3,Active,9350,1500,1500,17700,1,884000,1,119000,1,434000,1,240000,1,500000,1,5000,9931 W Flagler St,Miami-Dade,FL,33174,25.75642,-80.352414,Owner Occupied,925000,69,13,Metal,Masonry Veneer,3071
POL00783,CUS00783,2010-05-07,2024-08-25,HO6,Active,7080,10000,10000,65800,1,1316000,1,161000,1,874000,1,330000,1,300000,1,1000,520 E Church St,Orange,FL,32801,28.542388,-81.368972,Owner Occupied,1318000,59,6,Asphalt Shingle,Reinforced Concrete,1470
POL00784,CUS00784,2011-06-03,2024-06-17,HO3,Active,4550,10000,10000,13900,1,463000,1,48000,1,263000,1,91000,1,500000,1,10000,733 Main Ln,Orange,FL,32801,28.546738,-81.375962,Secondary Residence,538000,70,31,Asphalt Shingle,Frame,3922
POL00785,CUS00785,2012-09-01,2025-10-31,HO5,Active,2520,5000,7500,21300,1,1065000,1,157000,1,662000,1,286000,1,100000,1,1000,410 N Orange Ave,Orange,FL,32801,28.538032,-81.373544,Owner Occupied,1363000,53,26,Asphalt Shingle,Masonry,1022
POL00786,CUS00786,2007-09-08,2023-11-13,HO3,Active,5300,10000,10000,37300,1,1243000,1,172000,1,619000,1,332000,1,300000,1,5000,733 Main Ln,Orange,FL,32801,28.546738,-81.375962,Owner Occupied,1344000,64,5,Metal,Masonry Veneer,902
POL00787,CUS00787,2020-08-18,2022-11-01,HO3,Active,8690,5000,2500,9200,1,461000,1,56000,1,317000,1,120000,1,500000,1,2500,6600 NW 7th St,Miami-Dade,FL,33126,25.778214,-80.295246,Owner Occupied,470000,41,7,Tile,Masonry Veneer,2833
POL00788,CUS00788,2010-04-23,2023-09-06,HO3,Active,4600,5000,7500,27700,1,924000,1,79000,1,573000,1,274000,1,100000,1,10000,6904 Ralston Pl Dr,Hillsborough,FL,33614,28.00581,-82.507956,Owner Occupied,1246000,7,7,Metal,Reinforced Concrete,1399
POL00789,CUS00789,2010-10-01,2024-05-13,HO6,Active,3870,10000,10000,36500,1,730000,1,99000,1,372000,1,137000,1,100000,1,1000,1000 NW 7th St,Miami-Dade,FL,33136,25.78563,-80.201058,Owner Occupied,925000,11,11,Tile,Masonry,4494
POL00790,CUS00790,2018-11-19,2024-01-18,HO6,Active,4480,1500,1500,17800,1,595000,1,59000,1,409000,1,169000,1,500000,1,5000,733 Main Ln,Orange,FL,32801,28.546738,-81.375962,Owner Occupied,761000,57,27,Asphalt Shingle,Concrete Block,4497
POL00791,CUS00791,2014-10-23,2026-08-11,HO3,Active,5460,1000,5000,6700,1,333000,1,44000,1,152000,1,78000,1,500000,1,10000,295 NE Ivanhoe Blvd,Orange,FL,32804,28.579332,-81.39362,Owner Occupied,401000,64,10,Metal,Masonry Veneer,3965
POL00792,CUS00792,2016-03-18,2023-05-09,HO3,Active,6140,10000,10000,23500,1,470000,1,65000,1,233000,1,139000,1,300000,1,2500,733 Main Ln,Orange,FL,32801,28.546738,-81.375962,Secondary Residence,617000,41,26,Tile,Masonry Veneer,1918
POL00793,CUS00793,2012-10-02,2024-04-07,HO3,Active,5790,1500,10000,38100,1,762000,1,72000,1,479000,1,226000,1,300000,1,1000,1011 E Cumberland Ave,Hillsborough,FL,33602,27.948032,-82.463042,Owner Occupied,851000,23,21,Flat/TPO,Reinforced Concrete,3377
POL00794,CUS00794,2017-12-29,2024-10-11,HO6,Active,8340,7500,7500,18800,1,941000,1,102000,1,487000,1,246000,1,300000,1,1000,3219 S Orange Ave,Orange,FL,32806,28.517866,-81.366976,Owner Occupied,981000,69,19,Metal,Frame,1374
POL00795,CUS00795,2009-08-19,2023-07-05,HO3,Active,4130,10000,2500,32900,1,1098000,1,124000,1,519000,1,235000,1,300000,1,2500,110 Zora Pl,Orange,FL,32810,28.615406,-81.425066,Owner Occupied,1145000,43,20,Asphalt Shingle,Reinforced Concrete,2277
POL00796,CUS00796,2017-02-22,2026-05-10,HO5,Active,6580,2500,10000,25100,1,836000,1,69000,1,551000,1,137000,1,500000,1,2500,3000 NE 2nd Ave,Miami-Dade,FL,33137,25.808936,-80.195094,Owner Occupied,915000,31,31,Flat/TPO,Masonry,2441
POL00797,CUS00797,2008-04-12,2022-04-21,HO3,Active,6240,2000,7500,18100,1,906000,1,129000,1,633000,1,174000,1,100000,1,5000,109 W Fortune St,Hillsborough,FL,33602,27.947222,-82.458452,Owner Occupied,1137000,49,7,Tile,Concrete Block,1072
POL00798,CUS00798,2016-10-29,2024-10-22,HO3,Active,4730,10000,5000,61400,1,1227000,0,0,1,813000,1,225000,1,500000,1,5000,101 Lake Ave,Orange,FL,32801,28.539466,-81.369524,Tenant Occupied,1441000,70,9,Metal,Masonry,3706
POL00799,CUS00799,2019-05-12,2026-03-28,HO3,Active,6900,2500,5000,8800,1,292000,1,33000,1,152000,1,85000,1,500000,1,1000,218 NW 8th St,Miami-Dade,FL,33136,25.785132,-80.210772,Owner Occupied,387000,56,31,Tile,Masonry,1198
POL00800,CUS00800,2013-09-01,2025-08-24,HO5,Active,6840,1000,1000,20200,1,404000,1,60000,1,200000,1,120000,1,500000,1,10000,452 NE 31st St,Miami-Dade,FL,33137,25.805582,-80.194716,Secondary Residence,413000,44,19,Metal,Masonry Veneer,1539
POL00801,CUS00801,2021-05-11,2025-08-25,HO3,Active,5010,7500,5000,17700,1,354000,1,32000,1,214000,1,100000,1,100000,1,2500,710 NE 1st Ave,Miami-Dade,FL,33132,25.783848,-80.189314,Owner Occupied,386000,72,15,Flat/TPO,Concrete Block,1183
POL00802,CUS00802,2022-08-25,2025-06-09,HO3,Active,2480,1500,5000,14000,1,701000,1,68000,1,359000,1,163000,1,500000,1,1000,1115 E Twiggs St,Hillsborough,FL,33602,27.951524,-82.459604,Tenant Occupied,828000,59,10,Metal,Masonry,1629
POL00803,CUS00803,2017-08-02,2026-04-15,HO3,Active,7080,2500,2500,48600,1,972000,1,81000,1,515000,1,201000,1,500000,1,2500,295 NE Ivanhoe Blvd,Orange,FL,32804,28.579332,-81.39362,Secondary Residence,1057000,31,25,Tile,Frame,1230
POL00804,CUS00804,2011-08-24,2024-12-19,HO3,Active,6360,5000,5000,9400,1,312000,1,33000,1,156000,1,50000,1,300000,1,5000,6501 S Westshore Blvd,Hillsborough,FL,33616,27.869022,-82.523216,Owner Occupied,422000,41,4,Flat/TPO,Masonry Veneer,1691
POL00805,CUS00805,2010-10-28,2025-02-14,HO3,Active,3020,10000,10000,7900,1,395000,1,33000,1,274000,1,88000,1,300000,1,1000,1115 E Twiggs St,Hillsborough,FL,33602,27.951524,-82.459604,Owner Occupied,394000,3,3,Tile,Frame,2249
POL00806,CUS00806,2014-02-21,2024-01-11,HO6,Active,6770,2500,5000,29900,1,997000,1,93000,1,450000,1,176000,1,500000,1,5000,1211 E Kennedy Blvd,Hillsborough,FL,33602,27.950366,-82.46105,Owner Occupied,1203000,54,5,Concrete Tile,Masonry Veneer,3129
POL00807,CUS00807,2014-05-18,2024-04-21,HO6,Active,4280,7500,10000,16200,1,323000,1,29000,1,202000,1,74000,1,300000,1,5000,6970 SW 40th St,Miami-Dade,FL,33155,25.7421,-80.313298,Owner Occupied,446000,69,3,Flat/TPO,Masonry Veneer,1978
POL00808,CUS00808,2020-01-23,2024-02-23,HO6,Active,8640,10000,7500,16200,1,809000,1,72000,1,540000,1,215000,1,100000,1,5000,300 W Tyler St,Hillsborough,FL,33602,27.948668,-82.456928,Owner Occupied,944000,18,18,Concrete Tile,Concrete Block,2481
POL00809,CUS00809,2012-05-19,2026-01-30,HO6,Active,9260,2500,5000,15900,1,793000,1,85000,1,543000,1,229000,1,300000,1,2500,5432 W Tyson Ave,Hillsborough,FL,33611,27.888268,-82.506778,Owner Occupied,771000,58,26,Concrete Tile,Masonry,4437
POL00810,CUS00810,2021-05-09,2022-09-16,HO6,Active,9660,7500,7500,17000,1,341000,1,34000,1,174000,1,78000,1,100000,1,5000,310 N Orange Ave,Orange,FL,32801,28.543216,-81.372806,Owner Occupied,341000,67,15,Flat/TPO,Masonry,1905
POL00811,CUS00811,2013-03-06,2024-05-29,HO3,Active,9550,10000,7500,6300,1,314000,1,37000,1,142000,1,61000,1,100000,1,5000,101 Lake Ave,Orange,FL,32801,28.539466,-81.369524,Owner Occupied,331000,32,13,Tile,Frame,3659
POL00812,CUS00812,2010-12-05,2023-04-24,HO6,Active,5980,1000,7500,3700,1,185000,1,19000,1,101000,1,45000,1,300000,1,1000,9931 W Flagler St,Miami-Dade,FL,33174,25.75642,-80.352414,Owner Occupied,233000,26,18,Concrete Tile,Masonry,1976
POL00813,CUS00813,2010-11-26,2026-09-13,HO3,Active,2480,2000,5000,7700,1,387000,1,50000,1,185000,1,116000,1,100000,1,2500,101 W Beach Pl,Hillsborough,FL,33606,27.939852,-82.48549,Tenant Occupied,394000,26,19,Flat/TPO,Masonry,2426
POL00814,CUS00814,2017-05-18,2024-04-14,HO3,Active,7790,1500,7500,24300,1,1215000,1,146000,1,584000,1,227000,1,300000,1,2500,452 NE 31st St,Miami-Dade,FL,33137,25.805582,-80.194716,Owner Occupied,1241000,29,8,Asphalt Shingle,Reinforced Concrete,4032
POL00815,CUS00815,2014-01-20,2023-04-11,HO3,Active,5880,10000,10000,9400,1,187000,1,21000,1,114000,1,53000,1,500000,1,5000,355 N Rosalind Ave,Orange,FL,32801,28.545514,-81.378134,Owner Occupied,243000,50,22,Metal,Concrete Block,2858
POL00816,CUS00816,2010-04-30,2023-06-09,HO3,Active,2860,1000,2500,26500,1,1326000,1,177000,1,850000,1,262000,1,100000,1,2500,7575 Universal Blvd,Orange,FL,32819,28.451704,-81.47356,Owner Occupied,1358000,52,26,Tile,Masonry Veneer,3300
POL00817,CUS00817,2015-11-15,2023-05-18,HO6,Active,8150,7500,5000,13000,1,651000,1,71000,1,349000,1,193000,1,500000,1,2500,3000 NE 2nd Ave,Miami-Dade,FL,33137,25.808936,-80.195094,Owner Occupied,843000,27,12,Concrete Tile,Frame,1610
POL00818,CUS00818,2021-11-21,2023-03-18,HO3,Active,4800,10000,7500,25900,1,864000,1,73000,1,580000,1,187000,1,300000,1,1000,2751 NW 84th St,Miami-Dade,FL,33147,25.858766,-80.24016,Owner Occupied,1176000,10,10,Metal,Concrete Block,2000
POL00819,CUS00819,2020-03-14,2025-09-16,HO5,Active,6480,2500,10000,36500,1,730000,1,94000,1,350000,1,218000,1,500000,1,5000,700 SW 1st St,Miami-Dade,FL,33130,25.76502,-80.207664,Secondary Residence,741000,43,21,Flat/TPO,Masonry Veneer,4155
POL00820,CUS00820,2010-10-27,2026-01-29,HO3,Active,6210,5000,5000,11900,1,597000,1,89000,1,320000,1,123000,1,100000,1,2500,355 N Rosalind Ave,Orange,FL,32801,28.545514,-81.378134,Owner Occupied,639000,45,1,Metal,Concrete Block,3441
POL00821,CUS00821,2021-01-07,2022-12-14,DP3,Active,4820,2500,2500,35800,1,715000,1,99000,1,405000,1,173000,1,300000,0,0,3131 NE 1st Ave,Miami-Dade,FL,33137,25.807112,-80.193906,Owner Occupied,787000,5,5,Tile,Reinforced Concrete,1944
POL00822,CUS00822,2015-08-27,2023-10-01,HO3,Active,3540,5000,5000,10100,1,202000,1,23000,1,122000,1,38000,1,300000,1,5000,1000 NW 7th St,Miami-Dade,FL,33136,25.78563,-80.201058,Owner Occupied,222000,37,27,Concrete Tile,Frame,4067
POL00823,CUS00823,2017-11-23,2022-12-09,HO3,Active,5640,2000,2500,17800,1,891000,1,90000,1,580000,1,141000,1,300000,1,2500,452 NE 31st St,Miami-Dade,FL,33137,25.805582,-80.194716,Owner Occupied,1077000,72,10,Metal,Reinforced Concrete,2370
POL00824,CUS00824,2017-12-03,2023-06-04,HO5,Active,1950,1000,5000,6900,1,345000,1,40000,1,197000,1,61000,1,100000,1,5000,3131 NE 1st Ave,Miami-Dade,FL,33137,25.807112,-80.193906,Owner Occupied,456000,63,12,Metal,Concrete Block,3208
POL00825,CUS00825,2015-06-19,2026-06-02,HO3,Active,4230,2500,2500,7500,1,377000,1,39000,1,213000,1,105000,1,100000,1,10000,6600 NW 7th St,Miami-Dade,FL,33126,25.778214,-80.295246,Owner Occupied,421000,67,3,Asphalt Shingle,Concrete Block,3653
POL00826,CUS00826,2017-05-27,2024-11-02,HO5,Active,8130,5000,10000,63000,1,1259000,1,144000,1,739000,1,235000,1,500000,1,10000,1011 E Cumberland Ave,Hillsborough,FL,33602,27.948032,-82.463042,Tenant Occupied,1243000,52,7,Tile,Concrete Block,1765
POL00827,CUS00827,2022-05-07,2026-04-16,HO6,Active,7440,1500,7500,19500,1,390000,1,52000,1,189000,1,86000,1,100000,1,10000,5127 W Tyson Ave,Hillsborough,FL,33611,27.888982,-82.504054,Tenant Occupied,406000,43,20,Asphalt Shingle,Concrete Block,3620
POL00828,CUS00828,2019-12-07,2024-09-01,HO6,Active,9220,7500,7500,30300,1,606000,1,85000,1,394000,1,98000,1,100000,1,10000,180 NE 29th St,Miami-Dade,FL,33137,25.808606,-80.19234,Owner Occupied,809000,35,23,Metal,Reinforced Concrete,1830
POL00829,CUS00829,2016-04-12,2025-09-10,DP3,Active,7200,2500,2500,4200,1,211000,1,17000,1,101000,1,49000,1,300000,0,0,110 Zora Pl,Orange,FL,32810,28.615406,-81.425066,Owner Occupied,259000,27,2,Flat/TPO,Masonry Veneer,1174
POL00830,CUS00830,2014-02-27,2023-06-08,HO3,Active,8850,10000,7500,6000,1,300000,1,37000,1,192000,1,59000,1,100000,1,1000,101 W Beach Pl,Hillsborough,FL,33606,27.939852,-82.48549,Owner Occupied,327000,17,17,Tile,Frame,2044
POL00831,CUS00831,2012-09-10,2023-12-16,HO3,Active,6180,1500,7500,10000,1,499000,1,55000,1,287000,1,122000,1,300000,1,2500,1011 E Cumberland Ave,Hillsborough,FL,33602,27.948032,-82.463042,Owner Occupied,628000,44,3,Tile,Frame,2303
POL00832,CUS00832,2011-11-03,2023-06-07,HO3,Active,6820,1500,2500,6000,1,301000,1,33000,1,139000,1,67000,1,100000,1,10000,4000 Headwaters Way,Orange,FL,32837,28.386144,-81.418598,Owner Occupied,369000,44,9,Asphalt Shingle,Concrete Block,2634
POL00833,CUS00833,2017-03-31,2023-05-21,HO3,Active,9380,2500,10000,14800,1,494000,1,43000,1,340000,1,113000,1,300000,1,5000,7511 Solstice Cir,Orange,FL,32821,28.411672,-81.46685,Owner Occupied,626000,27,27,Asphalt Shingle,Concrete Block,2812
POL00834,CUS00834,2022-04-03,2025-04-26,HO3,Active,5090,7500,2500,19200,1,960000,1,126000,1,663000,1,155000,1,500000,1,5000,5432 W Tyson Ave,Hillsborough,FL,33611,27.888268,-82.506778,Owner Occupied,1209000,71,27,Concrete Tile,Frame,1744
POL00835,CUS00835,2009-10-18,2023-12-23,HO3,Active,3380,2500,7500,42600,1,851000,1,101000,1,464000,1,209000,1,300000,1,1000,6904 Ralston Pl Dr,Hillsborough,FL,33614,28.00581,-82.507956,Tenant Occupied,858000,71,24,Tile,Masonry Veneer,2533
POL00836,CUS00836,2016-05-26,2023-10-13,HO6,Active,6250,2500,5000,32300,1,1076000,0,0,1,556000,1,175000,1,100000,1,5000,6970 SW 40th St,Miami-Dade,FL,33155,25.7421,-80.313298,Tenant Occupied,1086000,63,11,Asphalt Shingle,Concrete Block,1568
POL00837,CUS00837,2012-09-26,2023-07-26,DP3,Active,7640,5000,10000,54200,1,1083000,1,150000,1,588000,1,262000,0,0,0,0,300 W Tyler St,Hillsborough,FL,33602,27.948668,-82.456928,Owner Occupied,1065000,13,13,Asphalt Shingle,Masonry Veneer,1684
POL00838,CUS00838,2009-08-19,2025-04-19,HO3,Active,2700,2000,2500,18300,1,610000,1,59000,1,284000,1,178000,1,300000,1,2500,520 E Church St,Orange,FL,32801,28.542388,-81.368972,Owner Occupied,694000,32,25,Concrete Tile,Masonry Veneer,1578
POL00839,CUS00839,2012-07-19,2023-06-20,HO3,Active,3980,2500,10000,58000,1,1160000,1,154000,1,569000,1,214000,1,100000,1,10000,8733 Rooks Park Cir,Hillsborough,FL,33619,27.936594,-82.36584,Owner Occupied,1142000,62,3,Flat/TPO,Concrete Block,2123
POL00840,CUS00840,2012-10-27,2023-07-04,HO3,Active,9620,1000,7500,43000,1,860000,1,83000,1,419000,1,174000,1,300000,1,1000,9567 Sunbelt St,Hillsborough,FL,33635,28.022792,-82.61563,Tenant Occupied,906000,59,7,Flat/TPO,Masonry Veneer,1678
POL00841,CUS00841,2012-11-18,2024-04-05,HO6,Active,3830,7500,7500,4200,1,212000,1,28000,1,103000,1,51000,1,100000,1,2500,2901 NE 1st Ave,Miami-Dade,FL,33137,25.802168,-80.187402,Owner Occupied,290000,6,5,Tile,Masonry,3321
POL00842,CUS00842,2016-03-25,2026-08-09,HO6,Active,4000,7500,7500,19100,1,637000,1,83000,1,371000,1,117000,1,300000,1,2500,6970 SW 40th St,Miami-Dade,FL,33155,25.7421,-80.313298,Owner Occupied,748000,49,9,Metal,Masonry Veneer,3634
POL00843,CUS00843,2010-05-29,2024-07-07,DP3,Active,5330,7500,10000,32800,1,1092000,1,152000,1,691000,1,199000,0,0,0,0,2751 NW 84th St,Miami-Dade,FL,33147,25.858766,-80.24016,Owner Occupied,1126000,49,29,Tile,Masonry Veneer,3532
POL00844,CUS00844,2010-04-20,2025-04-15,HO3,Active,8810,1000,7500,36000,1,721000,1,59000,1,350000,1,196000,1,100000,1,2500,733 Main Ln,Orange,FL,32801,28.546738,-81.375962,Owner Occupied,730000,63,1,Asphalt Shingle,Frame,4319
POL00845,CUS00845,2021-05-10,2025-01-09,HO5,Active,5050,7500,7500,27600,1,551000,1,82000,1,252000,1,124000,1,500000,1,1000,1011 E Cumberland Ave,Hillsborough,FL,33602,27.948032,-82.463042,Owner Occupied,722000,14,2,Flat/TPO,Concrete Block,3099
POL00846,CUS00846,2016-04-10,2025-08-01,HO6,Active,3860,7500,7500,23600,1,472000,1,68000,1,268000,1,100000,1,100000,1,2500,2901 NE 1st Ave,Miami-Dade,FL,33137,25.802168,-80.187402,Owner Occupied,651000,38,21,Tile,Frame,3528
POL00847,CUS00847,2011-03-25,2026-01-31,HO3,Active,3400,2500,5000,39300,1,786000,1,91000,1,417000,1,218000,1,300000,1,10000,295 NE Ivanhoe Blvd,Orange,FL,32804,28.579332,-81.39362,Owner Occupied,927000,5,5,Asphalt Shingle,Masonry,2914
POL00848,CUS00848,2007-09-09,2023-07-21,DP3,Active,5580,1000,2500,5000,1,248000,1,37000,1,172000,1,45000,0,0,0,0,1000 NW 7th St,Miami-Dade,FL,33136,25.78563,-80.201058,Owner Occupied,308000,57,31,Concrete Tile,Masonry,3461
POL00849,CUS00849,2017-08-15,2024-08-25,HO6,Active,8570,2000,2000,38500,1,770000,1,112000,1,384000,1,154000,1,100000,1,5000,6904 Ralston Pl Dr,Hillsborough,FL,33614,28.00581,-82.507956,Tenant Occupied,1062000,55,23,Concrete Tile,Masonry Veneer,1079
POL00850,CUS00850,2015-07-05,2025-01-28,HO6,Active,2270,1000,7500,9400,1,472000,1,57000,1,244000,1,108000,1,100000,1,2500,310 N Orange Ave,Orange,FL,32801,28.543216,-81.372806,Owner Occupied,559000,5,5,Concrete Tile,Frame,1493
POL00851,CUS00851,2022-05-09,2023-11-27,DP3,Active,4130,5000,7500,16900,1,843000,1,121000,1,535000,1,248000,1,500000,0,0,2901 NE 1st Ave,Miami-Dade,FL,33137,25.802168,-80.187402,Owner Occupied,988000,31,14,Tile,Frame,1597
POL00852,CUS00852,2012-03-27,2024-11-13,DP3,Active,4490,1500,5000,22500,1,1126000,1,119000,1,596000,1,336000,0,0,0,0,9567 Sunbelt St,Hillsborough,FL,33635,28.022792,-82.61563,Owner Occupied,1142000,5,5,Metal,Concrete Block,3986
POL00853,CUS00853,2011-07-03,2023-01-17,HO3,Active,4830,1500,1500,15200,1,304000,1,42000,1,200000,1,59000,1,100000,1,2500,310 N Orange Ave,Orange,FL,32801,28.543216,-81.372806,Owner Occupied,386000,50,17,Asphalt Shingle,Masonry Veneer,1146
POL00854,CUS00854,2015-04-12,2025-04-24,HO6,Active,6640,1500,2500,16700,1,834000,1,88000,1,494000,1,250000,1,500000,1,1000,6970 SW 40th St,Miami-Dade,FL,33155,25.7421,-80.313298,Owner Occupied,1013000,38,5,Metal,Frame,3644
POL00855,CUS00855,2015-02-02,2024-10-31,HO3,Active,2750,10000,10000,24700,1,494000,1,57000,1,310000,1,98000,1,500000,1,1000,520 E Church St,Orange,FL,32801,28.542388,-81.368972,Owner Occupied,530000,59,12,Concrete Tile,Masonry Veneer,4036
POL00856,CUS00856,2015-11-20,2024-09-07,DP3,Active,2200,1000,2500,8100,1,271000,1,25000,1,187000,1,61000,0,0,0,0,30 SW 1st St,Miami-Dade,FL,33130,25.765842,-80.208492,Owner Occupied,361000,75,27,Asphalt Shingle,Reinforced Concrete,2805
POL00857,CUS00857,2010-10-23,2023-07-25,HO3,Active,6860,2500,2500,24100,1,804000,1,101000,1,414000,1,156000,1,300000,1,10000,101 Lake Ave,Orange,FL,32801,28.539466,-81.369524,Secondary Residence,953000,3,3,Tile,Masonry Veneer,3331
POL00858,CUS00858,2019-01-04,2023-08-18,HO3,Active,5050,10000,10000,73300,1,1466000,1,186000,1,861000,1,363000,1,100000,1,5000,6301 S Westshore Blvd,Hillsborough,FL,33616,27.867894,-82.52435,Owner Occupied,1424000,36,10,Metal,Reinforced Concrete,3068
POL00859,CUS00859,2020-02-05,2025-12-03,HO3,Active,3230,2000,7500,21400,1,712000,1,70000,1,379000,1,167000,1,100000,1,1000,2633 Azalea Garden Pl,Hillsborough,FL,33619,27.938868,-82.369974,Secondary Residence,828000,31,4,Flat/TPO,Concrete Block,1136
POL00860,CUS00860,2019-08-29,2025-08-03,HO3,Active,9150,5000,5000,24500,1,816000,1,105000,1,510000,1,237000,1,100000,1,5000,520 E Church St,Orange,FL,32801,28.542388,-81.368972,Secondary Residence,1028000,16,6,Flat/TPO,Concrete Block,1514
POL00861,CUS00861,2019-12-01,2025-12-16,HO3,Active,6240,5000,10000,22300,1,1113000,1,118000,1,692000,1,202000,1,300000,1,5000,410 N Orange Ave,Orange,FL,32801,28.538032,-81.373544,Owner Occupied,1249000,64,3,Concrete Tile,Frame,2451
POL00862,CUS00862,2008-11-16,2024-09-24,HO3,Active,3310,1000,2500,15600,1,519000,1,47000,1,318000,1,114000,1,500000,1,5000,733 Main Ln,Orange,FL,32801,28.546738,-81.375962,Owner Occupied,524000,49,2,Asphalt Shingle,Frame,2476
POL00863,CUS00863,2009-03-08,2022-11-18,HO6,Active,9370,10000,5000,23100,1,770000,1,76000,1,499000,1,214000,1,100000,1,2500,7511 Solstice Cir,Orange,FL,32821,28.411672,-81.46685,Owner Occupied,952000,16,16,Asphalt Shingle,Concrete Block,1962
POL00864,CUS00864,2019-03-11,2023-12-27,HO5,Active,4150,1500,7500,15700,1,785000,1,66000,1,377000,1,203000,1,300000,1,1000,6970 SW 40th St,Miami-Dade,FL,33155,25.7421,-80.313298,Owner Occupied,974000,44,31,Flat/TPO,Frame,4113
POL00865,CUS00865,2012-02-07,2025-06-06,HO5,Active,5410,10000,10000,26400,1,529000,1,57000,1,243000,1,120000,1,300000,1,1000,510 N Rome Ave,Hillsborough,FL,33606,27.930384,-82.488052,Owner Occupied,710000,13,13,Concrete Tile,Reinforced Concrete,1933
POL00866,CUS00866,2010-03-10,2026-07-17,HO3,Active,9590,10000,10000,18600,1,929000,1,112000,1,553000,1,216000,1,500000,1,2500,110 Zora Pl,Orange,FL,32810,28.615406,-81.425066,Secondary Residence,1140000,36,8,Tile,Frame,3553
POL00867,CUS00867,2016-05-30,2024-05-31,HO3,Active,8100,5000,10000,8100,1,403000,1,35000,1,264000,1,111000,1,300000,1,2500,901 W Chestnut St,Hillsborough,FL,33607,27.956886,-82.501454,Owner Occupied,443000,3,3,Flat/TPO,Frame,2855
POL00868,CUS00868,2021-05-09,2024-12-26,HO6,Active,9000,1500,7500,46400,1,927000,1,87000,1,485000,1,259000,1,500000,1,2500,3015 N Rocky Point Dr E,Hillsborough,FL,33607,27.964764,-82.501766,Owner Occupied,1285000,14,3,Tile,Reinforced Concrete,3728
POL00869,CUS00869,2015-07-27,2024-02-23,HO6,Active,9360,7500,2500,46600,1,932000,1,100000,1,481000,1,143000,1,300000,1,10000,6501 S Westshore Blvd,Hillsborough,FL,33616,27.869022,-82.523216,Owner Occupied,950000,45,15,Metal,Concrete Block,2302
POL00870,CUS00870,2021-12-10,2024-12-12,HO6,Active,4510,2000,2500,10800,1,542000,1,78000,1,360000,1,155000,1,500000,1,1000,520 E Church St,Orange,FL,32801,28.542388,-81.368972,Owner Occupied,708000,55,27,Tile,Frame,1898
POL00871,CUS00871,2022-03-04,2026-01-29,HO3,Active,3970,1000,7500,36500,1,1217000,1,123000,1,563000,1,321000,1,500000,1,5000,230 NE 4th St,Miami-Dade,FL,33132,25.781976,-80.192572,Owner Occupied,1198000,58,30,Flat/TPO,Reinforced Concrete,2033
POL00872,CUS00872,2021-08-11,2025-09-28,HO3,Active,2120,5000,10000,13400,1,669000,1,70000,1,404000,1,148000,1,300000,1,10000,295 NE Ivanhoe Blvd,Orange,FL,32804,28.579332,-81.39362,Owner Occupied,723000,47,28,Asphalt Shingle,Masonry,3962
POL00873,CUS00873,2008-06-22,2022-09-25,HO6,Active,5220,10000,2500,32000,1,1065000,1,152000,1,503000,1,178000,1,100000,1,5000,12112 Sugarloaf Key St,Hillsborough,FL,33626,28.058486,-82.624672,Owner Occupied,1181000,42,19,Asphalt Shingle,Reinforced Concrete,4340
POL00874,CUS00874,2024-05-21,2025-10-27,HO5,Active,2860,1000,1000,9700,1,486000,1,42000,1,235000,1,98000,1,500000,1,5000,4000 Headwaters Way,Orange,FL,32837,28.386144,-81.418598,Owner Occupied,531000,8,8,Tile,Frame,2191
POL00875,CUS00875,2017-09-20,2023-04-11,HO3,Active,8870,10000,5000,6300,1,317000,1,41000,1,189000,1,57000,1,300000,1,10000,2828 NW 1st Ave,Miami-Dade,FL,33127,25.79715,-80.197564,Owner Occupied,357000,4,4,Tile,Masonry,2425
POL00876,CUS00876,2018-04-26,2023-11-13,HO3,Active,9290,2500,2500,9700,1,323000,1,35000,1,181000,1,72000,1,300000,1,2500,4000 Headwaters Way,Orange,FL,32837,28.386144,-81.418598,Owner Occupied,381000,9,9,Flat/TPO,Masonry Veneer,2705
POL00877,CUS00877,2011-02-18,2022-11-26,HO3,Active,3090,5000,5000,8000,1,266000,1,27000,1,129000,1,65000,1,100000,1,5000,30 SW 1st St,Miami-Dade,FL,33130,25.765842,-80.208492,Owner Occupied,278000,14,14,Flat/TPO,Reinforced Concrete,2577
POL00878,CUS00878,2018-02-23,2022-12-24,HO6,Active,9020,1500,5000,19300,1,642000,0,0,1,382000,1,152000,1,100000,1,5000,12112 Sugarloaf Key St,Hillsborough,FL,33626,28.058486,-82.624672,Secondary Residence,874000,39,13,Metal,Masonry,2962
POL00879,CUS00879,2020-04-01,2023-04-27,HO3,Active,2140,2000,7500,30200,1,604000,1,62000,1,334000,1,161000,1,100000,1,10000,3219 S Orange Ave,Orange,FL,32806,28.517866,-81.366976,Owner Occupied,686000,13,13,Flat/TPO,Masonry Veneer,2427
POL00880,CUS00880,2023-04-26,2024-07-07,HO6,Active,7670,1000,2500,20000,1,401000,1,50000,1,273000,1,95000,1,100000,1,1000,12112 Sugarloaf Key St,Hillsborough,FL,33626,28.058486,-82.624672,Secondary Residence,552000,64,12,Tile,Concrete Block,2973
POL00881,CUS00881,2015-01-25,2024-12-11,HO3,Active,8420,10000,10000,37400,1,1247000,1,155000,1,796000,1,193000,1,500000,1,10000,520 E Church St,Orange,FL,32801,28.542388,-81.368972,Owner Occupied,1302000,42,6,Flat/TPO,Reinforced Concrete,2018
POL00882,CUS00882,2009-03-18,2024-03-16,HO3,Active,2520,5000,7500,9900,1,330000,1,30000,1,186000,1,86000,1,300000,1,5000,510 N Rome Ave,Hillsborough,FL,33606,27.930384,-82.488052,Secondary Residence,441000,50,10,Flat/TPO,Masonry Veneer,1763
POL00883,CUS00883,2010-08-09,2022-12-16,HO3,Active,7900,10000,10000,12800,1,425000,1,60000,1,214000,1,93000,1,100000,1,2500,2901 NE 1st Ave,Miami-Dade,FL,33137,25.802168,-80.187402,Owner Occupied,570000,31,30,Flat/TPO,Reinforced Concrete,1749
POL00884,CUS00884,2011-03-05,2023-01-02,HO3,Active,5230,10000,5000,23800,1,1189000,1,128000,1,555000,1,323000,1,500000,1,1000,300 W Tyler St,Hillsborough,FL,33602,27.948668,-82.456928,Owner Occupied,1246000,62,15,Tile,Masonry,1545
POL00885,CUS00885,2021-03-05,2025-06-18,HO6,Active,2520,2000,5000,19900,1,993000,1,109000,1,646000,1,236000,1,500000,1,5000,2900 Biscayne Blvd,Miami-Dade,FL,33137,25.80518,-80.188488,Owner Occupied,1123000,16,11,Asphalt Shingle,Frame,3396
POL00886,CUS00886,2019-07-06,2025-05-04,HO6,Active,7540,2000,2000,4500,1,226000,1,27000,1,114000,1,48000,1,500000,1,10000,355 N Rosalind Ave,Orange,FL,32801,28.545514,-81.378134,Owner Occupied,261000,38,6,Flat/TPO,Masonry,1407
POL00887,CUS00887,2015-01-07,2023-05-17,DP3,Active,3190,10000,10000,18100,1,603000,1,81000,1,319000,1,123000,1,500000,1,5000,5009 Park Central Dr,Orange,FL,32839,28.48606,-81.403886,Owner Occupied,747000,24,24,Asphalt Shingle,Concrete Block,3717
POL00888,CUS00888,2016-10-11,2026-08-20,HO6,Active,2320,1500,1500,20500,1,684000,1,55000,1,397000,1,104000,1,500000,1,1000,2901 NE 1st Ave,Miami-Dade,FL,33137,25.802168,-80.187402,Owner Occupied,787000,5,5,Tile,Reinforced Concrete,2918
POL00889,CUS00889,2012-07-08,2025-11-12,HO6,Active,8850,5000,2500,53900,1,1078000,1,98000,1,548000,1,248000,1,300000,1,5000,510 N Rome Ave,Hillsborough,FL,33606,27.930384,-82.488052,Owner Occupied,1158000,58,16,Asphalt Shingle,Masonry,3121
POL00890,CUS00890,2013-06-21,2026-03-27,HO3,Active,4290,5000,2500,7100,1,238000,1,29000,1,157000,1,40000,1,500000,1,2500,700 SW 1st St,Miami-Dade,FL,33130,25.76502,-80.207664,Owner Occupied,254000,61,13,Tile,Frame,3747
POL00891,CUS00891,2012-01-25,2022-11-16,HO3,Active,2450,2000,2500,29000,1,965000,0,0,1,639000,1,149000,1,100000,1,5000,300 W Tyler St,Hillsborough,FL,33602,27.948668,-82.456928,Secondary Residence,951000,19,19,Tile,Reinforced Concrete,1787
POL00892,CUS00892,2010-07-24,2025-11-27,HO6,Active,8720,1000,2500,8100,1,405000,1,58000,1,280000,1,87000,1,100000,1,10000,6501 S Westshore Blvd,Hillsborough,FL,33616,27.869022,-82.523216,Owner Occupied,525000,25,14,Asphalt Shingle,Concrete Block,2460
POL00893,CUS00893,2020-04-10,2026-06-24,HO5,Active,4550,2000,5000,34600,1,693000,1,83000,1,422000,1,199000,1,500000,1,10000,7575 Universal Blvd,Orange,FL,32819,28.451704,-81.47356,Owner Occupied,765000,51,13,Tile,Reinforced Concrete,4118
POL00894,CUS00894,2017-12-14,2025-09-25,HO3,Active,1850,10000,5000,13400,1,446000,1,57000,1,269000,1,70000,1,100000,1,2500,452 NE 31st St,Miami-Dade,FL,33137,25.805582,-80.194716,Owner Occupied,617000,10,10,Metal,Reinforced Concrete,2893
POL00895,CUS00895,2007-10-14,2022-12-07,HO3,Active,5870,7500,7500,24200,1,807000,1,69000,1,457000,1,128000,1,300000,1,1000,410 N Orange Ave,Orange,FL,32801,28.538032,-81.373544,Secondary Residence,1082000,74,21,Asphalt Shingle,Masonry,3921
POL00896,CUS00896,2017-08-29,2023-09-24,HO3,Active,6910,5000,5000,67800,1,1356000,1,134000,1,699000,1,318000,1,100000,1,5000,110 Zora Pl,Orange,FL,32810,28.615406,-81.425066,Owner Occupied,1391000,72,22,Asphalt Shingle,Masonry,3871
POL00897,CUS00897,2014-05-14,2024-12-05,HO3,Active,7260,10000,10000,27100,1,1354000,1,148000,1,745000,1,346000,1,500000,1,1000,310 N Orange Ave,Orange,FL,32801,28.543216,-81.372806,Owner Occupied,1348000,26,14,Asphalt Shingle,Masonry Veneer,3325
POL00898,CUS00898,2022-12-15,2026-05-13,HO3,Active,5870,10000,7500,15400,1,309000,1,32000,1,214000,1,70000,1,300000,1,1000,452 NE 31st St,Miami-Dade,FL,33137,25.805582,-80.194716,Owner Occupied,353000,32,22,Asphalt Shingle,Concrete Block,3249
POL00899,CUS00899,2012-02-04,2025-01-27,HO3,Active,9290,2500,5000,19200,1,640000,1,77000,1,318000,1,126000,1,500000,1,5000,2901 NE 1st Ave,Miami-Dade,FL,33137,25.802168,-80.187402,Owner Occupied,849000,10,10,Flat/TPO,Concrete Block,2279
POL00900,CUS00900,2012-08-07,2023-12-06,DP3,Active,6990,2000,5000,16000,1,533000,1,64000,1,246000,1,118000,0,0,0,0,6301 S Westshore Blvd,Hillsborough,FL,33616,27.867894,-82.52435,Tenant Occupied,575000,57,10,Flat/TPO,Reinforced Concrete,1257
POL00901,CUS00901,2023-08-10,2025-10-01,DP3,Active,8580,10000,2500,14800,1,295000,1,31000,1,205000,1,77000,0,0,0,0,7511 Solstice Cir,Orange,FL,32821,28.411672,-81.46685,Secondary Residence,320000,51,12,Metal,Masonry,1934
POL00902,CUS00902,2021-06-20,2024-06-16,HO3,Active,2040,5000,5000,25400,1,847000,1,94000,1,518000,1,131000,1,300000,1,10000,109 W Fortune St,Hillsborough,FL,33602,27.947222,-82.458452,Owner Occupied,976000,11,11,Asphalt Shingle,Concrete Block,4147
POL00903,CUS00903,2008-12-11,2023-10-29,HO3,Active,9050,10000,10000,7800,1,389000,1,45000,1,224000,1,63000,1,300000,1,1000,2828 NW 1st Ave,Miami-Dade,FL,33127,25.79715,-80.197564,Owner Occupied,395000,36,26,Tile,Frame,4237
POL00904,CUS00904,2015-09-16,2026-06-15,HO5,Active,2430,2500,10000,21500,1,1077000,1,99000,1,491000,1,191000,1,100000,1,2500,180 NE 29th St,Miami-Dade,FL,33137,25.808606,-80.19234,Owner Occupied,1251000,38,21,Metal,Frame,1990
POL00905,CUS00905,2017-03-08,2023-08-25,HO5,Active,9550,7500,5000,6200,1,312000,1,26000,1,154000,1,80000,1,500000,1,2500,901 W Chestnut St,Hillsborough,FL,33607,27.956886,-82.501454,Owner Occupied,426000,48,28,Tile,Frame,1877
POL00906,CUS00906,2021-12-04,2026-02-19,HO3,Active,9480,10000,10000,7500,1,374000,1,37000,1,210000,1,105000,1,100000,1,1000,452 NE 31st St,Miami-Dade,FL,33137,25.805582,-80.194716,Owner Occupied,371000,7,7,Asphalt Shingle,Masonry,2414
POL00907,CUS00907,2020-05-27,2025-05-07,HO3,Active,3110,2500,10000,9600,1,193000,1,28000,1,126000,1,51000,1,100000,1,2500,410 N Orange Ave,Orange,FL,32801,28.538032,-81.373544,Secondary Residence,224000,26,2,Metal,Masonry Veneer,3545
POL00908,CUS00908,2013-07-31,2026-03-31,HO3,Active,8180,2000,2500,31900,1,1063000,1,153000,1,485000,1,250000,1,500000,1,10000,218 NW 8th St,Miami-Dade,FL,33136,25.785132,-80.210772,Tenant Occupied,1346000,45,30,Asphalt Shingle,Masonry Veneer,3176
POL00909,CUS00909,2017-11-12,2023-07-09,HO3,Active,5220,2500,7500,23800,1,477000,1,40000,1,252000,1,117000,1,100000,1,2500,6301 S Westshore Blvd,Hillsborough,FL,33616,27.867894,-82.52435,Owner Occupied,503000,25,6,Flat/TPO,Masonry Veneer,2506
POL00910,CUS00910,2012-09-18,2026-07-17,HO3,Active,5060,7500,7500,20900,1,1046000,1,106000,1,590000,1,172000,1,100000,1,1000,6970 SW 40th St,Miami-Dade,FL,33155,25.7421,-80.313298,Owner Occupied,1357000,47,23,Flat/TPO,Concrete Block,3461
POL00911,CUS00911,2013-05-25,2022-12-05,HO3,Active,9560,1000,5000,20200,1,403000,1,56000,1,238000,1,101000,1,500000,1,5000,101 Lake Ave,Orange,FL,32801,28.539466,-81.369524,Owner Occupied,470000,71,26,Concrete Tile,Concrete Block,2615
POL00912,CUS00912,2015-04-01,2022-10-20,HO5,Active,8290,10000,5000,21100,1,702000,1,70000,1,389000,1,107000,1,300000,1,2500,410 N Orange Ave,Orange,FL,32801,28.538032,-81.373544,Owner Occupied,723000,9,9,Metal,Masonry Veneer,2494
POL00913,CUS00913,2019-05-29,2023-09-09,HO3,Active,3640,10000,10000,22300,1,1115000,1,122000,1,684000,1,169000,1,500000,1,10000,4000 Headwaters Way,Orange,FL,32837,28.386144,-81.418598,Owner Occupied,1183000,56,15,Asphalt Shingle,Masonry Veneer,2782
POL00914,CUS00914,2010-01-08,2023-07-27,HO3,Active,2810,2500,5000,8800,1,441000,1,61000,1,253000,1,97000,1,100000,1,1000,733 Main Ln,Orange,FL,32801,28.546738,-81.375962,Owner Occupied,445000,49,31,Metal,Masonry Veneer,2477
POL00915,CUS00915,2016-06-01,2022-07-30,HO3,Active,3820,7500,2500,17200,1,862000,1,89000,1,581000,1,257000,1,100000,1,5000,645 NW 1st St,Miami-Dade,FL,33128,25.768528,-80.198928,Owner Occupied,1013000,71,8,Tile,Reinforced Concrete,2960
POL00916,CUS00916,2009-12-12,2025-02-16,HO3,Active,7000,5000,5000,4200,1,211000,1,22000,1,110000,1,32000,1,300000,1,5000,4000 Headwaters Way,Orange,FL,32837,28.386144,-81.418598,Owner Occupied,292000,64,10,Concrete Tile,Masonry,2873
POL00917,CUS00917,2019-06-17,2023-11-27,HO5,Active,9770,2000,5000,20000,1,399000,1,41000,1,233000,1,106000,1,300000,1,10000,710 NE 1st Ave,Miami-Dade,FL,33132,25.783848,-80.189314,Owner Occupied,401000,32,17,Tile,Reinforced Concrete,2899
POL00918,CUS00918,2016-08-14,2022-09-28,HO5,Active,2290,10000,7500,15800,1,791000,1,118000,1,453000,1,191000,1,100000,1,5000,6301 S Westshore Blvd,Hillsborough,FL,33616,27.867894,-82.52435,Secondary Residence,999000,26,26,Flat/TPO,Reinforced Concrete,1112
POL00919,CUS00919,2020-07-19,2024-02-08,HO6,Active,9220,1000,1000,53600,1,1072000,1,143000,1,645000,1,170000,1,300000,1,1000,2751 NW 84th St,Miami-Dade,FL,33147,25.858766,-80.24016,Owner Occupied,1183000,47,31,Tile,Masonry Veneer,3262
POL00920,CUS00920,2010-08-26,2024-05-17,HO3,Active,8760,2500,2500,20000,1,999000,1,140000,1,551000,1,281000,1,500000,1,5000,1000 NW 7th St,Miami-Dade,FL,33136,25.78563,-80.201058,Owner Occupied,1080000,34,4,Tile,Reinforced Concrete,1339
POL00921,CUS00921,2018-04-23,2026-03-18,HO5,Active,7900,1000,1000,27900,1,558000,1,83000,1,280000,1,153000,1,100000,1,2500,110 Zora Pl,Orange,FL,32810,28.615406,-81.425066,Owner Occupied,573000,19,18,Concrete Tile,Masonry,2278
POL00922,CUS00922,2016-09-03,2023-01-26,HO6,Active,8890,5000,5000,19100,1,956000,1,85000,1,566000,1,144000,1,500000,1,1000,9200 Randal Park Blvd,Orange,FL,32832,28.412212,-81.243592,Tenant Occupied,1220000,58,30,Flat/TPO,Frame,1436
POL00923,CUS00923,2018-12-09,2024-08-22,HO3,Active,6130,1500,5000,51000,1,1021000,1,141000,1,654000,1,156000,1,500000,1,5000,2633 Azalea Garden Pl,Hillsborough,FL,33619,27.938868,-82.369974,Tenant Occupied,1108000,14,14,Tile,Reinforced Concrete,3253
POL00924,CUS00924,2016-10-25,2025-09-03,HO6,Active,7060,7500,7500,25100,1,836000,1,95000,1,502000,1,245000,1,500000,1,2500,5009 Park Central Dr,Orange,FL,32839,28.48606,-81.403886,Owner Occupied,1086000,55,22,Concrete Tile,Frame,3430
POL00925,CUS00925,2018-04-24,2024-12-18,HO3,Active,7450,7500,2500,20900,1,1045000,1,143000,1,709000,1,166000,1,300000,1,5000,3000 NE 2nd Ave,Miami-Dade,FL,33137,25.808936,-80.195094,Owner Occupied,1187000,59,27,Flat/TPO,Masonry Veneer,1552
POL00926,CUS00926,2007-11-11,2022-10-29,HO3,Active,2090,2000,5000,20000,1,665000,1,53000,1,450000,1,186000,1,300000,1,2500,9505 Axis Way,Orange,FL,32837,28.396944,-81.417614,Owner Occupied,919000,62,31,Tile,Concrete Block,1025
POL00927,CUS00927,2016-11-19,2024-04-25,HO5,Active,7250,1000,2500,6700,1,223000,0,0,1,132000,1,36000,1,100000,1,5000,6600 NW 7th St,Miami-Dade,FL,33126,25.778214,-80.295246,Owner Occupied,248000,38,4,Tile,Frame,2288
POL00928,CUS00928,2022-02-19,2023-10-11,HO6,Active,2010,2000,2500,40600,1,812000,1,87000,1,528000,1,173000,1,300000,1,5000,3131 NE 1st Ave,Miami-Dade,FL,33137,25.807112,-80.193906,Owner Occupied,793000,13,3,Flat/TPO,Reinforced Concrete,3369
POL00929,CUS00929,2014-12-13,2025-11-14,HO3,Active,5530,1000,5000,18100,1,907000,1,126000,1,432000,1,260000,1,100000,1,1000,1115 E Twiggs St,Hillsborough,FL,33602,27.951524,-82.459604,Owner Occupied,1072000,11,11,Flat/TPO,Masonry Veneer,1538
POL00930,CUS00930,2020-10-09,2025-06-01,HO6,Active,2240,2000,2500,9900,1,497000,1,47000,1,237000,1,135000,1,300000,1,5000,2751 NW 84th St,Miami-Dade,FL,33147,25.858766,-80.24016,Owner Occupied,531000,6,4,Flat/TPO,Frame,941
POL00931,CUS00931,2009-10-24,2023-04-05,HO5,Active,9240,7500,10000,23700,1,789000,1,100000,1,480000,1,210000,1,500000,1,10000,6970 SW 40th St,Miami-Dade,FL,33155,25.7421,-80.313298,Owner Occupied,793000,38,30,Asphalt Shingle,Frame,831
POL00932,CUS00932,2024-01-28,2025-11-25,HO3,Active,5390,5000,5000,15500,1,774000,1,101000,1,420000,1,140000,1,500000,1,5000,3131 NE 1st Ave,Miami-Dade,FL,33137,25.807112,-80.193906,Owner Occupied,790000,45,18,Tile,Reinforced Concrete,1963
POL00933,CUS00933,2016-08-27,2023-08-01,HO3,Active,4370,7500,5000,29400,1,981000,0,0,1,605000,1,277000,1,300000,1,10000,921 N Central Ave,Hillsborough,FL,33602,27.95189,-82.4639,Owner Occupied,1174000,22,7,Concrete Tile,Reinforced Concrete,1828
POL00934,CUS00934,2020-02-12,2024-03-06,HO5,Active,3800,2500,7500,38100,1,1270000,1,173000,1,881000,1,204000,1,500000,1,5000,5432 W Tyson Ave,Hillsborough,FL,33611,27.888268,-82.506778,Owner Occupied,1362000,38,19,Metal,Reinforced Concrete,2678
POL00935,CUS00935,2015-07-27,2023-06-28,HO5,Active,5740,1000,1000,11400,1,571000,0,0,1,290000,1,131000,1,500000,1,5000,310 N Orange Ave,Orange,FL,32801,28.543216,-81.372806,Owner Occupied,788000,37,14,Flat/TPO,Masonry,3533
POL00936,CUS00936,2022-04-07,2025-10-03,HO3,Active,5120,10000,7500,9100,1,302000,1,28000,1,154000,1,54000,1,500000,1,1000,700 SW 1st St,Miami-Dade,FL,33130,25.76502,-80.207664,Owner Occupied,352000,65,16,Tile,Reinforced Concrete,1190
POL00937,CUS00937,2017-08-24,2025-04-18,HO3,Active,2190,10000,10000,51900,1,1038000,1,126000,1,640000,1,295000,1,300000,1,10000,310 N Orange Ave,Orange,FL,32801,28.543216,-81.372806,Owner Occupied,1212000,34,15,Flat/TPO,Concrete Block,4238
POL00938,CUS00938,2009-06-10,2025-03-26,HO3,Active,9710,1500,2500,21100,1,1057000,1,113000,1,676000,1,217000,1,500000,1,1000,3015 N Rocky Point Dr E,Hillsborough,FL,33607,27.964764,-82.501766,Secondary Residence,1056000,5,5,Concrete Tile,Frame,991
POL00939,CUS00939,2020-07-30,2023-01-06,HO6,Active,7950,2500,10000,20600,1,413000,1,44000,1,219000,1,63000,1,500000,1,5000,520 E Church St,Orange,FL,32801,28.542388,-81.368972,Owner Occupied,440000,44,31,Concrete Tile,Masonry Veneer,1275
POL00940,CUS00940,2014-11-07,2024-09-11,HO5,Active,4330,5000,7500,61800,1,1235000,1,128000,1,794000,1,345000,1,500000,1,2500,12112 Sugarloaf Key St,Hillsborough,FL,33626,28.058486,-82.624672,Owner Occupied,1215000,15,10,Tile,Masonry,1028
POL00941,CUS00941,2020-03-04,2023-05-23,HO6,Active,5610,2000,2500,26100,1,870000,1,120000,1,509000,1,186000,1,300000,1,1000,1000 NW 7th St,Miami-Dade,FL,33136,25.78563,-80.201058,Owner Occupied,1019000,43,1,Asphalt Shingle,Masonry,1969
POL00942,CUS00942,2019-01-16,2023-04-25,HO3,Active,6140,1000,1000,24900,1,1243000,1,185000,1,623000,1,217000,1,300000,1,2500,452 NE 31st St,Miami-Dade,FL,33137,25.805582,-80.194716,Owner Occupied,1380000,60,19,Tile,Masonry Veneer,2667
POL00943,CUS00943,2017-09-07,2023-02-19,HO6,Active,2980,7500,10000,15000,1,751000,1,80000,1,381000,1,140000,1,100000,1,10000,355 N Rosalind Ave,Orange,FL,32801,28.545514,-81.378134,Owner Occupied,1031000,12,5,Metal,Frame,1214
POL00944,CUS00944,2019-11-11,2023-11-02,HO3,Active,8910,10000,2500,50100,1,1002000,1,146000,1,552000,1,157000,1,300000,1,5000,9567 Sunbelt St,Hillsborough,FL,33635,28.022792,-82.61563,Owner Occupied,1180000,15,15,Tile,Masonry Veneer,1733
POL00945,CUS00945,2014-01-10,2024-05-01,HO5,Active,4030,1500,7500,4700,1,236000,1,32000,1,135000,1,37000,1,100000,1,2500,9931 W Flagler St,Miami-Dade,FL,33174,25.75642,-80.352414,Owner Occupied,252000,19,7,Asphalt Shingle,Concrete Block,1455
POL00946,CUS00946,2014-02-06,2025-05-12,HO6,Active,6690,1000,1000,12600,1,631000,1,64000,1,406000,1,117000,1,500000,1,10000,2633 Azalea Garden Pl,Hillsborough,FL,33619,27.938868,-82.369974,Owner Occupied,706000,3,3,Concrete Tile,Frame,4184
POL00947,CUS00947,2024-01-13,2025-11-27,HO5,Active,5020,2500,7500,16400,1,822000,1,97000,1,483000,1,124000,1,100000,1,2500,6600 NW 7th St,Miami-Dade,FL,33126,25.778214,-80.295246,Owner Occupied,1014000,44,2,Metal,Masonry,898
POL00948,CUS00948,2017-10-26,2024-03-01,HO5,Active,3580,7500,10000,5900,1,295000,1,35000,1,192000,1,83000,1,100000,1,2500,645 NW 1st St,Miami-Dade,FL,33128,25.768528,-80.198928,Owner Occupied,329000,75,23,Metal,Masonry,1238
POL00949,CUS00949,2018-01-21,2024-02-02,HO3,Active,8440,7500,7500,23700,1,790000,1,90000,1,478000,1,169000,1,500000,1,1000,2650 Dade Ave,Orange,FL,32804,28.583628,-81.389606,Owner Occupied,1041000,61,12,Asphalt Shingle,Concrete Block,4019
POL00950,CUS00950,2021-05-18,2026-01-24,HO3,Active,8040,7500,5000,8100,1,404000,1,53000,1,267000,1,97000,1,500000,1,5000,101 Lake Ave,Orange,FL,32801,28.539466,-81.369524,Owner Occupied,476000,48,32,Asphalt Shingle,Masonry,4144
POL00951,CUS00951,2009-08-09,2025-06-18,HO5,Active,2800,5000,5000,29200,1,584000,1,68000,1,401000,1,136000,1,500000,1,5000,30 SW 1st St,Miami-Dade,FL,33130,25.765842,-80.208492,Owner Occupied,624000,33,24,Asphalt Shingle,Masonry Veneer,2788
POL00952,CUS00952,2018-08-16,2024-05-20,HO5,Active,9050,7500,2500,24500,1,816000,1,87000,1,520000,1,127000,1,100000,1,5000,109 W Fortune St,Hillsborough,FL,33602,27.947222,-82.458452,Owner Occupied,916000,48,8,Concrete Tile,Masonry Veneer,2007
POL00953,CUS00953,2016-05-30,2026-01-28,HO5,Active,4560,5000,5000,12300,1,617000,1,82000,1,366000,1,159000,1,300000,1,1000,2901 NE 1st Ave,Miami-Dade,FL,33137,25.802168,-80.187402,Secondary Residence,643000,5,5,Asphalt Shingle,Concrete Block,3843
POL00954,CUS00954,2024-06-29,2025-09-09,HO3,Active,8960,2000,2500,17800,1,891000,1,100000,1,427000,1,225000,1,100000,1,10000,101 Lake Ave,Orange,FL,32801,28.539466,-81.369524,Owner Occupied,1066000,51,16,Metal,Concrete Block,2944
POL00955,CUS00955,2011-07-29,2023-12-09,HO3,Active,9030,1500,7500,26600,1,886000,1,105000,1,462000,1,212000,1,300000,1,10000,5009 Park Central Dr,Orange,FL,32839,28.48606,-81.403886,Owner Occupied,1019000,35,2,Concrete Tile,Reinforced Concrete,1287
POL00956,CUS00956,2010-04-08,2026-01-20,HO3,Active,8850,5000,10000,23800,1,476000,1,40000,1,251000,1,132000,1,100000,1,1000,109 W Fortune St,Hillsborough,FL,33602,27.947222,-82.458452,Secondary Residence,471000,35,23,Asphalt Shingle,Reinforced Concrete,2599
POL00957,CUS00957,2020-10-02,2022-12-11,HO5,Active,2790,10000,5000,41200,1,1374000,1,155000,1,768000,1,391000,1,300000,1,10000,9567 Sunbelt St,Hillsborough,FL,33635,28.022792,-82.61563,Owner Occupied,1385000,74,21,Concrete Tile,Concrete Block,2609
POL00958,CUS00958,2012-07-30,2024-07-05,HO3,Active,7570,1000,10000,24400,1,813000,1,101000,1,461000,1,234000,1,300000,1,5000,9200 Randal Park Blvd,Orange,FL,32832,28.412212,-81.243592,Secondary Residence,1121000,5,5,Flat/TPO,Masonry Veneer,2050
POL00959,CUS00959,2012-06-24,2023-06-13,HO3,Active,8330,10000,7500,25600,1,852000,1,84000,1,486000,1,215000,1,500000,1,10000,2900 Biscayne Blvd,Miami-Dade,FL,33137,25.80518,-80.188488,Owner Occupied,1010000,52,26,Concrete Tile,Masonry,3809
POL00960,CUS00960,2015-03-16,2023-09-30,HO3,Active,8370,7500,7500,28300,1,943000,1,96000,1,651000,1,175000,1,500000,1,1000,230 NE 4th St,Miami-Dade,FL,33132,25.781976,-80.192572,Owner Occupied,1053000,14,5,Asphalt Shingle,Masonry Veneer,1716
POL00961,CUS00961,2020-06-25,2023-06-26,HO3,Active,4270,7500,10000,18700,1,623000,1,72000,1,427000,1,158000,1,100000,1,10000,310 N Orange Ave,Orange,FL,32801,28.543216,-81.372806,Owner Occupied,627000,43,11,Flat/TPO,Frame,3649
POL00962,CUS00962,2008-09-05,2023-02-27,HO3,Active,7380,1000,1000,16400,1,818000,1,121000,1,500000,1,161000,1,500000,1,5000,6904 Ralston Pl Dr,Hillsborough,FL,33614,28.00581,-82.507956,Owner Occupied,1072000,43,19,Concrete Tile,Masonry,3587
POL00963,CUS00963,2008-10-03,2025-03-31,HO3,Active,6170,10000,2500,46600,1,931000,1,100000,1,585000,1,222000,1,300000,1,2500,9567 Sunbelt St,Hillsborough,FL,33635,28.022792,-82.61563,Secondary Residence,1045000,57,26,Metal,Frame,3164
POL00964,CUS00964,2009-11-09,2024-11-30,HO5,Active,6320,2000,2000,13300,1,442000,1,61000,1,255000,1,84000,1,300000,1,1000,218 NW 8th St,Miami-Dade,FL,33136,25.785132,-80.210772,Owner Occupied,522000,14,14,Metal,Concrete Block,2053
POL00965,CUS00965,2021-10-13,2023-04-03,HO3,Active,5960,2500,7500,21200,1,423000,1,61000,1,246000,1,74000,1,100000,1,1000,2900 Biscayne Blvd,Miami-Dade,FL,33137,25.80518,-80.188488,Owner Occupied,565000,29,15,Tile,Frame,1259
POL00966,CUS00966,2018-12-01,2025-04-11,HO6,Active,4420,2000,10000,4800,1,239000,1,29000,1,156000,1,61000,1,500000,1,5000,510 N Rome Ave,Hillsborough,FL,33606,27.930384,-82.488052,Owner Occupied,284000,33,26,Flat/TPO,Masonry Veneer,2601
POL00967,CUS00967,2011-09-20,2024-06-13,HO3,Active,2490,1000,10000,60800,1,1216000,1,174000,1,773000,1,227000,1,500000,1,2500,8733 Rooks Park Cir,Hillsborough,FL,33619,27.936594,-82.36584,Owner Occupied,1269000,63,4,Concrete Tile,Masonry,2289
POL00968,CUS00968,2020-01-16,2025-08-02,HO5,Active,5370,7500,5000,12500,1,624000,1,53000,1,295000,1,115000,1,300000,1,1000,3000 NE 2nd Ave,Miami-Dade,FL,33137,25.808936,-80.195094,Owner Occupied,636000,14,14,Metal,Reinforced Concrete,2376
POL00969,CUS00969,2018-10-10,2026-01-03,HO5,Active,6050,1500,10000,25500,1,1277000,1,155000,1,690000,1,261000,1,100000,1,2500,510 N Rome Ave,Hillsborough,FL,33606,27.930384,-82.488052,Owner Occupied,1317000,56,21,Metal,Frame,2610
POL00970,CUS00970,2021-06-09,2024-11-25,HO3,Active,4910,1000,1000,33800,1,677000,1,62000,1,332000,1,179000,1,300000,1,10000,2050 Jake St,Orange,FL,32814,28.560782,-81.32269,Secondary Residence,851000,72,2,Concrete Tile,Frame,1091
POL00971,CUS00971,2019-07-03,2023-03-16,HO3,Active,6070,5000,2500,33800,1,1127000,1,125000,1,731000,1,210000,1,300000,1,5000,3015 N Rocky Point Dr E,Hillsborough,FL,33607,27.964764,-82.501766,Owner Occupied,1439000,13,8,Flat/TPO,Frame,4254
POL00972,CUS00972,2009-02-09,2025-09-14,HO3,Active,2090,1500,5000,32100,1,1071000,0,0,1,503000,1,206000,1,300000,1,2500,410 N Orange Ave,Orange,FL,32801,28.538032,-81.373544,Secondary Residence,1196000,72,32,Concrete Tile,Reinforced Concrete,4270
POL00973,CUS00973,2020-11-09,2025-04-12,HO6,Active,7040,1500,5000,23600,1,785000,1,93000,1,365000,1,153000,1,300000,1,1000,12112 Sugarloaf Key St,Hillsborough,FL,33626,28.058486,-82.624672,Secondary Residence,903000,40,2,Flat/TPO,Masonry,3183
POL00974,CUS00974,2009-03-23,2024-04-03,HO3,Active,7760,5000,5000,8800,1,439000,1,57000,1,209000,1,121000,1,300000,1,2500,4301 Urbana Dr,Orange,FL,32837,28.394856,-81.424922,Owner Occupied,452000,42,14,Flat/TPO,Masonry Veneer,1013
POL00975,CUS00975,2015-05-16,2024-07-14,HO3,Active,4990,10000,10000,25200,1,840000,1,79000,1,528000,1,156000,1,100000,1,5000,921 N Central Ave,Hillsborough,FL,33602,27.95189,-82.4639,Owner Occupied,998000,32,16,Concrete Tile,Concrete Block,4041
POL00976,CUS00976,2015-04-18,2026-06-10,HO5,Active,9160,2500,7500,18000,1,902000,1,94000,1,621000,1,267000,1,300000,1,5000,300 W Tyler St,Hillsborough,FL,33602,27.948668,-82.456928,Owner Occupied,990000,67,24,Flat/TPO,Masonry Veneer,2872
POL00977,CUS00977,2021-01-15,2024-06-01,HO3,Active,3970,1000,2500,26700,1,534000,1,80000,1,367000,1,152000,1,300000,1,1000,2650 Dade Ave,Orange,FL,32804,28.583628,-81.389606,Owner Occupied,557000,68,10,Metal,Reinforced Concrete,4133
POL00978,CUS00978,2017-12-24,2025-06-26,HO6,Active,5510,1500,2500,14300,1,716000,1,70000,1,381000,1,118000,1,300000,1,1000,2633 Azalea Garden Pl,Hillsborough,FL,33619,27.938868,-82.369974,Secondary Residence,915000,35,11,Concrete Tile,Masonry,2059
POL00979,CUS00979,2020-11-13,2024-02-15,DP3,Active,5970,1000,2500,27200,1,544000,1,81000,1,345000,1,109000,0,0,1,10000,8733 Rooks Park Cir,Hillsborough,FL,33619,27.936594,-82.36584,Owner Occupied,546000,18,18,Metal,Concrete Block,2162
POL00980,CUS00980,2018-03-10,2025-06-08,HO6,Active,3490,7500,7500,19000,1,949000,1,99000,1,564000,1,263000,1,500000,1,2500,3000 NE 2nd Ave,Miami-Dade,FL,33137,25.808936,-80.195094,Owner Occupied,1227000,51,4,Flat/TPO,Masonry Veneer,1535
POL00981,CUS00981,2019-04-27,2022-12-03,HO6,Active,6050,1000,7500,32400,1,1080000,1,122000,1,642000,1,307000,1,100000,1,1000,4301 Urbana Dr,Orange,FL,32837,28.394856,-81.424922,Owner Occupied,1340000,14,14,Flat/TPO,Concrete Block,2163
POL00982,CUS00982,2016-06-09,2023-01-08,HO3,Active,9420,2000,2000,30800,1,616000,1,88000,1,373000,1,152000,1,500000,1,5000,733 Main Ln,Orange,FL,32801,28.546738,-81.375962,Owner Occupied,709000,39,28,Concrete Tile,Concrete Block,2008
POL00983,CUS00983,2022-03-15,2024-07-22,HO6,Active,2020,1500,2500,29200,1,584000,1,50000,1,370000,1,102000,1,100000,1,5000,1115 E Twiggs St,Hillsborough,FL,33602,27.951524,-82.459604,Owner Occupied,790000,75,25,Tile,Frame,1822
POL00984,CUS00984,2011-05-10,2024-12-10,HO3,Active,5990,5000,7500,68100,1,1362000,1,109000,1,853000,1,361000,1,100000,1,2500,110 Zora Pl,Orange,FL,32810,28.615406,-81.425066,Tenant Occupied,1414000,27,21,Asphalt Shingle,Reinforced Concrete,1237
POL00985,CUS00985,2021-08-17,2025-08-01,HO5,Active,9480,2000,2500,39000,1,780000,1,86000,1,376000,1,215000,1,300000,1,2500,300 W Tyler St,Hillsborough,FL,33602,27.948668,-82.456928,Secondary Residence,926000,55,19,Asphalt Shingle,Reinforced Concrete,2270
POL00986,CUS00986,2019-06-07,2022-11-14,HO5,Active,3340,10000,5000,70400,1,1409000,1,190000,1,665000,1,214000,1,300000,1,1000,5009 Park Central Dr,Orange,FL,32839,28.48606,-81.403886,Owner Occupied,1372000,30,24,Asphalt Shingle,Concrete Block,1099
POL00987,CUS00987,2011-01-02,2023-03-23,HO3,Active,8450,2500,2500,4000,1,200000,1,19000,1,100000,1,46000,1,100000,1,5000,510 N Rome Ave,Hillsborough,FL,33606,27.930384,-82.488052,Owner Occupied,274000,59,4,Flat/TPO,Masonry Veneer,3826
POL00988,CUS00988,2016-09-10,2026-07-15,HO3,Active,4870,1000,5000,12600,1,628000,1,63000,1,415000,1,159000,1,100000,1,5000,355 N Rosalind Ave,Orange,FL,32801,28.545514,-81.378134,Owner Occupied,725000,45,6,Concrete Tile,Reinforced Concrete,2955
POL00989,CUS00989,2015-12-31,2023-04-05,HO3,Active,7880,2000,2000,46400,1,927000,1,94000,1,552000,1,156000,1,300000,1,5000,12112 Sugarloaf Key St,Hillsborough,FL,33626,28.058486,-82.624672,Owner Occupied,997000,32,6,Metal,Reinforced Concrete,2831
POL00990,CUS00990,2008-12-08,2025-01-04,HO3,Active,3100,10000,7500,10600,1,212000,1,24000,1,113000,1,55000,1,100000,1,10000,101 W Beach Pl,Hillsborough,FL,33606,27.939852,-82.48549,Owner Occupied,261000,15,3,Metal,Frame,4496
POL00991,CUS00991,2010-04-15,2024-04-01,HO6,Active,5540,10000,7500,46800,1,936000,1,110000,1,525000,1,153000,1,100000,1,1000,6301 S Westshore Blvd,Hillsborough,FL,33616,27.867894,-82.52435,Owner Occupied,1155000,54,1,Tile,Frame,3901
POL00992,CUS00992,2014-10-29,2025-12-03,HO3,Active,2330,2500,2500,48200,1,963000,1,114000,1,597000,1,198000,1,300000,1,1000,101 W Beach Pl,Hillsborough,FL,33606,27.939852,-82.48549,Owner Occupied,1080000,52,15,Asphalt Shingle,Masonry,3942
POL00993,CUS00993,2015-07-21,2025-05-12,HO6,Active,6910,5000,5000,7600,1,255000,1,33000,1,152000,1,50000,1,300000,1,1000,2650 Dade Ave,Orange,FL,32804,28.583628,-81.389606,Owner Occupied,349000,37,16,Asphalt Shingle,Reinforced Concrete,1096
POL00994,CUS00994,2024-05-21,2026-03-23,HO6,Active,6530,7500,10000,24200,1,1212000,1,125000,1,841000,1,246000,1,100000,1,5000,5432 W Tyson Ave,Hillsborough,FL,33611,27.888268,-82.506778,Owner Occupied,1313000,9,9,Asphalt Shingle,Masonry,1932
POL00995,CUS00995,2018-12-02,2023-11-24,HO5,Active,6620,10000,10000,15200,1,505000,1,56000,1,289000,1,113000,1,500000,1,1000,921 N Central Ave,Hillsborough,FL,33602,27.95189,-82.4639,Owner Occupied,643000,55,3,Flat/TPO,Frame,2277
POL00996,CUS00996,2023-05-22,2024-07-06,DP3,Active,5740,1500,1500,32600,1,653000,1,83000,1,368000,1,193000,0,0,0,0,180 NE 29th St,Miami-Dade,FL,33137,25.808606,-80.19234,Owner Occupied,836000,18,6,Concrete Tile,Frame,1340
POL00997,CUS00997,2019-10-16,2025-08-13,HO3,Active,6430,7500,5000,18100,1,362000,1,36000,1,186000,1,95000,1,500000,1,2500,7575 Universal Blvd,Orange,FL,32819,28.451704,-81.47356,Owner Occupied,482000,52,5,Tile,Concrete Block,4022
POL00998,CUS00998,2007-09-25,2023-06-25,HO6,Active,2540,1000,7500,31900,1,1062000,1,133000,1,484000,1,305000,1,100000,1,2500,355 N Rosalind Ave,Orange,FL,32801,28.545514,-81.378134,Tenant Occupied,1217000,5,5,Concrete Tile,Masonry,4421
POL00999,CUS00999,2023-07-27,2024-12-01,HO3,Active,6140,7500,2500,24700,1,1233000,1,143000,1,656000,1,203000,1,500000,1,10000,300 W Tyler St,Hillsborough,FL,33602,27.948668,-82.456928,Owner Occupied,1431000,25,25,Concrete Tile,Frame,3974
POL01000,CUS01000,2022-06-13,2025-06-02,HO6,Active,7920,2000,2500,18300,1,916000,1,74000,1,533000,1,171000,1,300000,1,10000,101 W Beach Pl,Hillsborough,FL,33606,27.939852,-82.48549,Owner Occupied,1086000,16,16,Flat/TPO,Masonry,2099
